Temps;EA0;Temps;EA1
0;-0.0936567941680551;0;-4.92604419216514
0.005;-0.103620207868516;0.005;-4.72238599043339
0.01;-0.103620207868516;0.01;-5.52211697772145
0.015;-0.0886750873178244;0.015;-4.83663327433169
0.02;-0.0886750873178244;0.02;-4.83166600111872
0.025;-0.0986385010182858;0.025;-5.33336059562862
0.03;-0.0886750873178244;0.03;-4.77205872256309
0.035;-0.0886750873178244;0.035;-4.81179690826684
0.04;-0.103620207868516;0.04;-5.49728061165661
0.045;-0.0886750873178244;0.045;-4.81676418147981
0.05;-0.0936567941680551;0.05;-4.95088055822998
0.055;-0.103620207868516;0.055;-5.53205152414739
0.06;-0.0886750873178244;0.06;-4.69754962436855
0.065;-0.0886750873178244;0.065;-4.72238599043339
0.07;-0.103620207868516;0.07;-5.5469533437863
0.075;-0.0936567941680551;0.075;-4.84160054754466
0.08;-0.0986385010182858;0.08;-4.96081510465592
0.085;-0.103620207868516;0.085;-5.57178970985115
0.09;-0.0886750873178244;0.09;-4.77205872256309
0.095;-0.0936567941680551;0.095;-5.08499693498015
0.1;-0.0936567941680551;0.1;-5.37309878133237
0.105;-0.0886750873178244;0.105;-4.74225508328527
0.11;-0.0936567941680551;0.11;-5.07506238855422
0.115;-0.103620207868516;0.115;-5.52211697772145
0.12;-0.0836933804675937;0.12;-4.7372878100723
0.125;-0.0986385010182858;0.125;-5.20421149209142
0.13;-0.103620207868516;0.13;-5.53205152414739
0.135;-0.078711673617363;0.135;-4.42931687086821
0.14;-0.0886750873178244;0.14;-4.9806841975078
0.145;-0.103620207868516;0.145;-5.56185516342521
0.15;-0.0836933804675937;0.15;-4.66277871187776
0.155;-0.0936567941680551;0.155;-5.19427694566548
0.16;-0.103620207868516;0.16;-5.56185516342521
0.165;-0.0836933804675937;0.165;-4.55846597440541
0.17;-0.0986385010182858;0.17;-5.26878604386002
0.175;-0.0986385010182858;0.175;-5.34826241526753
0.18;-0.0737299667671323;0.18;-4.13624775130302
0.185;-0.0936567941680551;0.185;-5.24891695100814
0.19;-0.103620207868516;0.19;-5.51218243129551
0.195;-0.0687482599169016;0.195;-4.10147683881223
0.2;-0.0886750873178244;0.2;-5.37806605454534
0.205;-0.0986385010182858;0.205;-5.50224788486958
0.21;-0.0737299667671323;0.21;-4.16605139058083
0.215;-0.0936567941680551;0.215;-5.109833301045
0.22;-0.0986385010182858;0.22;-5.56185516342521
0.225;-0.0737299667671323;0.225;-4.08160774596035
0.23;-0.0936567941680551;0.23;-5.31349150277674
0.235;-0.0986385010182858;0.235;-5.56185516342521
0.24;-0.0836933804675937;0.24;-4.32500413339585
0.245;-0.0936567941680551;0.245;-5.35819696169347
0.25;-0.0936567941680551;0.25;-5.34329514205456
0.255;-0.0737299667671323;0.255;-4.04683683346957
0.26;-0.103620207868516;0.26;-5.37806605454534
0.265;-0.0986385010182858;0.265;-5.4823787920177
0.27;-0.078711673617363;0.27;-4.44421869050711
0.275;-0.0986385010182858;0.275;-5.43270605988801
0.28;-0.0936567941680551;0.28;-5.34826241526753
0.285;-0.0836933804675937;0.285;-4.41938232444227
0.29;-0.0886750873178244;0.29;-5.20917876530439
0.295;-0.0986385010182858;0.295;-5.55688789021224
0.3;-0.078711673617363;0.3;-4.4789896029979
0.305;-0.0936567941680551;0.305;-5.37806605454534
0.31;-0.0986385010182858;0.31;-5.52708425093442
0.315;-0.0737299667671323;0.315;-4.63794234581292
0.32;-0.0936567941680551;0.32;-5.40786969382316
0.325;-0.0986385010182858;0.325;-5.29858968313783
0.33;-0.078711673617363;0.33;-4.48395687621087
0.335;-0.0986385010182858;0.335;-5.43270605988801
0.34;-0.0836933804675937;0.34;-5.48734606523067
0.345;-0.0836933804675937;0.345;-4.61310597974807
0.35;-0.0986385010182858;0.35;-5.49231333844364
0.355;-0.0936567941680551;0.355;-4.86146964039654
0.36;-0.0836933804675937;0.36;-4.57336779404432
0.365;-0.0986385010182858;0.365;-5.27375331707299
0.37;-0.103620207868516;0.37;-5.3035569563508
0.375;-0.0836933804675937;0.375;-4.62800779938698
0.38;-0.108601914718747;0.38;-5.44264060631394
0.385;-0.0936567941680551;0.385;-4.91114237252623
0.39;-0.0886750873178244;0.39;-4.75715690292418
0.395;-0.0836933804675937;0.395;-5.42277151346207
0.4;-0.0886750873178244;0.4;-4.70251689758152
0.405;-0.0836933804675937;0.405;-4.61807325296104
0.41;-0.103620207868516;0.41;-5.46250969916582
0.415;-0.0936567941680551;0.415;-4.93101146537811
0.42;-0.0836933804675937;0.42;-4.70251689758152
0.425;-0.103620207868516;0.425;-5.51714970450848
0.43;-0.0936567941680551;0.43;-4.8018623618409
0.435;-0.0886750873178244;0.435;-4.64290961902589
0.44;-0.103620207868516;0.44;-5.31845877598971
0.445;-0.0936567941680551;0.445;-4.89127327967435
0.45;-0.0836933804675937;0.45;-4.71245144400746
0.455;-0.103620207868516;0.455;-5.45754242595285
0.46;-0.0886750873178244;0.46;-4.8515350939706
0.465;-0.0886750873178244;0.465;-4.84160054754466
0.47;-0.0936567941680551;0.47;-5.42277151346207
0.475;-0.0886750873178244;0.475;-4.63794234581292
0.48;-0.0886750873178244;0.48;-4.68761507794261
0.485;-0.108601914718747;0.485;-5.47741151880473
0.49;-0.0886750873178244;0.49;-4.81676418147981
0.495;-0.0936567941680551;0.495;-4.77702599577606
0.5;-0.108601914718747;0.5;-5.52708425093442
0.505;-0.0886750873178244;0.505;-4.79689508862793
0.51;-0.0886750873178244;0.51;-4.71245144400746
0.515;-0.103620207868516;0.515;-5.34826241526753
0.52;-0.0936567941680551;0.52;-4.84656782075763
0.525;-0.0936567941680551;0.525;-4.78199326898903
0.53;-0.108601914718747;0.53;-5.48734606523067
0.535;-0.0936567941680551;0.535;-4.8515350939706
0.54;-0.0986385010182858;0.54;-4.92604419216514
0.545;-0.103620207868516;0.545;-5.44264060631394
0.55;-0.0886750873178244;0.55;-4.63794234581292
0.555;-0.0936567941680551;0.555;-4.76709144935012
0.56;-0.108601914718747;0.56;-5.51218243129551
0.565;-0.0936567941680551;0.565;-4.81179690826684
0.57;-0.0936567941680551;0.57;-4.87637146003544
0.575;-0.108601914718747;0.575;-5.55688789021224
0.58;-0.0936567941680551;0.58;-4.74722235649824
0.585;-0.0836933804675937;0.585;-4.82669872790575
0.59;-0.103620207868516;0.59;-5.32839332241565
0.595;-0.0936567941680551;0.595;-4.83663327433169
0.6;-0.0986385010182858;0.6;-4.89127327967435
0.605;-0.108601914718747;0.605;-5.49728061165661
0.61;-0.0936567941680551;0.61;-4.84160054754466
0.615;-0.108601914718747;0.615;-5.03035692963749
0.62;-0.108601914718747;0.62;-5.44264060631394
0.625;-0.0886750873178244;0.625;-4.61310597974807
0.63;-0.0936567941680551;0.63;-4.84160054754466
0.635;-0.108601914718747;0.635;-5.52211697772145
0.64;-0.0936567941680551;0.64;-4.81179690826684
0.645;-0.0936567941680551;0.645;-4.96578237786889
0.65;-0.108601914718747;0.65;-5.56682243663818
0.655;-0.0936567941680551;0.655;-4.73232053685933
0.66;-0.0936567941680551;0.66;-4.90617509931326
0.665;-0.108601914718747;0.665;-5.35819696169347
0.67;-0.103620207868516;0.67;-4.83166600111872
0.675;-0.0986385010182858;0.675;-4.99061874393374
0.68;-0.108601914718747;0.68;-5.51714970450848
0.685;-0.0936567941680551;0.685;-4.76709144935012
0.69;-0.103620207868516;0.69;-5.14460421353579
0.695;-0.113583621568978;0.695;-5.45754242595285
0.7;-0.0936567941680551;0.7;-4.58330234047025
0.705;-0.0986385010182858;0.705;-4.96578237786889
0.71;-0.113583621568978;0.71;-5.53701879736036
0.715;-0.0936567941680551;0.715;-4.76212417613715
0.72;-0.0986385010182858;0.72;-5.109833301045
0.725;-0.108601914718747;0.725;-5.57675698306412
0.73;-0.0886750873178244;0.73;-4.48395687621087
0.735;-0.103620207868516;0.735;-5.05022602248937
0.74;-0.108601914718747;0.74;-5.3681315081194
0.745;-0.0936567941680551;0.745;-4.74225508328527
0.75;-0.108601914718747;0.75;-5.13466966710985
0.755;-0.113583621568978;0.755;-5.52211697772145
0.76;-0.0886750873178244;0.76;-4.39951323159039
0.765;-0.108601914718747;0.765;-5.26381877064705
0.77;-0.113583621568978;0.77;-5.44264060631394
0.775;-0.0836933804675937;0.775;-4.24056048877537
0.78;-0.0986385010182858;0.78;-5.12473512068391
0.785;-0.113583621568978;0.785;-5.52211697772145
0.79;-0.0886750873178244;0.79;-4.26042958162725
0.795;-0.103620207868516;0.795;-5.24394967779517
0.8;-0.113583621568978;0.8;-5.55688789021224
0.805;-0.0836933804675937;0.805;-4.18592048343271
0.81;-0.103620207868516;0.81;-5.13963694032282
0.815;-0.0936567941680551;0.815;-5.40786969382316
0.82;-0.0836933804675937;0.82;-4.08160774596035
0.825;-0.108601914718747;0.825;-5.24394967779517
0.83;-0.113583621568978;0.83;-5.51218243129551
0.835;-0.0836933804675937;0.835;-4.18592048343271
0.84;-0.113583621568978;0.84;-5.34826241526753
0.845;-0.118565328419209;0.845;-5.42277151346207
0.85;-0.078711673617363;0.85;-4.12134593166411
0.855;-0.113583621568978;0.855;-5.26878604386002
0.86;-0.113583621568978;0.86;-5.49728061165661
0.865;-0.0886750873178244;0.865;-4.05677137989551
0.87;-0.103620207868516;0.87;-5.34826241526753
0.875;-0.113583621568978;0.875;-5.54198607057333
0.88;-0.0886750873178244;0.88;-4.33493867982179
0.885;-0.108601914718747;0.885;-5.21414603851736
0.89;-0.108601914718747;0.89;-5.4178042402491
0.895;-0.0886750873178244;0.895;-4.26042958162725
0.9;-0.113583621568978;0.9;-5.33832786884159
0.905;-0.118565328419209;0.905;-5.49728061165661
0.91;-0.0886750873178244;0.91;-4.53362960834056
0.915;-0.118565328419209;0.915;-5.41283696703613
0.92;-0.113583621568978;0.92;-5.34329514205456
0.925;-0.0886750873178244;0.925;-4.15114957094193
0.93;-0.113583621568978;0.93;-5.39296787418425
0.935;-0.118565328419209;0.935;-5.47244424559176
0.94;-0.103620207868516;0.94;-4.53859688155353
0.945;-0.113583621568978;0.945;-5.43767333310097
0.95;-0.108601914718747;0.95;-5.15453875996172
0.955;-0.0986385010182858;0.955;-4.63794234581292
0.96;-0.113583621568978;0.96;-5.26878604386002
0.965;-0.113583621568978;0.965;-5.40290242061019
0.97;-0.103620207868516;0.97;-4.59323688689619
0.975;-0.113583621568978;0.975;-5.40290242061019
0.98;-0.113583621568978;0.98;-5.39296787418425
0.985;-0.0986385010182858;0.985;-4.68264780472964
0.99;-0.118565328419209;0.99;-5.46250969916582
0.995;-0.108601914718747;0.995;-4.96081510465592
1;-0.0936567941680551;1;-4.42434959765524
1.005;-0.118565328419209;1.005;-5.44264060631394
1.01;-0.108601914718747;1.01;-5.17937512602657
1.015;-0.0986385010182858;1.015;-4.65284416545182
1.02;-0.118565328419209;1.02;-5.47244424559176
1.025;-0.108601914718747;1.025;-4.8515350939706
1.03;-0.0986385010182858;1.03;-4.72735326364636
1.035;-0.118565328419209;1.035;-5.3035569563508
1.04;-0.108601914718747;1.04;-4.91114237252623
1.045;-0.103620207868516;1.045;-4.70251689758152
1.05;-0.123547035269439;1.05;-5.44760787952691
1.055;-0.108601914718747;1.055;-4.85650236718357
1.06;-0.103620207868516;1.06;-4.79689508862793
1.065;-0.123547035269439;1.065;-5.4823787920177
1.07;-0.103620207868516;1.07;-4.78199326898903
1.075;-0.0986385010182858;1.075;-4.56343324761838
1.08;-0.133510448969901;1.08;-5.48734606523067
1.085;-0.108601914718747;1.085;-4.80682963505387
1.09;-0.118565328419209;1.09;-4.76212417613715
1.095;-0.123547035269439;1.095;-5.50224788486958
1.1;-0.108601914718747;1.1;-4.82669872790575
1.105;-0.108601914718747;1.105;-4.82669872790575
1.11;-0.123547035269439;1.11;-5.32342604920268
1.115;-0.108601914718747;1.115;-4.76212417613715
1.12;-0.108601914718747;1.12;-4.77702599577606
1.125;-0.123547035269439;1.125;-5.45754242595285
1.13;-0.108601914718747;1.13;-4.82669872790575
1.135;-0.113583621568978;1.135;-4.8664369136095
1.14;-0.12852874211967;1.14;-5.48734606523067
1.145;-0.108601914718747;1.145;-4.76709144935012
1.15;-0.113583621568978;1.15;-4.64290961902589
1.155;-0.12852874211967;1.155;-5.49728061165661
1.16;-0.113583621568978;1.16;-4.786960542202
1.165;-0.118565328419209;1.165;-4.81676418147981
1.17;-0.12852874211967;1.17;-5.50721515808254
1.175;-0.113583621568978;1.175;-4.82173145469278
1.18;-0.113583621568978;1.18;-4.8664369136095
1.185;-0.123547035269439;1.185;-5.31349150277674
1.19;-0.113583621568978;1.19;-4.76709144935012
1.195;-0.113583621568978;1.195;-4.80682963505387
1.2;-0.12852874211967;1.2;-5.44760787952691
1.205;-0.118565328419209;1.205;-4.8018623618409
1.21;-0.118565328419209;1.21;-4.8664369136095
1.215;-0.133510448969901;1.215;-5.47741151880473
1.22;-0.113583621568978;1.22;-4.74722235649824
1.225;-0.113583621568978;1.225;-4.62304052617401
1.23;-0.133510448969901;1.23;-5.49231333844364
1.235;-0.113583621568978;1.235;-4.76709144935012
1.24;-0.113583621568978;1.24;-4.76709144935012
1.245;-0.138492155820131;1.245;-5.48734606523067
1.25;-0.118565328419209;1.25;-4.81676418147981
1.255;-0.113583621568978;1.255;-4.81676418147981
1.26;-0.12852874211967;1.26;-5.3035569563508
1.265;-0.118565328419209;1.265;-4.77205872256309
1.27;-0.113583621568978;1.27;-4.76709144935012
1.275;-0.138492155820131;1.275;-5.42773878667504
1.28;-0.118565328419209;1.28;-4.79689508862793
1.285;-0.123547035269439;1.285;-4.83166600111872
1.29;-0.133510448969901;1.29;-5.47244424559176
1.295;-0.118565328419209;1.295;-4.76212417613715
1.3;-0.113583621568978;1.3;-4.58826961368322
1.305;-0.133510448969901;1.305;-5.4823787920177
1.31;-0.118565328419209;1.31;-4.77702599577606
1.315;-0.118565328419209;1.315;-4.7372878100723
1.32;-0.138492155820131;1.32;-5.4823787920177
1.325;-0.123547035269439;1.325;-4.82173145469278
1.33;-0.123547035269439;1.33;-4.79689508862793
1.335;-0.133510448969901;1.335;-5.29362240992486
1.34;-0.123547035269439;1.34;-4.76212417613715
1.345;-0.123547035269439;1.345;-4.72238599043339
1.35;-0.138492155820131;1.35;-5.42773878667504
1.355;-0.123547035269439;1.355;-4.8515350939706
1.36;-0.118565328419209;1.36;-4.79192781541497
1.365;-0.143473862670362;1.365;-5.4823787920177
1.37;-0.123547035269439;1.37;-4.81676418147981
1.375;-0.113583621568978;1.375;-4.55846597440541
1.38;-0.138492155820131;1.38;-5.45754242595285
1.385;-0.123547035269439;1.385;-4.8018623618409
1.39;-0.108601914718747;1.39;-4.69258235115558
1.395;-0.143473862670362;1.395;-5.45257515273988
1.4;-0.123547035269439;1.4;-4.84160054754466
1.405;-0.118565328419209;1.405;-4.76212417613715
1.41;-0.138492155820131;1.41;-5.29362240992486
1.415;-0.12852874211967;1.415;-4.79192781541497
1.42;-0.123547035269439;1.42;-4.68264780472964
1.425;-0.143473862670362;1.425;-5.40786969382316
1.43;-0.12852874211967;1.43;-4.92604419216514
1.435;-0.123547035269439;1.435;-4.73232053685933
1.44;-0.143473862670362;1.44;-5.46747697237879
1.445;-0.12852874211967;1.445;-4.8018623618409
1.45;-0.118565328419209;1.45;-4.48892414942384
1.455;-0.143473862670362;1.455;-5.4178042402491
1.46;-0.133510448969901;1.46;-4.90617509931326
1.465;-0.118565328419209;1.465;-4.6081387065351
1.47;-0.143473862670362;1.47;-5.4178042402491
1.475;-0.12852874211967;1.475;-4.92604419216514
1.48;-0.123547035269439;1.48;-4.65284416545182
1.485;-0.143473862670362;1.485;-5.24891695100814
1.49;-0.143473862670362;1.49;-5.34826241526753
1.495;-0.123547035269439;1.495;-4.55846597440541
1.5;-0.143473862670362;1.5;-5.3532296884805
1.505;-0.138492155820131;1.505;-5.4178042402491
1.51;-0.123547035269439;1.51;-4.58330234047025
1.515;-0.143473862670362;1.515;-5.4178042402491
1.52;-0.133510448969901;1.52;-5.01545510999858
1.525;-0.118565328419209;1.525;-4.25546230841428
1.53;-0.143473862670362;1.53;-5.33832786884159
1.535;-0.153437276370823;1.535;-5.42773878667504
1.54;-0.123547035269439;1.54;-4.42931687086821
1.545;-0.148455569520593;1.545;-5.34826241526753
1.55;-0.148455569520593;1.55;-5.50224788486958
1.555;-0.123547035269439;1.555;-4.51872778870165
1.56;-0.143473862670362;1.56;-5.21911331173033
1.565;-0.148455569520593;1.565;-5.3532296884805
1.57;-0.118565328419209;1.57;-4.32003686018288
1.575;-0.148455569520593;1.575;-5.2886551367119
1.58;-0.143473862670362;1.58;-5.43767333310097
1.585;-0.123547035269439;1.585;-4.38461141195148
1.59;-0.148455569520593;1.59;-5.36316423490644
1.595;-0.148455569520593;1.595;-5.37309878133237
1.6;-0.108601914718747;1.6;-3.98226228170097
1.605;-0.148455569520593;1.605;-5.2389824045822
1.61;-0.153437276370823;1.61;-5.46250969916582
1.615;-0.113583621568978;1.615;-4.07664047274739
1.62;-0.148455569520593;1.62;-5.25885149743408
1.625;-0.153437276370823;1.625;-5.50721515808254
1.63;-0.118565328419209;1.63;-4.19088775664568
1.635;-0.143473862670362;1.635;-5.12970239389688
1.64;-0.153437276370823;1.64;-5.34826241526753
1.645;-0.113583621568978;1.645;-4.03193501383066
1.65;-0.148455569520593;1.65;-5.1744078528136
1.655;-0.153437276370823;1.655;-5.46250969916582
1.66;-0.123547035269439;1.66;-4.32003686018288
1.665;-0.153437276370823;1.665;-5.25885149743408
1.67;-0.153437276370823;1.67;-5.39296787418425
1.675;-0.118565328419209;1.675;-4.27533140126616
1.68;-0.143473862670362;1.68;-5.08996420819312
1.685;-0.153437276370823;1.685;-5.4823787920177
1.69;-0.138492155820131;1.69;-4.63794234581292
1.695;-0.143473862670362;1.695;-5.13963694032282
1.7;-0.158418983221054;1.7;-5.51714970450848
1.705;-0.12852874211967;1.705;-4.46408778335899
1.71;-0.143473862670362;1.71;-5.02042238321155
1.715;-0.153437276370823;1.715;-5.33832786884159
1.72;-0.133510448969901;1.72;-4.73232053685933
1.725;-0.148455569520593;1.725;-5.06512784212828
1.73;-0.158418983221054;1.73;-5.47244424559176
1.735;-0.12852874211967;1.735;-4.44918596372008
1.74;-0.143473862670362;1.74;-5.16447330638766
1.745;-0.158418983221054;1.745;-5.41283696703613
1.75;-0.133510448969901;1.75;-4.53859688155353
1.755;-0.143473862670362;1.755;-4.99061874393374
1.76;-0.163400690071285;1.76;-5.49231333844364
1.765;-0.143473862670362;1.765;-4.72238599043339
1.77;-0.148455569520593;1.77;-5.05519329570234
1.775;-0.163400690071285;1.775;-5.51218243129551
1.78;-0.123547035269439;1.78;-4.3498404994607
1.785;-0.143473862670362;1.785;-4.96081510465592
1.79;-0.158418983221054;1.79;-5.32342604920268
1.795;-0.138492155820131;1.795;-4.78199326898903
1.8;-0.148455569520593;1.8;-5.01545510999858
1.805;-0.163400690071285;1.805;-5.46747697237879
1.81;-0.143473862670362;1.81;-4.7372878100723
1.815;-0.153437276370823;1.815;-5.09989875461906
1.82;-0.163400690071285;1.82;-5.41283696703613
1.825;-0.138492155820131;1.825;-4.56343324761838
1.83;-0.143473862670362;1.83;-4.91114237252623
1.835;-0.168382396921515;1.835;-5.49728061165661
1.84;-0.143473862670362;1.84;-4.74722235649824
1.845;-0.153437276370823;1.845;-5.00552056357265
1.85;-0.168382396921515;1.85;-5.52708425093442
1.855;-0.123547035269439;1.855;-4.21075684949756
1.86;-0.148455569520593;1.86;-4.92604419216514
1.865;-0.163400690071285;1.865;-5.31845877598971
1.87;-0.148455569520593;1.87;-4.79689508862793
1.875;-0.153437276370823;1.875;-4.9806841975078
1.88;-0.168382396921515;1.88;-5.46747697237879
1.885;-0.148455569520593;1.885;-4.7372878100723
1.89;-0.153437276370823;1.89;-5.08499693498015
1.895;-0.168382396921515;1.895;-5.42277151346207
1.9;-0.138492155820131;1.9;-4.55349870119244
1.905;-0.153437276370823;1.905;-4.88630600646138
1.91;-0.168382396921515;1.91;-5.49728061165661
1.915;-0.148455569520593;1.915;-4.77205872256309
1.92;-0.158418983221054;1.92;-4.99558601714671
1.925;-0.173364103771746;1.925;-5.52211697772145
1.93;-0.133510448969901;1.93;-4.24552776198834
1.935;-0.153437276370823;1.935;-4.91114237252623
1.94;-0.173364103771746;1.94;-5.31349150277674
1.945;-0.153437276370823;1.945;-4.79689508862793
1.95;-0.148455569520593;1.95;-4.96081510465592
1.955;-0.183327517472208;1.955;-5.46250969916582
1.96;-0.148455569520593;1.96;-4.7372878100723
1.965;-0.158418983221054;1.965;-5.0452587492764
1.97;-0.168382396921515;1.97;-5.40290242061019
1.975;-0.148455569520593;1.975;-4.54853142797947
1.98;-0.158418983221054;1.98;-4.84656782075763
1.985;-0.173364103771746;1.985;-5.47741151880473
1.99;-0.153437276370823;1.99;-4.77702599577606
1.995;-0.158418983221054;1.995;-4.92107691895217
2;-0.178345810621977;2;-5.50224788486958
2.005;-0.153437276370823;2.005;-4.69258235115558
2.01;-0.158418983221054;2.01;-4.81179690826684
2.015;-0.173364103771746;2.015;-5.29858968313783
2.02;-0.153437276370823;2.02;-4.8018623618409
2.025;-0.163400690071285;2.025;-4.85650236718357
2.03;-0.178345810621977;2.03;-5.44264060631394
2.035;-0.163400690071285;2.035;-4.79689508862793
2.04;-0.163400690071285;2.04;-4.92604419216514
2.045;-0.183327517472208;2.045;-5.37309878133237
2.05;-0.158418983221054;2.05;-4.59323688689619
2.055;-0.158418983221054;2.055;-4.74722235649824
2.06;-0.183327517472208;2.06;-5.44760787952691
2.065;-0.163400690071285;2.065;-4.77702599577606
2.07;-0.163400690071285;2.07;-4.786960542202
2.075;-0.193290931172669;2.075;-5.49231333844364
2.08;-0.163400690071285;2.08;-4.7372878100723
2.085;-0.148455569520593;2.085;-4.65781143866479
2.09;-0.183327517472208;2.09;-5.29362240992486
2.095;-0.163400690071285;2.095;-4.79689508862793
2.1;-0.163400690071285;2.1;-4.70748417079449
2.105;-0.188309224322438;2.105;-5.41283696703613
2.11;-0.163400690071285;2.11;-4.8018623618409
2.115;-0.168382396921515;2.115;-4.76212417613715
2.12;-0.188309224322438;2.12;-5.33832786884159
2.125;-0.163400690071285;2.125;-4.61807325296104
2.13;-0.163400690071285;2.13;-4.57833506725729
2.135;-0.188309224322438;2.135;-5.38800060097128
2.14;-0.178345810621977;2.14;-4.99558601714671
2.145;-0.168382396921515;2.145;-4.59323688689619
2.15;-0.188309224322438;2.15;-5.4178042402491
2.155;-0.173364103771746;2.155;-4.79689508862793
2.16;-0.158418983221054;2.16;-4.42931687086821
2.165;-0.188309224322438;2.165;-5.20917876530439
2.17;-0.1982726380229;2.17;-5.46747697237879
2.175;-0.158418983221054;2.175;-4.45912051014602
2.18;-0.188309224322438;2.18;-5.31349150277674
2.185;-0.1982726380229;2.185;-5.44760787952691
2.19;-0.163400690071285;2.19;-4.49389142263681
2.195;-0.188309224322438;2.195;-5.26381877064705
2.2;-0.178345810621977;2.2;-5.21911331173033
2.205;-0.143473862670362;2.205;-3.79350589960814
2.21;-0.183327517472208;2.21;-5.26381877064705
2.215;-0.1982726380229;2.215;-5.42773878667504
2.22;-0.143473862670362;2.22;-3.95245864242315
2.225;-0.193290931172669;2.225;-5.2886551367119
2.23;-0.1982726380229;2.23;-5.39793514739722
2.235;-0.148455569520593;2.235;-4.08160774596035
2.24;-0.183327517472208;2.24;-4.99558601714671
2.245;-0.208236051723361;2.245;-5.49231333844364
2.25;-0.12852874211967;2.25;-3.07821855694056
2.255;-0.193290931172669;2.255;-5.11976784747094
2.26;-0.20325434487313;2.26;-5.47244424559176
2.265;-0.163400690071285;2.265;-4.4789896029979
2.27;-0.193290931172669;2.27;-5.06512784212828
2.275;-0.1982726380229;2.275;-5.22904785815626
2.28;-0.178345810621977;2.28;-4.70251689758152
2.285;-0.188309224322438;2.285;-5.00552056357265
2.29;-0.208236051723361;2.29;-5.42773878667504
2.295;-0.178345810621977;2.295;-4.67768053151667
2.3;-0.193290931172669;2.3;-5.0452587492764
2.305;-0.208236051723361;2.305;-5.43270605988801
2.31;-0.178345810621977;2.31;-4.55846597440541
2.315;-0.183327517472208;2.315;-4.70251689758152
2.32;-0.213217758573592;2.32;-5.46747697237879
2.325;-0.183327517472208;2.325;-4.75218962971121
2.33;-0.193290931172669;2.33;-4.8515350939706
2.335;-0.218199465423822;2.335;-5.45754242595285
2.34;-0.188309224322438;2.34;-4.71741871722043
2.345;-0.188309224322438;2.345;-4.82173145469278
2.35;-0.208236051723361;2.35;-5.20917876530439
2.355;-0.193290931172669;2.355;-4.76212417613715
2.36;-0.188309224322438;2.36;-4.71245144400746
2.365;-0.218199465423822;2.365;-5.39296787418425
2.37;-0.193290931172669;2.37;-4.77702599577606
2.375;-0.193290931172669;2.375;-4.75218962971121
2.38;-0.223181172274053;2.38;-5.39296787418425
2.385;-0.193290931172669;2.385;-4.74722235649824
2.39;-0.183327517472208;2.39;-4.4144150512293
2.395;-0.228162879124284;2.395;-5.37309878133237
2.4;-0.218199465423822;2.4;-4.99061874393374
2.405;-0.193290931172669;2.405;-4.54853142797947
2.41;-0.223181172274053;2.41;-5.36316423490644
2.415;-0.213217758573592;2.415;-5.05022602248937
2.42;-0.193290931172669;2.42;-4.51872778870165
2.425;-0.223181172274053;2.425;-5.11480057425797
2.43;-0.233144585974514;2.43;-5.35819696169347
2.435;-0.183327517472208;2.435;-4.29023322090507
2.44;-0.228162879124284;2.44;-5.22904785815626
2.445;-0.238126292824745;2.445;-5.39296787418425
2.45;-0.183327517472208;2.45;-4.21075684949756
2.455;-0.233144585974514;2.455;-5.23401513136923
2.46;-0.238126292824745;2.46;-5.28368786349893
2.465;-0.183327517472208;2.465;-4.21572412271053
2.47;-0.233144585974514;2.47;-5.08002966176718
2.475;-0.248089706525207;2.475;-5.37309878133237
2.48;-0.218199465423822;2.48;-4.62304052617401
2.485;-0.233144585974514;2.485;-5.01048783678561
2.49;-0.253071413375437;2.49;-5.44264060631394
2.495;-0.188309224322438;2.495;-4.09154229238629
2.5;-0.228162879124284;2.5;-4.75715690292418
2.505;-0.253071413375437;2.505;-5.30852422956377
2.51;-0.228162879124284;2.51;-4.71741871722043
2.515;-0.228162879124284;2.515;-4.74722235649824
2.52;-0.258053120225668;2.52;-5.3532296884805
2.525;-0.233144585974514;2.525;-4.74722235649824
2.53;-0.233144585974514;2.53;-4.7372878100723
2.535;-0.268016533926129;2.535;-5.26878604386002
2.54;-0.233144585974514;2.54;-4.60317143332213
2.545;-0.223181172274053;2.545;-4.49885869584978
2.55;-0.263034827075899;2.55;-5.26381877064705
2.555;-0.268016533926129;2.555;-5.33832786884159
2.56;-0.228162879124284;2.56;-4.39454595837742
2.565;-0.27299824077636;2.565;-5.28368786349893
2.57;-0.277979947626591;2.57;-5.32839332241565
2.575;-0.193290931172669;2.575;-3.76370226033032
2.58;-0.258053120225668;2.58;-4.94591328501701
2.585;-0.287943361327052;2.585;-5.41283696703613
2.59;-0.218199465423822;2.59;-4.08657501917332
2.595;-0.268016533926129;2.595;-5.01048783678561
2.6;-0.282961654476821;2.6;-5.38800060097128
2.605;-0.228162879124284;2.605;-4.28029867447913
2.61;-0.268016533926129;2.61;-4.93101146537811
2.615;-0.282961654476821;2.615;-5.15453875996172
2.62;-0.258053120225668;2.62;-4.68264780472964
2.625;-0.258053120225668;2.625;-4.71741871722043
2.63;-0.292925068177283;2.63;-5.31349150277674
2.635;-0.258053120225668;2.635;-4.71245144400746
2.64;-0.258053120225668;2.64;-4.63794234581292
2.645;-0.297906775027514;2.645;-5.32342604920268
2.65;-0.268016533926129;2.65;-4.73232053685933
2.655;-0.233144585974514;2.655;-4.19585502985865
2.66;-0.297906775027514;2.66;-5.19924421887845
2.665;-0.302888481877744;2.665;-5.29362240992486
2.67;-0.228162879124284;2.67;-3.98226228170097
2.675;-0.297906775027514;2.675;-5.08499693498015
2.68;-0.307870188727975;2.68;-5.3532296884805
2.685;-0.253071413375437;2.685;-4.33493867982179
2.69;-0.282961654476821;2.69;-4.79192781541497
2.695;-0.307870188727975;2.695;-5.22408058494329
2.7;-0.282961654476821;2.7;-4.64787689223886
2.705;-0.277979947626591;2.705;-4.66277871187776
2.71;-0.317833602428436;2.71;-5.27375331707299
2.715;-0.287943361327052;2.715;-4.69258235115558
2.72;-0.277979947626591;2.72;-4.55349870119244
2.725;-0.317833602428436;2.725;-5.1744078528136
2.73;-0.317833602428436;2.73;-5.07506238855422
2.735;-0.213217758573592;2.735;-3.17756402119994
2.74;-0.317833602428436;2.74;-5.03035692963749
2.745;-0.337760429829359;2.745;-5.27375331707299
2.75;-0.282961654476821;2.75;-4.41938232444227
2.755;-0.312851895578206;2.755;-4.90120782610029
2.76;-0.34274213667959;2.76;-5.28368786349893
2.765;-0.277979947626591;2.765;-4.50382596906275
2.77;-0.282961654476821;2.77;-4.4144150512293
2.775;-0.34772384352982;2.775;-5.24891695100814
2.78;-0.327797016128898;2.78;-4.86146964039654
2.785;-0.287943361327052;2.785;-4.32003686018288
2.79;-0.34274213667959;2.79;-5.12473512068391
2.795;-0.357687257230282;2.795;-5.2886551367119
2.8;-0.287943361327052;2.8;-4.15611684415489
2.805;-0.327797016128898;2.805;-4.75218962971121
2.81;-0.357687257230282;2.81;-5.21414603851736
2.815;-0.327797016128898;2.815;-4.60317143332213
2.82;-0.322815309278667;2.82;-4.56840052083135
2.825;-0.367650670930743;2.825;-5.19924421887845
2.83;-0.34274213667959;2.83;-4.69754962436855
2.835;-0.312851895578206;2.835;-4.35977504588664
2.84;-0.367650670930743;2.84;-5.0452587492764
2.845;-0.372632377780974;2.845;-5.0452587492764
2.85;-0.322815309278667;2.85;-4.300167767331
2.855;-0.357687257230282;2.855;-4.75218962971121
2.86;-0.387577498331666;2.86;-5.18930967245251
2.865;-0.34274213667959;2.865;-4.58330234047025
2.87;-0.337760429829359;2.87;-4.49389142263681
2.875;-0.387577498331666;2.875;-5.11976784747094
2.88;-0.377614084631205;2.88;-5.06512784212828
2.885;-0.302888481877744;2.885;-4.06670592632145
2.89;-0.357687257230282;2.89;-4.79689508862793
2.895;-0.382595791481435;2.895;-5.109833301045
2.9;-0.337760429829359;2.9;-4.52866233512759
2.905;-0.322815309278667;2.905;-4.32500413339585
2.91;-0.372632377780974;2.91;-5.00552056357265
2.915;-0.377614084631205;2.915;-5.08499693498015
2.92;-0.312851895578206;2.92;-4.19585502985865
2.925;-0.317833602428436;2.925;-4.23062594234943
2.93;-0.372632377780974;2.93;-4.95584783144295
2.935;-0.372632377780974;2.935;-4.9806841975078
2.94;-0.327797016128898;2.94;-4.38957868516445
2.945;-0.337760429829359;2.945;-4.33493867982179
2.95;-0.367650670930743;2.95;-4.9161096457392
2.955;-0.372632377780974;2.955;-4.99558601714671
2.96;-0.317833602428436;2.96;-4.25546230841428
2.965;-0.297906775027514;2.965;-4.03690228704363
2.97;-0.357687257230282;2.97;-4.76709144935012
2.975;-0.367650670930743;2.975;-4.90120782610029
2.98;-0.332778722979128;2.98;-4.40944777801633
2.985;-0.277979947626591;2.985;-3.69416043534875
2.99;-0.332778722979128;2.99;-4.44918596372008
2.995;-0.352705550380051;2.995;-4.76709144935012
3;-0.357687257230282;3;-4.70748417079449
3.005;-0.297906775027514;3.005;-4.03690228704363
3.01;-0.292925068177283;3.01;-3.92265500314534
3.015;-0.277979947626591;3.015;-3.72893134783953
3.02;-0.287943361327052;3.02;-3.89781863708049
3.025;-0.297906775027514;3.025;-4.01206592097878
3.03;-0.312851895578206;3.03;-4.01206592097878
3.035;-0.297906775027514;3.035;-3.977295008488
3.04;-0.287943361327052;3.04;-3.8481459049508
3.045;-0.27299824077636;3.045;-3.62958588358015
3.05;-0.248089706525207;3.05;-3.2818767586723
3.055;-0.213217758573592;3.055;-2.87456035520881
3.06;-0.20325434487313;3.06;-2.72554215881974
3.065;-0.228162879124284;3.065;-3.05834946408868
3.07;-0.218199465423822;3.07;-2.97887309268117
3.075;-0.1982726380229;3.075;-2.68083669990301
3.08;-0.188309224322438;3.08;-2.51691668387502
3.085;-0.223181172274053;3.085;-2.97887309268117
3.09;-0.218199465423822;3.09;-2.96893854625523
3.095;-0.193290931172669;3.095;-2.60632760170847
3.1;-0.183327517472208;3.1;-2.46227667853236
3.105;-0.208236051723361;3.105;-2.80005125701427
3.11;-0.193290931172669;3.11;-2.6013603284955
3.115;-0.163400690071285;3.115;-2.17417483218014
3.12;-0.188309224322438;3.12;-2.48214577138424
3.125;-0.148455569520593;3.125;-2.06986209470779
3.13;-0.153437276370823;3.13;-2.04502572864294
3.135;-0.138492155820131;3.135;-1.89600753225386
3.14;-0.133510448969901;3.14;-1.78176024835557
3.145;-0.133510448969901;3.145;-1.8413675269112
3.15;-0.143473862670362;3.15;-1.87613843940198
3.155;-0.143473862670362;3.155;-1.92581117153168
3.16;-0.133510448969901;3.16;-1.80162934120744
3.165;-0.12852874211967;3.165;-1.73705478943884
3.17;-0.12852874211967;3.17;-1.712218423374
3.175;-0.0986385010182858;3.175;-1.36947657167912
3.18;-0.103620207868516;3.18;-1.44895294308662
3.185;-0.0886750873178244;3.185;-1.21549110207707
3.19;-0.0886750873178244;3.19;-1.20058928243816
3.195;-0.0986385010182858;3.195;-1.33470565918833
3.2;-0.0936567941680551;3.2;-1.2750983806327
3.205;-0.0986385010182858;3.205;-1.37444384489208
3.21;-0.0986385010182858;3.21;-1.36450929846615
3.215;-0.0737299667671323;3.215;-0.98202926106751
3.22;-0.0687482599169016;3.22;-0.986996534280479
3.225;-0.0637665530666709;3.225;-0.912487436085939
3.23;-0.0587848462164402;3.23;-0.793272878974676
3.235;-0.0438397256657481;3.235;-0.62438558973372
3.24;-0.0438397256657481;3.24;-0.579680130816996
3.245;-0.0637665530666709;3.245;-0.90752016287297
3.25;-0.0687482599169016;3.25;-0.972094714641571
3.255;-0.0637665530666709;3.255;-0.847912884317338
3.26;-0.0438397256657481;3.26;-0.629352862946689
3.265;-0.0338763119652867;3.265;-0.54987649153918
3.27;-0.0338763119652867;3.27;-0.465432846918702
3.275;-0.0239128982648253;3.275;-0.356152836233377
3.28;-0.0189311914145947;3.28;-0.296545557677746
3.285;-0.0189311914145947;3.285;-0.256807371973991
3.29;-0.0189311914145947;3.29;-0.227003732696176
3.295;-0.00896777771413326;3.295;-0.172363727353513
3.3;-0.00398607086390257;3.3;-0.0432146238163114
3.305;0.00597734283655882;3.305;0.00645810831338167
3.31;0.000995635986328125;3.31;0.00149083510041237
3.315;0.000995635986328125;3.315;-0.00844371132552624
3.32;0.000995635986328125;3.32;-0.05314917024225
3.325;-0.00398607086390257;3.325;-0.05314917024225
3.33;0.00597734283655882;3.33;0.0312944743782282
3.335;0.00597734283655882;3.335;0.0710326600819826
3.34;0.00597734283655882;3.34;0.0859344797208905
3.345;0.000995635986328125;3.345;0.0958690261468291
3.35;0.000995635986328125;3.35;-0.00347643811255693
3.355;-0.00398607086390257;3.355;-0.0233455309644341
3.36;0.00597734283655882;3.36;0.011425381526351
3.365;0.0209224633872509;3.365;0.0163926547393203
3.37;0.000995635986328125;3.37;0.0163926547393203
3.375;0.000995635986328125;3.375;0.00149083510041237
3.38;0.000995635986328125;3.38;0.00645810831338167
3.385;0.000995635986328125;3.385;-0.00347643811255693
3.39;0.000995635986328125;3.39;-0.0134109845384955
3.395;0.000995635986328125;3.395;0.00645810831338167
3.4;0.000995635986328125;3.4;0.00149083510041237
3.405;0.00597734283655882;3.405;-0.00347643811255693
3.41;0.000995635986328125;3.41;-0.00347643811255693
3.415;0.000995635986328125;3.415;-0.00347643811255693
3.42;0.000995635986328125;3.42;-0.00347643811255693
3.425;0.00597734283655882;3.425;0.00149083510041237
3.43;0.00597734283655882;3.43;-0.00347643811255693
3.435;0.000995635986328125;3.435;0.00149083510041237
3.44;-0.00398607086390257;3.44;-0.00347643811255693
3.445;0.00597734283655882;3.445;0.00149083510041237
3.45;0.000995635986328125;3.45;-0.00347643811255693
3.455;0.000995635986328125;3.455;0.00149083510041237
3.46;-0.00398607086390257;3.46;0.00149083510041237
3.465;0.00597734283655882;3.465;-0.00347643811255693
3.47;0.000995635986328125;3.47;0.00149083510041237
3.475;0.000995635986328125;3.475;-0.00347643811255693
3.48;0.00597734283655882;3.48;0.0163926547393203
3.485;0.000995635986328125;3.485;-0.00347643811255693
3.49;0.000995635986328125;3.49;0.00149083510041237
3.495;0.000995635986328125;3.495;0.00149083510041237
3.5;0.000995635986328125;3.5;-0.00347643811255693
3.505;0.000995635986328125;3.505;-0.00347643811255693
3.51;-0.00398607086390257;3.51;0.00149083510041237
3.515;0.000995635986328125;3.515;-0.00347643811255693
3.52;-0.00398607086390257;3.52;0.00149083510041237
3.525;0.000995635986328125;3.525;-0.00347643811255693
3.53;0.000995635986328125;3.53;-0.00347643811255693
3.535;0.00597734283655882;3.535;0.00149083510041237
3.54;0.000995635986328125;3.54;0.00149083510041237
3.545;0.000995635986328125;3.545;-0.00347643811255693
3.55;0.000995635986328125;3.55;-0.00844371132552624
3.555;0.00597734283655882;3.555;-0.0134109845384955
3.56;0.00597734283655882;3.56;0.00149083510041237
3.565;0.000995635986328125;3.565;-0.00347643811255693
3.57;0.000995635986328125;3.57;-0.00844371132552624
3.575;0.000995635986328125;3.575;-0.00347643811255693
3.58;0.000995635986328125;3.58;0.00149083510041237
3.585;0.000995635986328125;3.585;0.00149083510041237
3.59;0.00597734283655882;3.59;0.00149083510041237
3.595;0.000995635986328125;3.595;0.00149083510041237
3.6;0.00597734283655882;3.6;0.00149083510041237
3.605;0.00597734283655882;3.605;0.00149083510041237
3.61;0.000995635986328125;3.61;-0.00347643811255693
3.615;0.00597734283655882;3.615;0.00149083510041237
3.62;0.00597734283655882;3.62;-0.00347643811255693
3.625;0.000995635986328125;3.625;-0.00347643811255693
3.63;0.00597734283655882;3.63;0.00149083510041237
3.635;0.00597734283655882;3.635;0.00149083510041237
3.64;0.000995635986328125;3.64;0.00645810831338167
3.645;0.000995635986328125;3.645;-0.00347643811255693
3.65;0.00597734283655882;3.65;-0.00347643811255693
3.655;0.00597734283655882;3.655;0.00149083510041237
3.66;0.000995635986328125;3.66;-0.00347643811255693
3.665;0.000995635986328125;3.665;-0.00347643811255693
3.67;0.000995635986328125;3.67;0.00149083510041237
3.675;0.00597734283655882;3.675;-0.00347643811255693
3.68;0.000995635986328125;3.68;-0.00347643811255693
3.685;0.000995635986328125;3.685;0.00149083510041237
3.69;0.000995635986328125;3.69;0.00149083510041237
3.695;0.000995635986328125;3.695;-0.00347643811255693
3.7;0.000995635986328125;3.7;0.00149083510041237
3.705;0.00597734283655882;3.705;0.00149083510041237
3.71;0.00597734283655882;3.71;0.00149083510041237
3.715;0.00597734283655882;3.715;0.00645810831338167
3.72;0.000995635986328125;3.72;0.00149083510041237
3.725;0.000995635986328125;3.725;-0.00347643811255693
3.73;0.000995635986328125;3.73;-0.00347643811255693
3.735;0.000995635986328125;3.735;0.00149083510041237
3.74;0.000995635986328125;3.74;0.00149083510041237
3.745;0.00597734283655882;3.745;0.00645810831338167
3.75;0.00597734283655882;3.75;0.00149083510041237
3.755;0.000995635986328125;3.755;0.00149083510041237
3.76;0.000995635986328125;3.76;-0.00347643811255693
3.765;-0.00896777771413326;3.765;-0.0134109845384955
3.77;0.000995635986328125;3.77;-0.00347643811255693
3.775;0.000995635986328125;3.775;0.00149083510041237
3.78;0.000995635986328125;3.78;0.00149083510041237
3.785;0.000995635986328125;3.785;-0.00347643811255693
3.79;0.000995635986328125;3.79;-0.00347643811255693
3.795;0.000995635986328125;3.795;0.00149083510041237
3.8;0.00597734283655882;3.8;-0.00347643811255693
3.805;0.000995635986328125;3.805;0.00645810831338167
3.81;0.00597734283655882;3.81;0.00149083510041237
3.815;-0.00398607086390257;3.815;0.00645810831338167
3.82;0.00597734283655882;3.82;0.00149083510041237
3.825;-0.00398607086390257;3.825;-0.00347643811255693
3.83;0.00597734283655882;3.83;-0.00347643811255693
3.835;0.000995635986328125;3.835;-0.00347643811255693
3.84;0.000995635986328125;3.84;0.00149083510041237
3.845;0.00597734283655882;3.845;0.00645810831338167
3.85;-0.00398607086390257;3.85;0.00149083510041237
3.855;0.0109590496867895;3.855;0.00149083510041237
3.86;0.000995635986328125;3.86;-0.00844371132552624
3.865;0.00597734283655882;3.865;-0.00347643811255693
3.87;0.000995635986328125;3.87;-0.00347643811255693
3.875;0.000995635986328125;3.875;0.00645810831338167
3.88;0.000995635986328125;3.88;0.00149083510041237
3.885;0.000995635986328125;3.885;0.00149083510041237
3.89;0.000995635986328125;3.89;0.00645810831338167
3.895;0.000995635986328125;3.895;0.00149083510041237
3.9;0.000995635986328125;3.9;-0.00347643811255693
3.905;0.000995635986328125;3.905;0.00149083510041237
3.91;0.000995635986328125;3.91;-0.00347643811255693
3.915;0.00597734283655882;3.915;0.00149083510041237
3.92;0.000995635986328125;3.92;0.00149083510041237
3.925;0.00597734283655882;3.925;0.00645810831338167
3.93;0.00597734283655882;3.93;-0.00844371132552624
3.935;0.000995635986328125;3.935;0.00149083510041237
3.94;0.00597734283655882;3.94;0.00149083510041237
3.945;0.000995635986328125;3.945;0.00149083510041237
3.95;-0.00398607086390257;3.95;0.00149083510041237
3.955;0.00597734283655882;3.955;0.00645810831338167
3.96;0.00597734283655882;3.96;0.00149083510041237
3.965;-0.00398607086390257;3.965;0.00645810831338167
3.97;0.000995635986328125;3.97;-0.00347643811255693
3.975;0.000995635986328125;3.975;0.00149083510041237
3.98;0.000995635986328125;3.98;0.00645810831338167
3.985;-0.00398607086390257;3.985;-0.00844371132552624
3.99;0.000995635986328125;3.99;0.00149083510041237
3.995;0.000995635986328125;3.995;0.00149083510041237
4;0.000995635986328125;4;-0.00347643811255693
4.005;0.000995635986328125;4.005;-0.00347643811255693
4.01;0.00597734283655882;4.01;0.00149083510041237
4.015;0.000995635986328125;4.015;0.00645810831338167
4.02;0.000995635986328125;4.02;-0.00347643811255693
4.025;0.000995635986328125;4.025;-0.00347643811255693
4.03;0.00597734283655882;4.03;-0.00347643811255693
4.035;0.00597734283655882;4.035;0.00149083510041237
4.04;0.00597734283655882;4.04;-0.00347643811255693
4.045;0.000995635986328125;4.045;0.00149083510041237
4.05;0.000995635986328125;4.05;0.00645810831338167
4.055;0.000995635986328125;4.055;-0.00347643811255693
4.06;0.00597734283655882;4.06;-0.00347643811255693
4.065;0.00597734283655882;4.065;-0.00347643811255693
4.07;0.000995635986328125;4.07;-0.00347643811255693
4.075;0.000995635986328125;4.075;-0.00844371132552624
4.08;0.000995635986328125;4.08;-0.00347643811255693
4.085;0.000995635986328125;4.085;0.00149083510041237
4.09;0.000995635986328125;4.09;0.00645810831338167
4.095;-0.00398607086390257;4.095;0.00149083510041237
4.1;0.000995635986328125;4.1;-0.00844371132552624
4.105;0.000995635986328125;4.105;-0.00347643811255693
4.11;0.000995635986328125;4.11;-0.00347643811255693
4.115;0.000995635986328125;4.115;0.00645810831338167
4.12;0.00597734283655882;4.12;0.00149083510041237
4.125;0.00597734283655882;4.125;0.00149083510041237
4.13;0.0109590496867895;4.13;0.00149083510041237
4.135;0.000995635986328125;4.135;0.00149083510041237
4.14;0.000995635986328125;4.14;0.00149083510041237
4.145;0.000995635986328125;4.145;-0.00347643811255693
4.15;0.000995635986328125;4.15;0.00645810831338167
4.155;-0.00398607086390257;4.155;0.00645810831338167
4.16;0.000995635986328125;4.16;-0.00347643811255693
4.165;-0.00398607086390257;4.165;0.00149083510041237
4.17;0.00597734283655882;4.17;0.00149083510041237
4.175;0.000995635986328125;4.175;0.00149083510041237
4.18;0.000995635986328125;4.18;-0.00347643811255693
4.185;0.000995635986328125;4.185;0.00149083510041237
4.19;0.00597734283655882;4.19;0.00149083510041237
4.195;0.00597734283655882;4.195;0.00149083510041237
4.2;-0.00398607086390257;4.2;0.00645810831338167
4.205;-0.00398607086390257;4.205;-0.00844371132552624
4.21;0.000995635986328125;4.21;-0.00347643811255693
4.215;0.000995635986328125;4.215;-0.00347643811255693
4.22;0.000995635986328125;4.22;0.00149083510041237
4.225;0.00597734283655882;4.225;-0.00347643811255693
4.23;0.000995635986328125;4.23;0.00645810831338167
4.235;0.000995635986328125;4.235;0.00645810831338167
4.24;0.000995635986328125;4.24;0.00149083510041237
4.245;0.000995635986328125;4.245;0.00149083510041237
4.25;0.000995635986328125;4.25;0.00149083510041237
4.255;0.00597734283655882;4.255;0.00149083510041237
4.26;0.000995635986328125;4.26;0.00645810831338167
4.265;0.00597734283655882;4.265;-0.00347643811255693
4.27;0.000995635986328125;4.27;0.00149083510041237
4.275;0.00597734283655882;4.275;-0.00347643811255693
4.28;0.000995635986328125;4.28;-0.00347643811255693
4.285;0.00597734283655882;4.285;0.00149083510041237
4.29;0.000995635986328125;4.29;0.00149083510041237
4.295;0.000995635986328125;4.295;-0.00347643811255693
4.3;0.00597734283655882;4.3;0.00149083510041237
4.305;0.00597734283655882;4.305;-0.00347643811255693
4.31;0.00597734283655882;4.31;0.00149083510041237
4.315;0.000995635986328125;4.315;0.00149083510041237
4.32;0.000995635986328125;4.32;0.00149083510041237
4.325;0.000995635986328125;4.325;0.00149083510041237
4.33;0.000995635986328125;4.33;0.00149083510041237
4.335;0.00597734283655882;4.335;0.00149083510041237
4.34;0.000995635986328125;4.34;-0.00347643811255693
4.345;0.000995635986328125;4.345;-0.00347643811255693
4.35;0.000995635986328125;4.35;-0.00844371132552624
4.355;0.000995635986328125;4.355;0.00149083510041237
4.36;0.00597734283655882;4.36;0.00645810831338167
4.365;0.000995635986328125;4.365;-0.00347643811255693
4.37;0.00597734283655882;4.37;0.00149083510041237
4.375;0.00597734283655882;4.375;-0.00347643811255693
4.38;0.000995635986328125;4.38;-0.00347643811255693
4.385;0.00597734283655882;4.385;-0.00844371132552624
4.39;0.000995635986328125;4.39;0.00645810831338167
4.395;0.000995635986328125;4.395;0.00149083510041237
4.4;0.000995635986328125;4.4;-0.00347643811255693
4.405;0.000995635986328125;4.405;0.00149083510041237
4.41;0.000995635986328125;4.41;-0.00347643811255693
4.415;0.000995635986328125;4.415;-0.00844371132552624
4.42;0.00597734283655882;4.42;-0.00347643811255693
4.425;0.00597734283655882;4.425;-0.00347643811255693
4.43;0.00597734283655882;4.43;0.00149083510041237
4.435;0.000995635986328125;4.435;0.00149083510041237
4.44;0.000995635986328125;4.44;0.011425381526351
4.445;0.000995635986328125;4.445;0.00149083510041237
4.45;0.000995635986328125;4.45;-0.00844371132552624
4.455;0.000995635986328125;4.455;-0.00844371132552624
4.46;0.000995635986328125;4.46;0.00149083510041237
4.465;0.0109590496867895;4.465;0.00645810831338167
4.47;0.000995635986328125;4.47;-0.00347643811255693
4.475;0.00597734283655882;4.475;0.011425381526351
4.48;0.00597734283655882;4.48;-0.00347643811255693
4.485;0.000995635986328125;4.485;-0.00347643811255693
4.49;0.000995635986328125;4.49;-0.00347643811255693
4.495;0.00597734283655882;4.495;-0.00347643811255693
4.5;0.000995635986328125;4.5;0.00645810831338167
4.505;0.000995635986328125;4.505;0.00149083510041237
4.51;0.000995635986328125;4.51;0.00645810831338167
4.515;0.000995635986328125;4.515;-0.00347643811255693
4.52;-0.00398607086390257;4.52;-0.00844371132552624
4.525;0.00597734283655882;4.525;-0.00347643811255693
4.53;0.000995635986328125;4.53;0.00149083510041237
4.535;0.0109590496867895;4.535;0.00645810831338167
4.54;0.000995635986328125;4.54;0.00149083510041237
4.545;0.000995635986328125;4.545;-0.00347643811255693
4.55;0.000995635986328125;4.55;-0.00347643811255693
4.555;0.00597734283655882;4.555;-0.00844371132552624
4.56;0.0109590496867895;4.56;-0.00347643811255693
4.565;0.00597734283655882;4.565;0.00645810831338167
4.57;0.000995635986328125;4.57;0.00645810831338167
4.575;0.000995635986328125;4.575;0.00645810831338167
4.58;0.000995635986328125;4.58;0.00149083510041237
4.585;0.00597734283655882;4.585;-0.00844371132552624
4.59;0.000995635986328125;4.59;-0.00844371132552624
4.595;0.00597734283655882;4.595;0.00149083510041237
4.6;0.000995635986328125;4.6;0.011425381526351
4.605;0.000995635986328125;4.605;0.00149083510041237
4.61;0.00597734283655882;4.61;0.00645810831338167
4.615;0.000995635986328125;4.615;-0.00844371132552624
4.62;0.0109590496867895;4.62;-0.00347643811255693
4.625;0.000995635986328125;4.625;-0.00347643811255693
4.63;0.000995635986328125;4.63;0.00149083510041237
4.635;0.00597734283655882;4.635;0.00149083510041237
4.64;-0.00398607086390257;4.64;0.00149083510041237
4.645;0.000995635986328125;4.645;0.00645810831338167
4.65;0.0109590496867895;4.65;-0.00347643811255693
4.655;0.00597734283655882;4.655;-0.00844371132552624
4.66;0.00597734283655882;4.66;-0.00844371132552624
4.665;0.00597734283655882;4.665;0.00149083510041237
4.67;-0.00398607086390257;4.67;0.00149083510041237
4.675;0.000995635986328125;4.675;0.00645810831338167
4.68;0.00597734283655882;4.68;0.011425381526351
4.685;0.000995635986328125;4.685;-0.00347643811255693
4.69;-0.00398607086390257;4.69;-0.00844371132552624
4.695;0.000995635986328125;4.695;-0.00844371132552624
4.7;0.000995635986328125;4.7;0.00645810831338167
4.705;0.000995635986328125;4.705;0.0163926547393203
4.71;0.00597734283655882;4.71;0.00645810831338167
4.715;0.000995635986328125;4.715;0.0213599279522896
4.72;0.000995635986328125;4.72;-0.00347643811255693
4.725;-0.00398607086390257;4.725;-0.00844371132552624
4.73;0.000995635986328125;4.73;-0.00844371132552624
4.735;0.000995635986328125;4.735;0.00645810831338167
4.74;0.000995635986328125;4.74;0.00645810831338167
4.745;0.00597734283655882;4.745;0.011425381526351
4.75;-0.00398607086390257;4.75;0.0163926547393203
4.755;0.000995635986328125;4.755;-0.00844371132552624
4.76;0.000995635986328125;4.76;-0.0134109845384955
4.765;0.000995635986328125;4.765;-0.00844371132552624
4.77;0.000995635986328125;4.77;0.00645810831338167
4.775;0.000995635986328125;4.775;0.011425381526351
4.78;0.00597734283655882;4.78;0.011425381526351
4.785;0.000995635986328125;4.785;0.011425381526351
4.79;0.000995635986328125;4.79;-0.0134109845384955
4.795;0.00597734283655882;4.795;-0.0183782577514648
4.8;0.000995635986328125;4.8;-0.00844371132552624
4.805;0.00597734283655882;4.805;0.00645810831338167
4.81;0.00597734283655882;4.81;0.011425381526351
4.815;0.000995635986328125;4.815;0.011425381526351
4.82;0.000995635986328125;4.82;0.011425381526351
4.825;0.000995635986328125;4.825;-0.0134109845384955
4.83;0.000995635986328125;4.83;-0.0134109845384955
4.835;0.000995635986328125;4.835;0.00149083510041237
4.84;0.000995635986328125;4.84;0.00645810831338167
4.845;0.00597734283655882;4.845;0.011425381526351
4.85;0.000995635986328125;4.85;0.0163926547393203
4.855;0.00597734283655882;4.855;0.00645810831338167
4.86;0.00597734283655882;4.86;-0.0134109845384955
4.865;0.00597734283655882;4.865;-0.0183782577514648
4.87;0.000995635986328125;4.87;-0.00347643811255693
4.875;0.00597734283655882;4.875;0.011425381526351
4.88;0.00597734283655882;4.88;0.011425381526351
4.885;0.000995635986328125;4.885;0.0163926547393203
4.89;0.000995635986328125;4.89;-0.00347643811255693
4.895;0.000995635986328125;4.895;-0.0183782577514648
4.9;0.000995635986328125;4.9;-0.0134109845384955
4.905;0.000995635986328125;4.905;0.00149083510041237
4.91;0.000995635986328125;4.91;0.011425381526351
4.915;0.00597734283655882;4.915;0.011425381526351
4.92;0.00597734283655882;4.92;0.0312944743782282
4.925;0.000995635986328125;4.925;-0.00844371132552624
4.93;-0.00398607086390257;4.93;-0.0283128041774035
4.935;-0.013949484564364;4.935;-0.0183782577514648
4.94;0.00597734283655882;4.94;0.00149083510041237
4.945;0.0159407565370202;4.945;0.011425381526351
4.95;0.00597734283655882;4.95;0.011425381526351
4.955;0.000995635986328125;4.955;0.0263272011652589
4.96;0.000995635986328125;4.96;-0.00844371132552624
4.965;0.000995635986328125;4.965;-0.0134109845384955
4.97;0.000995635986328125;4.97;-0.0134109845384955
4.975;0.00597734283655882;4.975;0.00149083510041237
4.98;0.00597734283655882;4.98;0.011425381526351
4.985;0.000995635986328125;4.985;0.0163926547393203
4.99;0.00597734283655882;4.99;0.0312944743782282
4.995;-0.00398607086390257;4.995;-0.0134109845384955
5;0.00597734283655882;5;-0.0233455309644341
5.005;0.000995635986328125;5.005;-0.0134109845384955
5.01;0.00597734283655882;5.01;0.011425381526351
5.015;0.00597734283655882;5.015;0.011425381526351
5.02;-0.00398607086390257;5.02;0.0163926547393203
5.025;0.00597734283655882;5.025;0.0163926547393203
5.03;0.000995635986328125;5.03;-0.0134109845384955
5.035;0.000995635986328125;5.035;-0.0183782577514648
5.04;0.000995635986328125;5.04;-0.0134109845384955
5.045;0.000995635986328125;5.045;0.011425381526351
5.05;0.000995635986328125;5.05;0.0163926547393203
5.055;-0.00896777771413326;5.055;0.0213599279522896
5.06;0.00597734283655882;5.06;0.0163926547393203
5.065;0.00597734283655882;5.065;-0.0183782577514648
5.07;-0.00398607086390257;5.07;-0.0183782577514648
5.075;0.00597734283655882;5.075;-0.0134109845384955
5.08;0.000995635986328125;5.08;0.011425381526351
5.085;0.000995635986328125;5.085;0.011425381526351
5.09;0.00597734283655882;5.09;0.0163926547393203
5.095;0.00597734283655882;5.095;0.00149083510041237
5.1;0.000995635986328125;5.1;-0.0183782577514648
5.105;0.00597734283655882;5.105;-0.0233455309644341
5.11;0.000995635986328125;5.11;-0.00347643811255693
5.115;0.000995635986328125;5.115;0.011425381526351
5.12;0.000995635986328125;5.12;0.0163926547393203
5.125;-0.00398607086390257;5.125;0.0263272011652589
5.13;0.00597734283655882;5.13;0.00149083510041237
5.135;0.00597734283655882;5.135;-0.0183782577514648
5.14;0.000995635986328125;5.14;-0.0233455309644341
5.145;0.000995635986328125;5.145;-0.0134109845384955
5.15;0.000995635986328125;5.15;0.011425381526351
5.155;0.000995635986328125;5.155;0.011425381526351
5.16;0.00597734283655882;5.16;0.0263272011652589
5.165;0.000995635986328125;5.165;-0.00844371132552624
5.17;0.000995635986328125;5.17;-0.0233455309644341
5.175;0.0109590496867895;5.175;-0.0183782577514648
5.18;0.00597734283655882;5.18;-0.00347643811255693
5.185;-0.00896777771413326;5.185;0.0163926547393203
5.19;0.00597734283655882;5.19;0.011425381526351
5.195;0.0159407565370202;5.195;0.0312944743782282
5.2;0.000995635986328125;5.2;-0.00347643811255693
5.205;0.000995635986328125;5.205;-0.0233455309644341
5.21;0.000995635986328125;5.21;-0.0233455309644341
5.215;0.000995635986328125;5.215;0.00149083510041237
5.22;0.000995635986328125;5.22;0.0163926547393203
5.225;0.0109590496867895;5.225;0.011425381526351
5.23;0.000995635986328125;5.23;0.0213599279522896
5.235;-0.00896777771413326;5.235;-0.0134109845384955
5.24;0.00597734283655882;5.24;-0.0233455309644341
5.245;0.000995635986328125;5.245;-0.0233455309644341
5.25;0.00597734283655882;5.25;0.00645810831338167
5.255;0.0109590496867895;5.255;0.0163926547393203
5.26;0.000995635986328125;5.26;0.0163926547393203
5.265;0.000995635986328125;5.265;0.0213599279522896
5.27;0.000995635986328125;5.27;-0.00844371132552624
5.275;-0.013949484564364;5.275;-0.0233455309644341
5.28;0.000995635986328125;5.28;-0.0233455309644341
5.285;0.000995635986328125;5.285;0.00149083510041237
5.29;0.000995635986328125;5.29;0.0163926547393203
5.295;0.00597734283655882;5.295;0.0163926547393203
5.3;0.000995635986328125;5.3;0.0213599279522896
5.305;0.00597734283655882;5.305;-0.0134109845384955
5.31;0.000995635986328125;5.31;-0.0233455309644341
5.315;0.00597734283655882;5.315;-0.0183782577514648
5.32;0.000995635986328125;5.32;0.011425381526351
5.325;0.00597734283655882;5.325;0.011425381526351
5.33;0.000995635986328125;5.33;0.0213599279522896
5.335;0.00597734283655882;5.335;0.011425381526351
5.34;0.00597734283655882;5.34;-0.0134109845384955
5.345;0.000995635986328125;5.345;-0.0233455309644341
5.35;0.000995635986328125;5.35;-0.00844371132552624
5.355;0.00597734283655882;5.355;0.00645810831338167
5.36;0.000995635986328125;5.36;0.011425381526351
5.365;0.000995635986328125;5.365;0.0263272011652589
5.37;0.00597734283655882;5.37;0.00645810831338167
5.375;0.00597734283655882;5.375;-0.0183782577514648
5.38;0.000995635986328125;5.38;-0.0233455309644341
5.385;0.000995635986328125;5.385;-0.00844371132552624
5.39;0.00597734283655882;5.39;0.011425381526351
5.395;0.000995635986328125;5.395;0.011425381526351
5.4;0.00597734283655882;5.4;0.0312944743782282
5.405;0.000995635986328125;5.405;0.00149083510041237
5.41;0.000995635986328125;5.41;-0.0233455309644341
5.415;0.000995635986328125;5.415;-0.0233455309644341
5.42;0.00597734283655882;5.42;0.00149083510041237
5.425;0.000995635986328125;5.425;0.011425381526351
5.43;0.00597734283655882;5.43;0.011425381526351
5.435;0.00597734283655882;5.435;0.0312944743782282
5.44;0.000995635986328125;5.44;-0.00347643811255693
5.445;0.000995635986328125;5.445;-0.0233455309644341
5.45;0.000995635986328125;5.45;-0.0233455309644341
5.455;0.000995635986328125;5.455;0.00645810831338167
5.46;0.0159407565370202;5.46;0.011425381526351
5.465;0.00597734283655882;5.465;0.011425381526351
5.47;0.00597734283655882;5.47;0.0312944743782282
5.475;0.000995635986328125;5.475;-0.00844371132552624
5.48;0.000995635986328125;5.48;-0.0233455309644341
5.485;0.000995635986328125;5.485;-0.0283128041774035
5.49;0.00597734283655882;5.49;-0.00844371132552624
5.495;-0.00398607086390257;5.495;0.011425381526351
5.5;0.00597734283655882;5.5;0.0163926547393203
5.505;0.00597734283655882;5.505;0.0511635672301054
5.51;0.00597734283655882;5.51;0.0461962940171361
5.515;0.000995635986328125;5.515;-0.0134109845384955
5.52;0.000995635986328125;5.52;-0.0332800773903728
5.525;0.00597734283655882;5.525;-0.0382473506033421
5.53;0.000995635986328125;5.53;-0.0134109845384955
5.535;0.00597734283655882;5.535;0.011425381526351
5.54;0.000995635986328125;5.54;0.0163926547393203
5.545;0.000995635986328125;5.545;0.0362617475911975
5.55;0.000995635986328125;5.55;0.0660653868690133
5.555;0.000995635986328125;5.555;-0.00347643811255693
5.56;0.000995635986328125;5.56;-0.0233455309644341
5.565;0.000995635986328125;5.565;-0.0332800773903728
5.57;0.000995635986328125;5.57;-0.0332800773903728
5.575;0.000995635986328125;5.575;0.00149083510041237
5.58;0.00597734283655882;5.58;0.011425381526351
5.585;0.00597734283655882;5.585;0.00645810831338167
5.59;0.00597734283655882;5.59;0.011425381526351
5.595;0.00597734283655882;5.595;0.0759999332949519
5.6;0.00597734283655882;5.6;0.0511635672301054
5.605;0.000995635986328125;5.605;-0.0134109845384955
5.61;0.000995635986328125;5.61;-0.0183782577514648
5.615;0.000995635986328125;5.615;-0.0332800773903728
5.62;0.000995635986328125;5.62;-0.0283128041774035
5.625;0.000995635986328125;5.625;-0.0183782577514648
5.63;-0.0189311914145947;5.63;0.0163926547393203
5.635;0.000995635986328125;5.635;0.0163926547393203
5.64;0.00597734283655882;5.64;0.0163926547393203
5.645;0.000995635986328125;5.645;0.0163926547393203
5.65;0.00597734283655882;5.65;0.0362617475911975
5.655;0.00597734283655882;5.655;0.0461962940171361
5.66;0.000995635986328125;5.66;-0.00347643811255693
5.665;0.000995635986328125;5.665;-0.0134109845384955
5.67;-0.00398607086390257;5.67;-0.0233455309644341
5.675;-0.00398607086390257;5.675;-0.0332800773903728
5.68;0.0159407565370202;5.68;-0.0680509898811579
5.685;0.000995635986328125;5.685;-0.0779855363070965
5.69;0.00597734283655882;5.69;0.00645810831338167
5.695;0.000995635986328125;5.695;0.0312944743782282
5.7;-0.00398607086390257;5.7;0.0461962940171361
5.705;0.000995635986328125;5.705;0.0511635672301054
5.71;0.000995635986328125;5.71;0.0412290208041668
5.715;0.000995635986328125;5.715;0.0412290208041668
5.72;0.0159407565370202;5.72;0.0958690261468291
5.725;0.00597734283655882;5.725;0.0710326600819826
5.73;0.000995635986328125;5.73;0.00149083510041237
5.735;0.000995635986328125;5.735;-0.0134109845384955
5.74;0.000995635986328125;5.74;-0.0183782577514648
5.745;-0.00398607086390257;5.745;-0.0481818970292807
5.75;0.000995635986328125;5.75;-0.0829528095200658
5.755;0.000995635986328125;5.755;-0.12269099522382
5.76;0.000995635986328125;5.76;-0.19720009341836
5.765;0.000995635986328125;5.765;-0.112756448797882
5.77;0.000995635986328125;5.77;0.00645810831338167
5.775;0.000995635986328125;5.775;0.0461962940171361
5.78;0.00597734283655882;5.78;0.0859344797208905
5.785;0.00597734283655882;5.785;0.115738118998706
5.79;0.00597734283655882;5.79;0.120705392211676
5.795;0.00597734283655882;5.795;0.110770845785737
5.8;0.00597734283655882;5.8;0.0859344797208905
5.805;0.000995635986328125;5.805;0.0660653868690133
5.81;0.00597734283655882;5.81;0.0660653868690133
5.815;0.00597734283655882;5.815;0.110770845785737
5.82;0.00597734283655882;5.82;0.0710326600819826
5.825;-0.00398607086390257;5.825;0.0163926547393203
5.83;0.000995635986328125;5.83;-0.00844371132552624
5.835;0.000995635986328125;5.835;-0.00844371132552624
5.84;0.0209224633872509;5.84;-0.0233455309644341
5.845;0.000995635986328125;5.845;-0.0581164434552193
5.85;-0.00896777771413326;5.85;-0.385956475511193
5.855;0.000995635986328125;5.855;-0.376021929085255
5.86;-0.00398607086390257;5.86;-0.281643738038838
5.865;-0.00398607086390257;5.865;-0.291578284464777
5.87;-0.00398607086390257;5.87;-0.261774645186961
5.875;-0.00398607086390257;5.875;-0.217069186270237
5.88;-0.00398607086390257;5.88;-0.207134639844298
5.885;0.000995635986328125;5.885;-0.202167366631329
5.89;-0.00398607086390257;5.89;-0.187265546992421
5.895;-0.00398607086390257;5.895;-0.182298273779452
5.9;0.000995635986328125;5.9;-0.177331000566483
5.905;-0.00398607086390257;5.905;-0.172363727353513
5.91;0.000995635986328125;5.91;-0.152494634501636
5.915;-0.00398607086390257;5.915;-0.12269099522382
5.92;0.000995635986328125;5.92;-0.0978546291589737
5.925;0.000995635986328125;5.925;-0.0779855363070965
5.93;0.000995635986328125;5.93;-0.0779855363070965
5.935;0.000995635986328125;5.935;-0.0928873559460044
5.94;-0.00398607086390257;5.94;-0.102821902371943
5.945;0.000995635986328125;5.945;-0.12269099522382
5.95;0.000995635986328125;5.95;-0.142560088075697
5.955;0.000995635986328125;5.955;-0.182298273779452
5.96;-0.00398607086390257;5.96;-0.207134639844298
5.965;-0.00398607086390257;5.965;-0.202167366631329
5.97;-0.00398607086390257;5.97;-0.187265546992421
5.975;-0.00398607086390257;5.975;-0.132625541649759
5.98;0.000995635986328125;5.98;-0.0233455309644341
5.985;0.000995635986328125;5.985;0.0461962940171361
5.99;0.00597734283655882;5.99;0.120705392211676
5.995;0.0109590496867895;5.995;0.200181763619184
6;0.00597734283655882;6;0.259789042174816
6.005;0.00597734283655882;6.005;0.279658135026693
6.01;0.00597734283655882;6.01;0.294559954665601
6.015;0.0109590496867895;6.015;0.319396320730448
6.02;0.00597734283655882;6.02;0.319396320730448
6.025;0.00597734283655882;6.025;0.30449450109154
6.03;0.00597734283655882;6.03;0.274690861813724
6.035;0.0109590496867895;6.035;0.453512697480619
6.04;0.0109590496867895;6.04;0.58762907423079
6.045;0.0159407565370202;6.045;0.726712724193931
6.05;0.035867583937943;6.05;0.667105445638299
6.055;0.0159407565370202;6.055;0.572727254591882
6.06;0.0109590496867895;6.06;0.468414517119527
6.065;0.00597734283655882;6.065;0.379003599286079
6.07;0.00597734283655882;6.07;0.274690861813724
6.075;0.00597734283655882;6.075;0.140574485063553
6.08;0.000995635986328125;6.08;0.011425381526351
6.085;0.00597734283655882;6.085;-0.0382473506033421
6.09;0.00597734283655882;6.09;-0.0829528095200658
6.095;-0.00398607086390257;6.095;-0.12269099522382
6.1;0.000995635986328125;6.1;-0.142560088075697
6.105;0.000995635986328125;6.105;-0.147527361288667
6.11;0.000995635986328125;6.11;-0.142560088075697
6.115;0.000995635986328125;6.115;-0.112756448797882
6.12;0.000995635986328125;6.12;-0.0680509898811579
6.125;-0.00896777771413326;6.125;-0.0233455309644341
6.13;0.00597734283655882;6.13;0.00149083510041237
6.135;0.000995635986328125;6.135;0.00149083510041237
6.14;0.00597734283655882;6.14;0.00149083510041237
6.145;0.00597734283655882;6.145;0.011425381526351
6.15;0.00597734283655882;6.15;0.011425381526351
6.155;0.00597734283655882;6.155;0.011425381526351
6.16;0.000995635986328125;6.16;0.00645810831338167
6.165;-0.013949484564364;6.165;-0.00347643811255693
6.17;0.000995635986328125;6.17;-0.00347643811255693
6.175;0.000995635986328125;6.175;0.00149083510041237
6.18;0.000995635986328125;6.18;-0.00347643811255693
6.185;0.0109590496867895;6.185;0.00149083510041237
6.19;0.000995635986328125;6.19;-0.00347643811255693
6.195;0.000995635986328125;6.195;-0.00347643811255693
6.2;0.000995635986328125;6.2;-0.00347643811255693
6.205;0.000995635986328125;6.205;-0.00347643811255693
6.21;0.000995635986328125;6.21;0.00149083510041237
6.215;0.000995635986328125;6.215;-0.00347643811255693
6.22;0.00597734283655882;6.22;0.00149083510041237
6.225;0.000995635986328125;6.225;0.00645810831338167
6.23;0.000995635986328125;6.23;0.00149083510041237
6.235;0.000995635986328125;6.235;-0.00347643811255693
6.24;0.000995635986328125;6.24;-0.00347643811255693
6.245;0.000995635986328125;6.245;0.00149083510041237
6.25;0.000995635986328125;6.25;-0.00844371132552624
6.255;0.000995635986328125;6.255;0.00149083510041237
6.26;0.000995635986328125;6.26;0.00645810831338167
6.265;0.000995635986328125;6.265;-0.00347643811255693
6.27;0.000995635986328125;6.27;0.00149083510041237
6.275;0.00597734283655882;6.275;0.00149083510041237
6.28;0.000995635986328125;6.28;0.00149083510041237
6.285;0.000995635986328125;6.285;0.00149083510041237
6.29;0.000995635986328125;6.29;0.00149083510041237
6.295;0.000995635986328125;6.295;0.00149083510041237
6.3;0.000995635986328125;6.3;-0.00347643811255693
6.305;-0.00398607086390257;6.305;-0.00347643811255693
6.31;0.000995635986328125;6.31;-0.00347643811255693
6.315;0.00597734283655882;6.315;0.00149083510041237
6.32;0.000995635986328125;6.32;0.00149083510041237
6.325;-0.00398607086390257;6.325;0.00149083510041237
6.33;0.00597734283655882;6.33;-0.00347643811255693
6.335;0.00597734283655882;6.335;0.00149083510041237
6.34;0.000995635986328125;6.34;0.00149083510041237
6.345;0.000995635986328125;6.345;0.00149083510041237
6.35;0.000995635986328125;6.35;0.00149083510041237
6.355;0.000995635986328125;6.355;0.00149083510041237
6.36;0.000995635986328125;6.36;0.00149083510041237
6.365;0.000995635986328125;6.365;0.00149083510041237
6.37;0.000995635986328125;6.37;-0.00347643811255693
6.375;0.000995635986328125;6.375;0.00149083510041237
6.38;-0.00398607086390257;6.38;0.00149083510041237
6.385;0.000995635986328125;6.385;-0.00844371132552624
6.39;0.000995635986328125;6.39;-0.00347643811255693
6.395;0.000995635986328125;6.395;-0.00347643811255693
6.4;0.000995635986328125;6.4;0.00149083510041237
6.405;0.00597734283655882;6.405;-0.00347643811255693
6.41;0.000995635986328125;6.41;-0.00347643811255693
6.415;0.000995635986328125;6.415;-0.00347643811255693
6.42;0.000995635986328125;6.42;0.00149083510041237
6.425;0.000995635986328125;6.425;0.00149083510041237
6.43;0.00597734283655882;6.43;0.00149083510041237
6.435;0.000995635986328125;6.435;0.00149083510041237
6.44;0.00597734283655882;6.44;0.00149083510041237
6.445;0.000995635986328125;6.445;-0.00347643811255693
6.45;0.00597734283655882;6.45;-0.00347643811255693
6.455;0.000995635986328125;6.455;0.00149083510041237
6.46;0.000995635986328125;6.46;0.00149083510041237
6.465;0.000995635986328125;6.465;0.00149083510041237
6.47;0.000995635986328125;6.47;0.00149083510041237
6.475;0.00597734283655882;6.475;-0.00347643811255693
6.48;0.00597734283655882;6.48;-0.00347643811255693
6.485;0.000995635986328125;6.485;0.00149083510041237
6.49;0.00597734283655882;6.49;0.00149083510041237
6.495;0.000995635986328125;6.495;0.00149083510041237
6.5;0.00597734283655882;6.5;0.00149083510041237
6.505;0.000995635986328125;6.505;0.00149083510041237
6.51;0.00597734283655882;6.51;0.00645810831338167
6.515;0.00597734283655882;6.515;-0.00347643811255693
6.52;-0.00398607086390257;6.52;0.00149083510041237
6.525;0.000995635986328125;6.525;-0.00347643811255693
6.53;0.0109590496867895;6.53;0.00149083510041237
6.535;0.000995635986328125;6.535;0.00149083510041237
6.54;0.000995635986328125;6.54;0.00149083510041237
6.545;0.00597734283655882;6.545;-0.00347643811255693
6.55;0.000995635986328125;6.55;-0.00347643811255693
6.555;0.00597734283655882;6.555;-0.00347643811255693
6.56;0.000995635986328125;6.56;0.00149083510041237
6.565;0.000995635986328125;6.565;-0.00347643811255693
6.57;0.00597734283655882;6.57;-0.00347643811255693
6.575;-0.00896777771413326;6.575;-0.00844371132552624
6.58;0.000995635986328125;6.58;0.00149083510041237
6.585;0.00597734283655882;6.585;-0.00347643811255693
6.59;0.000995635986328125;6.59;-0.00347643811255693
6.595;0.00597734283655882;6.595;0.00149083510041237
6.6;0.00597734283655882;6.6;0.00645810831338167
6.605;0.00597734283655882;6.605;0.00149083510041237
6.61;0.000995635986328125;6.61;-0.00347643811255693
6.615;0.00597734283655882;6.615;-0.00347643811255693
6.62;0.000995635986328125;6.62;0.00149083510041237
6.625;0.000995635986328125;6.625;0.00149083510041237
6.63;0.000995635986328125;6.63;0.00149083510041237
6.635;0.0109590496867895;6.635;-0.00844371132552624
6.64;0.000995635986328125;6.64;0.00149083510041237
6.645;0.000995635986328125;6.645;-0.00347643811255693
6.65;0.000995635986328125;6.65;-0.00347643811255693
6.655;0.000995635986328125;6.655;0.00149083510041237
6.66;0.000995635986328125;6.66;0.00149083510041237
6.665;-0.00896777771413326;6.665;-0.00347643811255693
6.67;0.000995635986328125;6.67;0.00149083510041237
6.675;0.000995635986328125;6.675;0.00645810831338167
6.68;0.000995635986328125;6.68;0.00149083510041237
6.685;0.00597734283655882;6.685;-0.00347643811255693
6.69;0.000995635986328125;6.69;-0.00347643811255693
6.695;0.000995635986328125;6.695;0.00149083510041237
6.7;0.00597734283655882;6.7;-0.00347643811255693
6.705;0.000995635986328125;6.705;0.00149083510041237
6.71;0.000995635986328125;6.71;0.00149083510041237
6.715;0.000995635986328125;6.715;0.00149083510041237
6.72;0.000995635986328125;6.72;0.00149083510041237
6.725;0.00597734283655882;6.725;0.00149083510041237
6.73;0.000995635986328125;6.73;-0.00347643811255693
6.735;0.000995635986328125;6.735;0.00149083510041237
6.74;0.000995635986328125;6.74;0.00149083510041237
6.745;0.00597734283655882;6.745;0.00149083510041237
6.75;0.00597734283655882;6.75;0.00149083510041237
6.755;-0.00398607086390257;6.755;-0.00347643811255693
6.76;0.000995635986328125;6.76;0.00149083510041237
6.765;0.00597734283655882;6.765;-0.00347643811255693
6.77;0.000995635986328125;6.77;0.00149083510041237
6.775;0.000995635986328125;6.775;-0.00347643811255693
6.78;0.000995635986328125;6.78;0.00149083510041237
6.785;0.000995635986328125;6.785;0.00149083510041237
6.79;0.000995635986328125;6.79;-0.00347643811255693
6.795;0.00597734283655882;6.795;-0.00347643811255693
6.8;0.00597734283655882;6.8;0.00149083510041237
6.805;0.0159407565370202;6.805;-0.00347643811255693
6.81;0.000995635986328125;6.81;-0.00347643811255693
6.815;0.0109590496867895;6.815;-0.00844371132552624
6.82;0.00597734283655882;6.82;0.00149083510041237
6.825;0.00597734283655882;6.825;-0.00347643811255693
6.83;0.000995635986328125;6.83;-0.00347643811255693
6.835;0.000995635986328125;6.835;0.00149083510041237
6.84;0.000995635986328125;6.84;0.00149083510041237
6.845;0.000995635986328125;6.845;0.00149083510041237
6.85;0.0109590496867895;6.85;-0.00347643811255693
6.855;0.00597734283655882;6.855;0.00149083510041237
6.86;0.000995635986328125;6.86;0.00149083510041237
6.865;0.00597734283655882;6.865;-0.00347643811255693
6.87;0.000995635986328125;6.87;-0.00347643811255693
6.875;-0.00398607086390257;6.875;-0.00347643811255693
6.88;0.00597734283655882;6.88;0.00149083510041237
6.885;0.00597734283655882;6.885;0.00149083510041237
6.89;0.000995635986328125;6.89;0.00149083510041237
6.895;0.000995635986328125;6.895;-0.00347643811255693
6.9;0.000995635986328125;6.9;0.00149083510041237
6.905;0.000995635986328125;6.905;-0.00347643811255693
6.91;0.00597734283655882;6.91;-0.00347643811255693
6.915;0.000995635986328125;6.915;0.00149083510041237
6.92;0.00597734283655882;6.92;-0.00347643811255693
6.925;0.00597734283655882;6.925;-0.00347643811255693
6.93;0.000995635986328125;6.93;0.00149083510041237
6.935;0.000995635986328125;6.935;0.00149083510041237
6.94;0.00597734283655882;6.94;0.00149083510041237
6.945;0.00597734283655882;6.945;0.00149083510041237
6.95;0.000995635986328125;6.95;0.00149083510041237
6.955;0.000995635986328125;6.955;0.00149083510041237
6.96;-0.00398607086390257;6.96;0.00149083510041237
6.965;0.0109590496867895;6.965;-0.00347643811255693
6.97;0.00597734283655882;6.97;0.00149083510041237
6.975;0.000995635986328125;6.975;0.00149083510041237
6.98;0.000995635986328125;6.98;0.00149083510041237
6.985;0.000995635986328125;6.985;0.00149083510041237
6.99;0.000995635986328125;6.99;-0.00347643811255693
6.995;0.00597734283655882;6.995;-0.00347643811255693
7;0.000995635986328125;7;0.00149083510041237
7.005;0.000995635986328125;7.005;0.00149083510041237
7.01;-0.00398607086390257;7.01;-0.00347643811255693
7.015;0.000995635986328125;7.015;0.00149083510041237
7.02;0.000995635986328125;7.02;-0.00347643811255693
7.025;0.00597734283655882;7.025;0.00149083510041237
7.03;0.000995635986328125;7.03;0.00149083510041237
7.035;0.00597734283655882;7.035;0.00149083510041237
7.04;0.000995635986328125;7.04;0.00149083510041237
7.045;0.00597734283655882;7.045;0.00149083510041237
7.05;-0.00896777771413326;7.05;0.00149083510041237
7.055;0.000995635986328125;7.055;-0.00347643811255693
7.06;0.00597734283655882;7.06;0.00149083510041237
7.065;0.000995635986328125;7.065;0.00149083510041237
7.07;0.000995635986328125;7.07;0.00149083510041237
7.075;0.000995635986328125;7.075;0.00149083510041237
7.08;0.00597734283655882;7.08;0.00149083510041237
7.085;0.00597734283655882;7.085;0.00149083510041237
7.09;0.000995635986328125;7.09;-0.00347643811255693
7.095;0.00597734283655882;7.095;0.00149083510041237
7.1;0.000995635986328125;7.1;0.00149083510041237
7.105;-0.00398607086390257;7.105;0.00149083510041237
7.11;0.000995635986328125;7.11;0.00149083510041237
7.115;0.000995635986328125;7.115;0.00149083510041237
7.12;0.000995635986328125;7.12;0.00149083510041237
7.125;0.000995635986328125;7.125;0.00149083510041237
7.13;0.000995635986328125;7.13;0.00645810831338167
7.135;0.000995635986328125;7.135;0.00149083510041237
7.14;0.000995635986328125;7.14;0.00149083510041237
7.145;-0.00398607086390257;7.145;0.00149083510041237
7.15;0.000995635986328125;7.15;0.00149083510041237
7.155;0.000995635986328125;7.155;-0.00347643811255693
7.16;0.00597734283655882;7.16;-0.00347643811255693
7.165;0.00597734283655882;7.165;0.00149083510041237
7.17;0.000995635986328125;7.17;-0.00347643811255693
7.175;0.00597734283655882;7.175;-0.00347643811255693
7.18;0.000995635986328125;7.18;0.00149083510041237
7.185;0.00597734283655882;7.185;-0.00347643811255693
7.19;0.000995635986328125;7.19;-0.00347643811255693
7.195;0.000995635986328125;7.195;0.00149083510041237
7.2;0.000995635986328125;7.2;0.00645810831338167
7.205;0.000995635986328125;7.205;0.00149083510041237
7.21;0.00597734283655882;7.21;-0.00347643811255693
7.215;0.00597734283655882;7.215;0.00149083510041237
7.22;0.000995635986328125;7.22;-0.00347643811255693
7.225;0.000995635986328125;7.225;0.00149083510041237
7.23;0.000995635986328125;7.23;0.00149083510041237
7.235;0.00597734283655882;7.235;0.00149083510041237
7.24;0.000995635986328125;7.24;0.00149083510041237
7.245;0.000995635986328125;7.245;-0.00347643811255693
7.25;0.000995635986328125;7.25;0.00149083510041237
7.255;0.000995635986328125;7.255;0.00149083510041237
7.26;0.000995635986328125;7.26;0.00149083510041237
7.265;0.000995635986328125;7.265;0.00149083510041237
7.27;0.000995635986328125;7.27;-0.00347643811255693
7.275;0.000995635986328125;7.275;0.00149083510041237
7.28;-0.00398607086390257;7.28;0.00149083510041237
7.285;0.000995635986328125;7.285;-0.00347643811255693
7.29;0.000995635986328125;7.29;-0.00347643811255693
7.295;0.0159407565370202;7.295;-0.00347643811255693
7.3;0.0109590496867895;7.3;0.00149083510041237
7.305;0.00597734283655882;7.305;-0.00347643811255693
7.31;0.00597734283655882;7.31;-0.00347643811255693
7.315;0.00597734283655882;7.315;0.00149083510041237
7.32;0.00597734283655882;7.32;0.00149083510041237
7.325;0.000995635986328125;7.325;0.00149083510041237
7.33;0.00597734283655882;7.33;-0.00347643811255693
7.335;0.000995635986328125;7.335;0.00149083510041237
7.34;0.000995635986328125;7.34;0.00149083510041237
7.345;0.000995635986328125;7.345;0.00149083510041237
7.35;-0.013949484564364;7.35;-0.00347643811255693
7.355;0.000995635986328125;7.355;-0.00347643811255693
7.36;0.000995635986328125;7.36;0.00149083510041237
7.365;0.000995635986328125;7.365;-0.00347643811255693
7.37;0.00597734283655882;7.37;0.00149083510041237
7.375;0.0209224633872509;7.375;-0.00347643811255693
7.38;0.00597734283655882;7.38;-0.00347643811255693
7.385;0.000995635986328125;7.385;0.00645810831338167
7.39;0.000995635986328125;7.39;-0.00347643811255693
7.395;0.000995635986328125;7.395;0.00149083510041237
7.4;0.00597734283655882;7.4;0.00149083510041237
7.405;0.000995635986328125;7.405;-0.00347643811255693
7.41;-0.00398607086390257;7.41;0.00149083510041237
7.415;0.00597734283655882;7.415;-0.00347643811255693
7.42;0.000995635986328125;7.42;0.00149083510041237
7.425;0.000995635986328125;7.425;-0.00347643811255693
7.43;0.000995635986328125;7.43;-0.00347643811255693
7.435;-0.00398607086390257;7.435;0.00149083510041237
7.44;0.000995635986328125;7.44;0.00149083510041237
7.445;0.00597734283655882;7.445;0.00149083510041237
7.45;0.000995635986328125;7.45;-0.00347643811255693
7.455;0.000995635986328125;7.455;0.00645810831338167
7.46;0.000995635986328125;7.46;-0.00347643811255693
7.465;0.000995635986328125;7.465;-0.00347643811255693
7.47;0.00597734283655882;7.47;-0.00347643811255693
7.475;0.000995635986328125;7.475;0.00149083510041237
7.48;-0.00398607086390257;7.48;0.00149083510041237
7.485;0.000995635986328125;7.485;-0.00347643811255693
7.49;0.000995635986328125;7.49;-0.00347643811255693
7.495;0.000995635986328125;7.495;0.00149083510041237
7.5;0.00597734283655882;7.5;0.00149083510041237
7.505;0.000995635986328125;7.505;-0.00347643811255693
7.51;0.000995635986328125;7.51;-0.00347643811255693
7.515;0.000995635986328125;7.515;0.00149083510041237
7.52;0.000995635986328125;7.52;0.00149083510041237
7.525;0.0159407565370202;7.525;-0.00347643811255693
7.53;0.000995635986328125;7.53;-0.00347643811255693
7.535;0.000995635986328125;7.535;0.00149083510041237
7.54;0.00597734283655882;7.54;0.00149083510041237
7.545;0.000995635986328125;7.545;-0.00347643811255693
7.55;0.00597734283655882;7.55;-0.00347643811255693
7.555;0.000995635986328125;7.555;0.00149083510041237
7.56;0.000995635986328125;7.56;0.00149083510041237
7.565;0.000995635986328125;7.565;0.00149083510041237
7.57;0.00597734283655882;7.57;0.00149083510041237
7.575;0.000995635986328125;7.575;0.00149083510041237
7.58;0.00597734283655882;7.58;-0.00347643811255693
7.585;0.000995635986328125;7.585;0.00149083510041237
7.59;0.000995635986328125;7.59;0.00149083510041237
7.595;0.000995635986328125;7.595;0.00149083510041237
7.6;0.000995635986328125;7.6;0.00645810831338167
7.605;0.000995635986328125;7.605;-0.00347643811255693
7.61;-0.00398607086390257;7.61;0.00149083510041237
7.615;0.00597734283655882;7.615;-0.00347643811255693
7.62;0.000995635986328125;7.62;0.00149083510041237
7.625;0.000995635986328125;7.625;-0.00347643811255693
7.63;0.00597734283655882;7.63;0.00149083510041237
7.635;0.000995635986328125;7.635;0.00149083510041237
7.64;0.00597734283655882;7.64;0.00149083510041237
7.645;0.000995635986328125;7.645;0.00149083510041237
7.65;0.000995635986328125;7.65;-0.00347643811255693
7.655;0.00597734283655882;7.655;-0.00347643811255693
7.66;0.000995635986328125;7.66;0.00149083510041237
7.665;0.000995635986328125;7.665;-0.00347643811255693
7.67;0.000995635986328125;7.67;0.00149083510041237
7.675;-0.00398607086390257;7.675;0.00645810831338167
7.68;0.00597734283655882;7.68;0.00149083510041237
7.685;-0.00896777771413326;7.685;0.00149083510041237
7.69;0.000995635986328125;7.69;0.00149083510041237
7.695;0.00597734283655882;7.695;0.00149083510041237
7.7;0.00597734283655882;7.7;0.00149083510041237
7.705;0.000995635986328125;7.705;-0.00347643811255693
7.71;0.000995635986328125;7.71;0.00149083510041237
7.715;0.00597734283655882;7.715;-0.00347643811255693
7.72;0.00597734283655882;7.72;0.00149083510041237
7.725;0.000995635986328125;7.725;0.00149083510041237
7.73;0.000995635986328125;7.73;0.00149083510041237
7.735;0.00597734283655882;7.735;0.00149083510041237
7.74;0.00597734283655882;7.74;-0.00347643811255693
7.745;0.000995635986328125;7.745;0.00149083510041237
7.75;0.000995635986328125;7.75;0.00149083510041237
7.755;0.00597734283655882;7.755;-0.00347643811255693
7.76;0.000995635986328125;7.76;0.00149083510041237
7.765;0.00597734283655882;7.765;-0.00347643811255693
7.77;0.000995635986328125;7.77;0.00149083510041237
7.775;0.000995635986328125;7.775;0.00149083510041237
7.78;0.000995635986328125;7.78;0.00149083510041237
7.785;0.00597734283655882;7.785;0.00149083510041237
7.79;0.000995635986328125;7.79;-0.00347643811255693
7.795;0.000995635986328125;7.795;0.00149083510041237
7.8;0.000995635986328125;7.8;-0.00347643811255693
7.805;0.00597734283655882;7.805;0.00645810831338167
7.81;0.000995635986328125;7.81;0.00149083510041237
7.815;0.00597734283655882;7.815;0.00149083510041237
7.82;-0.00896777771413326;7.82;0.00645810831338167
7.825;0.000995635986328125;7.825;-0.00347643811255693
7.83;0.000995635986328125;7.83;0.00149083510041237
7.835;0.000995635986328125;7.835;-0.00347643811255693
7.84;0.000995635986328125;7.84;-0.00347643811255693
7.845;0.000995635986328125;7.845;0.00149083510041237
7.85;0.000995635986328125;7.85;-0.00347643811255693
7.855;0.000995635986328125;7.855;0.00149083510041237
7.86;0.00597734283655882;7.86;0.00149083510041237
7.865;0.000995635986328125;7.865;0.00149083510041237
7.87;0.00597734283655882;7.87;-0.00347643811255693
7.875;0.000995635986328125;7.875;0.00149083510041237
7.88;0.00597734283655882;7.88;-0.00347643811255693
7.885;0.000995635986328125;7.885;0.00149083510041237
7.89;0.000995635986328125;7.89;0.00149083510041237
7.895;0.000995635986328125;7.895;0.00149083510041237
7.9;0.000995635986328125;7.9;0.00149083510041237
7.905;0.000995635986328125;7.905;0.00149083510041237
7.91;0.000995635986328125;7.91;0.00149083510041237
7.915;0.00597734283655882;7.915;-0.00347643811255693
7.92;0.000995635986328125;7.92;0.00149083510041237
7.925;0.000995635986328125;7.925;-0.00347643811255693
7.93;0.000995635986328125;7.93;-0.00347643811255693
7.935;0.00597734283655882;7.935;0.00149083510041237
7.94;0.00597734283655882;7.94;-0.00347643811255693
7.945;-0.00398607086390257;7.945;0.00645810831338167
7.95;0.00597734283655882;7.95;0.00149083510041237
7.955;0.000995635986328125;7.955;0.00149083510041237
7.96;0.000995635986328125;7.96;0.00645810831338167
7.965;0.000995635986328125;7.965;0.00149083510041237
7.97;0.000995635986328125;7.97;0.00149083510041237
7.975;0.000995635986328125;7.975;-0.00347643811255693
7.98;0.000995635986328125;7.98;0.00149083510041237
7.985;0.00597734283655882;7.985;0.00149083510041237
7.99;0.00597734283655882;7.99;0.00149083510041237
7.995;0.000995635986328125;7.995;0.00149083510041237
8;0.00597734283655882;8;0.00149083510041237
8.005;0.00597734283655882;8.005;0.00149083510041237
8.01;-0.00398607086390257;8.01;-0.00347643811255693
8.015;0.000995635986328125;8.015;-0.00347643811255693
8.02;0.00597734283655882;8.02;-0.00347643811255693
8.025;0.00597734283655882;8.025;0.00149083510041237
8.03;0.000995635986328125;8.03;0.00149083510041237
8.035;0.000995635986328125;8.035;-0.00347643811255693
8.04;0.000995635986328125;8.04;0.00149083510041237
8.045;0.00597734283655882;8.045;0.00149083510041237
8.05;0.00597734283655882;8.05;0.00149083510041237
8.055;0.000995635986328125;8.055;0.00149083510041237
8.06;0.000995635986328125;8.06;-0.00347643811255693
8.065;0.000995635986328125;8.065;0.00149083510041237
8.07;0.000995635986328125;8.07;-0.00347643811255693
8.075;0.000995635986328125;8.075;0.00645810831338167
8.08;0.000995635986328125;8.08;0.00149083510041237
8.085;0.00597734283655882;8.085;0.00149083510041237
8.09;0.00597734283655882;8.09;-0.00347643811255693
8.095;0.000995635986328125;8.095;0.00149083510041237
8.1;0.00597734283655882;8.1;0.00149083510041237
8.105;0.00597734283655882;8.105;0.00645810831338167
8.11;0.000995635986328125;8.11;-0.00347643811255693
8.115;-0.00398607086390257;8.115;-0.00347643811255693
8.12;0.00597734283655882;8.12;-0.00347643811255693
8.125;0.000995635986328125;8.125;-0.00347643811255693
8.13;0.000995635986328125;8.13;-0.00347643811255693
8.135;0.000995635986328125;8.135;0.00149083510041237
8.14;0.000995635986328125;8.14;0.00149083510041237
8.145;0.000995635986328125;8.145;0.00149083510041237
8.15;0.000995635986328125;8.15;-0.00347643811255693
8.155;0.0159407565370202;8.155;0.00149083510041237
8.16;0.00597734283655882;8.16;-0.00347643811255693
8.165;0.00597734283655882;8.165;-0.00347643811255693
8.17;0.000995635986328125;8.17;0.00149083510041237
8.175;0.000995635986328125;8.175;0.00149083510041237
8.18;0.000995635986328125;8.18;-0.00347643811255693
8.185;0.000995635986328125;8.185;0.00149083510041237
8.19;0.000995635986328125;8.19;0.00149083510041237
8.195;0.0109590496867895;8.195;-0.00844371132552624
8.2;0.000995635986328125;8.2;0.00149083510041237
8.205;0.000995635986328125;8.205;0.00149083510041237
8.21;0.000995635986328125;8.21;-0.00347643811255693
8.215;-0.00398607086390257;8.215;0.00149083510041237
8.22;0.00597734283655882;8.22;-0.00347643811255693
8.225;0.000995635986328125;8.225;0.00149083510041237
8.23;-0.00398607086390257;8.23;-0.00347643811255693
8.235;-0.00398607086390257;8.235;0.00149083510041237
8.24;0.00597734283655882;8.24;0.00645810831338167
8.245;0.000995635986328125;8.245;-0.00347643811255693
8.25;0.00597734283655882;8.25;-0.00347643811255693
8.255;0.00597734283655882;8.255;-0.00347643811255693
8.26;0.000995635986328125;8.26;0.00149083510041237
8.265;0.00597734283655882;8.265;0.00645810831338167
8.27;0.00597734283655882;8.27;0.00645810831338167
8.275;0.00597734283655882;8.275;0.00149083510041237
8.28;0.000995635986328125;8.28;-0.00347643811255693
8.285;0.000995635986328125;8.285;0.00149083510041237
8.29;-0.00398607086390257;8.29;0.00149083510041237
8.295;0.000995635986328125;8.295;0.00149083510041237
8.3;0.000995635986328125;8.3;0.00149083510041237
8.305;0.000995635986328125;8.305;-0.00347643811255693
8.31;0.000995635986328125;8.31;0.00149083510041237
8.315;0.000995635986328125;8.315;0.00149083510041237
8.32;0.000995635986328125;8.32;0.00149083510041237
8.325;0.000995635986328125;8.325;0.00149083510041237
8.33;0.000995635986328125;8.33;0.00149083510041237
8.335;0.000995635986328125;8.335;-0.00347643811255693
8.34;0.000995635986328125;8.34;0.00149083510041237
8.345;0.000995635986328125;8.345;-0.00347643811255693
8.35;0.000995635986328125;8.35;-0.00347643811255693
8.355;0.000995635986328125;8.355;0.00149083510041237
8.36;-0.00398607086390257;8.36;-0.00347643811255693
8.365;0.00597734283655882;8.365;0.00149083510041237
8.37;0.000995635986328125;8.37;0.00645810831338167
8.375;0.00597734283655882;8.375;0.00149083510041237
8.38;0.000995635986328125;8.38;0.00149083510041237
8.385;0.000995635986328125;8.385;-0.00347643811255693
8.39;0.000995635986328125;8.39;-0.00347643811255693
8.395;0.000995635986328125;8.395;0.00149083510041237
8.4;0.0109590496867895;8.4;0.00149083510041237
8.405;0.000995635986328125;8.405;0.00149083510041237
8.41;0.000995635986328125;8.41;-0.00347643811255693
8.415;0.00597734283655882;8.415;-0.00347643811255693
8.42;0.000995635986328125;8.42;-0.00347643811255693
8.425;0.000995635986328125;8.425;-0.00347643811255693
8.43;0.0109590496867895;8.43;0.00149083510041237
8.435;0.000995635986328125;8.435;0.00149083510041237
8.44;0.000995635986328125;8.44;0.00149083510041237
8.445;0.000995635986328125;8.445;-0.00347643811255693
8.45;0.00597734283655882;8.45;0.00149083510041237
8.455;0.000995635986328125;8.455;0.00149083510041237
8.46;0.000995635986328125;8.46;-0.00347643811255693
8.465;0.000995635986328125;8.465;-0.00347643811255693
8.47;0.00597734283655882;8.47;0.00149083510041237
8.475;0.00597734283655882;8.475;0.00149083510041237
8.48;0.000995635986328125;8.48;-0.00347643811255693
8.485;0.0109590496867895;8.485;0.00149083510041237
8.49;0.000995635986328125;8.49;-0.00347643811255693
8.495;0.000995635986328125;8.495;0.00645810831338167
8.5;0.00597734283655882;8.5;0.00645810831338167
8.505;0.000995635986328125;8.505;-0.00347643811255693
8.51;0.000995635986328125;8.51;-0.00347643811255693
8.515;0.0109590496867895;8.515;0.00149083510041237
8.52;0.000995635986328125;8.52;-0.00347643811255693
8.525;0.000995635986328125;8.525;-0.00347643811255693
8.53;0.000995635986328125;8.53;-0.00347643811255693
8.535;0.00597734283655882;8.535;0.00149083510041237
8.54;0.00597734283655882;8.54;-0.00347643811255693
8.545;0.000995635986328125;8.545;-0.00347643811255693
8.55;0.000995635986328125;8.55;-0.00347643811255693
8.555;0.000995635986328125;8.555;0.00149083510041237
8.56;0.000995635986328125;8.56;0.00149083510041237
8.565;0.000995635986328125;8.565;0.00149083510041237
8.57;-0.013949484564364;8.57;-0.00347643811255693
8.575;0.000995635986328125;8.575;0.00149083510041237
8.58;0.00597734283655882;8.58;-0.00347643811255693
8.585;0.000995635986328125;8.585;0.00149083510041237
8.59;0.000995635986328125;8.59;-0.00347643811255693
8.595;0.000995635986328125;8.595;-0.00347643811255693
8.6;0.00597734283655882;8.6;0.00149083510041237
8.605;0.000995635986328125;8.605;0.00149083510041237
8.61;0.00597734283655882;8.61;0.00149083510041237
8.615;0.000995635986328125;8.615;-0.00347643811255693
8.62;0.000995635986328125;8.62;0.00149083510041237
8.625;0.000995635986328125;8.625;0.00149083510041237
8.63;0.000995635986328125;8.63;-0.00347643811255693
8.635;0.00597734283655882;8.635;0.00149083510041237
8.64;0.000995635986328125;8.64;0.00149083510041237
8.645;0.00597734283655882;8.645;-0.00347643811255693
8.65;0.000995635986328125;8.65;-0.00347643811255693
8.655;0.000995635986328125;8.655;0.00149083510041237
8.66;0.00597734283655882;8.66;0.00149083510041237
8.665;0.000995635986328125;8.665;-0.00347643811255693
8.67;0.000995635986328125;8.67;-0.00347643811255693
8.675;0.00597734283655882;8.675;0.00149083510041237
8.68;-0.00398607086390257;8.68;-0.00844371132552624
8.685;0.000995635986328125;8.685;0.00149083510041237
8.69;0.000995635986328125;8.69;0.00149083510041237
8.695;0.00597734283655882;8.695;0.00149083510041237
8.7;0.000995635986328125;8.7;0.00149083510041237
8.705;0.000995635986328125;8.705;0.00149083510041237
8.71;0.00597734283655882;8.71;-0.00347643811255693
8.715;0.000995635986328125;8.715;0.00149083510041237
8.72;0.000995635986328125;8.72;0.00149083510041237
8.725;0.000995635986328125;8.725;-0.00347643811255693
8.73;0.000995635986328125;8.73;-0.00347643811255693
8.735;0.000995635986328125;8.735;0.00149083510041237
8.74;0.00597734283655882;8.74;0.00149083510041237
8.745;0.00597734283655882;8.745;0.00149083510041237
8.75;0.00597734283655882;8.75;-0.00347643811255693
8.755;0.000995635986328125;8.755;-0.00347643811255693
8.76;0.000995635986328125;8.76;0.00149083510041237
8.765;0.00597734283655882;8.765;0.00149083510041237
8.77;0.00597734283655882;8.77;-0.00347643811255693
8.775;0.000995635986328125;8.775;0.00149083510041237
8.78;0.000995635986328125;8.78;0.00149083510041237
8.785;0.00597734283655882;8.785;-0.00347643811255693
8.79;0.000995635986328125;8.79;-0.00347643811255693
8.795;0.000995635986328125;8.795;0.00149083510041237
8.8;0.000995635986328125;8.8;0.00149083510041237
8.805;0.000995635986328125;8.805;0.00149083510041237
8.81;0.000995635986328125;8.81;-0.00347643811255693
8.815;0.0109590496867895;8.815;-0.00347643811255693
8.82;0.000995635986328125;8.82;0.00149083510041237
8.825;0.00597734283655882;8.825;0.00149083510041237
8.83;0.000995635986328125;8.83;0.00149083510041237
8.835;0.000995635986328125;8.835;-0.00347643811255693
8.84;0.000995635986328125;8.84;0.00149083510041237
8.845;0.000995635986328125;8.845;0.00149083510041237
8.85;0.000995635986328125;8.85;0.00149083510041237
8.855;0.000995635986328125;8.855;0.00149083510041237
8.86;0.000995635986328125;8.86;0.00149083510041237
8.865;0.000995635986328125;8.865;0.00149083510041237
8.87;0.000995635986328125;8.87;-0.00347643811255693
8.875;0.000995635986328125;8.875;0.00149083510041237
8.88;0.000995635986328125;8.88;0.00149083510041237
8.885;0.00597734283655882;8.885;-0.00347643811255693
8.89;0.000995635986328125;8.89;-0.00347643811255693
8.895;0.00597734283655882;8.895;-0.00347643811255693
8.9;0.000995635986328125;8.9;0.00149083510041237
8.905;-0.00398607086390257;8.905;0.00645810831338167
8.91;0.000995635986328125;8.91;-0.00347643811255693
8.915;0.00597734283655882;8.915;0.00149083510041237
8.92;0.00597734283655882;8.92;-0.00347643811255693
8.925;0.000995635986328125;8.925;-0.00347643811255693
8.93;0.000995635986328125;8.93;0.00149083510041237
8.935;0.00597734283655882;8.935;0.00149083510041237
8.94;0.00597734283655882;8.94;-0.00347643811255693
8.945;0.000995635986328125;8.945;-0.00347643811255693
8.95;0.00597734283655882;8.95;-0.00844371132552624
8.955;0.000995635986328125;8.955;0.00149083510041237
8.96;0.000995635986328125;8.96;0.00149083510041237
8.965;0.00597734283655882;8.965;0.00149083510041237
8.97;0.0109590496867895;8.97;0.00149083510041237
8.975;0.000995635986328125;8.975;0.00149083510041237
8.98;0.00597734283655882;8.98;0.00149083510041237
8.985;0.00597734283655882;8.985;-0.00347643811255693
8.99;0.000995635986328125;8.99;-0.00347643811255693
8.995;0.000995635986328125;8.995;0.00149083510041237
9;0.00597734283655882;9;-0.00347643811255693
9.005;0.00597734283655882;9.005;-0.00347643811255693
9.01;0.000995635986328125;9.01;0.00149083510041237
9.015;0.000995635986328125;9.015;0.00149083510041237
9.02;0.000995635986328125;9.02;0.00149083510041237
9.025;0.000995635986328125;9.025;-0.00347643811255693
9.03;0.000995635986328125;9.03;-0.00347643811255693
9.035;0.00597734283655882;9.035;-0.00347643811255693
9.04;-0.00896777771413326;9.04;0.00149083510041237
9.045;0.000995635986328125;9.045;0.00149083510041237
9.05;0.000995635986328125;9.05;-0.00347643811255693
9.055;0.000995635986328125;9.055;0.00149083510041237
9.06;0.000995635986328125;9.06;0.00149083510041237
9.065;0.00597734283655882;9.065;0.00149083510041237
9.07;0.000995635986328125;9.07;0.00149083510041237
9.075;0.00597734283655882;9.075;0.00149083510041237
9.08;0.00597734283655882;9.08;-0.00347643811255693
9.085;0.000995635986328125;9.085;0.00149083510041237
9.09;0.000995635986328125;9.09;-0.00347643811255693
9.095;0.000995635986328125;9.095;-0.00347643811255693
9.1;0.000995635986328125;9.1;0.00149083510041237
9.105;0.0109590496867895;9.105;0.00149083510041237
9.11;0.000995635986328125;9.11;0.00149083510041237
9.115;0.000995635986328125;9.115;-0.00347643811255693
9.12;0.00597734283655882;9.12;0.00149083510041237
9.125;0.00597734283655882;9.125;-0.00347643811255693
9.13;0.000995635986328125;9.13;-0.00347643811255693
9.135;0.000995635986328125;9.135;-0.00347643811255693
9.14;0.000995635986328125;9.14;-0.00347643811255693
9.145;0.000995635986328125;9.145;-0.00347643811255693
9.15;0.000995635986328125;9.15;0.00149083510041237
9.155;0.000995635986328125;9.155;0.00149083510041237
9.16;0.000995635986328125;9.16;0.00149083510041237
9.165;0.000995635986328125;9.165;0.00149083510041237
9.17;0.000995635986328125;9.17;-0.00347643811255693
9.175;0.000995635986328125;9.175;0.00149083510041237
9.18;0.000995635986328125;9.18;0.00149083510041237
9.185;0.000995635986328125;9.185;0.00149083510041237
9.19;0.000995635986328125;9.19;0.00149083510041237
9.195;0.00597734283655882;9.195;-0.0134109845384955
9.2;0.000995635986328125;9.2;0.00149083510041237
9.205;0.000995635986328125;9.205;0.00149083510041237
9.21;0.000995635986328125;9.21;0.00149083510041237
9.215;0.00597734283655882;9.215;0.00149083510041237
9.22;0.000995635986328125;9.22;-0.00347643811255693
9.225;0.00597734283655882;9.225;0.00149083510041237
9.23;0.000995635986328125;9.23;0.00149083510041237
9.235;0.000995635986328125;9.235;0.00645810831338167
9.24;0.00597734283655882;9.24;0.00149083510041237
9.245;0.00597734283655882;9.245;0.00149083510041237
9.25;0.00597734283655882;9.25;-0.00347643811255693
9.255;0.00597734283655882;9.255;-0.00347643811255693
9.26;0.00597734283655882;9.26;-0.00347643811255693
9.265;0.00597734283655882;9.265;0.00149083510041237
9.27;0.000995635986328125;9.27;0.00149083510041237
9.275;0.00597734283655882;9.275;0.00149083510041237
9.28;-0.00398607086390257;9.28;0.00149083510041237
9.285;0.000995635986328125;9.285;0.00149083510041237
9.29;0.000995635986328125;9.29;0.00149083510041237
9.295;0.000995635986328125;9.295;0.00149083510041237
9.3;0.00597734283655882;9.3;0.00149083510041237
9.305;0.000995635986328125;9.305;0.00149083510041237
9.31;0.000995635986328125;9.31;0.00149083510041237
9.315;0.000995635986328125;9.315;-0.00347643811255693
9.32;0.000995635986328125;9.32;0.00149083510041237
9.325;0.000995635986328125;9.325;0.00149083510041237
9.33;0.00597734283655882;9.33;-0.00347643811255693
9.335;0.00597734283655882;9.335;-0.0134109845384955
9.34;0.00597734283655882;9.34;0.00149083510041237
9.345;0.00597734283655882;9.345;-0.00347643811255693
9.35;0.00597734283655882;9.35;-0.00347643811255693
9.355;0.000995635986328125;9.355;0.00149083510041237
9.36;0.000995635986328125;9.36;0.00149083510041237
9.365;0.000995635986328125;9.365;0.00149083510041237
9.37;0.000995635986328125;9.37;-0.00347643811255693
9.375;0.000995635986328125;9.375;-0.00347643811255693
9.38;0.0159407565370202;9.38;-0.00347643811255693
9.385;0.00597734283655882;9.385;-0.00347643811255693
9.39;0.000995635986328125;9.39;-0.00347643811255693
9.395;0.00597734283655882;9.395;0.00149083510041237
9.4;0.000995635986328125;9.4;0.00149083510041237
9.405;0.000995635986328125;9.405;0.00149083510041237
9.41;0.00597734283655882;9.41;0.00149083510041237
9.415;0.00597734283655882;9.415;-0.00347643811255693
9.42;0.000995635986328125;9.42;0.00149083510041237
9.425;0.000995635986328125;9.425;0.00149083510041237
9.43;0.000995635986328125;9.43;0.00149083510041237
9.435;0.000995635986328125;9.435;0.00149083510041237
9.44;0.000995635986328125;9.44;0.00149083510041237
9.445;0.00597734283655882;9.445;-0.00844371132552624
9.45;0.000995635986328125;9.45;0.00149083510041237
9.455;0.00597734283655882;9.455;0.00149083510041237
9.46;0.000995635986328125;9.46;0.00149083510041237
9.465;0.000995635986328125;9.465;0.00149083510041237
9.47;0.000995635986328125;9.47;0.00149083510041237
9.475;0.000995635986328125;9.475;0.00149083510041237
9.48;0.00597734283655882;9.48;-0.00347643811255693
9.485;0.000995635986328125;9.485;-0.00347643811255693
9.49;0.00597734283655882;9.49;0.00149083510041237
9.495;0.0109590496867895;9.495;0.00149083510041237
9.5;0.00597734283655882;9.5;-0.00347643811255693
9.505;0.00597734283655882;9.505;-0.00347643811255693
9.51;0.000995635986328125;9.51;-0.00347643811255693
9.515;0.00597734283655882;9.515;0.00149083510041237
9.52;0.000995635986328125;9.52;0.00149083510041237
9.525;0.00597734283655882;9.525;-0.00347643811255693
9.53;0.000995635986328125;9.53;0.00149083510041237
9.535;0.00597734283655882;9.535;0.00149083510041237
9.54;0.00597734283655882;9.54;0.00149083510041237
9.545;0.000995635986328125;9.545;-0.00347643811255693
9.55;0.00597734283655882;9.55;0.00149083510041237
9.555;0.000995635986328125;9.555;0.00149083510041237
9.56;0.000995635986328125;9.56;0.00149083510041237
9.565;0.000995635986328125;9.565;0.00149083510041237
9.57;0.00597734283655882;9.57;0.00149083510041237
9.575;0.000995635986328125;9.575;-0.00347643811255693
9.58;0.000995635986328125;9.58;0.00149083510041237
9.585;0.00597734283655882;9.585;-0.00347643811255693
9.59;0.00597734283655882;9.59;0.00149083510041237
9.595;0.00597734283655882;9.595;-0.00347643811255693
9.6;0.000995635986328125;9.6;0.00149083510041237
9.605;0.000995635986328125;9.605;0.00149083510041237
9.61;0.0109590496867895;9.61;-0.00347643811255693
9.615;0.00597734283655882;9.615;-0.00347643811255693
9.62;0.000995635986328125;9.62;0.00149083510041237
9.625;0.00597734283655882;9.625;0.00149083510041237
9.63;0.000995635986328125;9.63;-0.00347643811255693
9.635;0.00597734283655882;9.635;-0.00347643811255693
9.64;0.000995635986328125;9.64;0.00149083510041237
9.645;-0.00398607086390257;9.645;-0.00844371132552624
9.65;0.000995635986328125;9.65;-0.00844371132552624
9.655;0.000995635986328125;9.655;0.00149083510041237
9.66;0.000995635986328125;9.66;0.00149083510041237
9.665;0.000995635986328125;9.665;-0.00347643811255693
9.67;0.000995635986328125;9.67;0.00149083510041237
9.675;0.000995635986328125;9.675;-0.00347643811255693
9.68;0.000995635986328125;9.68;0.00149083510041237
9.685;0.0109590496867895;9.685;0.00149083510041237
9.69;0.000995635986328125;9.69;0.00149083510041237
9.695;0.000995635986328125;9.695;-0.00347643811255693
9.7;0.00597734283655882;9.7;0.00149083510041237
9.705;0.000995635986328125;9.705;-0.00347643811255693
9.71;0.000995635986328125;9.71;0.00149083510041237
9.715;0.000995635986328125;9.715;0.00149083510041237
9.72;0.00597734283655882;9.72;-0.00844371132552624
9.725;0.000995635986328125;9.725;0.00149083510041237
9.73;-0.013949484564364;9.73;-0.00347643811255693
9.735;0.00597734283655882;9.735;0.00645810831338167
9.74;-0.00398607086390257;9.74;0.00149083510041237
9.745;0.00597734283655882;9.745;0.00149083510041237
9.75;-0.00398607086390257;9.75;0.00149083510041237
9.755;-0.00398607086390257;9.755;0.00149083510041237
9.76;0.000995635986328125;9.76;-0.00347643811255693
9.765;0.000995635986328125;9.765;-0.00347643811255693
9.77;0.000995635986328125;9.77;0.00149083510041237
9.775;0.000995635986328125;9.775;0.00149083510041237
9.78;0.000995635986328125;9.78;0.00149083510041237
9.785;0.00597734283655882;9.785;-0.00347643811255693
9.79;0.00597734283655882;9.79;-0.00347643811255693
9.795;0.000995635986328125;9.795;0.00149083510041237
9.8;0.00597734283655882;9.8;0.00149083510041237
9.805;0.000995635986328125;9.805;0.00149083510041237
9.81;0.00597734283655882;9.81;0.00149083510041237
9.815;0.000995635986328125;9.815;0.00149083510041237
9.82;0.000995635986328125;9.82;-0.00347643811255693
9.825;0.000995635986328125;9.825;-0.00347643811255693
9.83;0.000995635986328125;9.83;-0.00347643811255693
9.835;0.00597734283655882;9.835;0.00149083510041237
9.84;0.000995635986328125;9.84;-0.00347643811255693
9.845;0.000995635986328125;9.845;-0.00347643811255693
9.85;0.000995635986328125;9.85;0.00149083510041237
9.855;0.000995635986328125;9.855;0.00645810831338167
9.86;0.00597734283655882;9.86;-0.00347643811255693
9.865;0.000995635986328125;9.865;-0.00347643811255693
9.87;0.00597734283655882;9.87;-0.00347643811255693
9.875;0.000995635986328125;9.875;-0.00347643811255693
9.88;0.000995635986328125;9.88;0.00149083510041237
9.885;0.00597734283655882;9.885;-0.00347643811255693
9.89;0.000995635986328125;9.89;0.00149083510041237
9.895;0.000995635986328125;9.895;0.00149083510041237
9.9;0.000995635986328125;9.9;0.00149083510041237
9.905;0.000995635986328125;9.905;0.00149083510041237
9.91;0.000995635986328125;9.91;-0.00347643811255693
9.915;0.00597734283655882;9.915;0.00149083510041237
9.92;0.000995635986328125;9.92;-0.00347643811255693
9.925;0.000995635986328125;9.925;-0.00347643811255693
9.93;0.000995635986328125;9.93;0.00149083510041237
9.935;0.000995635986328125;9.935;0.00149083510041237
9.94;0.000995635986328125;9.94;0.00149083510041237
9.945;0.00597734283655882;9.945;-0.00347643811255693
9.95;0.000995635986328125;9.95;-0.00347643811255693
9.955;0.00597734283655882;9.955;-0.00347643811255693
9.96;0.00597734283655882;9.96;-0.00347643811255693
9.965;0.00597734283655882;9.965;-0.00347643811255693
9.97;0.00597734283655882;9.97;-0.00347643811255693
9.975;0.0109590496867895;9.975;0.00149083510041237
9.98;0.000995635986328125;9.98;-0.00347643811255693
9.985;-0.00398607086390257;9.985;-0.00347643811255693
9.99;0.00597734283655882;9.99;-0.00347643811255693
9.995;0.000995635986328125;9.995;-0.00347643811255693
