Temps;EA0;Temps;EA1
0;-0.0388580188155174;0;-2.94410218019038
0.01;-0.0438397256657481;0.01;-3.5401749657467
0.02;-0.0438397256657481;0.02;-3.42096040863544
0.03;-0.0388580188155174;0.03;-2.94906945340335
0.04;-0.0338763119652867;0.04;-3.10802219621837
0.05;-0.0388580188155174;0.05;-3.38618949614465
0.06;-0.0388580188155174;0.06;-3.14279310870916
0.07;-0.0338763119652867;0.07;-3.06331673730165
0.08;-0.0488214325159788;0.08;-3.5401749657467
0.09;-0.0388580188155174;0.09;-3.33651676401496
0.1;-0.0338763119652867;0.1;-2.78514943737537
0.11;-0.0388580188155174;0.11;-3.39612404257059
0.12;-0.0438397256657481;0.12;-3.4756004139781
0.13;-0.0388580188155174;0.13;-2.98880763910711
0.14;-0.0388580188155174;0.14;-3.09808764979243
0.15;-0.0438397256657481;0.15;-3.51533859968185
0.16;-0.0388580188155174;0.16;-3.22226948011667
0.17;-0.0338763119652867;0.17;-2.95900399982929
0.18;-0.0338763119652867;0.18;-3.55010951217264
0.19;-0.0388580188155174;0.19;-3.37625494971871
0.2;-0.0338763119652867;0.2;-2.88449490163475
0.21;-0.0438397256657481;0.21;-3.43586222827435
0.22;-0.0388580188155174;0.22;-3.44082950148731
0.23;-0.0338763119652867;0.23;-2.95403672661632
0.24;-0.0338763119652867;0.24;-3.07821855694056
0.25;-0.0438397256657481;0.25;-3.51533859968185
0.26;-0.0388580188155174;0.26;-3.22226948011667
0.27;-0.028894605115056;0.27;-2.65600033383816
0.28;-0.0388580188155174;0.28;-3.48056768719107
0.29;-0.0438397256657481;0.29;-3.34148403722793
0.3;-0.0338763119652867;0.3;-2.90436399448663
0.31;-0.0438397256657481;0.31;-3.49546950682998
0.32;-0.0388580188155174;0.32;-3.49050223361701
0.33;-0.0338763119652867;0.33;-3.1030549230054
0.34;-0.0338763119652867;0.34;-3.0384803712368
0.35;-0.0388580188155174;0.35;-3.56004405859858
0.36;-0.0388580188155174;0.36;-3.26697493903339
0.37;-0.0239128982648253;0.37;-2.66096760705113
0.38;-0.0338763119652867;0.38;-3.53520769253373
0.39;-0.0388580188155174;0.39;-3.45076404791325
0.4;-0.0338763119652867;0.4;-2.9093312676996
0.41;-0.0388580188155174;0.41;-3.32658221758902
0.42;-0.0438397256657481;0.42;-3.50540405325592
0.43;-0.0338763119652867;0.43;-3.1527276551351
0.44;-0.0388580188155174;0.44;-3.0384803712368
0.45;-0.0438397256657481;0.45;-3.53024041932076
0.46;-0.0388580188155174;0.46;-3.21233493369073
0.47;-0.0338763119652867;0.47;-2.75037852488458
0.48;-0.0438397256657481;0.48;-3.50043678004295
0.49;-0.0438397256657481;0.49;-3.46069859433919
0.5;-0.0338763119652867;0.5;-3.00867673195899
0.51;-0.0388580188155174;0.51;-3.06828401051462
0.52;-0.0438397256657481;0.52;-3.39115676935762
0.53;-0.0388580188155174;0.53;-3.19246584083885
0.54;-0.0388580188155174;0.54;-3.04841491766274
0.55;-0.0438397256657481;0.55;-3.52527314610779
0.56;-0.0438397256657481;0.56;-3.37625494971871
0.57;-0.0338763119652867;0.57;-2.89442944806069
0.58;-0.0438397256657481;0.58;-3.40109131578356
0.59;-0.0338763119652867;0.59;-3.49546950682998
0.6;-0.0388580188155174;0.6;-3.04344764444977
0.61;-0.028894605115056;0.61;-3.07325128372759
0.62;-0.0438397256657481;0.62;-3.52527314610779
0.63;-0.0388580188155174;0.63;-3.27194221224636
0.64;-0.0388580188155174;0.64;-2.86462580878288
0.65;-0.0438397256657481;0.65;-3.52527314610779
0.66;-0.0438397256657481;0.66;-3.44082950148731
0.67;-0.0388580188155174;0.67;-2.96893854625523
0.68;-0.0388580188155174;0.68;-3.15769492834806
0.69;-0.0438397256657481;0.69;-3.48553496040404
0.7;-0.0388580188155174;0.7;-3.06828401051462
0.71;-0.0338763119652867;0.71;-3.07821855694056
0.72;-0.0438397256657481;0.72;-3.53024041932076
0.73;-0.0438397256657481;0.73;-3.37625494971871
0.74;-0.0338763119652867;0.74;-2.82488762307912
0.75;-0.0438397256657481;0.75;-3.46069859433919
0.76;-0.0438397256657481;0.76;-3.47063314076513
0.77;-0.0388580188155174;0.77;-3.03351309802383
0.78;-0.0388580188155174;0.78;-3.08815310336649
0.79;-0.0438397256657481;0.79;-3.52030587289482
0.8;-0.0438397256657481;0.8;-3.25207311939448
0.81;-0.0338763119652867;0.81;-2.41260394640267
0.82;-0.0488214325159788;0.82;-3.57494587823749
0.83;-0.0438397256657481;0.83;-3.39115676935762
0.84;-0.0388580188155174;0.84;-2.94410218019038
0.85;-0.0388580188155174;0.85;-3.17756402119994
0.86;-0.0438397256657481;0.86;-3.50043678004295
0.87;-0.0388580188155174;0.87;-3.05338219087571
0.88;-0.0388580188155174;0.88;-3.11298946943134
0.89;-0.0438397256657481;0.89;-3.52030587289482
0.9;-0.0438397256657481;0.9;-3.32658221758902
0.91;-0.0338763119652867;0.91;-2.57155668921769
0.92;-0.0438397256657481;0.92;-3.51037132646888
0.93;-0.0388580188155174;0.93;-3.38122222293168
0.94;-0.0388580188155174;0.94;-3.0384803712368
0.95;-0.0388580188155174;0.95;-3.07325128372759
0.96;-0.0438397256657481;0.96;-3.52030587289482
0.97;-0.0388580188155174;0.97;-3.2173022069037
0.98;-0.0338763119652867;0.98;-2.7305094320327
0.99;-0.0438397256657481;0.99;-3.42096040863544
1;-0.0438397256657481;1;-3.41599313542247
1.01;-0.0388580188155174;1.01;-2.88946217484772
1.02;-0.0438397256657481;1.02;-3.36632040329278
1.03;-0.0488214325159788;1.03;-3.48056768719107
1.04;-0.0488214325159788;1.04;-3.06331673730165
1.05;-0.0438397256657481;1.05;-2.96397127304226
1.06;-0.0488214325159788;1.06;-3.5401749657467
1.07;-0.0438397256657481;1.07;-3.25207311939448
1.08;-0.0338763119652867;1.08;-2.67090215347707
1.09;-0.0438397256657481;1.09;-3.50540405325592
1.1;-0.0438397256657481;1.1;-3.43089495506138
1.11;-0.0388580188155174;1.11;-2.88449490163475
1.12;-0.0438397256657481;1.12;-3.14279310870916
1.13;-0.0488214325159788;1.13;-3.51533859968185
1.14;-0.0388580188155174;1.14;-3.18749856762588
1.15;-0.0438397256657481;1.15;-3.03351309802383
1.16;-0.0438397256657481;1.16;-3.51037132646888
1.17;-0.0438397256657481;1.17;-3.31664767116308
1.18;-0.0338763119652867;1.18;-2.88449490163475
1.19;-0.0488214325159788;1.19;-3.50043678004295
1.2;-0.0488214325159788;1.2;-3.48553496040404
1.21;-0.0438397256657481;1.21;-3.09312037657946
1.22;-0.0388580188155174;1.22;-3.04344764444977
1.23;-0.0488214325159788;1.23;-3.55010951217264
1.24;-0.0438397256657481;1.24;-3.28684403188527
1.25;-0.0338763119652867;1.25;-2.5367857767269
1.26;-0.0488214325159788;1.26;-3.51037132646888
1.27;-0.0488214325159788;1.27;-3.46566586755216
1.28;-0.0388580188155174;1.28;-2.98880763910711
1.29;-0.0438397256657481;1.29;-3.13285856228322
1.3;-0.0488214325159788;1.3;-3.52030587289482
1.31;-0.0438397256657481;1.31;-3.29181130509824
1.32;-0.0438397256657481;1.32;-2.7305094320327
1.33;-0.0488214325159788;1.33;-3.51037132646888
1.34;-0.0488214325159788;1.34;-3.38122222293168
1.35;-0.0438397256657481;1.35;-3.0384803712368
1.36;-0.0388580188155174;1.36;-3.07325128372759
1.37;-0.0488214325159788;1.37;-3.53520769253373
1.38;-0.0438397256657481;1.38;-3.25207311939448
1.39;-0.0388580188155174;1.39;-2.82985489629209
1.4;-0.0488214325159788;1.4;-3.43089495506138
1.41;-0.0488214325159788;1.41;-3.46069859433919
1.42;-0.0388580188155174;1.42;-2.94410218019038
1.43;-0.0488214325159788;1.43;-3.16266220156103
1.44;-0.0488214325159788;1.44;-3.53024041932076
1.45;-0.0488214325159788;1.45;-3.20240038726479
1.46;-0.0438397256657481;1.46;-2.95900399982929
1.47;-0.0488214325159788;1.47;-3.54514223895967
1.48;-0.0488214325159788;1.48;-3.40605858899653
1.49;-0.0438397256657481;1.49;-2.93416763376445
1.5;-0.0438397256657481;1.5;-3.27690948545933
1.51;-0.0488214325159788;1.51;-3.50043678004295
1.52;-0.0438397256657481;1.52;-3.02854582481086
1.53;-0.0438397256657481;1.53;-3.06331673730165
1.54;-0.0488214325159788;1.54;-3.52527314610779
1.55;-0.0488214325159788;1.55;-3.30671312473714
1.56;-0.0388580188155174;1.56;-2.63116396777332
1.57;-0.0538031393662095;1.57;-3.50043678004295
1.58;-0.0538031393662095;1.58;-3.40109131578356
1.59;-0.0438397256657481;1.59;-2.9739058194682
1.6;-0.0438397256657481;1.6;-3.10802219621837
1.61;-0.0488214325159788;1.61;-3.50043678004295
1.62;-0.0488214325159788;1.62;-3.22226948011667
1.63;-0.0488214325159788;1.63;-3.01861127838492
1.64;-0.0488214325159788;1.64;-3.51037132646888
1.65;-0.0488214325159788;1.65;-3.3464513104409
1.66;-0.0438397256657481;1.66;-2.85469126235694
1.67;-0.0538031393662095;1.67;-3.47063314076513
1.68;-0.0538031393662095;1.68;-3.45076404791325
1.69;-0.0488214325159788;1.69;-2.96893854625523
1.7;-0.0438397256657481;1.7;-3.07821855694056
1.71;-0.0538031393662095;1.71;-3.48553496040404
1.72;-0.0438397256657481;1.72;-3.16266220156103
1.73;-0.0438397256657481;1.73;-3.01861127838492
1.74;-0.0488214325159788;1.74;-3.50540405325592
1.75;-0.0538031393662095;1.75;-3.30671312473714
1.76;-0.0388580188155174;1.76;-2.844756715931
1.77;-0.0488214325159788;1.77;-3.48553496040404
1.78;-0.0488214325159788;1.78;-3.43586222827435
1.79;-0.0438397256657481;1.79;-2.99874218553305
1.8;-0.0438397256657481;1.8;-3.04841491766274
1.81;-0.0538031393662095;1.81;-3.46566586755216
1.82;-0.0488214325159788;1.82;-3.19246584083885
1.83;-0.0488214325159788;1.83;-3.01861127838492
1.84;-0.0538031393662095;1.84;-3.52030587289482
1.85;-0.0488214325159788;1.85;-3.34148403722793
1.86;-0.0438397256657481;1.86;-2.7801821641624
1.87;-0.0538031393662095;1.87;-3.47063314076513
1.88;-0.0538031393662095;1.88;-3.45076404791325
1.89;-0.0538031393662095;1.89;-3.00370945874602
1.9;-0.0488214325159788;1.9;-3.13285856228322
1.91;-0.0538031393662095;1.91;-3.49050223361701
1.92;-0.0488214325159788;1.92;-3.17756402119994
1.93;-0.0488214325159788;1.93;-2.96397127304226
1.94;-0.0538031393662095;1.94;-3.51037132646888
1.95;-0.0538031393662095;1.95;-3.3464513104409
1.96;-0.0438397256657481;1.96;-2.82985489629209
1.97;-0.0538031393662095;1.97;-3.48553496040404
1.98;-0.0538031393662095;1.98;-3.43586222827435
1.99;-0.0488214325159788;1.99;-2.96397127304226
2;-0.0488214325159788;2;-3.08815310336649
2.01;-0.0587848462164402;2.01;-3.51037132646888
2.02;-0.0488214325159788;2.02;-3.21233493369073
2.03;-0.0388580188155174;2.03;-2.82488762307912
2.04;-0.0538031393662095;2.04;-3.50043678004295
2.05;-0.0538031393662095;2.05;-3.34148403722793
2.06;-0.0488214325159788;2.06;-2.90436399448663
2.07;-0.0538031393662095;2.07;-3.44082950148731
2.08;-0.0587848462164402;2.08;-3.48553496040404
2.09;-0.0488214325159788;2.09;-3.07325128372759
2.1;-0.0488214325159788;2.1;-3.06828401051462
2.11;-0.0538031393662095;2.11;-3.50540405325592
2.12;-0.0488214325159788;2.12;-3.24213857296854
2.13;-0.0438397256657481;2.13;-2.7801821641624
2.14;-0.0587848462164402;2.14;-3.51533859968185
2.15;-0.0587848462164402;2.15;-3.41599313542247
2.16;-0.0488214325159788;2.16;-2.96893854625523
2.17;-0.0538031393662095;2.17;-3.18253129441291
2.18;-0.0587848462164402;2.18;-3.4756004139781
2.19;-0.0488214325159788;2.19;-3.1527276551351
2.2;-0.0488214325159788;2.2;-3.00867673195899
2.21;-0.0538031393662095;2.21;-3.52030587289482
2.22;-0.0538031393662095;2.22;-3.32161494437605
2.23;-0.0488214325159788;2.23;-2.87456035520881
2.24;-0.0587848462164402;2.24;-3.49546950682998
2.25;-0.0587848462164402;2.25;-3.4756004139781
2.26;-0.0488214325159788;2.26;-3.07821855694056
2.27;-0.0488214325159788;2.27;-3.05338219087571
2.28;-0.0587848462164402;2.28;-3.46566586755216
2.29;-0.0538031393662095;2.29;-3.28684403188527
2.3;-0.0388580188155174;2.3;-2.48214577138424
2.31;-0.0587848462164402;2.31;-3.51533859968185
2.32;-0.0637665530666709;2.32;-3.43586222827435
2.33;-0.0488214325159788;2.33;-2.96893854625523
2.34;-0.0488214325159788;2.34;-3.02854582481086
2.35;-0.0587848462164402;2.35;-3.51037132646888
2.36;-0.0538031393662095;2.36;-3.11795674264431
2.37;-0.0488214325159788;2.37;-3.03351309802383
2.38;-0.0587848462164402;2.38;-3.52527314610779
2.39;-0.0538031393662095;2.39;-3.33651676401496
2.4;-0.0488214325159788;2.4;-2.79508398380131
2.41;-0.0587848462164402;2.41;-3.50043678004295
2.42;-0.0587848462164402;2.42;-3.46069859433919
2.43;-0.0538031393662095;2.43;-3.04841491766274
2.44;-0.0538031393662095;2.44;-3.12292401585728
2.45;-0.0587848462164402;2.45;-3.53024041932076
2.46;-0.0587848462164402;2.46;-3.18749856762588
2.47;-0.0488214325159788;2.47;-2.84972398914397
2.48;-0.0637665530666709;2.48;-3.52030587289482
2.49;-0.0587848462164402;2.49;-3.4110258622095
2.5;-0.0587848462164402;2.5;-2.91926581412554
2.51;-0.0538031393662095;2.51;-3.20240038726479
2.52;-0.0587848462164402;2.52;-3.48553496040404
2.53;-0.0538031393662095;2.53;-3.08318583015352
2.54;-0.0587848462164402;2.54;-3.04344764444977
2.55;-0.0637665530666709;2.55;-3.50540405325592
2.56;-0.0538031393662095;2.56;-3.28684403188527
2.57;-0.0438397256657481;2.57;-2.64109851419926
2.58;-0.0637665530666709;2.58;-3.52527314610779
2.59;-0.0587848462164402;2.59;-3.40605858899653
2.6;-0.0538031393662095;2.6;-2.95403672661632
2.61;-0.0538031393662095;2.61;-3.06331673730165
2.62;-0.0637665530666709;2.62;-3.48056768719107
2.63;-0.0587848462164402;2.63;-3.08318583015352
2.64;-0.0538031393662095;2.64;-3.06331673730165
2.65;-0.0637665530666709;2.65;-3.50540405325592
2.66;-0.0587848462164402;2.66;-3.31664767116308
2.67;-0.0488214325159788;2.67;-2.62122942134738
2.68;-0.0637665530666709;2.68;-3.50540405325592
2.69;-0.0637665530666709;2.69;-3.38618949614465
2.7;-0.0538031393662095;2.7;-3.00867673195899
2.71;-0.0538031393662095;2.71;-3.06331673730165
2.72;-0.0687482599169016;2.72;-3.50043678004295
2.73;-0.0538031393662095;2.73;-3.2173022069037
2.74;-0.0538031393662095;2.74;-2.62619669456035
2.75;-0.0637665530666709;2.75;-3.45076404791325
2.76;-0.0637665530666709;2.76;-3.38122222293168
2.77;-0.0538031393662095;2.77;-2.87952762842178
2.78;-0.0637665530666709;2.78;-3.35141858365387
2.79;-0.0637665530666709;2.79;-3.47063314076513
2.8;-0.0587848462164402;2.8;-3.06331673730165
2.81;-0.0587848462164402;2.81;-2.9739058194682
2.82;-0.0687482599169016;2.82;-3.52030587289482
2.83;-0.0587848462164402;2.83;-3.25207311939448
2.84;-0.0488214325159788;2.84;-2.65600033383816
2.85;-0.0637665530666709;2.85;-3.51037132646888
2.86;-0.0637665530666709;2.86;-3.43089495506138
2.87;-0.0538031393662095;2.87;-2.86959308199584
2.88;-0.0587848462164402;2.88;-3.12292401585728
2.89;-0.0687482599169016;2.89;-3.49546950682998
2.9;-0.0587848462164402;2.9;-3.15769492834806
2.91;-0.0587848462164402;2.91;-3.04344764444977
2.92;-0.0687482599169016;2.92;-3.51533859968185
2.93;-0.0637665530666709;2.93;-3.26200766582042
2.94;-0.0538031393662095;2.94;-2.82985489629209
2.95;-0.0687482599169016;2.95;-3.49050223361701
2.96;-0.0687482599169016;2.96;-3.4110258622095
2.97;-0.0587848462164402;2.97;-3.03351309802383
2.98;-0.0587848462164402;2.98;-3.06331673730165
2.99;-0.0687482599169016;2.99;-3.45076404791325
3;-0.0637665530666709;3;-3.14776038192213
3.01;-0.0587848462164402;3.01;-3.03351309802383
3.02;-0.0687482599169016;3.02;-3.50043678004295
3.03;-0.0687482599169016;3.03;-3.3464513104409
3.04;-0.0587848462164402;3.04;-2.86462580878288
3.05;-0.0737299667671323;3.05;-3.48056768719107
3.06;-0.0687482599169016;3.06;-3.43089495506138
3.07;-0.0637665530666709;3.07;-3.04344764444977
3.08;-0.0587848462164402;3.08;-3.07325128372759
3.09;-0.0737299667671323;3.09;-3.49546950682998
3.1;-0.0687482599169016;3.1;-3.167629474774
3.11;-0.0637665530666709;3.11;-3.02357855159789
3.12;-0.0687482599169016;3.12;-3.51533859968185
3.13;-0.0687482599169016;3.13;-3.36135313007981
3.14;-0.0637665530666709;3.14;-2.86462580878288
3.15;-0.0737299667671323;3.15;-3.46069859433919
3.16;-0.0737299667671323;3.16;-3.41599313542247
3.17;-0.0637665530666709;3.17;-3.04841491766274
3.18;-0.0687482599169016;3.18;-3.06331673730165
3.19;-0.0687482599169016;3.19;-3.50540405325592
3.2;-0.0687482599169016;3.2;-3.26200766582042
3.21;-0.0587848462164402;3.21;-2.63116396777332
3.22;-0.0737299667671323;3.22;-3.44579677470028
3.23;-0.0737299667671323;3.23;-3.37625494971871
3.24;-0.0587848462164402;3.24;-2.87952762842178
3.25;-0.0687482599169016;3.25;-3.30174585152417
3.26;-0.0737299667671323;3.26;-3.46069859433919
3.27;-0.0687482599169016;3.27;-3.0384803712368
3.28;-0.0637665530666709;3.28;-2.99874218553305
3.29;-0.0737299667671323;3.29;-3.47063314076513
3.3;-0.0737299667671323;3.3;-3.15769492834806
3.31;-0.0587848462164402;3.31;-2.61129487492144
3.32;-0.078711673617363;3.32;-3.48553496040404
3.33;-0.0737299667671323;3.33;-3.34148403722793
3.34;-0.0587848462164402;3.34;-2.79011671058834
3.35;-0.078711673617363;3.35;-3.47063314076513
3.36;-0.078711673617363;3.36;-3.45573132112622
3.37;-0.0687482599169016;3.37;-3.00867673195899
3.38;-0.0737299667671323;3.38;-3.12292401585728
3.39;-0.078711673617363;3.39;-3.50043678004295
3.4;-0.0737299667671323;3.4;-3.11795674264431
3.41;-0.0687482599169016;3.41;-3.01861127838492
3.42;-0.0836933804675937;3.42;-3.48553496040404
3.43;-0.078711673617363;3.43;-3.30671312473714
3.44;-0.0637665530666709;3.44;-2.75534579809755
3.45;-0.078711673617363;3.45;-3.45573132112622
3.46;-0.078711673617363;3.46;-3.38122222293168
3.47;-0.0687482599169016;3.47;-2.93913490697742
3.48;-0.0737299667671323;3.48;-3.04344764444977
3.49;-0.078711673617363;3.49;-3.46069859433919
3.5;-0.0737299667671323;3.5;-3.08815310336649
3.51;-0.0737299667671323;3.51;-2.99874218553305
3.52;-0.0836933804675937;3.52;-3.49050223361701
3.53;-0.0836933804675937;3.53;-3.25207311939448
3.54;-0.0637665530666709;3.54;-2.54175304993987
3.55;-0.0836933804675937;3.55;-3.4756004139781
3.56;-0.0836933804675937;3.56;-3.39115676935762
3.57;-0.0687482599169016;3.57;-2.87456035520881
3.58;-0.078711673617363;3.58;-3.22226948011667
3.59;-0.0836933804675937;3.59;-3.44579677470028
3.6;-0.078711673617363;3.6;-3.08318583015352
3.61;-0.078711673617363;3.61;-3.02357855159789
3.62;-0.0936567941680551;3.62;-3.46566586755216
3.63;-0.0886750873178244;3.63;-3.14776038192213
3.64;-0.078711673617363;3.64;-2.99377491232008
3.65;-0.0886750873178244;3.65;-3.4756004139781
3.66;-0.0836933804675937;3.66;-3.32658221758902
3.67;-0.0687482599169016;3.67;-2.68580397311598
3.68;-0.0886750873178244;3.68;-3.46566586755216
3.69;-0.0836933804675937;3.69;-3.36632040329278
3.7;-0.0737299667671323;3.7;-2.95900399982929
3.71;-0.0737299667671323;3.71;-3.06331673730165
3.72;-0.0936567941680551;3.72;-3.49050223361701
3.73;-0.0836933804675937;3.73;-3.09312037657946
3.74;-0.078711673617363;3.74;-3.01364400517195
3.75;-0.0886750873178244;3.75;-3.42096040863544
3.76;-0.0836933804675937;3.76;-3.23717129975557
3.77;-0.0687482599169016;3.77;-2.68580397311598
3.78;-0.0936567941680551;3.78;-3.4756004139781
3.79;-0.0886750873178244;3.79;-3.32161494437605
3.8;-0.0737299667671323;3.8;-2.85469126235694
3.81;-0.0886750873178244;3.81;-3.38122222293168
3.82;-0.0936567941680551;3.82;-3.45076404791325
3.83;-0.0936567941680551;3.83;-2.97887309268117
3.84;-0.0836933804675937;3.84;-3.0384803712368
3.85;-0.0936567941680551;3.85;-3.48056768719107
3.86;-0.0836933804675937;3.86;-3.18253129441291
3.87;-0.078711673617363;3.87;-2.93913490697742
3.88;-0.0936567941680551;3.88;-3.50043678004295
3.89;-0.0886750873178244;3.89;-3.28684403188527
3.9;-0.0687482599169016;3.9;-2.55665486957878
3.91;-0.0936567941680551;3.91;-3.4756004139781
3.92;-0.0936567941680551;3.92;-3.42096040863544
3.93;-0.0836933804675937;3.93;-2.85965853556991
3.94;-0.0836933804675937;3.94;-3.14776038192213
3.95;-0.0986385010182858;3.95;-3.44082950148731
3.96;-0.0836933804675937;3.96;-3.08318583015352
3.97;-0.0886750873178244;3.97;-3.02854582481086
3.98;-0.0986385010182858;3.98;-3.48553496040404
3.99;-0.0886750873178244;3.99;-3.11795674264431
4;-0.0836933804675937;4;-2.89939672127366
4.01;-0.0986385010182858;4.01;-3.4756004139781
4.02;-0.0936567941680551;4.02;-3.33154949080199
4.03;-0.078711673617363;4.03;-2.82985489629209
4.04;-0.0986385010182858;4.04;-3.45573132112622
4.05;-0.0986385010182858;4.05;-3.36135313007981
4.06;-0.0886750873178244;4.06;-2.92920036055148
4.07;-0.0886750873178244;4.07;-3.04841491766274
4.08;-0.0986385010182858;4.08;-3.46069859433919
4.09;-0.0886750873178244;4.09;-3.10802219621837
4.1;-0.0836933804675937;4.1;-2.98384036589414
4.11;-0.0986385010182858;4.11;-3.45573132112622
4.12;-0.0886750873178244;4.12;-3.20736766047776
4.13;-0.0737299667671323;4.13;-2.69077124632895
4.14;-0.0986385010182858;4.14;-3.45573132112622
4.15;-0.0986385010182858;4.15;-3.33154949080199
4.16;-0.0836933804675937;4.16;-2.82985489629209
4.17;-0.103620207868516;4.17;-3.46566586755216
4.18;-0.0986385010182858;4.18;-3.39612404257059
4.19;-0.0936567941680551;4.19;-2.95403672661632
4.2;-0.0886750873178244;4.2;-3.02854582481086
4.21;-0.103620207868516;4.21;-3.44579677470028
4.22;-0.0936567941680551;4.22;-3.05338219087571
4.23;-0.0886750873178244;4.23;-3.0384803712368
4.24;-0.103620207868516;4.24;-3.45076404791325
4.25;-0.0986385010182858;4.25;-3.21233493369073
4.26;-0.0886750873178244;4.26;-2.83978944271803
4.27;-0.103620207868516;4.27;-3.45076404791325
4.28;-0.0986385010182858;4.28;-3.27194221224636
4.29;-0.0836933804675937;4.29;-2.79508398380131
4.3;-0.103620207868516;4.3;-3.47063314076513
4.31;-0.103620207868516;4.31;-3.41599313542247
4.32;-0.0886750873178244;4.32;-2.92920036055148
4.33;-0.0886750873178244;4.33;-3.08318583015352
4.34;-0.103620207868516;4.34;-3.36135313007981
4.35;-0.0886750873178244;4.35;-3.01364400517195
4.36;-0.0936567941680551;4.36;-3.00370945874602
4.37;-0.108601914718747;4.37;-3.45076404791325
4.38;-0.0986385010182858;4.38;-3.1527276551351
4.39;-0.0936567941680551;4.39;-2.99874218553305
4.4;-0.103620207868516;4.4;-3.43089495506138
4.41;-0.0986385010182858;4.41;-3.25207311939448
4.42;-0.0737299667671323;4.42;-2.44737485889345
4.43;-0.108601914718747;4.43;-3.45573132112622
4.44;-0.103620207868516;4.44;-3.35638585686684
4.45;-0.0886750873178244;4.45;-2.85965853556991
4.46;-0.103620207868516;4.46;-3.31664767116308
4.47;-0.108601914718747;4.47;-3.41599313542247
4.48;-0.0936567941680551;4.48;-2.96397127304226
4.49;-0.0986385010182858;4.49;-3.05338219087571
4.5;-0.108601914718747;4.5;-3.44082950148731
4.51;-0.0936567941680551;4.51;-3.09312037657946
4.52;-0.0936567941680551;4.52;-2.91926581412554
4.53;-0.108601914718747;4.53;-3.43089495506138
4.54;-0.0986385010182858;4.54;-3.15769492834806
4.55;-0.0737299667671323;4.55;-2.38280030712485
4.56;-0.108601914718747;4.56;-3.45076404791325
4.57;-0.103620207868516;4.57;-3.29181130509824
4.58;-0.0836933804675937;4.58;-2.61129487492144
4.59;-0.113583621568978;4.59;-3.4756004139781
4.6;-0.108601914718747;4.6;-3.37128767650574
4.61;-0.0936567941680551;4.61;-2.88449490163475
4.62;-0.103620207868516;4.62;-3.22723675332963
4.63;-0.113583621568978;4.63;-3.40109131578356
4.64;-0.0936567941680551;4.64;-2.89939672127366
4.65;-0.103620207868516;4.65;-3.02357855159789
4.66;-0.118565328419209;4.66;-3.43089495506138
4.67;-0.103620207868516;4.67;-3.07325128372759
4.68;-0.0986385010182858;4.68;-2.98384036589414
4.69;-0.118565328419209;4.69;-3.44579677470028
4.7;-0.108601914718747;4.7;-3.09808764979243
4.71;-0.103620207868516;4.71;-2.95403672661632
4.72;-0.118565328419209;4.72;-3.45573132112622
4.73;-0.113583621568978;4.73;-3.27690948545933
4.74;-0.0886750873178244;4.74;-2.61129487492144
4.75;-0.118565328419209;4.75;-3.44082950148731
4.76;-0.113583621568978;4.76;-3.30174585152417
4.77;-0.0936567941680551;4.77;-2.82985489629209
4.78;-0.118565328419209;4.78;-3.44082950148731
4.79;-0.123547035269439;4.79;-3.37625494971871
4.8;-0.108601914718747;4.8;-2.96893854625523
4.81;-0.108601914718747;4.81;-3.03351309802383
4.82;-0.12852874211967;4.82;-3.41599313542247
4.83;-0.108601914718747;4.83;-3.04841491766274
4.84;-0.113583621568978;4.84;-2.9739058194682
4.85;-0.123547035269439;4.85;-3.43586222827435
4.86;-0.113583621568978;4.86;-3.19743311405182
4.87;-0.0986385010182858;4.87;-2.60632760170847
4.88;-0.12852874211967;4.88;-3.42592768184841
4.89;-0.118565328419209;4.89;-3.2322040265426
4.9;-0.0886750873178244;4.9;-2.42750576604158
4.91;-0.12852874211967;4.91;-3.43586222827435
4.92;-0.123547035269439;4.92;-3.33154949080199
4.93;-0.103620207868516;4.93;-2.84972398914397
4.94;-0.12852874211967;4.94;-3.44082950148731
4.95;-0.12852874211967;4.95;-3.36632040329278
4.96;-0.113583621568978;4.96;-2.92920036055148
4.97;-0.118565328419209;4.97;-3.02357855159789
4.98;-0.12852874211967;4.98;-3.40109131578356
4.99;-0.103620207868516;4.99;-2.98384036589414
5;-0.113583621568978;5;-3.05338219087571
5.01;-0.12852874211967;5.01;-3.41599313542247
5.02;-0.118565328419209;5.02;-3.07325128372759
5.03;-0.113583621568978;5.03;-2.96893854625523
5.04;-0.133510448969901;5.04;-3.41599313542247
5.05;-0.123547035269439;5.05;-3.1527276551351
5.06;-0.108601914718747;5.06;-2.80998580344021
5.07;-0.133510448969901;5.07;-3.40605858899653
5.08;-0.123547035269439;5.08;-3.25704039260745
5.09;-0.0986385010182858;5.09;-2.57652396243066
5.1;-0.133510448969901;5.1;-3.41599313542247
5.11;-0.12852874211967;5.11;-3.25704039260745
5.12;-0.113583621568978;5.12;-2.7801821641624
5.13;-0.138492155820131;5.13;-3.42592768184841
5.14;-0.138492155820131;5.14;-3.36135313007981
5.15;-0.113583621568978;5.15;-2.86959308199584
5.16;-0.12852874211967;5.16;-3.2173022069037
5.17;-0.138492155820131;5.17;-3.32161494437605
5.18;-0.118565328419209;5.18;-2.92423308733851
5.19;-0.118565328419209;5.19;-2.98384036589414
5.2;-0.143473862670362;5.2;-3.39612404257059
5.21;-0.123547035269439;5.21;-2.97887309268117
5.22;-0.12852874211967;5.22;-3.00867673195899
5.23;-0.143473862670362;5.23;-3.36632040329278
5.24;-0.12852874211967;5.24;-3.0384803712368
5.25;-0.12852874211967;5.25;-2.97887309268117
5.26;-0.148455569520593;5.26;-3.41599313542247
5.27;-0.138492155820131;5.27;-3.09312037657946
5.28;-0.12852874211967;5.28;-2.97887309268117
5.29;-0.153437276370823;5.29;-3.34148403722793
5.3;-0.138492155820131;5.3;-3.14776038192213
5.31;-0.12852874211967;5.31;-2.89442944806069
5.32;-0.153437276370823;5.32;-3.40605858899653
5.33;-0.148455569520593;5.33;-3.22723675332963
5.34;-0.113583621568978;5.34;-2.48214577138424
5.35;-0.153437276370823;5.35;-3.33651676401496
5.36;-0.153437276370823;5.36;-3.22723675332963
5.37;-0.118565328419209;5.37;-2.62122942134738
5.38;-0.158418983221054;5.38;-3.42096040863544
5.39;-0.158418983221054;5.39;-3.2967785783112
5.4;-0.12852874211967;5.4;-2.76528034452349
5.41;-0.163400690071285;5.41;-3.30671312473714
5.42;-0.163400690071285;5.42;-3.32658221758902
5.43;-0.133510448969901;5.43;-2.79011671058834
5.44;-0.158418983221054;5.44;-3.37128767650574
5.45;-0.163400690071285;5.45;-3.34148403722793
5.46;-0.138492155820131;5.46;-2.86462580878288
5.47;-0.153437276370823;5.47;-3.06828401051462
5.48;-0.168382396921515;5.48;-3.34148403722793
5.49;-0.138492155820131;5.49;-2.86462580878288
5.5;-0.148455569520593;5.5;-3.00370945874602
5.51;-0.168382396921515;5.51;-3.37128767650574
5.52;-0.143473862670362;5.52;-2.92920036055148
5.53;-0.143473862670362;5.53;-2.92423308733851
5.54;-0.168382396921515;5.54;-3.40605858899653
5.55;-0.143473862670362;5.55;-2.95900399982929
5.56;-0.148455569520593;5.56;-2.97887309268117
5.57;-0.168382396921515;5.57;-3.40605858899653
5.58;-0.138492155820131;5.58;-3.04841491766274
5.59;-0.143473862670362;5.59;-2.91926581412554
5.6;-0.168382396921515;5.6;-3.37625494971871
5.61;-0.148455569520593;5.61;-3.06331673730165
5.62;-0.143473862670362;5.62;-2.92423308733851
5.63;-0.168382396921515;5.63;-3.39612404257059
5.64;-0.158418983221054;5.64;-3.10802219621837
5.65;-0.143473862670362;5.65;-2.89939672127366
5.66;-0.168382396921515;5.66;-3.38122222293168
5.67;-0.153437276370823;5.67;-3.16266220156103
5.68;-0.133510448969901;5.68;-2.71064033918083
5.69;-0.168382396921515;5.69;-3.39115676935762
5.7;-0.158418983221054;5.7;-3.19743311405182
5.71;-0.118565328419209;5.71;-2.53181850351393
5.72;-0.163400690071285;5.72;-3.38618949614465
5.73;-0.163400690071285;5.73;-3.25704039260745
5.74;-0.12852874211967;5.74;-2.65600033383816
5.75;-0.168382396921515;5.75;-3.37625494971871
5.76;-0.163400690071285;5.76;-3.28684403188527
5.77;-0.133510448969901;5.77;-2.73547670524567
5.78;-0.168382396921515;5.78;-3.38618949614465
5.79;-0.163400690071285;5.79;-3.2967785783112
5.8;-0.138492155820131;5.8;-2.80998580344021
5.81;-0.163400690071285;5.81;-3.35141858365387
5.82;-0.168382396921515;5.82;-3.32161494437605
5.83;-0.138492155820131;5.83;-2.7801821641624
5.84;-0.163400690071285;5.84;-3.24710584618151
5.85;-0.168382396921515;5.85;-3.33651676401496
5.86;-0.143473862670362;5.86;-2.85469126235694
5.87;-0.153437276370823;5.87;-3.16266220156103
5.88;-0.163400690071285;5.88;-3.35141858365387
5.89;-0.143473862670362;5.89;-2.86462580878288
5.9;-0.143473862670362;5.9;-3.00867673195899
5.91;-0.168382396921515;5.91;-3.36632040329278
5.92;-0.148455569520593;5.92;-2.92920036055148
5.93;-0.153437276370823;5.93;-3.02854582481086
5.94;-0.168382396921515;5.94;-3.35638585686684
5.95;-0.143473862670362;5.95;-2.93416763376445
5.96;-0.143473862670362;5.96;-2.97887309268117
5.97;-0.153437276370823;5.97;-3.39612404257059
5.98;-0.148455569520593;5.98;-2.97887309268117
5.99;-0.148455569520593;5.99;-2.98880763910711
6;-0.168382396921515;6;-3.37128767650574
6.01;-0.148455569520593;6.01;-3.00867673195899
6.02;-0.148455569520593;6.02;-2.96893854625523
6.03;-0.168382396921515;6.03;-3.38618949614465
6.04;-0.153437276370823;6.04;-3.06828401051462
6.05;-0.148455569520593;6.05;-2.94410218019038
6.06;-0.168382396921515;6.06;-3.38618949614465
6.07;-0.153437276370823;6.07;-3.07325128372759
6.08;-0.143473862670362;6.08;-2.94906945340335
6.09;-0.168382396921515;6.09;-3.40605858899653
6.1;-0.153437276370823;6.1;-3.13782583549619
6.11;-0.133510448969901;6.11;-2.68580397311598
6.12;-0.168382396921515;6.12;-3.39612404257059
6.13;-0.153437276370823;6.13;-3.13285856228322
6.14;-0.12852874211967;6.14;-2.57155668921769
6.15;-0.168382396921515;6.15;-3.39612404257059
6.16;-0.158418983221054;6.16;-3.19246584083885
6.17;-0.12852874211967;6.17;-2.62619669456035
6.18;-0.168382396921515;6.18;-3.36632040329278
6.19;-0.153437276370823;6.19;-3.18253129441291
6.2;-0.123547035269439;6.2;-2.53181850351393
6.21;-0.168382396921515;6.21;-3.38618949614465
6.22;-0.163400690071285;6.22;-3.21233493369073
6.23;-0.12852874211967;6.23;-2.60632760170847
6.24;-0.168382396921515;6.24;-3.39115676935762
6.25;-0.158418983221054;6.25;-3.24710584618151
6.26;-0.133510448969901;6.26;-2.74044397845864
6.27;-0.168382396921515;6.27;-3.36632040329278
6.28;-0.163400690071285;6.28;-3.30671312473714
6.29;-0.138492155820131;6.29;-2.82488762307912
6.3;-0.168382396921515;6.3;-3.30671312473714
6.31;-0.163400690071285;6.31;-3.31664767116308
6.32;-0.143473862670362;6.32;-2.844756715931
6.33;-0.158418983221054;6.33;-3.1030549230054
6.34;-0.168382396921515;6.34;-3.33651676401496
6.35;-0.143473862670362;6.35;-2.90436399448663
6.36;-0.153437276370823;6.36;-2.99377491232008
6.37;-0.173364103771746;6.37;-3.33154949080199
6.38;-0.148455569520593;6.38;-2.89442944806069
6.39;-0.153437276370823;6.39;-2.99377491232008
6.4;-0.178345810621977;6.4;-3.37128767650574
6.41;-0.158418983221054;6.41;-2.93913490697742
6.42;-0.158418983221054;6.42;-2.98880763910711
6.43;-0.178345810621977;6.43;-3.32658221758902
6.44;-0.158418983221054;6.44;-2.95403672661632
6.45;-0.163400690071285;6.45;-2.96397127304226
6.46;-0.183327517472208;6.46;-3.34148403722793
6.47;-0.168382396921515;6.47;-2.99874218553305
6.48;-0.163400690071285;6.48;-2.95403672661632
6.49;-0.183327517472208;6.49;-3.35141858365387
6.5;-0.168382396921515;6.5;-2.9739058194682
6.51;-0.168382396921515;6.51;-2.96893854625523
6.52;-0.188309224322438;6.52;-3.34148403722793
6.53;-0.168382396921515;6.53;-3.00370945874602
6.54;-0.168382396921515;6.54;-2.94410218019038
6.55;-0.188309224322438;6.55;-3.3464513104409
6.56;-0.173364103771746;6.56;-2.97887309268117
6.57;-0.168382396921515;6.57;-2.94410218019038
6.58;-0.1982726380229;6.58;-3.34148403722793
6.59;-0.173364103771746;6.59;-3.01861127838492
6.6;-0.173364103771746;6.6;-2.91429854091257
6.61;-0.193290931172669;6.61;-3.32658221758902
6.62;-0.178345810621977;6.62;-2.99377491232008
6.63;-0.173364103771746;6.63;-2.94906945340335
6.64;-0.1982726380229;6.64;-3.32658221758902
6.65;-0.178345810621977;6.65;-3.01861127838492
6.66;-0.178345810621977;6.66;-2.91926581412554
6.67;-0.1982726380229;6.67;-3.34148403722793
6.68;-0.183327517472208;6.68;-2.98384036589414
6.69;-0.183327517472208;6.69;-2.96397127304226
6.7;-0.20325434487313;6.7;-3.32161494437605
6.71;-0.183327517472208;6.71;-2.98384036589414
6.72;-0.178345810621977;6.72;-2.92920036055148
6.73;-0.20325434487313;6.73;-3.32161494437605
6.74;-0.178345810621977;6.74;-2.95403672661632
6.75;-0.183327517472208;6.75;-2.95403672661632
6.76;-0.208236051723361;6.76;-3.30174585152417
6.77;-0.183327517472208;6.77;-2.9093312676996
6.78;-0.183327517472208;6.78;-2.93416763376445
6.79;-0.208236051723361;6.79;-3.29181130509824
6.8;-0.178345810621977;6.8;-2.83978944271803
6.81;-0.193290931172669;6.81;-2.97887309268117
6.82;-0.208236051723361;6.82;-3.2818767586723
6.83;-0.178345810621977;6.83;-2.83978944271803
6.84;-0.193290931172669;6.84;-3.05338219087571
6.85;-0.208236051723361;6.85;-3.2967785783112
6.86;-0.183327517472208;6.86;-2.77521489094943
6.87;-0.208236051723361;6.87;-3.28684403188527
6.88;-0.208236051723361;6.88;-3.25704039260745
6.89;-0.178345810621977;6.89;-2.76528034452349
6.9;-0.213217758573592;6.9;-3.2967785783112
6.91;-0.20325434487313;6.91;-3.23717129975557
6.92;-0.173364103771746;6.92;-2.71064033918083
6.93;-0.213217758573592;6.93;-3.33651676401496
6.94;-0.208236051723361;6.94;-3.21233493369073
6.95;-0.168382396921515;6.95;-2.58645850885659
6.96;-0.213217758573592;6.96;-3.31168039795011
6.97;-0.208236051723361;6.97;-3.16266220156103
6.98;-0.153437276370823;6.98;-2.34802939463407
6.99;-0.223181172274053;6.99;-3.3464513104409
7;-0.208236051723361;7;-3.13285856228322
7.01;-0.178345810621977;7.01;-2.67090215347707
7.02;-0.223181172274053;7.02;-3.31168039795011
7.03;-0.208236051723361;7.03;-3.07325128372759
7.04;-0.193290931172669;7.04;-2.88449490163475
7.05;-0.228162879124284;7.05;-3.32161494437605
7.06;-0.208236051723361;7.06;-3.01861127838492
7.07;-0.1982726380229;7.07;-2.91926581412554
7.08;-0.223181172274053;7.08;-3.33651676401496
7.09;-0.1982726380229;7.09;-2.92423308733851
7.1;-0.1982726380229;7.1;-2.92920036055148
7.11;-0.228162879124284;7.11;-3.32658221758902
7.12;-0.1982726380229;7.12;-2.92920036055148
7.13;-0.20325434487313;7.13;-2.9739058194682
7.14;-0.228162879124284;7.14;-3.30174585152417
7.15;-0.1982726380229;7.15;-2.85965853556991
7.16;-0.20325434487313;7.16;-2.94410218019038
7.17;-0.228162879124284;7.17;-3.2818767586723
7.18;-0.1982726380229;7.18;-2.82985489629209
7.19;-0.213217758573592;7.19;-3.07325128372759
7.2;-0.228162879124284;7.2;-3.26697493903339
7.21;-0.193290931172669;7.21;-2.77521489094943
7.22;-0.223181172274053;7.22;-3.167629474774
7.23;-0.228162879124284;7.23;-3.26200766582042
7.24;-0.193290931172669;7.24;-2.80501853022724
7.25;-0.228162879124284;7.25;-3.2173022069037
7.26;-0.233144585974514;7.26;-3.27194221224636
7.27;-0.1982726380229;7.27;-2.74541125167161
7.28;-0.233144585974514;7.28;-3.25207311939448
7.29;-0.233144585974514;7.29;-3.23717129975557
7.3;-0.1982726380229;7.3;-2.74044397845864
7.31;-0.238126292824745;7.31;-3.28684403188527
7.32;-0.238126292824745;7.32;-3.2173022069037
7.33;-0.1982726380229;7.33;-2.68083669990301
7.34;-0.243107999674976;7.34;-3.30174585152417
7.35;-0.238126292824745;7.35;-3.19246584083885
7.36;-0.193290931172669;7.36;-2.55168759636581
7.37;-0.248089706525207;7.37;-3.30174585152417
7.38;-0.238126292824745;7.38;-3.14279310870916
7.39;-0.183327517472208;7.39;-2.41757121961564
7.4;-0.248089706525207;7.4;-3.2967785783112
7.41;-0.233144585974514;7.41;-3.11298946943134
7.42;-0.1982726380229;7.42;-2.59639305528253
7.43;-0.248089706525207;7.43;-3.32161494437605
7.44;-0.228162879124284;7.44;-3.05338219087571
7.45;-0.213217758573592;7.45;-2.83482216950506
7.46;-0.253071413375437;7.46;-3.2967785783112
7.47;-0.228162879124284;7.47;-2.98384036589414
7.48;-0.218199465423822;7.48;-2.84972398914397
7.49;-0.258053120225668;7.49;-3.26200766582042
7.5;-0.228162879124284;7.5;-2.9093312676996
7.51;-0.228162879124284;7.51;-2.86959308199584
7.52;-0.258053120225668;7.52;-3.27690948545933
7.53;-0.228162879124284;7.53;-2.81992034986615
7.54;-0.248089706525207;7.54;-3.04841491766274
7.55;-0.263034827075899;7.55;-3.24213857296854
7.56;-0.223181172274053;7.56;-2.75037852488458
7.57;-0.263034827075899;7.57;-3.25207311939448
7.58;-0.263034827075899;7.58;-3.20240038726479
7.59;-0.218199465423822;7.59;-2.6510330606252
7.6;-0.27299824077636;7.6;-3.2818767586723
7.61;-0.253071413375437;7.61;-3.12789128907025
7.62;-0.20325434487313;7.62;-2.42253849282861
7.63;-0.268016533926129;7.63;-3.26200766582042
7.64;-0.253071413375437;7.64;-3.04344764444977
7.65;-0.238126292824745;7.65;-2.844756715931
7.66;-0.27299824077636;7.66;-3.26697493903339
7.67;-0.248089706525207;7.67;-2.94906945340335
7.68;-0.238126292824745;7.68;-2.86959308199584
7.69;-0.27299824077636;7.69;-3.2322040265426
7.7;-0.238126292824745;7.7;-2.84972398914397
7.71;-0.253071413375437;7.71;-2.91429854091257
7.72;-0.277979947626591;7.72;-3.2322040265426
7.73;-0.233144585974514;7.73;-2.73547670524567
7.74;-0.282961654476821;7.74;-3.23717129975557
7.75;-0.27299824077636;7.75;-3.13782583549619
7.76;-0.228162879124284;7.76;-2.58149123564363
7.77;-0.287943361327052;7.77;-3.24213857296854
7.78;-0.268016533926129;7.78;-3.07821855694056
7.79;-0.233144585974514;7.79;-2.62619669456035
7.8;-0.287943361327052;7.8;-3.24710584618151
7.81;-0.263034827075899;7.81;-2.91429854091257
7.82;-0.253071413375437;7.82;-2.844756715931
7.83;-0.287943361327052;7.83;-3.2322040265426
7.84;-0.258053120225668;7.84;-2.80998580344021
7.85;-0.263034827075899;7.85;-2.93913490697742
7.86;-0.292925068177283;7.86;-3.17756402119994
7.87;-0.238126292824745;7.87;-2.66096760705113
7.88;-0.297906775027514;7.88;-3.22723675332963
7.89;-0.287943361327052;7.89;-3.10802219621837
7.9;-0.228162879124284;7.9;-2.44240758568048
7.91;-0.302888481877744;7.91;-3.22723675332963
7.92;-0.282961654476821;7.92;-2.96397127304226
7.93;-0.27299824077636;7.93;-2.82488762307912
7.94;-0.307870188727975;7.94;-3.22226948011667
7.95;-0.27299824077636;7.95;-2.844756715931
7.96;-0.282961654476821;7.96;-2.88449490163475
7.97;-0.307870188727975;7.97;-3.17259674798697
7.98;-0.263034827075899;7.98;-2.70567306596786
7.99;-0.307870188727975;7.99;-3.20736766047776
8;-0.302888481877744;8;-3.07325128372759
8.01;-0.223181172274053;8.01;-2.24868393037468
8.02;-0.322815309278667;8.02;-3.22226948011667
8.03;-0.292925068177283;8.03;-2.92423308733851
8.04;-0.282961654476821;8.04;-2.81495307665318
8.05;-0.327797016128898;8.05;-3.18749856762588
8.06;-0.282961654476821;8.06;-2.7305094320327
8.07;-0.307870188727975;8.07;-3.01364400517195
8.08;-0.322815309278667;8.08;-3.13782583549619
8.09;-0.268016533926129;8.09;-2.56658941600472
8.1;-0.337760429829359;8.1;-3.20736766047776
8.11;-0.317833602428436;8.11;-3.01861127838492
8.12;-0.292925068177283;8.12;-2.76528034452349
8.13;-0.34274213667959;8.13;-3.18253129441291
8.14;-0.302888481877744;8.14;-2.81495307665318
8.15;-0.312851895578206;8.15;-2.84972398914397
8.16;-0.34274213667959;8.16;-3.12292401585728
8.17;-0.287943361327052;8.17;-2.62122942134738
8.18;-0.352705550380051;8.18;-3.167629474774
8.19;-0.332778722979128;8.19;-2.96893854625523
8.2;-0.307870188727975;8.2;-2.74541125167161
8.21;-0.352705550380051;8.21;-3.18253129441291
8.22;-0.312851895578206;8.22;-2.7801821641624
8.23;-0.322815309278667;8.23;-2.88946217484772
8.24;-0.34772384352982;8.24;-3.07821855694056
8.25;-0.287943361327052;8.25;-2.52685123030096
8.26;-0.362668964080513;8.26;-3.15769492834806
8.27;-0.332778722979128;8.27;-2.93913490697742
8.28;-0.317833602428436;8.28;-2.77024761773646
8.29;-0.362668964080513;8.29;-3.14279310870916
8.3;-0.312851895578206;8.3;-2.68083669990301
8.31;-0.362668964080513;8.31;-3.09312037657946
8.32;-0.357687257230282;8.32;-3.0384803712368
8.33;-0.282961654476821;8.33;-2.4076366731897
8.34;-0.367650670930743;8.34;-3.13285856228322
8.35;-0.337760429829359;8.35;-2.81992034986615
8.36;-0.34274213667959;8.36;-2.80005125701427
8.37;-0.367650670930743;8.37;-3.06331673730165
8.38;-0.307870188727975;8.38;-2.55168759636581
8.39;-0.377614084631205;8.39;-3.14776038192213
8.4;-0.352705550380051;8.4;-2.90436399448663
8.41;-0.337760429829359;8.41;-2.77521489094943
8.42;-0.382595791481435;8.42;-3.11795674264431
8.43;-0.332778722979128;8.43;-2.63613124098629
8.44;-0.387577498331666;8.44;-3.11795674264431
8.45;-0.367650670930743;8.45;-2.94906945340335
8.46;-0.332778722979128;8.46;-2.68580397311598
8.47;-0.382595791481435;8.47;-3.1030549230054
8.48;-0.327797016128898;8.48;-2.64606578741223
8.49;-0.387577498331666;8.49;-3.09808764979243
8.5;-0.367650670930743;8.5;-2.93416763376445
8.51;-0.337760429829359;8.51;-2.72554215881974
8.52;-0.387577498331666;8.52;-3.11795674264431
8.53;-0.332778722979128;8.53;-2.66096760705113
8.54;-0.387577498331666;8.54;-3.09312037657946
8.55;-0.377614084631205;8.55;-2.93416763376445
8.56;-0.332778722979128;8.56;-2.6510330606252
8.57;-0.397540912032127;8.57;-3.08318583015352
8.58;-0.34274213667959;8.58;-2.65600033383816
8.59;-0.382595791481435;8.59;-2.9739058194682
8.6;-0.387577498331666;8.6;-2.97887309268117
8.61;-0.292925068177283;8.61;-2.28842211607844
8.62;-0.407504325732589;8.62;-3.08815310336649
8.63;-0.357687257230282;8.63;-2.69077124632895
8.64;-0.387577498331666;8.64;-2.96397127304226
8.65;-0.392559205181897;8.65;-3.00867673195899
8.66;-0.327797016128898;8.66;-2.46724395174533
8.67;-0.41746773943305;8.67;-3.08318583015352
8.68;-0.362668964080513;8.68;-2.68083669990301
8.69;-0.402522618882358;8.69;-2.93416763376445
8.7;-0.407504325732589;8.7;-2.94410218019038
8.71;-0.352705550380051;8.71;-2.49208031781018
8.72;-0.432412859983742;8.72;-3.03351309802383
8.73;-0.367650670930743;8.73;-2.61129487492144
8.74;-0.432412859983742;8.74;-3.0384803712368
8.75;-0.402522618882358;8.75;-2.844756715931
8.76;-0.392559205181897;8.76;-2.70070579275489
8.77;-0.437394566833973;8.77;-2.9739058194682
8.78;-0.337760429829359;8.78;-2.3430621214211
8.79;-0.432412859983742;8.79;-2.96397127304226
8.8;-0.362668964080513;8.8;-2.47717849817127
8.81;-0.422449446283281;8.81;-2.90436399448663
8.82;-0.362668964080513;8.82;-2.50201486423612
8.83;-0.422449446283281;8.83;-2.88946217484772
8.84;-0.362668964080513;8.84;-2.4722112249583
8.85;-0.432412859983742;8.85;-2.85965853556991
8.86;-0.367650670930743;8.86;-2.42253849282861
8.87;-0.432412859983742;8.87;-2.82985489629209
8.88;-0.357687257230282;8.88;-2.33312757499516
8.89;-0.41746773943305;8.89;-2.75534579809755
8.9;-0.322815309278667;8.9;-2.13443664647639
8.91;-0.377614084631205;8.91;-2.46227667853236
8.92;-0.377614084631205;8.92;-2.4722112249583
8.93;-0.307870188727975;8.93;-1.98541845008731
8.94;-0.277979947626591;8.94;-1.7767929751426
8.95;-0.243107999674976;8.95;-1.56320022698492
8.96;-0.1982726380229;8.96;-1.24032746814191
8.97;-0.1982726380229;8.97;-1.26516383420676
8.98;-0.158418983221054;8.98;-1.00189835391939
8.99;-0.123547035269439;8.99;-0.758501966483891
9;-0.193290931172669;9;-1.18072018958628
9.01;-0.163400690071285;9.01;-0.98202926106751
9.02;-0.178345810621977;9.02;-1.07144017890096
9.03;-0.118565328419209;9.03;-0.728698327206075
9.04;-0.0836933804675937;9.04;-0.515105579048395
9.05;-0.0488214325159788;9.05;-0.301512830890715
9.06;-0.0438397256657481;9.06;-0.276676464825869
9.07;-0.0587848462164402;9.07;-0.380989202298224
9.08;-0.0687482599169016;9.08;-0.380989202298224
9.09;-0.0388580188155174;9.09;-0.236938279122114
9.1;0.000995635986328125;9.1;-0.0134109845384955
9.11;0.0109590496867895;9.11;0.0561308404430747
9.12;0.00597734283655882;9.12;0.0263272011652589
9.13;-0.0189311914145947;9.13;-0.117723722010851
9.14;-0.0239128982648253;9.14;-0.137592814862728
9.15;0.00597734283655882;9.15;0.0312944743782282
9.16;0.0159407565370202;9.16;0.0461962940171361
9.17;0.0109590496867895;9.17;0.0511635672301054
9.18;0.00597734283655882;9.18;0.00645810831338167
9.19;-0.00398607086390257;9.19;-0.0134109845384955
9.2;0.00597734283655882;9.2;0.00149083510041237
9.21;0.000995635986328125;9.21;0.011425381526351
9.22;0.000995635986328125;9.22;0.00149083510041237
9.23;0.000995635986328125;9.23;-0.00347643811255693
9.24;0.000995635986328125;9.24;0.00645810831338167
9.25;-0.00398607086390257;9.25;-0.0183782577514648
9.26;0.00597734283655882;9.26;0.00645810831338167
9.27;0.00597734283655882;9.27;0.00149083510041237
9.28;0.000995635986328125;9.28;-0.00347643811255693
9.29;0.00597734283655882;9.29;0.00645810831338167
9.3;-0.00398607086390257;9.3;-0.0134109845384955
9.31;0.000995635986328125;9.31;-0.00347643811255693
9.32;0.00597734283655882;9.32;0.0163926547393203
9.33;0.00597734283655882;9.33;-0.0134109845384955
9.34;0.000995635986328125;9.34;-0.00347643811255693
9.35;0.000995635986328125;9.35;0.011425381526351
9.36;0.000995635986328125;9.36;-0.00844371132552624
9.37;0.000995635986328125;9.37;0.00645810831338167
9.38;0.000995635986328125;9.38;-0.00347643811255693
9.39;0.00597734283655882;9.39;0.00149083510041237
9.4;-0.00398607086390257;9.4;-0.00347643811255693
9.41;-0.00398607086390257;9.41;-0.0233455309644341
9.42;0.00597734283655882;9.42;0.011425381526351
9.43;0.000995635986328125;9.43;-0.00347643811255693
9.44;0.000995635986328125;9.44;0.00149083510041237
9.45;0.000995635986328125;9.45;0.011425381526351
9.46;-0.00398607086390257;9.46;-0.0283128041774035
9.47;0.000995635986328125;9.47;0.00149083510041237
9.48;0.00597734283655882;9.48;0.0263272011652589
9.49;0.000995635986328125;9.49;0.00149083510041237
9.5;0.000995635986328125;9.5;0.00149083510041237
9.51;0.000995635986328125;9.51;-0.0134109845384955
9.52;0.00597734283655882;9.52;0.00645810831338167
9.53;0.000995635986328125;9.53;0.0163926547393203
9.54;0.000995635986328125;9.54;0.0263272011652589
9.55;0.000995635986328125;9.55;-0.00347643811255693
9.56;-0.00398607086390257;9.56;-0.00347643811255693
9.57;-0.00398607086390257;9.57;-0.0233455309644341
9.58;0.00597734283655882;9.58;0.0163926547393203
9.59;0.000995635986328125;9.59;0.00149083510041237
9.6;0.000995635986328125;9.6;0.00149083510041237
9.61;-0.00398607086390257;9.61;0.011425381526351
9.62;0.000995635986328125;9.62;-0.00844371132552624
9.63;0.00597734283655882;9.63;0.0163926547393203
9.64;0.00597734283655882;9.64;0.0163926547393203
9.65;0.000995635986328125;9.65;0.00149083510041237
9.66;0.000995635986328125;9.66;-0.00347643811255693
9.67;-0.00398607086390257;9.67;-0.0332800773903728
9.68;0.00597734283655882;9.68;0.00645810831338167
9.69;0.00597734283655882;9.69;0.0263272011652589
9.7;0.000995635986328125;9.7;0.00149083510041237
9.71;0.000995635986328125;9.71;0.00645810831338167
9.72;0.000995635986328125;9.72;-0.0183782577514648
9.73;-0.00398607086390257;9.73;-0.0581164434552193
9.74;0.00597734283655882;9.74;-0.00844371132552624
9.75;0.00597734283655882;9.75;0.0362617475911975
9.76;0.00597734283655882;9.76;0.0163926547393203
9.77;0.000995635986328125;9.77;-0.0183782577514648
9.78;-0.00398607086390257;9.78;-0.0432146238163114
9.79;0.000995635986328125;9.79;0.0263272011652589
9.8;0.000995635986328125;9.8;0.0412290208041668
9.81;0.000995635986328125;9.81;0.0163926547393203
9.82;0.0109590496867895;9.82;-0.0134109845384955
9.83;0.000995635986328125;9.83;-0.0481818970292807
9.84;0.000995635986328125;9.84;-0.0183782577514648
9.85;0.000995635986328125;9.85;0.0312944743782282
9.86;0.000995635986328125;9.86;0.0362617475911975
9.87;0.000995635986328125;9.87;0.00645810831338167
9.88;0.000995635986328125;9.88;-0.0332800773903728
9.89;0.000995635986328125;9.89;-0.0432146238163114
9.9;0.00597734283655882;9.9;0.0263272011652589
9.91;0.00597734283655882;9.91;0.0312944743782282
9.92;0.00597734283655882;9.92;-0.0134109845384955
9.93;-0.00398607086390257;9.93;-0.00844371132552624
9.94;0.000995635986328125;9.94;-0.0928873559460044
9.95;0.00597734283655882;9.95;0.00645810831338167
9.96;0.00597734283655882;9.96;0.0461962940171361
9.97;0.00597734283655882;9.97;0.0312944743782282
9.98;0.000995635986328125;9.98;-0.00347643811255693
9.99;0.000995635986328125;9.99;-0.0481818970292807
10;0.000995635986328125;10;-0.00347643811255693
10.01;0.00597734283655882;10.01;0.0362617475911975
10.02;0.000995635986328125;10.02;0.0312944743782282
10.03;0.000995635986328125;10.03;-0.00347643811255693
10.04;0.000995635986328125;10.04;-0.0134109845384955
10.05;-0.00398607086390257;10.05;-0.0382473506033421
10.06;0.00597734283655882;10.06;0.0461962940171361
10.07;0.00597734283655882;10.07;0.0362617475911975
10.08;0.000995635986328125;10.08;-0.00347643811255693
10.09;0.000995635986328125;10.09;-0.0233455309644341
10.1;-0.00398607086390257;10.1;-0.0730182630941272
10.11;0.000995635986328125;10.11;0.0163926547393203
10.12;0.00597734283655882;10.12;0.00149083510041237
10.13;0.000995635986328125;10.13;0.0312944743782282
10.14;0.000995635986328125;10.14;-0.00844371132552624
10.15;-0.00398607086390257;10.15;-0.0581164434552193
10.16;0.00597734283655882;10.16;-0.0183782577514648
10.17;0.00597734283655882;10.17;0.0412290208041668
10.18;0.000995635986328125;10.18;0.0312944743782282
10.19;0.000995635986328125;10.19;0.00149083510041237
10.2;0.000995635986328125;10.2;-0.0382473506033421
10.21;0.00597734283655882;10.21;-0.0730182630941272
10.22;0.000995635986328125;10.22;0.0362617475911975
10.23;0.00597734283655882;10.23;0.0263272011652589
10.24;0.000995635986328125;10.24;-0.00347643811255693
10.25;0.000995635986328125;10.25;-0.0134109845384955
10.26;-0.00398607086390257;10.26;-0.0779855363070965
10.27;0.000995635986328125;10.27;0.0263272011652589
10.28;0.00597734283655882;10.28;0.0362617475911975
10.29;0.000995635986328125;10.29;0.0213599279522896
10.3;0.000995635986328125;10.3;-0.00844371132552624
10.31;0.000995635986328125;10.31;-0.0581164434552193
10.32;0.000995635986328125;10.32;-0.0134109845384955
10.33;0.000995635986328125;10.33;0.0213599279522896
10.34;0.00597734283655882;10.34;0.0412290208041668
10.35;0.000995635986328125;10.35;0.00149083510041237
10.36;0.000995635986328125;10.36;-0.0382473506033421
10.37;-0.00398607086390257;10.37;-0.0481818970292807
10.38;0.00597734283655882;10.38;0.0362617475911975
10.39;0.000995635986328125;10.39;0.0412290208041668
10.4;0.000995635986328125;10.4;0.00149083510041237
10.41;0.000995635986328125;10.41;0.00149083510041237
10.42;-0.00398607086390257;10.42;-0.102821902371943
10.43;-0.00896777771413326;10.43;0.0263272011652589
10.44;0.00597734283655882;10.44;0.061098113656044
10.45;0.000995635986328125;10.45;0.0263272011652589
10.46;-0.00398607086390257;10.46;-0.00844371132552624
10.47;-0.00896777771413326;10.47;-0.0481818970292807
10.48;0.000995635986328125;10.48;0.00645810831338167
10.49;0.00597734283655882;10.49;0.0461962940171361
10.5;0.000995635986328125;10.5;0.0163926547393203
10.51;0.000995635986328125;10.51;-0.00347643811255693
10.52;0.000995635986328125;10.52;-0.0432146238163114
10.53;-0.00398607086390257;10.53;-0.0382473506033421
10.54;0.00597734283655882;10.54;0.0412290208041668
10.55;0.00597734283655882;10.55;0.0362617475911975
10.56;0.000995635986328125;10.56;0.00149083510041237
10.57;0.000995635986328125;10.57;-0.00844371132552624
10.58;-0.00398607086390257;10.58;-0.0978546291589737
10.59;0.00597734283655882;10.59;0.0213599279522896
10.6;0.00597734283655882;10.6;0.061098113656044
10.61;0.00597734283655882;10.61;0.0263272011652589
10.62;0.000995635986328125;10.62;-0.00347643811255693
10.63;0.000995635986328125;10.63;-0.05314917024225
10.64;0.000995635986328125;10.64;0.011425381526351
10.65;0.000995635986328125;10.65;0.0412290208041668
10.66;0.000995635986328125;10.66;0.0213599279522896
10.67;0.000995635986328125;10.67;-0.0134109845384955
10.68;0.000995635986328125;10.68;-0.0432146238163114
10.69;0.000995635986328125;10.69;-0.0779855363070965
10.7;0.00597734283655882;10.7;0.00149083510041237
10.71;0.00597734283655882;10.71;0.0660653868690133
10.72;-0.00398607086390257;10.72;0.0362617475911975
10.73;0.000995635986328125;10.73;-0.0134109845384955
10.74;0.00597734283655882;10.74;-0.0630837166681886
10.75;-0.00398607086390257;10.75;-0.172363727353513
10.76;0.000995635986328125;10.76;0.0163926547393203
10.77;0.00597734283655882;10.77;0.0809672065079212
10.78;0.00597734283655882;10.78;0.0958690261468291
10.79;0.00597734283655882;10.79;0.120705392211676
10.8;0.00597734283655882;10.8;0.0312944743782282
10.81;0.000995635986328125;10.81;-0.0233455309644341
10.82;-0.00398607086390257;10.82;-0.102821902371943
10.83;-0.0239128982648253;10.83;-0.425694661214948
10.84;-0.013949484564364;10.84;-0.276676464825869
10.85;-0.00896777771413326;10.85;-0.187265546992421
10.86;-0.00398607086390257;10.86;-0.112756448797882
10.87;0.000995635986328125;10.87;0.0163926547393203
10.88;0.00597734283655882;10.88;0.0412290208041668
10.89;0.00597734283655882;10.89;0.110770845785737
10.9;0.0308858770877123;10.9;0.503185429610312
10.91;0.0209224633872509;10.91;0.403839965350926
10.92;0.0159407565370202;10.92;0.259789042174816
10.93;0.0109590496867895;10.93;0.135607211850584
10.94;-0.00896777771413326;10.94;-0.147527361288667
10.95;-0.0189311914145947;10.95;-0.40582556836307
10.96;-0.0189311914145947;10.96;-0.435629207640886
10.97;-0.013949484564364;10.97;-0.390923748724163
10.98;-0.0189311914145947;10.98;-0.415760114789009
10.99;-0.0189311914145947;10.99;-0.385956475511193
11;-0.013949484564364;11;-0.276676464825869
11.01;-0.00398607086390257;11.01;-0.112756448797882
11.02;-0.00398607086390257;11.02;0.0163926547393203
11.03;0.00597734283655882;11.03;0.0561308404430747
11.04;0.00597734283655882;11.04;0.0710326600819826
11.05;0.000995635986328125;11.05;0.0362617475911975
11.06;0.000995635986328125;11.06;0.00149083510041237
11.07;0.000995635986328125;11.07;0.00149083510041237
11.08;0.000995635986328125;11.08;-0.0233455309644341
11.09;0.00597734283655882;11.09;-0.00347643811255693
11.1;-0.00896777771413326;11.1;0.00149083510041237
11.11;0.000995635986328125;11.11;0.00645810831338167
11.12;0.000995635986328125;11.12;0.00149083510041237
11.13;0.000995635986328125;11.13;0.00149083510041237
11.14;0.000995635986328125;11.14;-0.00347643811255693
11.15;0.00597734283655882;11.15;-0.0134109845384955
11.16;0.00597734283655882;11.16;-0.00347643811255693
11.17;0.000995635986328125;11.17;0.0163926547393203
11.18;0.000995635986328125;11.18;-0.00347643811255693
11.19;0.000995635986328125;11.19;-0.00347643811255693
11.2;0.00597734283655882;11.2;0.00149083510041237
11.21;0.000995635986328125;11.21;-0.0134109845384955
11.22;0.000995635986328125;11.22;0.00149083510041237
11.23;0.000995635986328125;11.23;-0.00844371132552624
11.24;0.000995635986328125;11.24;-0.00844371132552624
11.25;0.000995635986328125;11.25;0.00645810831338167
11.26;0.000995635986328125;11.26;-0.00347643811255693
11.27;0.000995635986328125;11.27;-0.0134109845384955
11.28;0.000995635986328125;11.28;-0.00347643811255693
11.29;0.000995635986328125;11.29;-0.0134109845384955
11.3;0.000995635986328125;11.3;-0.00347643811255693
11.31;0.000995635986328125;11.31;0.00645810831338167
11.32;0.000995635986328125;11.32;0.00149083510041237
11.33;0.000995635986328125;11.33;0.00149083510041237
11.34;0.000995635986328125;11.34;-0.00844371132552624
11.35;0.00597734283655882;11.35;0.00645810831338167
11.36;0.00597734283655882;11.36;-0.00347643811255693
11.37;0.00597734283655882;11.37;0.0213599279522896
11.38;0.00597734283655882;11.38;-0.0134109845384955
11.39;0.000995635986328125;11.39;-0.00844371132552624
11.4;0.000995635986328125;11.4;0.011425381526351
11.41;0.000995635986328125;11.41;0.00149083510041237
11.42;0.000995635986328125;11.42;0.00149083510041237
11.43;0.000995635986328125;11.43;0.0163926547393203
11.44;0.000995635986328125;11.44;0.011425381526351
11.45;-0.00398607086390257;11.45;-0.00347643811255693
11.46;0.000995635986328125;11.46;-0.00347643811255693
11.47;0.00597734283655882;11.47;-0.0134109845384955
11.48;0.000995635986328125;11.48;-0.00844371132552624
11.49;0.000995635986328125;11.49;0.00149083510041237
11.5;0.000995635986328125;11.5;-0.00347643811255693
11.51;0.000995635986328125;11.51;0.00645810831338167
11.52;0.000995635986328125;11.52;0.00149083510041237
11.53;0.00597734283655882;11.53;-0.00844371132552624
11.54;0.000995635986328125;11.54;0.00645810831338167
11.55;0.000995635986328125;11.55;0.00149083510041237
11.56;0.000995635986328125;11.56;0.00149083510041237
11.57;0.00597734283655882;11.57;0.00149083510041237
11.58;0.00597734283655882;11.58;-0.00347643811255693
11.59;0.000995635986328125;11.59;-0.00347643811255693
11.6;0.000995635986328125;11.6;-0.00347643811255693
11.61;0.000995635986328125;11.61;0.00149083510041237
11.62;0.000995635986328125;11.62;-0.00844371132552624
11.63;0.000995635986328125;11.63;0.00149083510041237
11.64;0.000995635986328125;11.64;0.00645810831338167
11.65;0.000995635986328125;11.65;-0.00347643811255693
11.66;0.00597734283655882;11.66;-0.0183782577514648
11.67;0.000995635986328125;11.67;0.011425381526351
11.68;0.000995635986328125;11.68;0.011425381526351
11.69;0.0109590496867895;11.69;0.00149083510041237
11.7;0.00597734283655882;11.7;-0.00347643811255693
11.71;0.00597734283655882;11.71;-0.00347643811255693
11.72;0.000995635986328125;11.72;0.00149083510041237
11.73;0.00597734283655882;11.73;0.00149083510041237
11.74;0.000995635986328125;11.74;-0.00347643811255693
11.75;0.000995635986328125;11.75;0.0213599279522896
11.76;0.00597734283655882;11.76;0.00149083510041237
11.77;0.000995635986328125;11.77;0.00645810831338167
11.78;0.000995635986328125;11.78;0.00149083510041237
11.79;0.000995635986328125;11.79;-0.00347643811255693
11.8;0.000995635986328125;11.8;0.00149083510041237
11.81;0.000995635986328125;11.81;0.00149083510041237
11.82;0.00597734283655882;11.82;-0.0134109845384955
11.83;0.000995635986328125;11.83;0.00149083510041237
11.84;0.00597734283655882;11.84;0.0163926547393203
11.85;0.000995635986328125;11.85;0.00149083510041237
11.86;0.000995635986328125;11.86;0.00149083510041237
11.87;0.000995635986328125;11.87;0.00149083510041237
11.88;0.000995635986328125;11.88;0.00645810831338167
11.89;0.00597734283655882;11.89;0.00149083510041237
11.9;0.000995635986328125;11.9;0.00149083510041237
11.91;0.000995635986328125;11.91;-0.00844371132552624
11.92;0.000995635986328125;11.92;-0.0134109845384955
11.93;0.000995635986328125;11.93;-0.00347643811255693
11.94;0.00597734283655882;11.94;0.00149083510041237
11.95;0.000995635986328125;11.95;-0.00347643811255693
11.96;0.000995635986328125;11.96;0.00149083510041237
11.97;0.000995635986328125;11.97;0.00645810831338167
11.98;0.000995635986328125;11.98;-0.00347643811255693
11.99;0.000995635986328125;11.99;0.00149083510041237
12;0.000995635986328125;12;0.00149083510041237
12.01;0.000995635986328125;12.01;0.00149083510041237
12.02;0.00597734283655882;12.02;0.00149083510041237
12.03;0.000995635986328125;12.03;0.00149083510041237
12.04;0.000995635986328125;12.04;-0.00844371132552624
12.05;0.00597734283655882;12.05;0.00645810831338167
12.06;0.000995635986328125;12.06;0.00645810831338167
12.07;0.000995635986328125;12.07;0.00149083510041237
12.08;0.00597734283655882;12.08;-0.0134109845384955
12.09;0.000995635986328125;12.09;-0.00347643811255693
12.1;0.000995635986328125;12.1;0.00645810831338167
12.11;0.00597734283655882;12.11;0.0163926547393203
12.12;0.000995635986328125;12.12;0.00149083510041237
12.13;0.00597734283655882;12.13;-0.0183782577514648
12.14;0.000995635986328125;12.14;-0.00347643811255693
12.15;0.000995635986328125;12.15;0.00149083510041237
12.16;0.000995635986328125;12.16;-0.00347643811255693
12.17;0.000995635986328125;12.17;0.00645810831338167
12.18;0.000995635986328125;12.18;0.00149083510041237
12.19;0.000995635986328125;12.19;-0.00347643811255693
12.2;0.00597734283655882;12.2;-0.00347643811255693
12.21;0.000995635986328125;12.21;-0.00844371132552624
12.22;-0.00398607086390257;12.22;-0.00347643811255693
12.23;0.000995635986328125;12.23;-0.00347643811255693
12.24;0.000995635986328125;12.24;0.00645810831338167
12.25;0.000995635986328125;12.25;0.00149083510041237
12.26;0.000995635986328125;12.26;-0.0183782577514648
12.27;0.000995635986328125;12.27;0.00149083510041237
12.28;-0.00398607086390257;12.28;-0.00347643811255693
12.29;0.000995635986328125;12.29;-0.00347643811255693
12.3;-0.00398607086390257;12.3;-0.00347643811255693
12.31;0.000995635986328125;12.31;-0.00347643811255693
12.32;0.000995635986328125;12.32;0.00149083510041237
12.33;0.000995635986328125;12.33;0.00645810831338167
12.34;0.000995635986328125;12.34;0.00149083510041237
12.35;0.000995635986328125;12.35;0.011425381526351
12.36;0.00597734283655882;12.36;0.00149083510041237
12.37;0.000995635986328125;12.37;-0.0134109845384955
12.38;0.00597734283655882;12.38;-0.00347643811255693
12.39;0.00597734283655882;12.39;0.00149083510041237
12.4;0.000995635986328125;12.4;0.00149083510041237
12.41;-0.00398607086390257;12.41;-0.00347643811255693
12.42;0.000995635986328125;12.42;-0.0233455309644341
12.43;0.00597734283655882;12.43;-0.00347643811255693
12.44;0.00597734283655882;12.44;0.00149083510041237
12.45;0.000995635986328125;12.45;-0.00347643811255693
12.46;0.00597734283655882;12.46;-0.0134109845384955
12.47;0.000995635986328125;12.47;0.00149083510041237
12.48;0.000995635986328125;12.48;-0.00347643811255693
12.49;0.000995635986328125;12.49;-0.00347643811255693
12.5;0.000995635986328125;12.5;0.0163926547393203
12.51;0.000995635986328125;12.51;0.011425381526351
12.52;0.00597734283655882;12.52;0.00149083510041237
12.53;0.000995635986328125;12.53;-0.00347643811255693
12.54;0.00597734283655882;12.54;0.00149083510041237
12.55;-0.00398607086390257;12.55;0.00149083510041237
12.56;0.000995635986328125;12.56;0.00149083510041237
12.57;0.00597734283655882;12.57;-0.0233455309644341
12.58;0.000995635986328125;12.58;0.011425381526351
12.59;-0.00398607086390257;12.59;0.00149083510041237
12.6;0.00597734283655882;12.6;-0.00844371132552624
12.61;0.00597734283655882;12.61;-0.00844371132552624
12.62;0.000995635986328125;12.62;0.0163926547393203
12.63;0.000995635986328125;12.63;0.00645810831338167
12.64;0.000995635986328125;12.64;0.00645810831338167
12.65;0.000995635986328125;12.65;-0.0134109845384955
12.66;0.00597734283655882;12.66;0.0163926547393203
12.67;0.000995635986328125;12.67;0.00149083510041237
12.68;0.00597734283655882;12.68;-0.00347643811255693
12.69;0.000995635986328125;12.69;0.00149083510041237
12.7;0.000995635986328125;12.7;0.00149083510041237
12.71;0.000995635986328125;12.71;0.0263272011652589
12.72;0.000995635986328125;12.72;0.011425381526351
12.73;0.000995635986328125;12.73;0.00645810831338167
12.74;0.000995635986328125;12.74;0.00645810831338167
12.75;0.000995635986328125;12.75;-0.00844371132552624
12.76;0.000995635986328125;12.76;0.00149083510041237
12.77;0.000995635986328125;12.77;-0.00347643811255693
12.78;0.000995635986328125;12.78;-0.00347643811255693
12.79;0.000995635986328125;12.79;-0.00844371132552624
12.8;0.000995635986328125;12.8;0.00645810831338167
12.81;0.000995635986328125;12.81;0.00149083510041237
12.82;0.000995635986328125;12.82;0.00149083510041237
12.83;0.000995635986328125;12.83;-0.0134109845384955
12.84;0.000995635986328125;12.84;0.00149083510041237
12.85;0.000995635986328125;12.85;0.00149083510041237
12.86;0.00597734283655882;12.86;-0.00347643811255693
12.87;0.000995635986328125;12.87;0.00149083510041237
12.88;0.000995635986328125;12.88;0.00645810831338167
12.89;0.000995635986328125;12.89;0.00149083510041237
12.9;0.000995635986328125;12.9;-0.00347643811255693
12.91;0.000995635986328125;12.91;0.00149083510041237
12.92;0.000995635986328125;12.92;0.00149083510041237
12.93;0.00597734283655882;12.93;-0.00347643811255693
12.94;0.000995635986328125;12.94;0.00645810831338167
12.95;0.00597734283655882;12.95;0.011425381526351
12.96;0.000995635986328125;12.96;0.011425381526351
12.97;0.000995635986328125;12.97;0.00149083510041237
12.98;0.000995635986328125;12.98;-0.00347643811255693
12.99;0.000995635986328125;12.99;0.00149083510041237
13;0.00597734283655882;13;0.00149083510041237
13.01;0.000995635986328125;13.01;-0.0233455309644341
13.02;0.000995635986328125;13.02;0.00149083510041237
13.03;0.000995635986328125;13.03;0.00149083510041237
13.04;0.000995635986328125;13.04;-0.00347643811255693
13.05;0.000995635986328125;13.05;0.00645810831338167
13.06;0.000995635986328125;13.06;-0.00347643811255693
13.07;0.000995635986328125;13.07;0.00149083510041237
13.08;0.000995635986328125;13.08;-0.00844371132552624
13.09;0.000995635986328125;13.09;-0.00347643811255693
13.1;0.00597734283655882;13.1;-0.00844371132552624
13.11;0.000995635986328125;13.11;0.00149083510041237
13.12;0.000995635986328125;13.12;0.00149083510041237
13.13;0.000995635986328125;13.13;0.011425381526351
13.14;0.000995635986328125;13.14;-0.00347643811255693
13.15;0.000995635986328125;13.15;-0.00347643811255693
13.16;0.000995635986328125;13.16;0.00645810831338167
13.17;0.00597734283655882;13.17;0.00645810831338167
13.18;0.000995635986328125;13.18;-0.00844371132552624
13.19;-0.00896777771413326;13.19;0.011425381526351
13.2;0.000995635986328125;13.2;0.00645810831338167
13.21;0.00597734283655882;13.21;0.00149083510041237
13.22;0.000995635986328125;13.22;0.00149083510041237
13.23;0.000995635986328125;13.23;-0.00844371132552624
13.24;0.00597734283655882;13.24;-0.0134109845384955
13.25;-0.00398607086390257;13.25;0.00645810831338167
13.26;0.000995635986328125;13.26;-0.00844371132552624
13.27;-0.00398607086390257;13.27;0.011425381526351
13.28;0.000995635986328125;13.28;-0.00844371132552624
13.29;0.000995635986328125;13.29;-0.0183782577514648
13.3;0.00597734283655882;13.3;0.00149083510041237
13.31;0.000995635986328125;13.31;-0.00844371132552624
13.32;0.000995635986328125;13.32;0.00645810831338167
13.33;0.00597734283655882;13.33;-0.00347643811255693
13.34;0.000995635986328125;13.34;-0.00844371132552624
13.35;0.000995635986328125;13.35;0.00149083510041237
13.36;0.000995635986328125;13.36;-0.00844371132552624
13.37;0.00597734283655882;13.37;0.00149083510041237
13.38;0.000995635986328125;13.38;-0.00844371132552624
13.39;0.000995635986328125;13.39;0.00149083510041237
13.4;0.000995635986328125;13.4;-0.00844371132552624
13.41;0.000995635986328125;13.41;0.00149083510041237
13.42;0.000995635986328125;13.42;-0.00844371132552624
13.43;0.00597734283655882;13.43;0.00645810831338167
13.44;0.000995635986328125;13.44;-0.0233455309644341
13.45;0.00597734283655882;13.45;-0.00347643811255693
13.46;0.00597734283655882;13.46;-0.00347643811255693
13.47;0.000995635986328125;13.47;-0.00347643811255693
13.48;0.000995635986328125;13.48;0.00149083510041237
13.49;0.000995635986328125;13.49;-0.00347643811255693
13.5;0.000995635986328125;13.5;0.00149083510041237
13.51;0.00597734283655882;13.51;-0.00347643811255693
13.52;0.000995635986328125;13.52;0.00149083510041237
13.53;0.000995635986328125;13.53;-0.0134109845384955
13.54;0.000995635986328125;13.54;-0.00347643811255693
13.55;0.000995635986328125;13.55;0.00149083510041237
13.56;0.000995635986328125;13.56;-0.00844371132552624
13.57;0.000995635986328125;13.57;0.00645810831338167
13.58;0.000995635986328125;13.58;-0.00347643811255693
13.59;0.000995635986328125;13.59;0.0163926547393203
13.6;0.000995635986328125;13.6;0.00149083510041237
13.61;0.000995635986328125;13.61;-0.0183782577514648
13.62;0.00597734283655882;13.62;-0.00347643811255693
13.63;0.000995635986328125;13.63;0.00645810831338167
13.64;0.00597734283655882;13.64;0.00149083510041237
13.65;0.000995635986328125;13.65;-0.00347643811255693
13.66;-0.00398607086390257;13.66;0.00149083510041237
13.67;0.000995635986328125;13.67;0.00149083510041237
13.68;0.000995635986328125;13.68;0.00149083510041237
13.69;0.000995635986328125;13.69;0.00645810831338167
13.7;0.00597734283655882;13.7;0.00645810831338167
13.71;0.00597734283655882;13.71;0.00149083510041237
13.72;0.000995635986328125;13.72;0.00149083510041237
13.73;0.000995635986328125;13.73;-0.00347643811255693
13.74;0.00597734283655882;13.74;0.00149083510041237
13.75;0.000995635986328125;13.75;0.00645810831338167
13.76;0.000995635986328125;13.76;-0.00347643811255693
13.77;0.000995635986328125;13.77;0.00645810831338167
13.78;0.00597734283655882;13.78;0.00149083510041237
13.79;0.000995635986328125;13.79;0.00149083510041237
13.8;0.000995635986328125;13.8;-0.00347643811255693
13.81;0.000995635986328125;13.81;0.00645810831338167
13.82;0.000995635986328125;13.82;-0.00844371132552624
13.83;0.00597734283655882;13.83;0.00149083510041237
13.84;0.000995635986328125;13.84;0.00149083510041237
13.85;0.000995635986328125;13.85;-0.00347643811255693
13.86;0.00597734283655882;13.86;0.00645810831338167
13.87;0.000995635986328125;13.87;-0.00347643811255693
13.88;0.00597734283655882;13.88;-0.00844371132552624
13.89;0.000995635986328125;13.89;0.00645810831338167
13.9;0.000995635986328125;13.9;-0.00844371132552624
13.91;0.00597734283655882;13.91;0.00149083510041237
13.92;0.000995635986328125;13.92;-0.00347643811255693
13.93;0.000995635986328125;13.93;0.00149083510041237
13.94;0.00597734283655882;13.94;0.00149083510041237
13.95;0.000995635986328125;13.95;0.00645810831338167
13.96;0.000995635986328125;13.96;0.00149083510041237
13.97;0.000995635986328125;13.97;-0.0134109845384955
13.98;0.00597734283655882;13.98;-0.00347643811255693
13.99;0.00597734283655882;13.99;0.00149083510041237
14;0.000995635986328125;14;0.00149083510041237
14.01;0.000995635986328125;14.01;-0.00347643811255693
14.02;0.000995635986328125;14.02;-0.00347643811255693
14.03;0.00597734283655882;14.03;-0.00347643811255693
14.04;0.000995635986328125;14.04;0.00149083510041237
14.05;0.000995635986328125;14.05;-0.0233455309644341
14.06;0.00597734283655882;14.06;0.00645810831338167
14.07;0.000995635986328125;14.07;0.00645810831338167
14.08;0.000995635986328125;14.08;-0.00347643811255693
14.09;0.00597734283655882;14.09;-0.00844371132552624
14.1;0.000995635986328125;14.1;-0.00347643811255693
14.11;0.000995635986328125;14.11;-0.0134109845384955
14.12;0.000995635986328125;14.12;0.00645810831338167
14.13;0.000995635986328125;14.13;0.00149083510041237
14.14;0.000995635986328125;14.14;-0.00347643811255693
14.15;0.000995635986328125;14.15;0.00149083510041237
14.16;0.000995635986328125;14.16;0.00149083510041237
14.17;0.000995635986328125;14.17;0.00149083510041237
14.18;0.000995635986328125;14.18;0.011425381526351
14.19;-0.00398607086390257;14.19;0.00645810831338167
14.2;0.000995635986328125;14.2;0.00149083510041237
14.21;0.000995635986328125;14.21;0.00149083510041237
14.22;0.000995635986328125;14.22;-0.00347643811255693
14.23;0.00597734283655882;14.23;0.00149083510041237
14.24;0.000995635986328125;14.24;-0.00347643811255693
14.25;0.000995635986328125;14.25;-0.0134109845384955
14.26;0.000995635986328125;14.26;-0.00844371132552624
14.27;0.000995635986328125;14.27;0.00149083510041237
14.28;0.000995635986328125;14.28;0.00149083510041237
14.29;0.000995635986328125;14.29;0.00149083510041237
14.3;0.000995635986328125;14.3;0.00149083510041237
14.31;0.000995635986328125;14.31;-0.0332800773903728
14.32;0.000995635986328125;14.32;0.00149083510041237
14.33;0.000995635986328125;14.33;-0.00844371132552624
14.34;-0.00398607086390257;14.34;0.00645810831338167
14.35;0.00597734283655882;14.35;0.00645810831338167
14.36;0.00597734283655882;14.36;0.00645810831338167
14.37;0.000995635986328125;14.37;0.00149083510041237
14.38;0.000995635986328125;14.38;-0.00347643811255693
14.39;0.000995635986328125;14.39;-0.00347643811255693
14.4;0.000995635986328125;14.4;0.00645810831338167
14.41;0.000995635986328125;14.41;-0.00347643811255693
14.42;0.000995635986328125;14.42;0.00149083510041237
14.43;0.00597734283655882;14.43;-0.00347643811255693
14.44;0.00597734283655882;14.44;0.00149083510041237
14.45;0.000995635986328125;14.45;-0.00347643811255693
14.46;0.000995635986328125;14.46;0.00149083510041237
14.47;0.000995635986328125;14.47;0.00645810831338167
14.48;-0.00398607086390257;14.48;0.00149083510041237
14.49;0.00597734283655882;14.49;0.00149083510041237
14.5;0.00597734283655882;14.5;-0.00347643811255693
14.51;0.000995635986328125;14.51;-0.00347643811255693
14.52;0.000995635986328125;14.52;-0.00347643811255693
14.53;0.000995635986328125;14.53;-0.0233455309644341
14.54;0.00597734283655882;14.54;0.0163926547393203
14.55;0.00597734283655882;14.55;-0.00347643811255693
14.56;0.00597734283655882;14.56;0.00149083510041237
14.57;0.000995635986328125;14.57;-0.0183782577514648
14.58;0.00597734283655882;14.58;-0.00347643811255693
14.59;0.00597734283655882;14.59;0.00149083510041237
14.6;0.000995635986328125;14.6;-0.00844371132552624
14.61;0.000995635986328125;14.61;0.00645810831338167
14.62;0.000995635986328125;14.62;-0.00347643811255693
14.63;0.00597734283655882;14.63;-0.00347643811255693
14.64;0.000995635986328125;14.64;-0.00347643811255693
14.65;0.000995635986328125;14.65;0.00645810831338167
14.66;0.000995635986328125;14.66;0.00149083510041237
14.67;0.000995635986328125;14.67;-0.00347643811255693
14.68;0.000995635986328125;14.68;0.00149083510041237
14.69;0.000995635986328125;14.69;0.011425381526351
14.7;0.000995635986328125;14.7;-0.00347643811255693
14.71;0.00597734283655882;14.71;0.00149083510041237
14.72;0.000995635986328125;14.72;0.00149083510041237
14.73;0.00597734283655882;14.73;-0.00347643811255693
14.74;0.000995635986328125;14.74;-0.00347643811255693
14.75;0.00597734283655882;14.75;-0.00844371132552624
14.76;0.000995635986328125;14.76;0.00149083510041237
14.77;-0.00398607086390257;14.77;0.00645810831338167
14.78;0.000995635986328125;14.78;0.00149083510041237
14.79;0.000995635986328125;14.79;0.00149083510041237
14.8;-0.00398607086390257;14.8;0.00645810831338167
14.81;0.000995635986328125;14.81;-0.00347643811255693
14.82;0.00597734283655882;14.82;-0.00347643811255693
14.83;0.000995635986328125;14.83;-0.00347643811255693
14.84;0.00597734283655882;14.84;0.011425381526351
14.85;0.000995635986328125;14.85;-0.00844371132552624
14.86;-0.00398607086390257;14.86;0.00149083510041237
14.87;0.000995635986328125;14.87;0.00149083510041237
14.88;0.000995635986328125;14.88;-0.00347643811255693
14.89;0.000995635986328125;14.89;-0.00347643811255693
14.9;0.000995635986328125;14.9;0.00645810831338167
14.91;0.000995635986328125;14.91;-0.00844371132552624
14.92;-0.00398607086390257;14.92;0.00645810831338167
14.93;0.000995635986328125;14.93;0.00149083510041237
14.94;0.000995635986328125;14.94;0.00149083510041237
14.95;0.000995635986328125;14.95;-0.00347643811255693
14.96;0.000995635986328125;14.96;0.00645810831338167
14.97;0.000995635986328125;14.97;-0.00347643811255693
14.98;0.000995635986328125;14.98;-0.00844371132552624
14.99;0.000995635986328125;14.99;-0.0134109845384955
15;0.00597734283655882;15;0.00149083510041237
15.01;0.000995635986328125;15.01;-0.00844371132552624
15.02;0.00597734283655882;15.02;-0.0134109845384955
15.03;0.00597734283655882;15.03;0.00149083510041237
15.04;0.000995635986328125;15.04;0.00149083510041237
15.05;0.000995635986328125;15.05;-0.00844371132552624
15.06;0.000995635986328125;15.06;0.011425381526351
15.07;0.000995635986328125;15.07;0.00149083510041237
15.08;0.00597734283655882;15.08;0.00149083510041237
15.09;0.000995635986328125;15.09;-0.00844371132552624
15.1;0.000995635986328125;15.1;0.011425381526351
15.11;0.00597734283655882;15.11;0.011425381526351
15.12;-0.00398607086390257;15.12;-0.00844371132552624
15.13;0.000995635986328125;15.13;-0.00347643811255693
15.14;0.000995635986328125;15.14;0.00645810831338167
15.15;0.000995635986328125;15.15;0.00149083510041237
15.16;0.000995635986328125;15.16;0.00149083510041237
15.17;0.000995635986328125;15.17;-0.00844371132552624
15.18;0.000995635986328125;15.18;0.00645810831338167
15.19;0.00597734283655882;15.19;-0.00347643811255693
15.2;0.000995635986328125;15.2;0.00149083510041237
15.21;0.00597734283655882;15.21;-0.0134109845384955
15.22;0.000995635986328125;15.22;0.00149083510041237
15.23;0.00597734283655882;15.23;0.00149083510041237
15.24;0.000995635986328125;15.24;0.00149083510041237
15.25;0.000995635986328125;15.25;0.00149083510041237
15.26;0.000995635986328125;15.26;0.00149083510041237
15.27;0.000995635986328125;15.27;-0.00347643811255693
15.28;0.000995635986328125;15.28;0.00149083510041237
15.29;0.00597734283655882;15.29;0.00149083510041237
15.3;0.000995635986328125;15.3;-0.00347643811255693
15.31;0.000995635986328125;15.31;0.00149083510041237
15.32;0.000995635986328125;15.32;-0.0134109845384955
15.33;0.000995635986328125;15.33;-0.00844371132552624
15.34;0.000995635986328125;15.34;0.00149083510041237
15.35;0.000995635986328125;15.35;0.00645810831338167
15.36;0.000995635986328125;15.36;0.00645810831338167
15.37;0.000995635986328125;15.37;0.00645810831338167
15.38;0.000995635986328125;15.38;0.00149083510041237
15.39;0.000995635986328125;15.39;-0.00844371132552624
15.4;0.000995635986328125;15.4;0.00645810831338167
15.41;0.000995635986328125;15.41;0.00149083510041237
15.42;-0.00398607086390257;15.42;-0.00347643811255693
15.43;0.000995635986328125;15.43;0.00149083510041237
15.44;0.000995635986328125;15.44;0.00149083510041237
15.45;0.000995635986328125;15.45;0.00645810831338167
15.46;0.000995635986328125;15.46;0.00149083510041237
15.47;0.000995635986328125;15.47;0.00645810831338167
15.48;0.00597734283655882;15.48;0.00149083510041237
15.49;0.00597734283655882;15.49;-0.00347643811255693
15.5;0.000995635986328125;15.5;0.0263272011652589
15.51;0.000995635986328125;15.51;-0.00347643811255693
15.52;0.000995635986328125;15.52;-0.00347643811255693
15.53;-0.00896777771413326;15.53;0.00645810831338167
15.54;0.000995635986328125;15.54;0.00149083510041237
15.55;0.000995635986328125;15.55;0.00149083510041237
15.56;0.00597734283655882;15.56;0.00645810831338167
15.57;0.00597734283655882;15.57;0.011425381526351
15.58;-0.00398607086390257;15.58;0.00149083510041237
15.59;0.000995635986328125;15.59;-0.00844371132552624
15.6;0.000995635986328125;15.6;-0.00844371132552624
15.61;0.000995635986328125;15.61;-0.00844371132552624
15.62;-0.00398607086390257;15.62;0.00645810831338167
15.63;0.00597734283655882;15.63;-0.00347643811255693
15.64;0.00597734283655882;15.64;0.00149083510041237
15.65;0.000995635986328125;15.65;0.00149083510041237
15.66;0.00597734283655882;15.66;-0.00347643811255693
15.67;0.000995635986328125;15.67;0.00149083510041237
15.68;0.000995635986328125;15.68;-0.00347643811255693
15.69;0.00597734283655882;15.69;0.00149083510041237
15.7;0.000995635986328125;15.7;0.00645810831338167
15.71;0.000995635986328125;15.71;0.0163926547393203
15.72;0.00597734283655882;15.72;0.00149083510041237
15.73;0.00597734283655882;15.73;0.00149083510041237
15.74;0.000995635986328125;15.74;0.00645810831338167
15.75;0.00597734283655882;15.75;-0.00844371132552624
15.76;0.000995635986328125;15.76;0.00149083510041237
15.77;0.000995635986328125;15.77;-0.00347643811255693
15.78;0.000995635986328125;15.78;-0.00347643811255693
15.79;0.000995635986328125;15.79;0.00149083510041237
15.8;0.000995635986328125;15.8;0.00149083510041237
15.81;0.000995635986328125;15.81;0.00645810831338167
15.82;0.000995635986328125;15.82;-0.00844371132552624
15.83;0.00597734283655882;15.83;0.00149083510041237
15.84;0.000995635986328125;15.84;0.00149083510041237
15.85;0.000995635986328125;15.85;-0.00347643811255693
15.86;0.000995635986328125;15.86;-0.00347643811255693
15.87;0.000995635986328125;15.87;0.00149083510041237
15.88;0.000995635986328125;15.88;0.00149083510041237
15.89;0.00597734283655882;15.89;-0.00844371132552624
15.9;0.000995635986328125;15.9;0.00149083510041237
15.91;0.000995635986328125;15.91;-0.00347643811255693
15.92;0.000995635986328125;15.92;0.00645810831338167
15.93;0.000995635986328125;15.93;-0.00347643811255693
15.94;0.000995635986328125;15.94;0.00149083510041237
15.95;0.000995635986328125;15.95;-0.00347643811255693
15.96;0.000995635986328125;15.96;-0.00347643811255693
15.97;0.000995635986328125;15.97;0.00149083510041237
15.98;0.000995635986328125;15.98;-0.00844371132552624
15.99;0.00597734283655882;15.99;0.00149083510041237
16;0.000995635986328125;16;0.00149083510041237
16.01;0.000995635986328125;16.01;0.00149083510041237
16.02;-0.00398607086390257;16.02;-0.00347643811255693
16.03;0.000995635986328125;16.03;0.00149083510041237
16.04;0.000995635986328125;16.04;-0.00347643811255693
16.05;0.000995635986328125;16.05;-0.00347643811255693
16.06;0.00597734283655882;16.06;0.0163926547393203
16.07;0.000995635986328125;16.07;-0.00844371132552624
16.08;0.000995635986328125;16.08;0.00149083510041237
16.09;0.000995635986328125;16.09;0.00149083510041237
16.1;0.00597734283655882;16.1;-0.00844371132552624
16.11;0.000995635986328125;16.11;0.00149083510041237
16.12;0.000995635986328125;16.12;0.00645810831338167
16.13;0.000995635986328125;16.13;0.00645810831338167
16.14;0.000995635986328125;16.14;0.00149083510041237
16.15;0.000995635986328125;16.15;-0.00347643811255693
16.16;0.000995635986328125;16.16;0.00149083510041237
16.17;0.000995635986328125;16.17;-0.00347643811255693
16.18;0.000995635986328125;16.18;-0.00347643811255693
16.19;0.000995635986328125;16.19;-0.00347643811255693
16.2;0.000995635986328125;16.2;-0.00347643811255693
16.21;0.0109590496867895;16.21;0.00149083510041237
16.22;0.000995635986328125;16.22;-0.00347643811255693
16.23;0.000995635986328125;16.23;-0.00347643811255693
16.24;0.000995635986328125;16.24;0.00645810831338167
16.25;0.000995635986328125;16.25;0.00645810831338167
16.26;0.000995635986328125;16.26;-0.00347643811255693
16.27;0.000995635986328125;16.27;-0.00347643811255693
16.28;0.000995635986328125;16.28;-0.0134109845384955
16.29;0.000995635986328125;16.29;-0.00347643811255693
16.3;0.000995635986328125;16.3;0.00149083510041237
16.31;0.000995635986328125;16.31;-0.00347643811255693
16.32;0.00597734283655882;16.32;0.00149083510041237
16.33;0.000995635986328125;16.33;0.00149083510041237
16.34;0.000995635986328125;16.34;-0.00844371132552624
16.35;0.00597734283655882;16.35;-0.0134109845384955
16.36;0.000995635986328125;16.36;0.00149083510041237
16.37;0.000995635986328125;16.37;-0.00844371132552624
16.38;0.000995635986328125;16.38;-0.00347643811255693
16.39;0.000995635986328125;16.39;-0.00347643811255693
16.4;0.000995635986328125;16.4;-0.00347643811255693
16.41;-0.00398607086390257;16.41;0.00645810831338167
16.42;0.000995635986328125;16.42;0.00149083510041237
16.43;0.000995635986328125;16.43;0.00645810831338167
16.44;0.000995635986328125;16.44;-0.0183782577514648
16.45;0.000995635986328125;16.45;0.011425381526351
16.46;0.000995635986328125;16.46;0.011425381526351
16.47;0.000995635986328125;16.47;0.011425381526351
16.48;0.000995635986328125;16.48;0.00149083510041237
16.49;0.00597734283655882;16.49;0.0163926547393203
16.5;0.000995635986328125;16.5;-0.00347643811255693
16.51;0.000995635986328125;16.51;-0.0233455309644341
16.52;-0.00398607086390257;16.52;0.00149083510041237
16.53;0.00597734283655882;16.53;0.00149083510041237
16.54;0.000995635986328125;16.54;0.00149083510041237
16.55;0.00597734283655882;16.55;-0.0183782577514648
16.56;0.000995635986328125;16.56;-0.00347643811255693
16.57;0.00597734283655882;16.57;-0.00347643811255693
16.58;-0.00398607086390257;16.58;0.00645810831338167
16.59;0.000995635986328125;16.59;0.00149083510041237
16.6;0.000995635986328125;16.6;0.00149083510041237
16.61;0.000995635986328125;16.61;0.00149083510041237
16.62;0.000995635986328125;16.62;-0.0183782577514648
16.63;0.000995635986328125;16.63;0.00149083510041237
16.64;0.000995635986328125;16.64;0.00645810831338167
16.65;0.000995635986328125;16.65;0.00149083510041237
16.66;0.000995635986328125;16.66;-0.00347643811255693
16.67;0.000995635986328125;16.67;-0.0183782577514648
16.68;0.000995635986328125;16.68;-0.00347643811255693
16.69;0.000995635986328125;16.69;0.00645810831338167
16.7;0.000995635986328125;16.7;0.00645810831338167
16.71;0.000995635986328125;16.71;-0.00347643811255693
16.72;0.000995635986328125;16.72;-0.00347643811255693
16.73;-0.00398607086390257;16.73;0.00149083510041237
16.74;0.000995635986328125;16.74;0.00645810831338167
16.75;0.00597734283655882;16.75;0.00149083510041237
16.76;0.000995635986328125;16.76;-0.00347643811255693
16.77;0.00597734283655882;16.77;0.00149083510041237
16.78;0.000995635986328125;16.78;0.00149083510041237
16.79;0.000995635986328125;16.79;-0.00347643811255693
16.8;0.000995635986328125;16.8;0.00149083510041237
16.81;0.00597734283655882;16.81;0.00645810831338167
16.82;0.00597734283655882;16.82;-0.0233455309644341
16.83;0.000995635986328125;16.83;0.011425381526351
16.84;0.000995635986328125;16.84;-0.0134109845384955
16.85;0.000995635986328125;16.85;0.00149083510041237
16.86;0.000995635986328125;16.86;-0.00347643811255693
16.87;0.00597734283655882;16.87;-0.00844371132552624
16.88;0.00597734283655882;16.88;0.011425381526351
16.89;0.000995635986328125;16.89;-0.00347643811255693
16.9;0.000995635986328125;16.9;-0.00347643811255693
16.91;-0.00398607086390257;16.91;0.00149083510041237
16.92;0.000995635986328125;16.92;0.00149083510041237
16.93;0.00597734283655882;16.93;-0.0134109845384955
16.94;0.000995635986328125;16.94;0.00149083510041237
16.95;0.000995635986328125;16.95;-0.00844371132552624
16.96;0.000995635986328125;16.96;-0.00347643811255693
16.97;0.000995635986328125;16.97;-0.00844371132552624
16.98;-0.00398607086390257;16.98;0.00645810831338167
16.99;0.000995635986328125;16.99;0.00149083510041237
17;0.00597734283655882;17;-0.00844371132552624
17.01;0.000995635986328125;17.01;-0.00347643811255693
17.02;0.00597734283655882;17.02;0.011425381526351
17.03;0.00597734283655882;17.03;-0.00347643811255693
17.04;0.000995635986328125;17.04;-0.00347643811255693
17.05;0.00597734283655882;17.05;-0.0183782577514648
17.06;0.00597734283655882;17.06;0.00149083510041237
17.07;0.000995635986328125;17.07;-0.0134109845384955
17.08;0.000995635986328125;17.08;-0.00347643811255693
17.09;0.000995635986328125;17.09;-0.00347643811255693
17.1;0.000995635986328125;17.1;0.00149083510041237
17.11;0.000995635986328125;17.11;-0.00844371132552624
17.12;0.000995635986328125;17.12;-0.00844371132552624
17.13;0.000995635986328125;17.13;0.0163926547393203
17.14;0.000995635986328125;17.14;-0.00347643811255693
17.15;0.000995635986328125;17.15;0.00149083510041237
17.16;0.000995635986328125;17.16;-0.00347643811255693
17.17;0.00597734283655882;17.17;0.00149083510041237
17.18;-0.00398607086390257;17.18;0.00149083510041237
17.19;0.000995635986328125;17.19;0.00149083510041237
17.2;0.00597734283655882;17.2;-0.0134109845384955
17.21;0.000995635986328125;17.21;0.00645810831338167
17.22;0.000995635986328125;17.22;-0.00347643811255693
17.23;0.000995635986328125;17.23;0.00149083510041237
17.24;0.000995635986328125;17.24;0.011425381526351
17.25;0.000995635986328125;17.25;-0.00347643811255693
17.26;0.000995635986328125;17.26;0.00645810831338167
17.27;0.000995635986328125;17.27;-0.00844371132552624
17.28;0.000995635986328125;17.28;0.00149083510041237
17.29;-0.00398607086390257;17.29;0.00149083510041237
17.3;0.000995635986328125;17.3;0.0263272011652589
17.31;0.000995635986328125;17.31;-0.0233455309644341
17.32;0.000995635986328125;17.32;-0.00347643811255693
17.33;0.000995635986328125;17.33;0.00645810831338167
17.34;0.00597734283655882;17.34;-0.00347643811255693
17.35;-0.00398607086390257;17.35;0.00645810831338167
17.36;0.000995635986328125;17.36;0.00149083510041237
17.37;0.000995635986328125;17.37;0.00149083510041237
17.38;0.00597734283655882;17.38;0.00149083510041237
17.39;0.000995635986328125;17.39;-0.00347643811255693
17.4;0.000995635986328125;17.4;-0.00347643811255693
17.41;0.000995635986328125;17.41;0.00149083510041237
17.42;0.000995635986328125;17.42;-0.0134109845384955
17.43;0.000995635986328125;17.43;0.00149083510041237
17.44;0.000995635986328125;17.44;0.011425381526351
17.45;0.000995635986328125;17.45;0.00645810831338167
17.46;0.000995635986328125;17.46;0.00149083510041237
17.47;0.000995635986328125;17.47;-0.00347643811255693
17.48;0.00597734283655882;17.48;0.011425381526351
17.49;0.00597734283655882;17.49;-0.00844371132552624
17.5;0.00597734283655882;17.5;0.0163926547393203
17.51;0.00597734283655882;17.51;-0.0134109845384955
17.52;0.000995635986328125;17.52;0.00149083510041237
17.53;0.000995635986328125;17.53;-0.00347643811255693
17.54;0.00597734283655882;17.54;0.00149083510041237
17.55;0.000995635986328125;17.55;0.00149083510041237
17.56;0.000995635986328125;17.56;-0.00347643811255693
17.57;0.00597734283655882;17.57;0.00149083510041237
17.58;0.000995635986328125;17.58;0.0213599279522896
17.59;0.000995635986328125;17.59;0.00149083510041237
17.6;0.00597734283655882;17.6;0.00645810831338167
17.61;0.000995635986328125;17.61;-0.00347643811255693
17.62;0.000995635986328125;17.62;-0.00844371132552624
17.63;0.000995635986328125;17.63;-0.00347643811255693
17.64;0.00597734283655882;17.64;0.00645810831338167
17.65;0.00597734283655882;17.65;0.00149083510041237
17.66;-0.00398607086390257;17.66;0.00645810831338167
17.67;0.000995635986328125;17.67;-0.00347643811255693
17.68;0.00597734283655882;17.68;0.00149083510041237
17.69;0.000995635986328125;17.69;0.00645810831338167
17.7;0.000995635986328125;17.7;0.00149083510041237
17.71;0.000995635986328125;17.71;-0.00347643811255693
17.72;0.000995635986328125;17.72;0.00149083510041237
17.73;-0.00398607086390257;17.73;0.011425381526351
17.74;0.00597734283655882;17.74;-0.00347643811255693
17.75;0.00597734283655882;17.75;0.00149083510041237
17.76;0.000995635986328125;17.76;0.00149083510041237
17.77;0.00597734283655882;17.77;0.00149083510041237
17.78;0.000995635986328125;17.78;-0.00347643811255693
17.79;0.000995635986328125;17.79;-0.00347643811255693
17.8;0.000995635986328125;17.8;-0.00844371132552624
17.81;0.00597734283655882;17.81;-0.00347643811255693
17.82;0.000995635986328125;17.82;0.00149083510041237
17.83;0.000995635986328125;17.83;0.00149083510041237
17.84;0.000995635986328125;17.84;-0.0134109845384955
17.85;0.000995635986328125;17.85;-0.00347643811255693
17.86;0.00597734283655882;17.86;-0.00347643811255693
17.87;0.00597734283655882;17.87;0.00645810831338167
17.88;0.00597734283655882;17.88;-0.00347643811255693
17.89;0.000995635986328125;17.89;0.011425381526351
17.9;0.00597734283655882;17.9;0.00149083510041237
17.91;0.000995635986328125;17.91;0.00645810831338167
17.92;0.000995635986328125;17.92;-0.00844371132552624
17.93;0.000995635986328125;17.93;-0.0134109845384955
17.94;0.000995635986328125;17.94;-0.00347643811255693
17.95;0.000995635986328125;17.95;-0.00347643811255693
17.96;0.000995635986328125;17.96;0.00149083510041237
17.97;0.00597734283655882;17.97;0.00645810831338167
17.98;0.000995635986328125;17.98;-0.00347643811255693
17.99;0.000995635986328125;17.99;-0.00844371132552624
18;0.000995635986328125;18;0.00645810831338167
18.01;0.000995635986328125;18.01;-0.00347643811255693
18.02;0.00597734283655882;18.02;0.011425381526351
18.03;-0.00398607086390257;18.03;0.00149083510041237
18.04;-0.00398607086390257;18.04;0.00149083510041237
18.05;0.00597734283655882;18.05;0.00645810831338167
18.06;0.00597734283655882;18.06;-0.00347643811255693
18.07;0.000995635986328125;18.07;-0.00347643811255693
18.08;0.000995635986328125;18.08;0.0163926547393203
18.09;0.000995635986328125;18.09;0.011425381526351
18.1;0.000995635986328125;18.1;0.00149083510041237
18.11;0.000995635986328125;18.11;-0.00347643811255693
18.12;0.000995635986328125;18.12;0.0163926547393203
18.13;0.000995635986328125;18.13;-0.00347643811255693
18.14;0.000995635986328125;18.14;-0.00347643811255693
18.15;0.00597734283655882;18.15;0.00149083510041237
18.16;0.000995635986328125;18.16;-0.00347643811255693
18.17;0.000995635986328125;18.17;-0.0134109845384955
18.18;0.000995635986328125;18.18;-0.00347643811255693
18.19;0.000995635986328125;18.19;0.00149083510041237
18.2;0.000995635986328125;18.2;0.00149083510041237
18.21;0.00597734283655882;18.21;0.011425381526351
18.22;0.00597734283655882;18.22;0.00149083510041237
18.23;0.000995635986328125;18.23;0.0163926547393203
18.24;0.000995635986328125;18.24;0.00149083510041237
18.25;0.000995635986328125;18.25;0.011425381526351
18.26;0.0109590496867895;18.26;-0.00347643811255693
18.27;0.00597734283655882;18.27;0.00149083510041237
18.28;0.000995635986328125;18.28;0.00149083510041237
18.29;0.000995635986328125;18.29;0.00645810831338167
18.3;0.000995635986328125;18.3;0.00149083510041237
18.31;0.000995635986328125;18.31;-0.00844371132552624
18.32;0.000995635986328125;18.32;0.00149083510041237
18.33;0.000995635986328125;18.33;-0.00347643811255693
18.34;0.000995635986328125;18.34;0.00645810831338167
18.35;0.000995635986328125;18.35;-0.00347643811255693
18.36;0.000995635986328125;18.36;0.00645810831338167
18.37;0.00597734283655882;18.37;-0.00347643811255693
18.38;0.000995635986328125;18.38;-0.00347643811255693
18.39;0.000995635986328125;18.39;0.00149083510041237
18.4;0.000995635986328125;18.4;0.00149083510041237
18.41;0.00597734283655882;18.41;0.00149083510041237
18.42;0.000995635986328125;18.42;0.00645810831338167
18.43;0.000995635986328125;18.43;0.00149083510041237
18.44;0.000995635986328125;18.44;-0.00347643811255693
18.45;0.000995635986328125;18.45;-0.00347643811255693
18.46;-0.00398607086390257;18.46;-0.0134109845384955
18.47;0.000995635986328125;18.47;-0.00844371132552624
18.48;0.00597734283655882;18.48;-0.00347643811255693
18.49;0.000995635986328125;18.49;-0.00347643811255693
18.5;0.00597734283655882;18.5;-0.00347643811255693
18.51;0.000995635986328125;18.51;0.00149083510041237
18.52;0.000995635986328125;18.52;0.00645810831338167
18.53;0.000995635986328125;18.53;0.00149083510041237
18.54;0.000995635986328125;18.54;-0.00347643811255693
18.55;0.000995635986328125;18.55;0.00149083510041237
18.56;0.000995635986328125;18.56;0.00149083510041237
18.57;0.00597734283655882;18.57;-0.00347643811255693
18.58;0.00597734283655882;18.58;-0.00347643811255693
18.59;0.000995635986328125;18.59;0.00645810831338167
18.6;0.000995635986328125;18.6;-0.00347643811255693
18.61;0.000995635986328125;18.61;0.00149083510041237
18.62;0.00597734283655882;18.62;0.00645810831338167
18.63;0.000995635986328125;18.63;-0.00347643811255693
18.64;0.00597734283655882;18.64;-0.00347643811255693
18.65;0.000995635986328125;18.65;0.00149083510041237
18.66;0.000995635986328125;18.66;0.00149083510041237
18.67;0.0109590496867895;18.67;-0.00347643811255693
18.68;0.000995635986328125;18.68;0.00149083510041237
18.69;0.000995635986328125;18.69;-0.00347643811255693
18.7;0.000995635986328125;18.7;0.00149083510041237
18.71;0.000995635986328125;18.71;-0.00347643811255693
18.72;0.00597734283655882;18.72;0.00149083510041237
18.73;0.00597734283655882;18.73;-0.0183782577514648
18.74;0.000995635986328125;18.74;0.00645810831338167
18.75;0.000995635986328125;18.75;-0.0134109845384955
18.76;0.000995635986328125;18.76;-0.00347643811255693
18.77;0.000995635986328125;18.77;0.00149083510041237
18.78;0.00597734283655882;18.78;-0.00347643811255693
18.79;0.000995635986328125;18.79;-0.00347643811255693
18.8;0.000995635986328125;18.8;0.00645810831338167
18.81;0.000995635986328125;18.81;0.00149083510041237
18.82;0.000995635986328125;18.82;0.00149083510041237
18.83;0.000995635986328125;18.83;-0.00844371132552624
18.84;0.000995635986328125;18.84;0.00149083510041237
18.85;0.000995635986328125;18.85;-0.00844371132552624
18.86;0.000995635986328125;18.86;0.00149083510041237
18.87;0.000995635986328125;18.87;-0.00347643811255693
18.88;0.000995635986328125;18.88;-0.00844371132552624
18.89;0.000995635986328125;18.89;-0.00347643811255693
18.9;0.000995635986328125;18.9;0.00645810831338167
18.91;0.000995635986328125;18.91;0.00149083510041237
18.92;0.00597734283655882;18.92;0.00149083510041237
18.93;0.000995635986328125;18.93;-0.00347643811255693
18.94;0.000995635986328125;18.94;-0.00844371132552624
18.95;0.000995635986328125;18.95;-0.00844371132552624
18.96;0.00597734283655882;18.96;-0.00844371132552624
18.97;0.000995635986328125;18.97;0.00149083510041237
18.98;0.00597734283655882;18.98;0.00645810831338167
18.99;0.00597734283655882;18.99;0.00149083510041237
19;-0.00398607086390257;19;0.00149083510041237
19.01;0.00597734283655882;19.01;0.00645810831338167
19.02;0.000995635986328125;19.02;0.00149083510041237
19.03;0.000995635986328125;19.03;-0.00844371132552624
19.04;0.000995635986328125;19.04;-0.00347643811255693
19.05;0.000995635986328125;19.05;-0.00844371132552624
19.06;0.000995635986328125;19.06;0.00149083510041237
19.07;0.000995635986328125;19.07;0.00149083510041237
19.08;0.00597734283655882;19.08;-0.00844371132552624
19.09;0.00597734283655882;19.09;-0.00347643811255693
19.1;0.00597734283655882;19.1;-0.00347643811255693
19.11;0.000995635986328125;19.11;0.00149083510041237
19.12;0.000995635986328125;19.12;-0.00844371132552624
19.13;0.000995635986328125;19.13;0.00149083510041237
19.14;0.000995635986328125;19.14;-0.00347643811255693
19.15;0.000995635986328125;19.15;0.00149083510041237
19.16;0.00597734283655882;19.16;0.00149083510041237
19.17;0.000995635986328125;19.17;-0.00844371132552624
19.18;0.000995635986328125;19.18;0.00149083510041237
19.19;0.000995635986328125;19.19;-0.00844371132552624
19.2;0.000995635986328125;19.2;0.00149083510041237
19.21;0.000995635986328125;19.21;-0.00347643811255693
19.22;0.000995635986328125;19.22;0.00149083510041237
19.23;0.000995635986328125;19.23;0.0263272011652589
19.24;0.000995635986328125;19.24;0.00645810831338167
19.25;0.000995635986328125;19.25;-0.0134109845384955
19.26;0.000995635986328125;19.26;0.00149083510041237
19.27;0.000995635986328125;19.27;-0.00844371132552624
19.28;0.00597734283655882;19.28;0.00149083510041237
19.29;0.000995635986328125;19.29;-0.00347643811255693
19.3;0.000995635986328125;19.3;0.0163926547393203
19.31;0.000995635986328125;19.31;-0.00347643811255693
19.32;0.00597734283655882;19.32;0.00645810831338167
19.33;0.000995635986328125;19.33;0.011425381526351
19.34;-0.00896777771413326;19.34;0.011425381526351
19.35;0.000995635986328125;19.35;-0.00347643811255693
19.36;0.000995635986328125;19.36;-0.00347643811255693
19.37;0.000995635986328125;19.37;0.00645810831338167
19.38;0.00597734283655882;19.38;0.00149083510041237
19.39;0.000995635986328125;19.39;0.00149083510041237
19.4;0.000995635986328125;19.4;-0.0134109845384955
19.41;0.000995635986328125;19.41;-0.00844371132552624
19.42;0.000995635986328125;19.42;0.00645810831338167
19.43;0.000995635986328125;19.43;0.00149083510041237
19.44;0.000995635986328125;19.44;0.00149083510041237
19.45;0.000995635986328125;19.45;-0.00347643811255693
19.46;0.000995635986328125;19.46;0.00645810831338167
19.47;0.000995635986328125;19.47;0.00149083510041237
19.48;0.000995635986328125;19.48;0.00149083510041237
19.49;0.000995635986328125;19.49;0.00149083510041237
19.5;0.000995635986328125;19.5;0.00149083510041237
19.51;0.000995635986328125;19.51;-0.00844371132552624
19.52;0.000995635986328125;19.52;0.00149083510041237
19.53;0.000995635986328125;19.53;0.00149083510041237
19.54;0.00597734283655882;19.54;0.011425381526351
19.55;0.000995635986328125;19.55;-0.00347643811255693
19.56;0.00597734283655882;19.56;0.00149083510041237
19.57;0.000995635986328125;19.57;0.00149083510041237
19.58;0.000995635986328125;19.58;-0.00844371132552624
19.59;0.000995635986328125;19.59;-0.00347643811255693
19.6;0.000995635986328125;19.6;0.00149083510041237
19.61;0.00597734283655882;19.61;-0.0283128041774035
19.62;0.00597734283655882;19.62;0.00149083510041237
19.63;0.00597734283655882;19.63;0.011425381526351
19.64;-0.00398607086390257;19.64;-0.00347643811255693
19.65;0.000995635986328125;19.65;0.00149083510041237
19.66;-0.00398607086390257;19.66;0.00149083510041237
19.67;0.000995635986328125;19.67;-0.00347643811255693
19.68;0.000995635986328125;19.68;0.00149083510041237
19.69;0.000995635986328125;19.69;-0.00347643811255693
19.7;0.000995635986328125;19.7;0.00149083510041237
19.71;0.00597734283655882;19.71;0.0312944743782282
19.72;0.00597734283655882;19.72;-0.00347643811255693
19.73;0.000995635986328125;19.73;-0.00347643811255693
19.74;0.000995635986328125;19.74;0.00149083510041237
19.75;0.000995635986328125;19.75;0.00149083510041237
19.76;0.00597734283655882;19.76;-0.00347643811255693
19.77;0.000995635986328125;19.77;-0.00347643811255693
19.78;0.000995635986328125;19.78;0.00149083510041237
19.79;0.00597734283655882;19.79;0.00149083510041237
19.8;0.00597734283655882;19.8;-0.00347643811255693
19.81;0.000995635986328125;19.81;-0.0134109845384955
19.82;0.000995635986328125;19.82;0.00149083510041237
19.83;0.00597734283655882;19.83;0.00149083510041237
19.84;0.000995635986328125;19.84;0.00149083510041237
19.85;0.000995635986328125;19.85;-0.00347643811255693
19.86;0.000995635986328125;19.86;-0.00347643811255693
19.87;0.000995635986328125;19.87;0.00149083510041237
19.88;0.000995635986328125;19.88;-0.00844371132552624
19.89;0.000995635986328125;19.89;0.00149083510041237
19.9;0.00597734283655882;19.9;0.00149083510041237
19.91;0.000995635986328125;19.91;-0.0233455309644341
19.92;-0.00398607086390257;19.92;0.00149083510041237
19.93;0.00597734283655882;19.93;-0.00347643811255693
19.94;0.000995635986328125;19.94;0.00149083510041237
19.95;0.000995635986328125;19.95;0.00645810831338167
19.96;0.000995635986328125;19.96;0.00149083510041237
19.97;0.000995635986328125;19.97;0.00149083510041237
19.98;0.000995635986328125;19.98;0.00149083510041237
19.99;-0.00398607086390257;19.99;-0.00844371132552624
