ISO-10303-21;
HEADER;
FILE_DESCRIPTION (( 'STEP AP203' ),
    '1' );
FILE_NAME ('Axial_1.STEP',
    '2026-02-25T17:50:29',
    ( '' ),
    ( '' ),
    'SwSTEP 2.0',
    'SolidWorks 2025',
    '' );
FILE_SCHEMA (( 'CONFIG_CONTROL_DESIGN' ));
ENDSEC;

DATA;
#1 = CIRCLE ( 'NONE', #393, 5.500000000000001776 ) ;
#2 = CIRCLE ( 'NONE', #353, 5.499999999999998224 ) ;
#3 = ORIENTED_EDGE ( 'NONE', *, *, #2463, .F. ) ;
#4 = PLANE ( 'NONE',  #138 ) ;
#5 = CIRCLE ( 'NONE', #141, 5.499999999999998224 ) ;
#6 = CARTESIAN_POINT ( 'NONE',  ( 8.000000000000000000, 14.14213562373084088, -8.642135623730988314 ) ) ;
#7 = DIRECTION ( 'NONE',  ( 1.000000000000000000, -0.000000000000000000, -0.000000000000000000 ) ) ;
#8 = CYLINDRICAL_SURFACE ( 'NONE', #78, 5.499999999999998224 ) ;
#9 = ORIENTED_EDGE ( 'NONE', *, *, #2397, .T. ) ;
#10 = ORIENTED_EDGE ( 'NONE', *, *, #533, .F. ) ;
#11 = FACE_OUTER_BOUND ( 'NONE', #2374, .T. ) ;
#12 = EDGE_CURVE ( 'NONE', #1614, #1612, #13, .T. ) ;
#13 = CIRCLE ( 'NONE', #2298, 15.00000000000000000 ) ;
#14 = ORIENTED_EDGE ( 'NONE', *, *, #2442, .F. ) ;
#15 = VECTOR ( 'NONE', #1344, 1000.000000000000000 ) ;
#16 = DIRECTION ( 'NONE',  ( 0.000000000000000000, 0.000000000000000000, -1.000000000000000000 ) ) ;
#17 = VERTEX_POINT ( 'NONE', #275 ) ;
#18 = DIRECTION ( 'NONE',  ( 0.000000000000000000, 0.000000000000000000, -1.000000000000000000 ) ) ;
#19 = EDGE_CURVE ( 'NONE', #1984, #915, #621, .T. ) ;
#20 = CARTESIAN_POINT ( 'NONE',  ( 10.00000000000000000, 4.898587196589413026E-15, -40.00000000000000000 ) ) ;
#21 = ORIENTED_EDGE ( 'NONE', *, *, #817, .T. ) ;
#22 = DIRECTION ( 'NONE',  ( 0.000000000000000000, 0.000000000000000000, -1.000000000000000000 ) ) ;
#23 = CARTESIAN_POINT ( 'NONE',  ( 8.000000000000000000, 12.24586983568289789, 29.56414504036117563 ) ) ;
#24 = ORIENTED_EDGE ( 'NONE', *, *, #2155, .T. ) ;
#25 = ORIENTED_EDGE ( 'NONE', *, *, #688, .F. ) ;
#26 = DIRECTION ( 'NONE',  ( 0.000000000000000000, 0.000000000000000000, -1.000000000000000000 ) ) ;
#27 = AXIS2_PLACEMENT_3D ( 'NONE', #893, #1040, #2096 ) ;
#28 = ORIENTED_EDGE ( 'NONE', *, *, #261, .T. ) ;
#29 = DIRECTION ( 'NONE',  ( 1.000000000000000000, 0.000000000000000000, 0.000000000000000000 ) ) ;
#30 = EDGE_CURVE ( 'NONE', #341, #1579, #148, .T. ) ;
#31 = CIRCLE ( 'NONE', #719, 5.499999999999998224 ) ;
#32 = DIRECTION ( 'NONE',  ( 0.000000000000000000, 0.000000000000000000, -1.000000000000000000 ) ) ;
#33 = FACE_OUTER_BOUND ( 'NONE', #1668, .T. ) ;
#34 = CARTESIAN_POINT ( 'NONE',  ( 8.000000000000000000, 0.000000000000000000, 32.00000000000000000 ) ) ;
#35 = CARTESIAN_POINT ( 'NONE',  ( 10.00000000000000000, -5.766036737468789654E-14, -2.999999999999952482 ) ) ;
#36 = EDGE_LOOP ( 'NONE', ( #960, #2030 ) ) ;
#37 = AXIS2_PLACEMENT_3D ( 'NONE', #567, #2373, #1359 ) ;
#38 = EDGE_LOOP ( 'NONE', ( #1394, #2466 ) ) ;
#39 = CARTESIAN_POINT ( 'NONE',  ( 10.00000000000000000, 19.99999999999995026, 5.499999999999929834 ) ) ;
#40 = EDGE_CURVE ( 'NONE', #551, #1171, #1478, .T. ) ;
#41 = CIRCLE ( 'NONE', #80, 5.500000000000000888 ) ;
#42 = EDGE_LOOP ( 'NONE', ( #248, #2516, #1794, #855 ) ) ;
#43 = FACE_OUTER_BOUND ( 'NONE', #1180, .T. ) ;
#44 = FACE_OUTER_BOUND ( 'NONE', #134, .T. ) ;
#45 = ORIENTED_EDGE ( 'NONE', *, *, #1131, .T. ) ;
#46 = CARTESIAN_POINT ( 'NONE',  ( 10.00000000000000000, -12.24586983568310572, -24.06414504036107616 ) ) ;
#47 = FACE_OUTER_BOUND ( 'NONE', #1470, .T. ) ;
#48 = ORIENTED_EDGE ( 'NONE', *, *, #2307, .F. ) ;
#49 = ORIENTED_EDGE ( 'NONE', *, *, #292, .T. ) ;
#50 = FACE_OUTER_BOUND ( 'NONE', #1375, .T. ) ;
#51 = EDGE_CURVE ( 'NONE', #1528, #1133, #2090, .T. ) ;
#52 = ADVANCED_FACE ( 'NONE', ( #846 ), #1276, .F. ) ;
#53 = DIRECTION ( 'NONE',  ( 0.000000000000000000, 0.000000000000000000, -1.000000000000000000 ) ) ;
#54 = DIRECTION ( 'NONE',  ( 0.000000000000000000, 0.000000000000000000, -1.000000000000000000 ) ) ;
#55 = LINE ( 'NONE', #2088, #210 ) ;
#56 = VERTEX_POINT ( 'NONE', #1264 ) ;
#57 = FACE_OUTER_BOUND ( 'NONE', #1206, .T. ) ;
#58 = CARTESIAN_POINT ( 'NONE',  ( 8.000000000000000000, -1.021259646113993889E-15, 2.999999999999952482 ) ) ;
#59 = AXIS2_PLACEMENT_3D ( 'NONE', #566, #2386, #2597 ) ;
#60 = VERTEX_POINT ( 'NONE', #2078 ) ;
#61 = DIRECTION ( 'NONE',  ( 0.000000000000000000, 0.000000000000000000, -1.000000000000000000 ) ) ;
#62 = ORIENTED_EDGE ( 'NONE', *, *, #457, .T. ) ;
#63 = AXIS2_PLACEMENT_3D ( 'NONE', #1874, #649, #2495 ) ;
#64 = CIRCLE ( 'NONE', #1123, 5.499999999999998224 ) ;
#65 = DIRECTION ( 'NONE',  ( 1.000000000000000000, -0.000000000000000000, -0.000000000000000000 ) ) ;
#66 = AXIS2_PLACEMENT_3D ( 'NONE', #2444, #1035, #633 ) ;
#67 = DIRECTION ( 'NONE',  ( 1.000000000000000000, -0.000000000000000000, -0.000000000000000000 ) ) ;
#68 = EDGE_LOOP ( 'NONE', ( #308, #1012, #1229, #773 ) ) ;
#69 = CARTESIAN_POINT ( 'NONE',  ( 8.000000000000000000, -29.56414504036104773, 12.24586983568319454 ) ) ;
#70 = DIRECTION ( 'NONE',  ( 0.000000000000000000, 0.000000000000000000, -1.000000000000000000 ) ) ;
#71 = EDGE_CURVE ( 'NONE', #1931, #1183, #55, .T. ) ;
#72 = CC_DESIGN_PERSON_AND_ORGANIZATION_ASSIGNMENT ( #128, #1944, ( #108 ) ) ;
#73 = AXIS2_PLACEMENT_3D ( 'NONE', #1070, #1918, #1148 ) ;
#74 = ORIENTED_EDGE ( 'NONE', *, *, #1686, .T. ) ;
#75 = DIRECTION ( 'NONE',  ( 0.000000000000000000, 0.000000000000000000, -1.000000000000000000 ) ) ;
#76 = CIRCLE ( 'NONE', #424, 5.500000000000001776 ) ;
#77 = DIRECTION ( 'NONE',  ( 0.000000000000000000, 0.000000000000000000, -1.000000000000000000 ) ) ;
#78 = AXIS2_PLACEMENT_3D ( 'NONE', #800, #779, #584 ) ;
#79 = CIRCLE ( 'NONE', #1227, 5.499999999999998224 ) ;
#80 = AXIS2_PLACEMENT_3D ( 'NONE', #170, #950, #1748 ) ;
#81 = FACE_OUTER_BOUND ( 'NONE', #2376, .T. ) ;
#82 = CYLINDRICAL_SURFACE ( 'NONE', #1407, 5.500000000000000888 ) ;
#83 = ORIENTED_EDGE ( 'NONE', *, *, #2496, .F. ) ;
#84 = DIRECTION ( 'NONE',  ( 1.000000000000000000, 0.000000000000000000, 0.000000000000000000 ) ) ;
#85 = DIRECTION ( 'NONE',  ( 0.000000000000000000, 0.000000000000000000, -1.000000000000000000 ) ) ;
#86 = ORIENTED_EDGE ( 'NONE', *, *, #2159, .F. ) ;
#87 = VECTOR ( 'NONE', #1476, 1000.000000000000000 ) ;
#88 = ADVANCED_FACE ( 'NONE', ( #264 ), #2498, .T. ) ;
#89 = ORIENTED_EDGE ( 'NONE', *, *, #1016, .T. ) ;
#90 = DIRECTION ( 'NONE',  ( 1.000000000000000000, -0.000000000000000000, -0.000000000000000000 ) ) ;
#91 = AXIS2_PLACEMENT_3D ( 'NONE', #136, #508, #928 ) ;
#92 = ORIENTED_EDGE ( 'NONE', *, *, #1602, .T. ) ;
#93 = DIRECTION ( 'NONE',  ( 0.000000000000000000, 0.000000000000000000, -1.000000000000000000 ) ) ;
#94 = EDGE_CURVE ( 'NONE', #1782, #836, #1452, .T. ) ;
#95 = DIRECTION ( 'NONE',  ( 1.000000000000000000, 0.000000000000000000, 0.000000000000000000 ) ) ;
#96 = PLANE ( 'NONE',  #422 ) ;
#97 = VERTEX_POINT ( 'NONE', #1682 ) ;
#98 = DIRECTION ( 'NONE',  ( -1.000000000000000000, 0.000000000000000000, 0.000000000000000000 ) ) ;
#99 = CARTESIAN_POINT ( 'NONE',  ( 8.000000000000000000, -31.99999999999999289, 5.500000000000333955 ) ) ;
#100 = ORIENTED_EDGE ( 'NONE', *, *, #1451, .T. ) ;
#101 = DIRECTION ( 'NONE',  ( 0.000000000000000000, 0.000000000000000000, -1.000000000000000000 ) ) ;
#102 = ADVANCED_FACE ( 'NONE', ( #252 ), #440, .T. ) ;
#103 = VECTOR ( 'NONE', #2272, 1000.000000000000000 ) ;
#104 = ORIENTED_EDGE ( 'NONE', *, *, #2105, .T. ) ;
#105 = CARTESIAN_POINT ( 'NONE',  ( 8.000000000000000000, -1.021259646113993889E-15, 8.499999999999952038 ) ) ;
#106 = DIRECTION ( 'NONE',  ( 0.000000000000000000, 0.000000000000000000, -1.000000000000000000 ) ) ;
#107 = EDGE_CURVE ( 'NONE', #2453, #2206, #2156, .T. ) ;
#108 = PRODUCT ( 'Axial_1', 'Axial_1', '', ( #2129 ) ) ;
#109 = CARTESIAN_POINT ( 'NONE',  ( 8.000000000000000000, -12.24586983568247156, 35.06414504036133906 ) ) ;
#110 = DIRECTION ( 'NONE',  ( 1.000000000000000000, 0.000000000000000000, 0.000000000000000000 ) ) ;
#111 = EDGE_CURVE ( 'NONE', #1324, #2610, #1011, .T. ) ;
#112 = LINE ( 'NONE', #743, #947 ) ;
#113 = ORIENTED_EDGE ( 'NONE', *, *, #1307, .T. ) ;
#114 = FACE_OUTER_BOUND ( 'NONE', #850, .T. ) ;
#115 = DIRECTION ( 'NONE',  ( 1.000000000000000000, 0.000000000000000000, 0.000000000000000000 ) ) ;
#116 = ORIENTED_EDGE ( 'NONE', *, *, #1963, .T. ) ;
#117 = DIRECTION ( 'NONE',  ( 0.000000000000000000, 0.000000000000000000, -1.000000000000000000 ) ) ;
#118 = CIRCLE ( 'NONE', #2026, 5.500000000000001776 ) ;
#119 = LOCAL_TIME ( 18, 50, 29.00000000000000000, #1960 ) ;
#120 = DIRECTION ( 'NONE',  ( 0.000000000000000000, 0.000000000000000000, -1.000000000000000000 ) ) ;
#121 = EDGE_LOOP ( 'NONE', ( #2393, #2461 ) ) ;
#122 = AXIS2_PLACEMENT_3D ( 'NONE', #309, #1190, #1995 ) ;
#123 = ORIENTED_EDGE ( 'NONE', *, *, #1837, .T. ) ;
#124 = LINE ( 'NONE', #152, #667 ) ;
#125 = AXIS2_PLACEMENT_3D ( 'NONE', #1870, #2233, #1620 ) ;
#126 = EDGE_CURVE ( 'NONE', #1652, #1255, #1347, .T. ) ;
#127 = DIRECTION ( 'NONE',  ( 0.000000000000000000, 0.000000000000000000, -1.000000000000000000 ) ) ;
#128 = PERSON_AND_ORGANIZATION ( #1033, #1557 ) ;
#129 = VECTOR ( 'NONE', #1798, 1000.000000000000000 ) ;
#130 = CYLINDRICAL_SURFACE ( 'NONE', #386, 5.499999999999998224 ) ;
#131 = EDGE_LOOP ( 'NONE', ( #2387, #2082 ) ) ;
#132 = CYLINDRICAL_SURFACE ( 'NONE', #2081, 5.500000000000001776 ) ;
#133 = LINE ( 'NONE', #99, #327 ) ;
#134 = EDGE_LOOP ( 'NONE', ( #693, #1458, #301, #760 ) ) ;
#135 = CARTESIAN_POINT ( 'NONE',  ( 8.000000000000000000, -3.477039065829496377E-16, 13.99999999999995204 ) ) ;
#136 = CARTESIAN_POINT ( 'NONE',  ( -10.00000000000000000, 0.000000000000000000, 0.000000000000000000 ) ) ;
#137 = ORIENTED_EDGE ( 'NONE', *, *, #2075, .T. ) ;
#138 = AXIS2_PLACEMENT_3D ( 'NONE', #807, #1411, #411 ) ;
#139 = ORIENTED_EDGE ( 'NONE', *, *, #1974, .F. ) ;
#140 = DIRECTION ( 'NONE',  ( 0.000000000000000000, 0.000000000000000000, -1.000000000000000000 ) ) ;
#141 = AXIS2_PLACEMENT_3D ( 'NONE', #338, #1968, #120 ) ;
#142 = CARTESIAN_POINT ( 'NONE',  ( 8.000000000000000000, -12.24586983568310572, -29.56414504036107971 ) ) ;
#143 = CARTESIAN_POINT ( 'NONE',  ( 8.000000000000000000, 14.14213562373084088, -14.14213562373098831 ) ) ;
#144 = DIRECTION ( 'NONE',  ( 1.000000000000000000, 0.000000000000000000, 0.000000000000000000 ) ) ;
#145 = CARTESIAN_POINT ( 'NONE',  ( 10.00000000000000000, 12.24586983568289789, 24.06414504036117563 ) ) ;
#146 = VERTEX_POINT ( 'NONE', #1855 ) ;
#147 = CARTESIAN_POINT ( 'NONE',  ( 8.000000000000000000, 22.62741699796956496, 22.62741699796948325 ) ) ;
#148 = CIRCLE ( 'NONE', #1840, 5.499999999999998224 ) ;
#149 = FACE_OUTER_BOUND ( 'NONE', #1082, .T. ) ;
#150 = EDGE_LOOP ( 'NONE', ( #374, #2279 ) ) ;
#151 = EDGE_LOOP ( 'NONE', ( #1491, #2063, #818, #174 ) ) ;
#152 = CARTESIAN_POINT ( 'NONE',  ( 8.000000000000000000, -29.56414504036104773, 17.74586983568319454 ) ) ;
#153 = ADVANCED_FACE ( 'NONE', ( #33 ), #1252, .F. ) ;
#154 = DIRECTION ( 'NONE',  ( 1.000000000000000000, -0.000000000000000000, -0.000000000000000000 ) ) ;
#155 = APPLICATION_PROTOCOL_DEFINITION ( 'international standard', 'config_control_design', 1994, #1548 ) ;
#156 = EDGE_LOOP ( 'NONE', ( #1447, #556, #49, #753 ) ) ;
#157 = DIRECTION ( 'NONE',  ( 0.000000000000000000, 0.000000000000000000, -1.000000000000000000 ) ) ;
#158 = ORIENTED_EDGE ( 'NONE', *, *, #1037, .T. ) ;
#159 = CARTESIAN_POINT ( 'NONE',  ( 8.000000000000000000, -2.234548056859605347E-13, -32.00000000000000000 ) ) ;
#160 = ADVANCED_FACE ( 'NONE', ( #44 ), #859, .F. ) ;
#161 = CARTESIAN_POINT ( 'NONE',  ( 8.000000000000000000, -29.56414504036129998, -12.24586983568257459 ) ) ;
#162 = DIRECTION ( 'NONE',  ( 0.000000000000000000, 0.000000000000000000, -1.000000000000000000 ) ) ;
#163 = EDGE_LOOP ( 'NONE', ( #1947, #527, #1788, #542 ) ) ;
#164 = EDGE_CURVE ( 'NONE', #318, #2173, #1475, .T. ) ;
#165 = ADVANCED_FACE ( 'NONE', ( #2130 ), #1962, .F. ) ;
#166 = CIRCLE ( 'NONE', #208, 5.500000000000000000 ) ;
#167 = ORIENTED_EDGE ( 'NONE', *, *, #2389, .T. ) ;
#168 = DIRECTION ( 'NONE',  ( 0.000000000000000000, 0.000000000000000000, -1.000000000000000000 ) ) ;
#169 = AXIS2_PLACEMENT_3D ( 'NONE', #1310, #1364, #390 ) ;
#170 = CARTESIAN_POINT ( 'NONE',  ( 10.00000000000000000, 8.499999999999952038, -3.039105521002927751E-14 ) ) ;
#171 = AXIS2_PLACEMENT_3D ( 'NONE', #1017, #847, #1200 ) ;
#172 = EDGE_LOOP ( 'NONE', ( #1664, #409 ) ) ;
#173 = DIRECTION ( 'NONE',  ( 1.000000000000000000, -0.000000000000000000, -0.000000000000000000 ) ) ;
#174 = ORIENTED_EDGE ( 'NONE', *, *, #473, .T. ) ;
#175 = DIRECTION ( 'NONE',  ( 0.000000000000000000, 0.000000000000000000, -1.000000000000000000 ) ) ;
#176 = DIRECTION ( 'NONE',  ( 0.000000000000000000, 0.000000000000000000, -1.000000000000000000 ) ) ;
#177 = CARTESIAN_POINT ( 'NONE',  ( 10.00000000000000000, 14.14213562373094213, 19.64213562373089061 ) ) ;
#178 = EDGE_LOOP ( 'NONE', ( #2169, #1852 ) ) ;
#179 = DIRECTION ( 'NONE',  ( 1.000000000000000000, 0.000000000000000000, 0.000000000000000000 ) ) ;
#180 = AXIS2_PLACEMENT_3D ( 'NONE', #2219, #1853, #2256 ) ;
#181 = ADVANCED_FACE ( 'NONE', ( #534 ), #96, .T. ) ;
#182 = EDGE_LOOP ( 'NONE', ( #2494, #1771, #1467, #100 ) ) ;
#183 = DIRECTION ( 'NONE',  ( 0.000000000000000000, 0.000000000000000000, -1.000000000000000000 ) ) ;
#184 = LINE ( 'NONE', #1806, #421 ) ;
#185 = DIRECTION ( 'NONE',  ( 1.000000000000000000, 0.000000000000000000, 0.000000000000000000 ) ) ;
#186 = FACE_BOUND ( 'NONE', #2191, .T. ) ;
#187 = ORIENTED_EDGE ( 'NONE', *, *, #2178, .F. ) ;
#188 = VERTEX_POINT ( 'NONE', #1719 ) ;
#189 = DIRECTION ( 'NONE',  ( 0.000000000000000000, 0.000000000000000000, -1.000000000000000000 ) ) ;
#190 = AXIS2_PLACEMENT_3D ( 'NONE', #2207, #2433, #1585 ) ;
#191 = VECTOR ( 'NONE', #897, 1000.000000000000000 ) ;
#192 = EDGE_CURVE ( 'NONE', #2259, #1167, #501, .T. ) ;
#193 = EDGE_CURVE ( 'NONE', #324, #1754, #511, .T. ) ;
#194 = ORIENTED_EDGE ( 'NONE', *, *, #533, .T. ) ;
#195 = CARTESIAN_POINT ( 'NONE',  ( 8.000000000000000000, 32.00000000000000000, -1.117274028429802674E-13 ) ) ;
#196 = AXIS2_PLACEMENT_3D ( 'NONE', #310, #1340, #2350 ) ;
#197 = ADVANCED_FACE ( 'NONE', ( #703 ), #731, .F. ) ;
#198 = CYLINDRICAL_SURFACE ( 'NONE', #597, 5.500000000000000888 ) ;
#199 = AXIS2_PLACEMENT_3D ( 'NONE', #1459, #270, #1258 ) ;
#200 = AXIS2_PLACEMENT_3D ( 'NONE', #23, #886, #229 ) ;
#201 = CARTESIAN_POINT ( 'NONE',  ( 10.00000000000000000, -12.24586983568310572, -29.56414504036107971 ) ) ;
#202 = CC_DESIGN_PERSON_AND_ORGANIZATION_ASSIGNMENT ( #919, #1717, ( #1773 ) ) ;
#203 = CARTESIAN_POINT ( 'NONE',  ( 8.000000000000000000, -14.14213562373103272, -14.14213562373079291 ) ) ;
#204 = VERTEX_POINT ( 'NONE', #1750 ) ;
#205 = VERTEX_POINT ( 'NONE', #1103 ) ;
#206 = CARTESIAN_POINT ( 'NONE',  ( 8.000000000000000000, -22.62741699796924522, 22.62741699796980299 ) ) ;
#207 = VECTOR ( 'NONE', #2291, 1000.000000000000000 ) ;
#208 = AXIS2_PLACEMENT_3D ( 'NONE', #569, #1014, #175 ) ;
#209 = EDGE_CURVE ( 'NONE', #1277, #357, #2097, .T. ) ;
#210 = VECTOR ( 'NONE', #226, 1000.000000000000000 ) ;
#211 = ORIENTED_EDGE ( 'NONE', *, *, #1051, .F. ) ;
#212 = DIRECTION ( 'NONE',  ( 1.000000000000000000, 0.000000000000000000, 0.000000000000000000 ) ) ;
#213 = CARTESIAN_POINT ( 'NONE',  ( 10.00000000000000000, 22.62741699796956496, 22.62741699796948325 ) ) ;
#214 = CARTESIAN_POINT ( 'NONE',  ( 10.00000000000000000, 22.62741699796956496, 22.62741699796948325 ) ) ;
#215 = DIRECTION ( 'NONE',  ( 1.000000000000000000, -0.000000000000000000, -0.000000000000000000 ) ) ;
#216 = ORIENTED_EDGE ( 'NONE', *, *, #671, .T. ) ;
#217 = ADVANCED_FACE ( 'NONE', ( #285 ), #130, .F. ) ;
#218 = AXIS2_PLACEMENT_3D ( 'NONE', #352, #2180, #367 ) ;
#219 = EDGE_LOOP ( 'NONE', ( #392, #394 ) ) ;
#220 = CARTESIAN_POINT ( 'NONE',  ( 10.00000000000000000, -1.021259646113993889E-15, 8.499999999999952038 ) ) ;
#221 = CIRCLE ( 'NONE', #524, 5.500000000000000000 ) ;
#222 = ORIENTED_EDGE ( 'NONE', *, *, #2442, .T. ) ;
#223 = DIRECTION ( 'NONE',  ( 1.000000000000000000, 0.000000000000000000, 0.000000000000000000 ) ) ;
#224 = AXIS2_PLACEMENT_3D ( 'NONE', #748, #1349, #1740 ) ;
#225 = DIRECTION ( 'NONE',  ( 0.000000000000000000, 0.000000000000000000, -1.000000000000000000 ) ) ;
#226 = DIRECTION ( 'NONE',  ( 1.000000000000000000, -0.000000000000000000, -0.000000000000000000 ) ) ;
#227 = ORIENTED_EDGE ( 'NONE', *, *, #1153, .F. ) ;
#228 = LINE ( 'NONE', #1005, #1299 ) ;
#229 = DIRECTION ( 'NONE',  ( 0.000000000000000000, 0.000000000000000000, -1.000000000000000000 ) ) ;
#230 = ORIENTED_EDGE ( 'NONE', *, *, #1849, .T. ) ;
#231 = EDGE_LOOP ( 'NONE', ( #2596, #116, #2601, #211 ) ) ;
#232 = CARTESIAN_POINT ( 'NONE',  ( 8.000000000000000000, -14.14213562373074495, 8.642135623731086014 ) ) ;
#233 = ADVANCED_FACE ( 'NONE', ( #1503 ), #937, .T. ) ;
#234 = EDGE_LOOP ( 'NONE', ( #523, #2458 ) ) ;
#235 = AXIS2_PLACEMENT_3D ( 'NONE', #923, #1948, #2567 ) ;
#236 = FACE_OUTER_BOUND ( 'NONE', #1412, .T. ) ;
#237 = DIRECTION ( 'NONE',  ( 0.000000000000000000, 0.000000000000000000, -1.000000000000000000 ) ) ;
#238 = CARTESIAN_POINT ( 'NONE',  ( 10.00000000000000000, 22.62741699796940154, -22.62741699796964312 ) ) ;
#239 = ORIENTED_EDGE ( 'NONE', *, *, #2434, .F. ) ;
#240 = DIRECTION ( 'NONE',  ( 0.000000000000000000, 0.000000000000000000, 1.000000000000000000 ) ) ;
#241 = CARTESIAN_POINT ( 'NONE',  ( 8.000000000000000000, 0.000000000000000000, 26.50000000000000355 ) ) ;
#242 = ORIENTED_EDGE ( 'NONE', *, *, #209, .F. ) ;
#243 = ADVANCED_FACE ( 'NONE', ( #1764 ), #82, .F. ) ;
#244 = EDGE_CURVE ( 'NONE', #1922, #1079, #1300, .T. ) ;
#245 = VERTEX_POINT ( 'NONE', #1930 ) ;
#246 = FACE_OUTER_BOUND ( 'NONE', #735, .T. ) ;
#247 = VECTOR ( 'NONE', #2426, 1000.000000000000000 ) ;
#248 = ORIENTED_EDGE ( 'NONE', *, *, #419, .F. ) ;
#249 = DIRECTION ( 'NONE',  ( 0.000000000000000000, 0.000000000000000000, -1.000000000000000000 ) ) ;
#250 = AXIS2_PLACEMENT_3D ( 'NONE', #777, #1967, #1768 ) ;
#251 = EDGE_CURVE ( 'NONE', #982, #603, #112, .T. ) ;
#252 = FACE_OUTER_BOUND ( 'NONE', #631, .T. ) ;
#253 = ORIENTED_EDGE ( 'NONE', *, *, #164, .F. ) ;
#254 = FACE_OUTER_BOUND ( 'NONE', #865, .T. ) ;
#255 = CARTESIAN_POINT ( 'NONE',  ( 8.000000000000000000, -14.14213562373074495, 14.14213562373108779 ) ) ;
#256 = VERTEX_POINT ( 'NONE', #921 ) ;
#257 = CIRCLE ( 'NONE', #171, 40.00000000000000000 ) ;
#258 = VERTEX_POINT ( 'NONE', #1516 ) ;
#259 = DIRECTION ( 'NONE',  ( 0.000000000000000000, 0.000000000000000000, -1.000000000000000000 ) ) ;
#260 = AXIS2_PLACEMENT_3D ( 'NONE', #1512, #2599, #916 ) ;
#261 = EDGE_CURVE ( 'NONE', #2145, #2346, #1875, .T. ) ;
#262 = DIRECTION ( 'NONE',  ( 1.000000000000000000, 0.000000000000000000, 0.000000000000000000 ) ) ;
#263 = FACE_BOUND ( 'NONE', #2042, .T. ) ;
#264 = FACE_OUTER_BOUND ( 'NONE', #2124, .T. ) ;
#265 = ORIENTED_EDGE ( 'NONE', *, *, #864, .T. ) ;
#266 = CARTESIAN_POINT ( 'NONE',  ( 8.000000000000000000, -5.833392311421893986E-14, -13.99999999999995204 ) ) ;
#267 = FACE_OUTER_BOUND ( 'NONE', #182, .T. ) ;
#268 = AXIS2_PLACEMENT_3D ( 'NONE', #1903, #2511, #2325 ) ;
#269 = EDGE_LOOP ( 'NONE', ( #620, #2060, #670, #86 ) ) ;
#270 = DIRECTION ( 'NONE',  ( 1.000000000000000000, 0.000000000000000000, 0.000000000000000000 ) ) ;
#271 = ADVANCED_FACE ( 'NONE', ( #2114 ), #1707, .T. ) ;
#272 = DIRECTION ( 'NONE',  ( 0.000000000000000000, 0.000000000000000000, -1.000000000000000000 ) ) ;
#273 = ADVANCED_FACE ( 'NONE', ( #1115 ), #1343, .T. ) ;
#274 =( NAMED_UNIT ( * ) SI_UNIT ( $, .STERADIAN. ) SOLID_ANGLE_UNIT ( ) );
#275 = CARTESIAN_POINT ( 'NONE',  ( 8.000000000000000000, 12.24586983568269183, -35.06414504036126090 ) ) ;
#276 = CARTESIAN_POINT ( 'NONE',  ( -4.000000000000000000, 0.000000000000000000, 0.000000000000000000 ) ) ;
#277 = CARTESIAN_POINT ( 'NONE',  ( 8.000000000000000000, -8.499999999999952038, 5.500000000000089706 ) ) ;
#278 = AXIS2_PLACEMENT_3D ( 'NONE', #316, #1317, #2132 ) ;
#279 = CC_DESIGN_PERSON_AND_ORGANIZATION_ASSIGNMENT ( #714, #1749, ( #634 ) ) ;
#280 = VERTEX_POINT ( 'NONE', #770 ) ;
#281 = CARTESIAN_POINT ( 'NONE',  ( 10.00000000000000000, -22.62741699796971773, -22.62741699796931982 ) ) ;
#282 = EDGE_CURVE ( 'NONE', #512, #2225, #614, .T. ) ;
#283 = CYLINDRICAL_SURFACE ( 'NONE', #2246, 5.500000000000000000 ) ;
#284 = DIRECTION ( 'NONE',  ( 0.000000000000000000, 0.000000000000000000, 1.000000000000000000 ) ) ;
#285 = FACE_OUTER_BOUND ( 'NONE', #1567, .T. ) ;
#286 = ORIENTED_EDGE ( 'NONE', *, *, #473, .F. ) ;
#287 = CARTESIAN_POINT ( 'NONE',  ( 10.00000000000000000, -29.56414504036129998, -12.24586983568257459 ) ) ;
#288 = APPROVAL_PERSON_ORGANIZATION ( #2384, #1558, #1129 ) ;
#289 = CARTESIAN_POINT ( 'NONE',  ( 8.000000000000000000, 22.62741699796956496, 28.12741699796947970 ) ) ;
#290 = ORIENTED_EDGE ( 'NONE', *, *, #1196, .F. ) ;
#291 = CARTESIAN_POINT ( 'NONE',  ( 8.000000000000000000, 12.24586983568269183, -35.06414504036126090 ) ) ;
#292 = EDGE_CURVE ( 'NONE', #1579, #2290, #2182, .T. ) ;
#293 = AXIS2_PLACEMENT_3D ( 'NONE', #2055, #1042, #2043 ) ;
#294 = ORIENTED_EDGE ( 'NONE', *, *, #635, .F. ) ;
#295 = DIRECTION ( 'NONE',  ( 1.000000000000000000, 0.000000000000000000, 0.000000000000000000 ) ) ;
#296 = LINE ( 'NONE', #1101, #2242 ) ;
#297 = AXIS2_PLACEMENT_3D ( 'NONE', #206, #2394, #432 ) ;
#298 = AXIS2_PLACEMENT_3D ( 'NONE', #546, #1943, #127 ) ;
#299 = APPROVAL_STATUS ( 'not_yet_approved' ) ;
#300 = DIRECTION ( 'NONE',  ( 1.000000000000000000, 0.000000000000000000, 0.000000000000000000 ) ) ;
#301 = ORIENTED_EDGE ( 'NONE', *, *, #1502, .T. ) ;
#302 = DIRECTION ( 'NONE',  ( 1.000000000000000000, 0.000000000000000000, 0.000000000000000000 ) ) ;
#303 = CARTESIAN_POINT ( 'NONE',  ( 8.000000000000000000, -19.99999999999994671, 2.098176381848607732E-13 ) ) ;
#304 = AXIS2_PLACEMENT_3D ( 'NONE', #1818, #2036, #1187 ) ;
#305 = ORIENTED_EDGE ( 'NONE', *, *, #1408, .T. ) ;
#306 = CARTESIAN_POINT ( 'NONE',  ( 10.00000000000000000, -8.499999999999952038, 8.974623797036219746E-14 ) ) ;
#307 = ADVANCED_FACE ( 'NONE', ( #1311 ), #2126, .F. ) ;
#308 = ORIENTED_EDGE ( 'NONE', *, *, #1056, .F. ) ;
#309 = CARTESIAN_POINT ( 'NONE',  ( 8.000000000000000000, -22.62741699796971773, -22.62741699796931982 ) ) ;
#310 = CARTESIAN_POINT ( 'NONE',  ( 8.000000000000000000, -12.24586983568310572, -29.56414504036107971 ) ) ;
#311 = EDGE_CURVE ( 'NONE', #1171, #280, #1069, .T. ) ;
#312 = FACE_OUTER_BOUND ( 'NONE', #131, .T. ) ;
#313 = DATE_AND_TIME ( #532, #1429 ) ;
#314 = CARTESIAN_POINT ( 'NONE',  ( 8.000000000000000000, -22.62741699796924522, 17.12741699796980299 ) ) ;
#315 = EDGE_LOOP ( 'NONE', ( #348, #1360 ) ) ;
#316 = CARTESIAN_POINT ( 'NONE',  ( 10.00000000000000000, 14.14213562373084088, -14.14213562373098831 ) ) ;
#317 = DIRECTION ( 'NONE',  ( 0.000000000000000000, 0.000000000000000000, -1.000000000000000000 ) ) ;
#318 = VERTEX_POINT ( 'NONE', #2365 ) ;
#319 = CIRCLE ( 'NONE', #2603, 5.500000000000000000 ) ;
#320 = DIRECTION ( 'NONE',  ( 1.000000000000000000, -0.000000000000000000, -0.000000000000000000 ) ) ;
#321 = CARTESIAN_POINT ( 'NONE',  ( 8.000000000000000000, 22.62741699796940154, -17.12741699796964312 ) ) ;
#322 = AXIS2_PLACEMENT_3D ( 'NONE', #69, #1669, #1920 ) ;
#323 = EDGE_CURVE ( 'NONE', #644, #2205, #1760, .T. ) ;
#324 = VERTEX_POINT ( 'NONE', #1368 ) ;
#325 = DIRECTION ( 'NONE',  ( -1.000000000000000000, -0.000000000000000000, -0.000000000000000000 ) ) ;
#326 = VECTOR ( 'NONE', #917, 1000.000000000000000 ) ;
#327 = VECTOR ( 'NONE', #537, 1000.000000000000000 ) ;
#328 = CARTESIAN_POINT ( 'NONE',  ( 8.000000000000000000, -1.399880114079982575E-13, -19.99999999999995026 ) ) ;
#329 = DATE_AND_TIME ( #1298, #119 ) ;
#330 = DIRECTION ( 'NONE',  ( 0.000000000000000000, 0.000000000000000000, -1.000000000000000000 ) ) ;
#331 = ORIENTED_EDGE ( 'NONE', *, *, #51, .T. ) ;
#332 = CARTESIAN_POINT ( 'NONE',  ( 8.000000000000000000, -12.24586983568247156, 24.06414504036134616 ) ) ;
#333 = DIRECTION ( 'NONE',  ( 1.000000000000000000, 0.000000000000000000, 0.000000000000000000 ) ) ;
#334 = ORIENTED_EDGE ( 'NONE', *, *, #1188, .T. ) ;
#335 = DIRECTION ( 'NONE',  ( 1.000000000000000000, -0.000000000000000000, -0.000000000000000000 ) ) ;
#336 = VECTOR ( 'NONE', #957, 1000.000000000000000 ) ;
#337 = APPROVAL_PERSON_ORGANIZATION ( #1355, #1085, #517 ) ;
#338 = CARTESIAN_POINT ( 'NONE',  ( 8.000000000000000000, -2.234548056859605347E-13, -32.00000000000000000 ) ) ;
#339 = EDGE_CURVE ( 'NONE', #2453, #1528, #124, .T. ) ;
#340 = AXIS2_PLACEMENT_3D ( 'NONE', #1348, #2330, #2135 ) ;
#341 = VERTEX_POINT ( 'NONE', #2549 ) ;
#342 = DIRECTION ( 'NONE',  ( 0.000000000000000000, 0.000000000000000000, -1.000000000000000000 ) ) ;
#343 = CARTESIAN_POINT ( 'NONE',  ( 8.000000000000000000, 12.24586983568269183, -29.56414504036126090 ) ) ;
#344 = AXIS2_PLACEMENT_3D ( 'NONE', #526, #2559, #555 ) ;
#345 = DIRECTION ( 'NONE',  ( 1.000000000000000000, -0.000000000000000000, -0.000000000000000000 ) ) ;
#346 = DIRECTION ( 'NONE',  ( 0.000000000000000000, 0.000000000000000000, -1.000000000000000000 ) ) ;
#347 = CARTESIAN_POINT ( 'NONE',  ( 10.00000000000000000, -22.62741699796924522, 28.12741699796979944 ) ) ;
#348 = ORIENTED_EDGE ( 'NONE', *, *, #1451, .F. ) ;
#349 = CARTESIAN_POINT ( 'NONE',  ( 8.000000000000000000, -8.499999999999952038, -5.499999999999911182 ) ) ;
#350 = CIRCLE ( 'NONE', #1146, 5.499999999999998224 ) ;
#351 = ADVANCED_FACE ( 'NONE', ( #961 ), #1539, .F. ) ;
#352 = CARTESIAN_POINT ( 'NONE',  ( -4.000000000000000000, 0.000000000000000000, 0.000000000000000000 ) ) ;
#353 = AXIS2_PLACEMENT_3D ( 'NONE', #1705, #2474, #77 ) ;
#354 = ORIENTED_EDGE ( 'NONE', *, *, #772, .F. ) ;
#355 = DIRECTION ( 'NONE',  ( 1.000000000000000000, 0.000000000000000000, 0.000000000000000000 ) ) ;
#356 = AXIS2_PLACEMENT_3D ( 'NONE', #1108, #1321, #2121 ) ;
#357 = VERTEX_POINT ( 'NONE', #1775 ) ;
#358 = FACE_OUTER_BOUND ( 'NONE', #269, .T. ) ;
#359 = ADVANCED_FACE ( 'NONE', ( #1553 ), #1928, .F. ) ;
#360 = ORIENTED_EDGE ( 'NONE', *, *, #2277, .T. ) ;
#361 = ADVANCED_FACE ( 'NONE', ( #2533 ), #2592, .F. ) ;
#362 = FACE_OUTER_BOUND ( 'NONE', #403, .T. ) ;
#363 = DIRECTION ( 'NONE',  ( 1.000000000000000000, -0.000000000000000000, -0.000000000000000000 ) ) ;
#364 = ORIENTED_EDGE ( 'NONE', *, *, #292, .F. ) ;
#365 = CARTESIAN_POINT ( 'NONE',  ( 10.00000000000000000, -12.24586983568247156, 29.56414504036134261 ) ) ;
#366 = CARTESIAN_POINT ( 'NONE',  ( 8.000000000000000000, 12.24586983568269183, -29.56414504036126090 ) ) ;
#367 = DIRECTION ( 'NONE',  ( 0.000000000000000000, 0.000000000000000000, 1.000000000000000000 ) ) ;
#368 = CIRCLE ( 'NONE', #278, 5.500000000000000000 ) ;
#369 = ORIENTED_EDGE ( 'NONE', *, *, #1196, .T. ) ;
#370 = DIRECTION ( 'NONE',  ( 1.000000000000000000, -0.000000000000000000, -0.000000000000000000 ) ) ;
#371 = DIRECTION ( 'NONE',  ( 0.000000000000000000, 0.000000000000000000, -1.000000000000000000 ) ) ;
#372 = VERTEX_POINT ( 'NONE', #1744 ) ;
#373 = CARTESIAN_POINT ( 'NONE',  ( -4.000000000000000000, 0.000000000000000000, 0.000000000000000000 ) ) ;
#374 = ORIENTED_EDGE ( 'NONE', *, *, #1461, .T. ) ;
#375 = DIRECTION ( 'NONE',  ( 1.000000000000000000, 0.000000000000000000, 0.000000000000000000 ) ) ;
#376 = DIRECTION ( 'NONE',  ( 1.000000000000000000, 0.000000000000000000, 0.000000000000000000 ) ) ;
#377 = FACE_BOUND ( 'NONE', #2441, .T. ) ;
#378 = ORIENTED_EDGE ( 'NONE', *, *, #2178, .T. ) ;
#379 = AXIS2_PLACEMENT_3D ( 'NONE', #1854, #1263, #32 ) ;
#380 = ADVANCED_FACE ( 'NONE', ( #949 ), #1157, .F. ) ;
#381 = ORIENTED_EDGE ( 'NONE', *, *, #510, .F. ) ;
#382 = CYLINDRICAL_SURFACE ( 'NONE', #553, 5.500000000000000000 ) ;
#383 = VECTOR ( 'NONE', #764, 1000.000000000000000 ) ;
#384 = CARTESIAN_POINT ( 'NONE',  ( 8.000000000000000000, 3.287578542732749400E-16, 19.99999999999995026 ) ) ;
#385 = CIRCLE ( 'NONE', #2200, 5.500000000000000888 ) ;
#386 = AXIS2_PLACEMENT_3D ( 'NONE', #2339, #1329, #2144 ) ;
#387 = ORIENTED_EDGE ( 'NONE', *, *, #1570, .T. ) ;
#388 = CARTESIAN_POINT ( 'NONE',  ( 10.00000000000000000, 14.14213562373084088, -8.642135623730988314 ) ) ;
#389 = CARTESIAN_POINT ( 'NONE',  ( 8.000000000000000000, 22.62741699796956496, 28.12741699796947970 ) ) ;
#390 = DIRECTION ( 'NONE',  ( 0.000000000000000000, 0.000000000000000000, -1.000000000000000000 ) ) ;
#391 = DIRECTION ( 'NONE',  ( 0.000000000000000000, 0.000000000000000000, -1.000000000000000000 ) ) ;
#392 = ORIENTED_EDGE ( 'NONE', *, *, #1323, .T. ) ;
#393 = AXIS2_PLACEMENT_3D ( 'NONE', #343, #2142, #2323 ) ;
#394 = ORIENTED_EDGE ( 'NONE', *, *, #1603, .T. ) ;
#395 = CARTESIAN_POINT ( 'NONE',  ( 10.00000000000000000, 29.56414504036120761, 6.745869835682794857 ) ) ;
#396 = ADVANCED_FACE ( 'NONE', ( #1111 ), #975, .F. ) ;
#397 = EDGE_CURVE ( 'NONE', #1698, #469, #1325, .T. ) ;
#398 = ORIENTED_EDGE ( 'NONE', *, *, #2118, .F. ) ;
#399 = CARTESIAN_POINT ( 'NONE',  ( 8.000000000000000000, -19.99999999999994671, 2.098176381848607732E-13 ) ) ;
#400 = FACE_OUTER_BOUND ( 'NONE', #867, .T. ) ;
#401 = DIRECTION ( 'NONE',  ( 1.000000000000000000, -0.000000000000000000, -0.000000000000000000 ) ) ;
#402 = CARTESIAN_POINT ( 'NONE',  ( 8.000000000000000000, 32.00000000000000000, -1.117274028429802674E-13 ) ) ;
#403 = EDGE_LOOP ( 'NONE', ( #104, #305 ) ) ;
#404 = EDGE_CURVE ( 'NONE', #792, #580, #2137, .T. ) ;
#405 = EDGE_LOOP ( 'NONE', ( #837, #1367 ) ) ;
#406 = FACE_OUTER_BOUND ( 'NONE', #1409, .T. ) ;
#407 = ORIENTED_EDGE ( 'NONE', *, *, #576, .T. ) ;
#408 = CIRCLE ( 'NONE', #322, 5.500000000000000888 ) ;
#409 = ORIENTED_EDGE ( 'NONE', *, *, #282, .F. ) ;
#410 = EDGE_CURVE ( 'NONE', #1895, #1242, #319, .T. ) ;
#411 = DIRECTION ( 'NONE',  ( 0.000000000000000000, 0.000000000000000000, -1.000000000000000000 ) ) ;
#412 = DIRECTION ( 'NONE',  ( 1.000000000000000000, 0.000000000000000000, 0.000000000000000000 ) ) ;
#413 = AXIS2_PLACEMENT_3D ( 'NONE', #2289, #1670, #2479 ) ;
#414 = FACE_OUTER_BOUND ( 'NONE', #2019, .T. ) ;
#415 = FACE_OUTER_BOUND ( 'NONE', #1825, .T. ) ;
#416 = VERTEX_POINT ( 'NONE', #2563 ) ;
#417 = VERTEX_POINT ( 'NONE', #754 ) ;
#418 = CARTESIAN_POINT ( 'NONE',  ( 8.000000000000000000, -22.62741699796971773, -22.62741699796931982 ) ) ;
#419 = EDGE_CURVE ( 'NONE', #1838, #1038, #662, .T. ) ;
#420 = CIRCLE ( 'NONE', #762, 5.500000000000001776 ) ;
#421 = VECTOR ( 'NONE', #2015, 1000.000000000000000 ) ;
#422 = AXIS2_PLACEMENT_3D ( 'NONE', #143, #909, #2566 ) ;
#423 = ORIENTED_EDGE ( 'NONE', *, *, #1982, .T. ) ;
#424 = AXIS2_PLACEMENT_3D ( 'NONE', #505, #493, #2148 ) ;
#425 = PLANE ( 'NONE',  #1234 ) ;
#426 = FACE_OUTER_BOUND ( 'NONE', #2532, .T. ) ;
#427 = LINE ( 'NONE', #2222, #468 ) ;
#428 = FACE_BOUND ( 'NONE', #453, .T. ) ;
#429 = VERTEX_POINT ( 'NONE', #395 ) ;
#430 = EDGE_CURVE ( 'NONE', #494, #2423, #1851, .T. ) ;
#431 = ORIENTED_EDGE ( 'NONE', *, *, #323, .T. ) ;
#432 = DIRECTION ( 'NONE',  ( 0.000000000000000000, 0.000000000000000000, -1.000000000000000000 ) ) ;
#433 = CIRCLE ( 'NONE', #1908, 5.500000000000001776 ) ;
#434 = CIRCLE ( 'NONE', #891, 5.499999999999998224 ) ;
#435 = EDGE_LOOP ( 'NONE', ( #2012, #1417, #609, #585 ) ) ;
#436 = ADVANCED_FACE ( 'NONE', ( #804 ), #2226, .F. ) ;
#437 = DIRECTION ( 'NONE',  ( 1.000000000000000000, -0.000000000000000000, -0.000000000000000000 ) ) ;
#438 = CARTESIAN_POINT ( 'NONE',  ( 8.000000000000000000, 14.14213562373094213, 14.14213562373089417 ) ) ;
#439 = EDGE_CURVE ( 'NONE', #1754, #1109, #816, .T. ) ;
#440 = PLANE ( 'NONE',  #2234 ) ;
#441 = DIRECTION ( 'NONE',  ( 1.000000000000000000, 0.000000000000000000, 0.000000000000000000 ) ) ;
#442 = CARTESIAN_POINT ( 'NONE',  ( 10.00000000000000000, -29.56414504036129998, -12.24586983568257459 ) ) ;
#443 = ORIENTED_EDGE ( 'NONE', *, *, #1037, .F. ) ;
#444 = VERTEX_POINT ( 'NONE', #1814 ) ;
#445 = PLANE ( 'NONE',  #63 ) ;
#446 = ORIENTED_EDGE ( 'NONE', *, *, #2039, .F. ) ;
#447 = AXIS2_PLACEMENT_3D ( 'NONE', #276, #98, #465 ) ;
#448 = DIRECTION ( 'NONE',  ( 0.000000000000000000, 0.000000000000000000, -1.000000000000000000 ) ) ;
#449 = CARTESIAN_POINT ( 'NONE',  ( 10.00000000000000000, -5.833392311421893986E-14, -8.499999999999952038 ) ) ;
#450 = ORIENTED_EDGE ( 'NONE', *, *, #2159, .T. ) ;
#451 = CARTESIAN_POINT ( 'NONE',  ( -20.00000000000000000, 0.000000000000000000, 5.000000000000000000 ) ) ;
#452 = CARTESIAN_POINT ( 'NONE',  ( 8.000000000000000000, 19.99999999999995026, 5.499999999999929834 ) ) ;
#453 = EDGE_LOOP ( 'NONE', ( #1235, #2359 ) ) ;
#454 = VECTOR ( 'NONE', #1697, 1000.000000000000000 ) ;
#455 = ORIENTED_EDGE ( 'NONE', *, *, #1718, .T. ) ;
#456 = CYLINDRICAL_SURFACE ( 'NONE', #544, 5.499999999999998224 ) ;
#457 = EDGE_CURVE ( 'NONE', #1074, #1594, #79, .T. ) ;
#458 = CIRCLE ( 'NONE', #1941, 5.499999999999998224 ) ;
#459 = SECURITY_CLASSIFICATION ( '', '', #1733 ) ;
#460 = DIRECTION ( 'NONE',  ( 0.000000000000000000, 0.000000000000000000, -1.000000000000000000 ) ) ;
#461 = CIRCLE ( 'NONE', #122, 5.499999999999994671 ) ;
#462 = CYLINDRICAL_SURFACE ( 'NONE', #379, 5.499999999999998224 ) ;
#463 = DIRECTION ( 'NONE',  ( 1.000000000000000000, -0.000000000000000000, -0.000000000000000000 ) ) ;
#464 = EDGE_LOOP ( 'NONE', ( #2412, #1357, #158, #896 ) ) ;
#465 = DIRECTION ( 'NONE',  ( 0.000000000000000000, 0.000000000000000000, 1.000000000000000000 ) ) ;
#466 = FACE_OUTER_BOUND ( 'NONE', #784, .T. ) ;
#467 = ORIENTED_EDGE ( 'NONE', *, *, #684, .F. ) ;
#468 = VECTOR ( 'NONE', #1831, 1000.000000000000000 ) ;
#469 = VERTEX_POINT ( 'NONE', #2420 ) ;
#470 = LINE ( 'NONE', #1247, #2022 ) ;
#471 = EDGE_CURVE ( 'NONE', #698, #2538, #1097, .T. ) ;
#472 = AXIS2_PLACEMENT_3D ( 'NONE', #822, #1583, #391 ) ;
#473 = EDGE_CURVE ( 'NONE', #580, #792, #433, .T. ) ;
#474 = AXIS2_PLACEMENT_3D ( 'NONE', #477, #2095, #2086 ) ;
#475 = ADVANCED_FACE ( 'NONE', ( #623 ), #1205, .F. ) ;
#476 = CIRCLE ( 'NONE', #304, 5.499999999999999112 ) ;
#477 = CARTESIAN_POINT ( 'NONE',  ( 8.000000000000000000, -12.24586983568247156, 29.56414504036134261 ) ) ;
#478 = CARTESIAN_POINT ( 'NONE',  ( 8.000000000000000000, 22.62741699796956496, 22.62741699796948325 ) ) ;
#479 = AXIS2_PLACEMENT_3D ( 'NONE', #2482, #675, #61 ) ;
#480 = DIRECTION ( 'NONE',  ( 0.000000000000000000, 0.000000000000000000, -1.000000000000000000 ) ) ;
#481 = ORIENTED_EDGE ( 'NONE', *, *, #1094, .T. ) ;
#482 = CARTESIAN_POINT ( 'NONE',  ( 8.000000000000000000, -31.99999999999999289, 3.351822085289408021E-13 ) ) ;
#483 = CYLINDRICAL_SURFACE ( 'NONE', #795, 5.500000000000000000 ) ;
#484 = ORIENTED_EDGE ( 'NONE', *, *, #2347, .T. ) ;
#485 = CARTESIAN_POINT ( 'NONE',  ( 8.000000000000000000, -12.24586983568247156, 29.56414504036134261 ) ) ;
#486 = ADVANCED_FACE ( 'NONE', ( #406 ), #2239, .T. ) ;
#487 = DIRECTION ( 'NONE',  ( 0.000000000000000000, 0.000000000000000000, -1.000000000000000000 ) ) ;
#488 = DIRECTION ( 'NONE',  ( 0.000000000000000000, 0.000000000000000000, 1.000000000000000000 ) ) ;
#489 = ADVANCED_FACE ( 'NONE', ( #1596 ), #1236, .F. ) ;
#490 = CARTESIAN_POINT ( 'NONE',  ( 8.000000000000000000, 12.24586983568289789, 29.56414504036117563 ) ) ;
#491 = ORIENTED_EDGE ( 'NONE', *, *, #1448, .T. ) ;
#492 = PLANE ( 'NONE',  #2184 ) ;
#493 = DIRECTION ( 'NONE',  ( 1.000000000000000000, 0.000000000000000000, 0.000000000000000000 ) ) ;
#494 = VERTEX_POINT ( 'NONE', #232 ) ;
#495 = CYLINDRICAL_SURFACE ( 'NONE', #1208, 5.499999999999998224 ) ;
#496 = ORIENTED_EDGE ( 'NONE', *, *, #794, .T. ) ;
#497 = DIRECTION ( 'NONE',  ( 0.000000000000000000, 0.000000000000000000, -1.000000000000000000 ) ) ;
#498 = CARTESIAN_POINT ( 'NONE',  ( 10.00000000000000000, 22.62741699796956496, 17.12741699796948325 ) ) ;
#499 = DIRECTION ( 'NONE',  ( 1.000000000000000000, -0.000000000000000000, -0.000000000000000000 ) ) ;
#500 = VECTOR ( 'NONE', #335, 1000.000000000000000 ) ;
#501 = LINE ( 'NONE', #2310, #724 ) ;
#502 = ORIENTED_EDGE ( 'NONE', *, *, #766, .T. ) ;
#503 = DIRECTION ( 'NONE',  ( 0.000000000000000000, 0.000000000000000000, -1.000000000000000000 ) ) ;
#504 = AXIS2_PLACEMENT_3D ( 'NONE', #2571, #2179, #2006 ) ;
#505 = CARTESIAN_POINT ( 'NONE',  ( 10.00000000000000000, -14.14213562373074495, 14.14213562373108779 ) ) ;
#506 = VERTEX_POINT ( 'NONE', #2033 ) ;
#507 = DESIGN_CONTEXT ( 'detailed design', #1548, 'design' ) ;
#508 = DIRECTION ( 'NONE',  ( 1.000000000000000000, 0.000000000000000000, 0.000000000000000000 ) ) ;
#509 = AXIS2_PLACEMENT_3D ( 'NONE', #645, #810, #656 ) ;
#510 = EDGE_CURVE ( 'NONE', #2206, #1133, #588, .T. ) ;
#511 = CIRCLE ( 'NONE', #1994, 5.499999999999999112 ) ;
#512 = VERTEX_POINT ( 'NONE', #2627 ) ;
#513 = CARTESIAN_POINT ( 'NONE',  ( 8.000000000000000000, 14.14213562373094213, 19.64213562373089061 ) ) ;
#514 = DIRECTION ( 'NONE',  ( 1.000000000000000000, 0.000000000000000000, 0.000000000000000000 ) ) ;
#515 = DIRECTION ( 'NONE',  ( 0.000000000000000000, 0.000000000000000000, -1.000000000000000000 ) ) ;
#516 = VECTOR ( 'NONE', #1554, 1000.000000000000000 ) ;
#517 = APPROVAL_ROLE ( '' ) ;
#518 = EDGE_CURVE ( 'NONE', #1322, #1151, #1555, .T. ) ;
#519 = DIRECTION ( 'NONE',  ( 0.000000000000000000, 0.000000000000000000, -1.000000000000000000 ) ) ;
#520 = VERTEX_POINT ( 'NONE', #1801 ) ;
#521 = CARTESIAN_POINT ( 'NONE',  ( 8.000000000000000000, -19.99999999999994671, 5.500000000000209610 ) ) ;
#522 = DIRECTION ( 'NONE',  ( 0.000000000000000000, 0.000000000000000000, -1.000000000000000000 ) ) ;
#523 = ORIENTED_EDGE ( 'NONE', *, *, #2212, .T. ) ;
#524 = AXIS2_PLACEMENT_3D ( 'NONE', #1077, #2074, #448 ) ;
#525 = DIRECTION ( 'NONE',  ( 0.000000000000000000, 0.000000000000000000, -1.000000000000000000 ) ) ;
#526 = CARTESIAN_POINT ( 'NONE',  ( 10.00000000000000000, 0.000000000000000000, 32.00000000000000000 ) ) ;
#527 = ORIENTED_EDGE ( 'NONE', *, *, #939, .F. ) ;
#528 = ORIENTED_EDGE ( 'NONE', *, *, #1761, .T. ) ;
#529 = DIRECTION ( 'NONE',  ( 0.000000000000000000, 0.000000000000000000, -1.000000000000000000 ) ) ;
#530 = DIRECTION ( 'NONE',  ( 1.000000000000000000, 0.000000000000000000, 0.000000000000000000 ) ) ;
#531 = ADVANCED_FACE ( 'NONE', ( #11 ), #382, .F. ) ;
#532 = CALENDAR_DATE ( 2026, 25, 2 ) ;
#533 = EDGE_CURVE ( 'NONE', #417, #2069, #2363, .T. ) ;
#534 = FACE_OUTER_BOUND ( 'NONE', #2131, .T. ) ;
#535 = EDGE_LOOP ( 'NONE', ( #1479, #2408, #1107, #455 ) ) ;
#536 = CARTESIAN_POINT ( 'NONE',  ( 10.00000000000000000, 29.56414504036120761, 12.24586983568279486 ) ) ;
#537 = DIRECTION ( 'NONE',  ( 1.000000000000000000, -0.000000000000000000, -0.000000000000000000 ) ) ;
#538 = AXIS2_PLACEMENT_3D ( 'NONE', #2168, #543, #342 ) ;
#539 = CARTESIAN_POINT ( 'NONE',  ( 8.000000000000000000, -1.393144556684672268E-13, -14.49999999999995204 ) ) ;
#540 = DIRECTION ( 'NONE',  ( 0.000000000000000000, 0.000000000000000000, -1.000000000000000000 ) ) ;
#541 = VECTOR ( 'NONE', #1117, 1000.000000000000000 ) ;
#542 = ORIENTED_EDGE ( 'NONE', *, *, #1269, .T. ) ;
#543 = DIRECTION ( 'NONE',  ( 1.000000000000000000, 0.000000000000000000, 0.000000000000000000 ) ) ;
#544 = AXIS2_PLACEMENT_3D ( 'NONE', #1484, #1688, #2266 ) ;
#545 = AXIS2_PLACEMENT_3D ( 'NONE', #1279, #1061, #70 ) ;
#546 = CARTESIAN_POINT ( 'NONE',  ( 0.000000000000000000, 0.000000000000000000, 0.000000000000000000 ) ) ;
#547 = APPROVAL_DATE_TIME ( #329, #1085 ) ;
#548 = DIRECTION ( 'NONE',  ( 0.000000000000000000, 0.000000000000000000, -1.000000000000000000 ) ) ;
#549 = CARTESIAN_POINT ( 'NONE',  ( 8.000000000000000000, -12.24586983568247156, 24.06414504036134616 ) ) ;
#550 = DIRECTION ( 'NONE',  ( 1.000000000000000000, 0.000000000000000000, 0.000000000000000000 ) ) ;
#551 = VERTEX_POINT ( 'NONE', #1184 ) ;
#552 = CYLINDRICAL_SURFACE ( 'NONE', #2450, 5.499999999999998224 ) ;
#553 = AXIS2_PLACEMENT_3D ( 'NONE', #1836, #2406, #1634 ) ;
#554 = VECTOR ( 'NONE', #1601, 1000.000000000000000 ) ;
#555 = DIRECTION ( 'NONE',  ( 0.000000000000000000, 0.000000000000000000, -1.000000000000000000 ) ) ;
#556 = ORIENTED_EDGE ( 'NONE', *, *, #2212, .F. ) ;
#557 = VECTOR ( 'NONE', #2258, 1000.000000000000000 ) ;
#558 = EDGE_LOOP ( 'NONE', ( #926, #2574, #2432, #2385 ) ) ;
#559 = DIRECTION ( 'NONE',  ( 1.000000000000000000, 0.000000000000000000, 0.000000000000000000 ) ) ;
#560 = EDGE_CURVE ( 'NONE', #863, #2216, #1689, .T. ) ;
#561 = EDGE_CURVE ( 'NONE', #205, #612, #420, .T. ) ;
#562 = CARTESIAN_POINT ( 'NONE',  ( 8.000000000000000000, -22.62741699796924522, 28.12741699796979944 ) ) ;
#563 = PERSON_AND_ORGANIZATION ( #1033, #1557 ) ;
#564 = AXIS2_PLACEMENT_3D ( 'NONE', #402, #2223, #1810 ) ;
#565 = EDGE_LOOP ( 'NONE', ( #2176, #1211 ) ) ;
#566 = CARTESIAN_POINT ( 'NONE',  ( 8.000000000000000000, 19.99999999999995026, -7.015838463113577974E-14 ) ) ;
#567 = CARTESIAN_POINT ( 'NONE',  ( 8.000000000000000000, 3.287578542732749400E-16, 19.99999999999995026 ) ) ;
#568 = VERTEX_POINT ( 'NONE', #1675 ) ;
#569 = CARTESIAN_POINT ( 'NONE',  ( 8.000000000000000000, 3.287578542732749400E-16, 19.99999999999995026 ) ) ;
#570 = DIRECTION ( 'NONE',  ( 1.000000000000000000, -0.000000000000000000, -0.000000000000000000 ) ) ;
#571 = CARTESIAN_POINT ( 'NONE',  ( 10.00000000000000000, -1.393144556684672268E-13, -14.49999999999995204 ) ) ;
#572 = CIRCLE ( 'NONE', #854, 5.499999999999998224 ) ;
#573 = ORIENTED_EDGE ( 'NONE', *, *, #251, .T. ) ;
#574 = CARTESIAN_POINT ( 'NONE',  ( 8.000000000000000000, -14.14213562373103272, -19.64213562373079114 ) ) ;
#575 = TOROIDAL_SURFACE ( 'NONE', #91, 25.00000000000000000, 10.00000000000000000 ) ;
#576 = EDGE_CURVE ( 'NONE', #146, #1304, #1911, .T. ) ;
#577 = CARTESIAN_POINT ( 'NONE',  ( 10.00000000000000000, 29.56414504036113655, -12.24586983568300447 ) ) ;
#578 = ORIENTED_EDGE ( 'NONE', *, *, #2251, .F. ) ;
#579 = DIRECTION ( 'NONE',  ( 0.000000000000000000, 0.000000000000000000, -1.000000000000000000 ) ) ;
#580 = VERTEX_POINT ( 'NONE', #838 ) ;
#581 = CARTESIAN_POINT ( 'NONE',  ( 8.000000000000000000, -22.62741699796924522, 22.62741699796980299 ) ) ;
#582 = ADVANCED_FACE ( 'NONE', ( #246 ), #456, .F. ) ;
#583 = DIRECTION ( 'NONE',  ( 1.000000000000000000, 0.000000000000000000, 0.000000000000000000 ) ) ;
#584 = DIRECTION ( 'NONE',  ( 0.000000000000000000, 0.000000000000000000, -1.000000000000000000 ) ) ;
#585 = ORIENTED_EDGE ( 'NONE', *, *, #969, .T. ) ;
#586 = AXIS2_PLACEMENT_3D ( 'NONE', #775, #2198, #733 ) ;
#587 = ORIENTED_EDGE ( 'NONE', *, *, #1573, .F. ) ;
#588 = LINE ( 'NONE', #1382, #1436 ) ;
#589 = DIRECTION ( 'NONE',  ( 0.000000000000000000, 0.000000000000000000, -1.000000000000000000 ) ) ;
#590 = VERTEX_POINT ( 'NONE', #1047 ) ;
#591 = DIRECTION ( 'NONE',  ( 0.000000000000000000, 0.000000000000000000, -1.000000000000000000 ) ) ;
#592 = LINE ( 'NONE', #2232, #554 ) ;
#593 = ADVANCED_FACE ( 'NONE', ( #2072 ), #445, .T. ) ;
#594 = CARTESIAN_POINT ( 'NONE',  ( 8.000000000000000000, 32.00000000000000000, -1.117274028429802674E-13 ) ) ;
#595 = FACE_BOUND ( 'NONE', #2197, .T. ) ;
#596 = ORIENTED_EDGE ( 'NONE', *, *, #1884, .T. ) ;
#597 = AXIS2_PLACEMENT_3D ( 'NONE', #1004, #1413, #2220 ) ;
#598 = ORIENTED_EDGE ( 'NONE', *, *, #1611, .T. ) ;
#599 = CARTESIAN_POINT ( 'NONE',  ( 10.00000000000000000, 12.24586983568269183, -29.56414504036126090 ) ) ;
#600 = ADVANCED_FACE ( 'NONE', ( #2061 ), #1701, .T. ) ;
#601 = AXIS2_PLACEMENT_3D ( 'NONE', #581, #375, #968 ) ;
#602 = AXIS2_PLACEMENT_3D ( 'NONE', #1253, #2017, #2622 ) ;
#603 = VERTEX_POINT ( 'NONE', #39 ) ;
#604 = DIRECTION ( 'NONE',  ( 1.000000000000000000, 0.000000000000000000, 0.000000000000000000 ) ) ;
#605 = CARTESIAN_POINT ( 'NONE',  ( 8.000000000000000000, -12.24586983568310572, -29.56414504036107971 ) ) ;
#606 = ADVANCED_FACE ( 'NONE', ( #2083 ), #495, .F. ) ;
#607 = CARTESIAN_POINT ( 'NONE',  ( 10.00000000000000000, 29.56414504036113655, -6.745869835683006244 ) ) ;
#608 = FACE_BOUND ( 'NONE', #2163, .T. ) ;
#609 = ORIENTED_EDGE ( 'NONE', *, *, #711, .T. ) ;
#610 = CIRCLE ( 'NONE', #2077, 5.500000000000001776 ) ;
#611 = AXIS2_PLACEMENT_3D ( 'NONE', #373, #1172, #981 ) ;
#612 = VERTEX_POINT ( 'NONE', #2459 ) ;
#613 = CARTESIAN_POINT ( 'NONE',  ( 10.00000000000000000, -1.399880114079982575E-13, -19.99999999999995026 ) ) ;
#614 = CIRCLE ( 'NONE', #2085, 5.500000000000000000 ) ;
#615 = ORIENTED_EDGE ( 'NONE', *, *, #1269, .F. ) ;
#616 = DIRECTION ( 'NONE',  ( 0.000000000000000000, 0.000000000000000000, -1.000000000000000000 ) ) ;
#617 = DIRECTION ( 'NONE',  ( 1.000000000000000000, -0.000000000000000000, -0.000000000000000000 ) ) ;
#618 = CARTESIAN_POINT ( 'NONE',  ( 8.000000000000000000, -29.56414504036129998, -17.74586983568256926 ) ) ;
#619 = FACE_OUTER_BOUND ( 'NONE', #1034, .T. ) ;
#620 = ORIENTED_EDGE ( 'NONE', *, *, #2507, .F. ) ;
#621 = CIRCLE ( 'NONE', #1159, 5.500000000000000000 ) ;
#622 = ORIENTED_EDGE ( 'NONE', *, *, #1982, .F. ) ;
#623 = FACE_OUTER_BOUND ( 'NONE', #884, .T. ) ;
#624 = ORIENTED_EDGE ( 'NONE', *, *, #1176, .F. ) ;
#625 = FACE_OUTER_BOUND ( 'NONE', #1552, .T. ) ;
#626 = EDGE_CURVE ( 'NONE', #1369, #781, #1887, .T. ) ;
#627 = ORIENTED_EDGE ( 'NONE', *, *, #1336, .T. ) ;
#628 = CARTESIAN_POINT ( 'NONE',  ( 8.000000000000000000, 22.62741699796940154, -22.62741699796964312 ) ) ;
#629 = DIRECTION ( 'NONE',  ( 1.000000000000000000, 0.000000000000000000, 0.000000000000000000 ) ) ;
#630 = CARTESIAN_POINT ( 'NONE',  ( 8.000000000000000000, 32.00000000000000000, -5.500000000000108358 ) ) ;
#631 = EDGE_LOOP ( 'NONE', ( #74, #681 ) ) ;
#632 = ORIENTED_EDGE ( 'NONE', *, *, #711, .F. ) ;
#633 = DIRECTION ( 'NONE',  ( 0.000000000000000000, 0.000000000000000000, -1.000000000000000000 ) ) ;
#634 = PRODUCT_DEFINITION_FORMATION_WITH_SPECIFIED_SOURCE ( 'ANY', '', #108, .NOT_KNOWN. ) ;
#635 = EDGE_CURVE ( 'NONE', #1151, #1322, #1000, .T. ) ;
#636 = AXIS2_PLACEMENT_3D ( 'NONE', #605, #1240, #18 ) ;
#637 = EDGE_CURVE ( 'NONE', #17, #612, #2253, .T. ) ;
#638 = EDGE_CURVE ( 'NONE', #258, #1290, #470, .T. ) ;
#639 = ORIENTED_EDGE ( 'NONE', *, *, #1650, .F. ) ;
#640 = VECTOR ( 'NONE', #2342, 1000.000000000000000 ) ;
#641 = DIRECTION ( 'NONE',  ( 0.000000000000000000, 0.000000000000000000, -1.000000000000000000 ) ) ;
#642 = CARTESIAN_POINT ( 'NONE',  ( 8.000000000000000000, 3.287578542732749400E-16, 14.49999999999995204 ) ) ;
#643 = CARTESIAN_POINT ( 'NONE',  ( -10.00000000000000000, 0.000000000000000000, 0.000000000000000000 ) ) ;
#644 = VERTEX_POINT ( 'NONE', #1271 ) ;
#645 = CARTESIAN_POINT ( 'NONE',  ( 10.00000000000000000, 12.24586983568289789, 29.56414504036117563 ) ) ;
#646 = DIRECTION ( 'NONE',  ( 0.000000000000000000, 0.000000000000000000, -1.000000000000000000 ) ) ;
#647 = ORIENTED_EDGE ( 'NONE', *, *, #1972, .F. ) ;
#648 = EDGE_LOOP ( 'NONE', ( #1420, #1122, #578, #1872 ) ) ;
#649 = DIRECTION ( 'NONE',  ( 1.000000000000000000, 0.000000000000000000, 0.000000000000000000 ) ) ;
#650 = CIRCLE ( 'NONE', #2119, 5.500000000000001776 ) ;
#651 = ORIENTED_EDGE ( 'NONE', *, *, #1448, .F. ) ;
#652 = CYLINDRICAL_SURFACE ( 'NONE', #1957, 5.499999999999998224 ) ;
#653 = FACE_OUTER_BOUND ( 'NONE', #42, .T. ) ;
#654 = DIRECTION ( 'NONE',  ( -1.000000000000000000, -0.000000000000000000, -0.000000000000000000 ) ) ;
#655 = ORIENTED_EDGE ( 'NONE', *, *, #1848, .F. ) ;
#656 = DIRECTION ( 'NONE',  ( 0.000000000000000000, 0.000000000000000000, -1.000000000000000000 ) ) ;
#657 = CARTESIAN_POINT ( 'NONE',  ( 10.00000000000000000, 3.287578542732749400E-16, 19.99999999999995026 ) ) ;
#658 = ORIENTED_EDGE ( 'NONE', *, *, #2254, .T. ) ;
#659 = ADVANCED_FACE ( 'NONE', ( #1291 ), #1896, .T. ) ;
#660 = ORIENTED_EDGE ( 'NONE', *, *, #2369, .F. ) ;
#661 = DIRECTION ( 'NONE',  ( 1.000000000000000000, -0.000000000000000000, -0.000000000000000000 ) ) ;
#662 = CIRCLE ( 'NONE', #190, 5.499999999999998224 ) ;
#663 = AXIS2_PLACEMENT_3D ( 'NONE', #536, #965, #2540 ) ;
#664 = CARTESIAN_POINT ( 'NONE',  ( 8.000000000000000000, 29.56414504036113655, -6.745869835683006244 ) ) ;
#665 = DIRECTION ( 'NONE',  ( 1.000000000000000000, 0.000000000000000000, 0.000000000000000000 ) ) ;
#666 = DIRECTION ( 'NONE',  ( 0.000000000000000000, 0.000000000000000000, -1.000000000000000000 ) ) ;
#667 = VECTOR ( 'NONE', #370, 1000.000000000000000 ) ;
#668 = CARTESIAN_POINT ( 'NONE',  ( 10.00000000000000000, 12.24586983568289789, 29.56414504036117563 ) ) ;
#669 = CARTESIAN_POINT ( 'NONE',  ( 10.00000000000000000, -12.24586983568247156, 29.56414504036134261 ) ) ;
#670 = ORIENTED_EDGE ( 'NONE', *, *, #126, .T. ) ;
#671 = EDGE_CURVE ( 'NONE', #2346, #2216, #1075, .T. ) ;
#672 = CIRCLE ( 'NONE', #2146, 5.499999999999994671 ) ;
#673 = ADVANCED_FACE ( 'NONE', ( #50 ), #1496, .T. ) ;
#674 = ORIENTED_EDGE ( 'NONE', *, *, #1403, .F. ) ;
#675 = DIRECTION ( 'NONE',  ( 1.000000000000000000, 0.000000000000000000, 0.000000000000000000 ) ) ;
#676 = EDGE_CURVE ( 'NONE', #1838, #1280, #686, .T. ) ;
#677 = CIRCLE ( 'NONE', #839, 25.00000000000000000 ) ;
#678 = CARTESIAN_POINT ( 'NONE',  ( 8.000000000000000000, -2.234548056859605347E-13, -32.00000000000000000 ) ) ;
#679 = PLANE ( 'NONE',  #2409 ) ;
#680 = DIRECTION ( 'NONE',  ( 0.000000000000000000, 0.000000000000000000, -1.000000000000000000 ) ) ;
#681 = ORIENTED_EDGE ( 'NONE', *, *, #1176, .T. ) ;
#682 = DIRECTION ( 'NONE',  ( 1.000000000000000000, -0.000000000000000000, -0.000000000000000000 ) ) ;
#683 = CARTESIAN_POINT ( 'NONE',  ( 10.00000000000000000, 14.14213562373084088, -14.14213562373098831 ) ) ;
#684 = EDGE_CURVE ( 'NONE', #704, #1422, #1237, .T. ) ;
#685 = VERTEX_POINT ( 'NONE', #888 ) ;
#686 = LINE ( 'NONE', #2094, #1834 ) ;
#687 = CIRCLE ( 'NONE', #2166, 5.500000000000000000 ) ;
#688 = EDGE_CURVE ( 'NONE', #2259, #946, #1023, .T. ) ;
#689 = AXIS2_PLACEMENT_3D ( 'NONE', #1877, #95, #487 ) ;
#690 = CARTESIAN_POINT ( 'NONE',  ( 8.000000000000000000, -22.62741699796924522, 22.62741699796980299 ) ) ;
#691 = APPLICATION_PROTOCOL_DEFINITION ( 'international standard', 'config_control_design', 1994, #2273 ) ;
#692 = AXIS2_PLACEMENT_3D ( 'NONE', #306, #1770, #2378 ) ;
#693 = ORIENTED_EDGE ( 'NONE', *, *, #1611, .F. ) ;
#694 = FACE_OUTER_BOUND ( 'NONE', #1346, .T. ) ;
#695 = DIRECTION ( 'NONE',  ( 1.000000000000000000, 0.000000000000000000, 0.000000000000000000 ) ) ;
#696 = EDGE_LOOP ( 'NONE', ( #1439, #2265 ) ) ;
#697 = CARTESIAN_POINT ( 'NONE',  ( 8.000000000000000000, -8.499999999999952038, 8.974623797036219746E-14 ) ) ;
#698 = VERTEX_POINT ( 'NONE', #1937 ) ;
#699 = AXIS2_PLACEMENT_3D ( 'NONE', #832, #1640, #1695 ) ;
#700 = CARTESIAN_POINT ( 'NONE',  ( 8.000000000000000000, 29.56414504036120761, 12.24586983568279486 ) ) ;
#701 = CYLINDRICAL_SURFACE ( 'NONE', #2491, 5.499999999999998224 ) ;
#702 = EDGE_CURVE ( 'NONE', #1202, #258, #5, .T. ) ;
#703 = FACE_OUTER_BOUND ( 'NONE', #68, .T. ) ;
#704 = VERTEX_POINT ( 'NONE', #1365 ) ;
#705 = DIRECTION ( 'NONE',  ( 0.000000000000000000, 0.000000000000000000, -1.000000000000000000 ) ) ;
#706 = DIRECTION ( 'NONE',  ( 1.000000000000000000, 0.000000000000000000, 0.000000000000000000 ) ) ;
#707 = ORIENTED_EDGE ( 'NONE', *, *, #51, .F. ) ;
#708 = CARTESIAN_POINT ( 'NONE',  ( 8.000000000000000000, -8.499999999999952038, 5.500000000000089706 ) ) ;
#709 = ORIENTED_EDGE ( 'NONE', *, *, #2251, .T. ) ;
#710 = DIRECTION ( 'NONE',  ( 1.000000000000000000, 0.000000000000000000, 0.000000000000000000 ) ) ;
#711 = EDGE_CURVE ( 'NONE', #2071, #429, #2517, .T. ) ;
#712 = EDGE_CURVE ( 'NONE', #444, #1167, #2046, .T. ) ;
#713 = DIRECTION ( 'NONE',  ( 1.000000000000000000, 0.000000000000000000, 0.000000000000000000 ) ) ;
#714 = PERSON_AND_ORGANIZATION ( #1033, #1557 ) ;
#715 = AXIS2_PLACEMENT_3D ( 'NONE', #1477, #2487, #858 ) ;
#716 = DIRECTION ( 'NONE',  ( 1.000000000000000000, -0.000000000000000000, -0.000000000000000000 ) ) ;
#717 = ORIENTED_EDGE ( 'NONE', *, *, #192, .F. ) ;
#718 = DIRECTION ( 'NONE',  ( 1.000000000000000000, 0.000000000000000000, 0.000000000000000000 ) ) ;
#719 = AXIS2_PLACEMENT_3D ( 'NONE', #365, #1164, #1724 ) ;
#720 = DIRECTION ( 'NONE',  ( 0.000000000000000000, 0.000000000000000000, -1.000000000000000000 ) ) ;
#721 = DIRECTION ( 'NONE',  ( 0.000000000000000000, 0.000000000000000000, -1.000000000000000000 ) ) ;
#722 = DIRECTION ( 'NONE',  ( 1.000000000000000000, -0.000000000000000000, -0.000000000000000000 ) ) ;
#723 = CIRCLE ( 'NONE', #509, 5.500000000000001776 ) ;
#724 = VECTOR ( 'NONE', #2355, 1000.000000000000000 ) ;
#725 = ORIENTED_EDGE ( 'NONE', *, *, #1112, .T. ) ;
#726 = CARTESIAN_POINT ( 'NONE',  ( 8.000000000000000000, -2.234548056859605347E-13, -32.00000000000000000 ) ) ;
#727 = ADVANCED_FACE ( 'NONE', ( #1537 ), #575, .F. ) ;
#728 = DIRECTION ( 'NONE',  ( 1.000000000000000000, 0.000000000000000000, 0.000000000000000000 ) ) ;
#729 = CIRCLE ( 'NONE', #2544, 5.499999999999998224 ) ;
#730 = DATE_AND_TIME ( #951, #1600 ) ;
#731 = CYLINDRICAL_SURFACE ( 'NONE', #2322, 5.499999999999999112 ) ;
#732 = ORIENTED_EDGE ( 'NONE', *, *, #2128, .T. ) ;
#733 = DIRECTION ( 'NONE',  ( 0.000000000000000000, 0.000000000000000000, -1.000000000000000000 ) ) ;
#734 = DIRECTION ( 'NONE',  ( 1.000000000000000000, 0.000000000000000000, 0.000000000000000000 ) ) ;
#735 = EDGE_LOOP ( 'NONE', ( #1471, #2287, #1708, #1124 ) ) ;
#736 = DIRECTION ( 'NONE',  ( 0.000000000000000000, 0.000000000000000000, -1.000000000000000000 ) ) ;
#737 = ADVANCED_FACE ( 'NONE', ( #1306 ), #1139, .F. ) ;
#738 = AXIS2_PLACEMENT_3D ( 'NONE', #2160, #514, #106 ) ;
#739 = ORIENTED_EDGE ( 'NONE', *, *, #12, .F. ) ;
#740 = DIRECTION ( 'NONE',  ( 1.000000000000000000, -0.000000000000000000, -0.000000000000000000 ) ) ;
#741 = PLANE ( 'NONE',  #980 ) ;
#742 = COORDINATED_UNIVERSAL_TIME_OFFSET ( 1, 0, .AHEAD. ) ;
#743 = CARTESIAN_POINT ( 'NONE',  ( 8.000000000000000000, 19.99999999999995026, 5.499999999999929834 ) ) ;
#744 = LINE ( 'NONE', #549, #1715 ) ;
#745 = DIRECTION ( 'NONE',  ( 0.000000000000000000, 0.000000000000000000, -1.000000000000000000 ) ) ;
#746 = VERTEX_POINT ( 'NONE', #2345 ) ;
#747 = LINE ( 'NONE', #539, #1260 ) ;
#748 = CARTESIAN_POINT ( 'NONE',  ( 8.000000000000000000, 14.14213562373084088, -14.14213562373098831 ) ) ;
#749 = AXIS2_PLACEMENT_3D ( 'NONE', #873, #2091, #2500 ) ;
#750 = ORIENTED_EDGE ( 'NONE', *, *, #1275, .T. ) ;
#751 = EDGE_CURVE ( 'NONE', #946, #2259, #2172, .T. ) ;
#752 = ADVANCED_FACE ( 'NONE', ( #1566 ), #1155, .F. ) ;
#753 = ORIENTED_EDGE ( 'NONE', *, *, #1414, .T. ) ;
#754 = CARTESIAN_POINT ( 'NONE',  ( 8.000000000000000000, 8.499999999999952038, 5.499999999999969802 ) ) ;
#755 = DIRECTION ( 'NONE',  ( 1.000000000000000000, -0.000000000000000000, -0.000000000000000000 ) ) ;
#756 = CALENDAR_DATE ( 2026, 25, 2 ) ;
#757 = DIRECTION ( 'NONE',  ( 1.000000000000000000, -0.000000000000000000, -0.000000000000000000 ) ) ;
#758 = CARTESIAN_POINT ( 'NONE',  ( 10.00000000000000000, 19.99999999999995026, -5.500000000000070166 ) ) ;
#759 = CARTESIAN_POINT ( 'NONE',  ( 8.000000000000000000, -14.14213562373074495, 14.14213562373108779 ) ) ;
#760 = ORIENTED_EDGE ( 'NONE', *, *, #2009, .T. ) ;
#761 = DIRECTION ( 'NONE',  ( 1.000000000000000000, 0.000000000000000000, 0.000000000000000000 ) ) ;
#762 = AXIS2_PLACEMENT_3D ( 'NONE', #599, #878, #2104 ) ;
#763 = CIRCLE ( 'NONE', #1779, 5.499999999999998224 ) ;
#764 = DIRECTION ( 'NONE',  ( 1.000000000000000000, -0.000000000000000000, -0.000000000000000000 ) ) ;
#765 = DIRECTION ( 'NONE',  ( 0.000000000000000000, 0.000000000000000000, -1.000000000000000000 ) ) ;
#766 = EDGE_CURVE ( 'NONE', #1609, #2392, #894, .T. ) ;
#767 = AXIS2_PLACEMENT_3D ( 'NONE', #2465, #1228, #1241 ) ;
#768 = VECTOR ( 'NONE', #363, 1000.000000000000000 ) ;
#769 = ORIENTED_EDGE ( 'NONE', *, *, #1249, .T. ) ;
#770 = CARTESIAN_POINT ( 'NONE',  ( 10.00000000000000000, 0.000000000000000000, 26.50000000000000355 ) ) ;
#771 = CARTESIAN_POINT ( 'NONE',  ( 8.000000000000000000, -22.62741699796971773, -17.12741699796932338 ) ) ;
#772 = EDGE_CURVE ( 'NONE', #946, #444, #2165, .T. ) ;
#773 = ORIENTED_EDGE ( 'NONE', *, *, #1650, .T. ) ;
#774 = AXIS2_PLACEMENT_3D ( 'NONE', #1262, #262, #460 ) ;
#775 = CARTESIAN_POINT ( 'NONE',  ( 8.000000000000000000, -14.14213562373074495, 14.14213562373108779 ) ) ;
#776 = ORIENTED_EDGE ( 'NONE', *, *, #2001, .T. ) ;
#777 = CARTESIAN_POINT ( 'NONE',  ( 10.00000000000000000, 19.99999999999995026, -7.015838463113577974E-14 ) ) ;
#778 = CARTESIAN_POINT ( 'NONE',  ( 8.000000000000000000, -29.56414504036104773, 6.745869835683193649 ) ) ;
#779 = DIRECTION ( 'NONE',  ( 1.000000000000000000, -0.000000000000000000, -0.000000000000000000 ) ) ;
#780 = AXIS2_PLACEMENT_3D ( 'NONE', #2605, #844, #183 ) ;
#781 = VERTEX_POINT ( 'NONE', #945 ) ;
#782 = DIRECTION ( 'NONE',  ( 1.000000000000000000, -0.000000000000000000, -0.000000000000000000 ) ) ;
#783 = CYLINDRICAL_SURFACE ( 'NONE', #1308, 5.499999999999998224 ) ;
#784 = EDGE_LOOP ( 'NONE', ( #2045, #407, #1562, #239 ) ) ;
#785 = DIRECTION ( 'NONE',  ( 1.000000000000000000, -0.000000000000000000, -0.000000000000000000 ) ) ;
#786 = DIRECTION ( 'NONE',  ( 0.000000000000000000, 0.000000000000000000, -1.000000000000000000 ) ) ;
#787 = ADVANCED_FACE ( 'NONE', ( #149 ), #1923, .F. ) ;
#788 = CARTESIAN_POINT ( 'NONE',  ( 8.000000000000000000, 22.62741699796940154, -28.12741699796963957 ) ) ;
#789 = FACE_BOUND ( 'NONE', #178, .T. ) ;
#790 = EDGE_LOOP ( 'NONE', ( #187, #2616 ) ) ;
#791 = CIRCLE ( 'NONE', #1807, 5.500000000000001776 ) ;
#792 = VERTEX_POINT ( 'NONE', #571 ) ;
#793 = DIRECTION ( 'NONE',  ( 1.000000000000000000, 0.000000000000000000, 0.000000000000000000 ) ) ;
#794 = EDGE_CURVE ( 'NONE', #2392, #1609, #1704, .T. ) ;
#795 = AXIS2_PLACEMENT_3D ( 'NONE', #1845, #2492, #646 ) ;
#796 = ORIENTED_EDGE ( 'NONE', *, *, #2369, .T. ) ;
#797 = CARTESIAN_POINT ( 'NONE',  ( 10.00000000000000000, 22.62741699796940154, -17.12741699796964312 ) ) ;
#798 = DIRECTION ( 'NONE',  ( 1.000000000000000000, 0.000000000000000000, 0.000000000000000000 ) ) ;
#799 = PLANE ( 'NONE',  #125 ) ;
#800 = CARTESIAN_POINT ( 'NONE',  ( 8.000000000000000000, 29.56414504036113655, -12.24586983568300447 ) ) ;
#801 = ORIENTED_EDGE ( 'NONE', *, *, #2470, .T. ) ;
#802 = VECTOR ( 'NONE', #617, 1000.000000000000000 ) ;
#803 = ORIENTED_EDGE ( 'NONE', *, *, #251, .F. ) ;
#804 = FACE_OUTER_BOUND ( 'NONE', #435, .T. ) ;
#805 = EDGE_CURVE ( 'NONE', #1292, #1652, #1726, .T. ) ;
#806 = ORIENTED_EDGE ( 'NONE', *, *, #2155, .F. ) ;
#807 = CARTESIAN_POINT ( 'NONE',  ( 8.000000000000000000, 14.14213562373094213, 14.14213562373089417 ) ) ;
#808 = DIRECTION ( 'NONE',  ( 1.000000000000000000, 0.000000000000000000, 0.000000000000000000 ) ) ;
#809 = AXIS2_PLACEMENT_3D ( 'NONE', #1659, #2275, #1073 ) ;
#810 = DIRECTION ( 'NONE',  ( 1.000000000000000000, 0.000000000000000000, 0.000000000000000000 ) ) ;
#811 = CYLINDRICAL_SURFACE ( 'NONE', #1226, 40.00000000000000000 ) ;
#812 = ORIENTED_EDGE ( 'NONE', *, *, #397, .T. ) ;
#813 = CIRCLE ( 'NONE', #1742, 5.500000000000000888 ) ;
#814 = CIRCLE ( 'NONE', #2123, 40.00000000000000000 ) ;
#815 = EDGE_LOOP ( 'NONE', ( #1955, #2238 ) ) ;
#816 = LINE ( 'NONE', #2217, #995 ) ;
#817 = EDGE_CURVE ( 'NONE', #2499, #1975, #2625, .T. ) ;
#818 = ORIENTED_EDGE ( 'NONE', *, *, #2398, .T. ) ;
#819 = CARTESIAN_POINT ( 'NONE',  ( 8.000000000000000000, 12.24586983568289789, 29.56414504036117563 ) ) ;
#820 = FACE_OUTER_BOUND ( 'NONE', #2557, .T. ) ;
#821 = LINE ( 'NONE', #2213, #1515 ) ;
#822 = CARTESIAN_POINT ( 'NONE',  ( 8.000000000000000000, 29.56414504036120761, 12.24586983568279486 ) ) ;
#823 = ORIENTED_EDGE ( 'NONE', *, *, #638, .T. ) ;
#824 = CLOSED_SHELL ( 'NONE', ( #1889, #1936, #233, #351, #243, #606, #1392, #217, #361, #1443, #752, #853, #2594, #1591, #2059, #2073, #977, #2523, #2624, #52, #2087, #1792, #1651, #936, #2240, #153, #307, #901, #531, #1181, #1362, #857, #2552, #902, #2431, #1284, #1497, #1608, #659, #737, #102, #1999, #1808, #1531, #1961, #1084, #2154, #1027, #1772, #2607, #1143, #996, #181, #475, #1488, #160, #2547, #1865, #1745, #1685, #2306, #436, #889, #165, #1663, #952, #88, #359, #271, #787, #1487, #842, #593, #2193, #1256, #489, #273, #2201, #2109, #1626, #2410, #380, #2267, #582, #486, #1898, #673, #396, #600, #197, #1816, #1462, #2620, #727, #828, #1619 ) ) ;
#825 = EDGE_CURVE ( 'NONE', #280, #1171, #1353, .T. ) ;
#826 = EDGE_LOOP ( 'NONE', ( #1800, #1886, #1647, #1433 ) ) ;
#827 = DIRECTION ( 'NONE',  ( 0.000000000000000000, 0.000000000000000000, -1.000000000000000000 ) ) ;
#828 = ADVANCED_FACE ( 'NONE', ( #2316 ), #958, .F. ) ;
#829 = ORIENTED_EDGE ( 'NONE', *, *, #1461, .F. ) ;
#830 = CYLINDRICAL_SURFACE ( 'NONE', #2170, 5.500000000000000000 ) ;
#831 = PLANE ( 'NONE',  #636 ) ;
#832 = CARTESIAN_POINT ( 'NONE',  ( 10.00000000000000000, -29.56414504036104773, 12.24586983568319454 ) ) ;
#833 = EDGE_LOOP ( 'NONE', ( #21, #2032 ) ) ;
#834 = CARTESIAN_POINT ( 'NONE',  ( 8.000000000000000000, -2.234548056859605347E-13, -37.50000000000000000 ) ) ;
#835 = DIRECTION ( 'NONE',  ( 0.000000000000000000, 0.000000000000000000, -1.000000000000000000 ) ) ;
#836 = VERTEX_POINT ( 'NONE', #1166 ) ;
#837 = ORIENTED_EDGE ( 'NONE', *, *, #702, .T. ) ;
#838 = CARTESIAN_POINT ( 'NONE',  ( 10.00000000000000000, -1.399880114079982575E-13, -25.49999999999995381 ) ) ;
#839 = AXIS2_PLACEMENT_3D ( 'NONE', #2037, #1435, #2027 ) ;
#840 = CIRCLE ( 'NONE', #2317, 5.500000000000000000 ) ;
#841 = VERTEX_POINT ( 'NONE', #900 ) ;
#842 = ADVANCED_FACE ( 'NONE', ( #2600 ), #8, .F. ) ;
#843 = AXIS2_PLACEMENT_3D ( 'NONE', #2260, #1642, #1605 ) ;
#844 = DIRECTION ( 'NONE',  ( 1.000000000000000000, 0.000000000000000000, 0.000000000000000000 ) ) ;
#845 = PLANE ( 'NONE',  #2067 ) ;
#846 = FACE_OUTER_BOUND ( 'NONE', #1989, .T. ) ;
#847 = DIRECTION ( 'NONE',  ( 1.000000000000000000, 0.000000000000000000, 0.000000000000000000 ) ) ;
#848 = DIRECTION ( 'NONE',  ( 0.000000000000000000, 0.000000000000000000, -1.000000000000000000 ) ) ;
#849 = ORIENTED_EDGE ( 'NONE', *, *, #1323, .F. ) ;
#850 = EDGE_LOOP ( 'NONE', ( #1846, #1032, #1301, #137 ) ) ;
#851 = DIRECTION ( 'NONE',  ( 1.000000000000000000, -0.000000000000000000, -0.000000000000000000 ) ) ;
#852 = AXIS2_PLACEMENT_3D ( 'NONE', #142, #728, #1530 ) ;
#853 = ADVANCED_FACE ( 'NONE', ( #1201 ), #985, .F. ) ;
#854 = AXIS2_PLACEMENT_3D ( 'NONE', #678, #1251, #249 ) ;
#855 = ORIENTED_EDGE ( 'NONE', *, *, #1371, .F. ) ;
#856 = DIRECTION ( 'NONE',  ( 0.000000000000000000, 0.000000000000000000, 1.000000000000000000 ) ) ;
#857 = ADVANCED_FACE ( 'NONE', ( #1980 ), #811, .T. ) ;
#858 = DIRECTION ( 'NONE',  ( 0.000000000000000000, 0.000000000000000000, -1.000000000000000000 ) ) ;
#859 = CYLINDRICAL_SURFACE ( 'NONE', #2577, 5.500000000000000888 ) ;
#860 = VERTEX_POINT ( 'NONE', #1379 ) ;
#861 = CYLINDRICAL_SURFACE ( 'NONE', #1377, 15.00000000000000000 ) ;
#862 = CYLINDRICAL_SURFACE ( 'NONE', #413, 5.499999999999998224 ) ;
#863 = VERTEX_POINT ( 'NONE', #177 ) ;
#864 = EDGE_CURVE ( 'NONE', #520, #1595, #1018, .T. ) ;
#865 = EDGE_LOOP ( 'NONE', ( #906, #1881, #1859, #2302 ) ) ;
#866 = DIRECTION ( 'NONE',  ( 1.000000000000000000, -0.000000000000000000, -0.000000000000000000 ) ) ;
#867 = EDGE_LOOP ( 'NONE', ( #647, #1991, #2301, #632 ) ) ;
#868 = CIRCLE ( 'NONE', #59, 5.500000000000000000 ) ;
#869 = EDGE_CURVE ( 'NONE', #1104, #204, #1401, .T. ) ;
#870 = PLANE ( 'NONE',  #1020 ) ;
#871 = CYLINDRICAL_SURFACE ( 'NONE', #27, 40.00000000000000000 ) ;
#872 = DIRECTION ( 'NONE',  ( 0.000000000000000000, 0.000000000000000000, -1.000000000000000000 ) ) ;
#873 = CARTESIAN_POINT ( 'NONE',  ( 8.000000000000000000, -29.56414504036129998, -12.24586983568257459 ) ) ;
#874 = DIRECTION ( 'NONE',  ( 1.000000000000000000, 0.000000000000000000, 0.000000000000000000 ) ) ;
#875 = AXIS2_PLACEMENT_3D ( 'NONE', #1648, #1862, #1096 ) ;
#876 = CIRCLE ( 'NONE', #2356, 5.500000000000000000 ) ;
#877 = ORIENTED_EDGE ( 'NONE', *, *, #2496, .T. ) ;
#878 = DIRECTION ( 'NONE',  ( 1.000000000000000000, 0.000000000000000000, 0.000000000000000000 ) ) ;
#879 = CIRCLE ( 'NONE', #1174, 5.500000000000000000 ) ;
#880 = FACE_OUTER_BOUND ( 'NONE', #1635, .T. ) ;
#881 = CARTESIAN_POINT ( 'NONE',  ( 0.000000000000000000, 0.000000000000000000, 0.000000000000000000 ) ) ;
#882 = CIRCLE ( 'NONE', #1649, 5.500000000000001776 ) ;
#883 = CARTESIAN_POINT ( 'NONE',  ( 8.000000000000000000, -14.14213562373103272, -14.14213562373079291 ) ) ;
#884 = EDGE_LOOP ( 'NONE', ( #354, #25, #1156, #2591 ) ) ;
#885 = CARTESIAN_POINT ( 'NONE',  ( 8.000000000000000000, 12.24586983568269183, -29.56414504036126090 ) ) ;
#886 = DIRECTION ( 'NONE',  ( 1.000000000000000000, 0.000000000000000000, 0.000000000000000000 ) ) ;
#887 = ORIENTED_EDGE ( 'NONE', *, *, #684, .T. ) ;
#888 = CARTESIAN_POINT ( 'NONE',  ( 8.000000000000000000, -19.99999999999994671, 5.500000000000209610 ) ) ;
#889 = ADVANCED_FACE ( 'NONE', ( #2609 ), #1606, .T. ) ;
#890 = APPROVAL ( #1541, 'UNSPECIFIED' ) ;
#891 = AXIS2_PLACEMENT_3D ( 'NONE', #1013, #29, #1598 ) ;
#892 = CYLINDRICAL_SURFACE ( 'NONE', #1790, 5.000000000000000000 ) ;
#893 = CARTESIAN_POINT ( 'NONE',  ( 10.00000000000000000, 0.000000000000000000, 0.000000000000000000 ) ) ;
#894 = CIRCLE ( 'NONE', #224, 5.500000000000000000 ) ;
#895 = DIRECTION ( 'NONE',  ( 1.000000000000000000, -0.000000000000000000, -0.000000000000000000 ) ) ;
#896 = ORIENTED_EDGE ( 'NONE', *, *, #2228, .T. ) ;
#897 = DIRECTION ( 'NONE',  ( 1.000000000000000000, -0.000000000000000000, -0.000000000000000000 ) ) ;
#898 = DIRECTION ( 'NONE',  ( 1.000000000000000000, 0.000000000000000000, 0.000000000000000000 ) ) ;
#899 = EDGE_LOOP ( 'NONE', ( #2093, #2335, #450, #796 ) ) ;
#900 = CARTESIAN_POINT ( 'NONE',  ( 8.000000000000000000, 22.62741699796940154, -28.12741699796963957 ) ) ;
#901 = ADVANCED_FACE ( 'NONE', ( #415 ), #2007, .F. ) ;
#902 = ADVANCED_FACE ( 'NONE', ( #1621, #1631, #1427, #2587, #1215, #1006, #2417, #2391, #2204, #1821, #1593, #1996, #1191, #2440, #608, #428, #2189, #377, #1390, #2214, #1179, #789, #2403, #595, #186, #2623, #2018, #2428, #619 ), #1416, .T. ) ;
#903 = EDGE_LOOP ( 'NONE', ( #2252, #707 ) ) ;
#904 = DIRECTION ( 'NONE',  ( 0.000000000000000000, 0.000000000000000000, -1.000000000000000000 ) ) ;
#905 = CARTESIAN_POINT ( 'NONE',  ( 10.00000000000000000, 14.14213562373084088, -19.64213562373099009 ) ) ;
#906 = ORIENTED_EDGE ( 'NONE', *, *, #1703, .F. ) ;
#907 = PERSON_AND_ORGANIZATION_ROLE ( 'creator' ) ;
#908 = AXIS2_PLACEMENT_3D ( 'NONE', #2066, #1030, #240 ) ;
#909 = DIRECTION ( 'NONE',  ( 1.000000000000000000, 0.000000000000000000, 0.000000000000000000 ) ) ;
#910 = ORIENTED_EDGE ( 'NONE', *, *, #193, .F. ) ;
#911 = CARTESIAN_POINT ( 'NONE',  ( 10.00000000000000000, -22.62741699796971773, -17.12741699796932338 ) ) ;
#912 = CARTESIAN_POINT ( 'NONE',  ( 10.00000000000000000, -29.56414504036104773, 6.745869835683193649 ) ) ;
#913 = CARTESIAN_POINT ( 'NONE',  ( 8.000000000000000000, 14.14213562373094213, 14.14213562373089417 ) ) ;
#914 = DIRECTION ( 'NONE',  ( 1.000000000000000000, -0.000000000000000000, -0.000000000000000000 ) ) ;
#915 = VERTEX_POINT ( 'NONE', #35 ) ;
#916 = DIRECTION ( 'NONE',  ( 0.000000000000000000, 0.000000000000000000, 1.000000000000000000 ) ) ;
#917 = DIRECTION ( 'NONE',  ( 1.000000000000000000, -0.000000000000000000, -0.000000000000000000 ) ) ;
#918 = DIRECTION ( 'NONE',  ( 1.000000000000000000, 0.000000000000000000, 0.000000000000000000 ) ) ;
#919 = PERSON_AND_ORGANIZATION ( #1033, #1557 ) ;
#920 = EDGE_CURVE ( 'NONE', #1242, #1895, #687, .T. ) ;
#921 = CARTESIAN_POINT ( 'NONE',  ( 0.000000000000000000, 3.061616997868383043E-15, 25.00000000000000000 ) ) ;
#922 = ORIENTED_EDGE ( 'NONE', *, *, #323, .F. ) ;
#923 = CARTESIAN_POINT ( 'NONE',  ( 8.000000000000000000, -1.399880114079982575E-13, -19.99999999999995026 ) ) ;
#924 = CIRCLE ( 'NONE', #2196, 5.499999999999998224 ) ;
#925 = CYLINDRICAL_SURFACE ( 'NONE', #1393, 5.500000000000001776 ) ;
#926 = ORIENTED_EDGE ( 'NONE', *, *, #2580, .F. ) ;
#927 = LINE ( 'NONE', #1376, #2070 ) ;
#928 = DIRECTION ( 'NONE',  ( 0.000000000000000000, 0.000000000000000000, -1.000000000000000000 ) ) ;
#929 = EDGE_LOOP ( 'NONE', ( #1774, #2255 ) ) ;
#930 = CIRCLE ( 'NONE', #2415, 5.500000000000001776 ) ;
#931 = ORIENTED_EDGE ( 'NONE', *, *, #244, .T. ) ;
#932 = DIRECTION ( 'NONE',  ( 0.000000000000000000, 0.000000000000000000, -1.000000000000000000 ) ) ;
#933 = FACE_OUTER_BOUND ( 'NONE', #156, .T. ) ;
#934 = CALENDAR_DATE ( 2026, 25, 2 ) ;
#935 = CIRCLE ( 'NONE', #1830, 5.500000000000000888 ) ;
#936 = ADVANCED_FACE ( 'NONE', ( #2080 ), #1231, .F. ) ;
#937 = CYLINDRICAL_SURFACE ( 'NONE', #2202, 15.00000000000000000 ) ;
#938 = ORIENTED_EDGE ( 'NONE', *, *, #2351, .T. ) ;
#939 = EDGE_CURVE ( 'NONE', #1197, #146, #2034, .T. ) ;
#940 = DIRECTION ( 'NONE',  ( 1.000000000000000000, -0.000000000000000000, -0.000000000000000000 ) ) ;
#941 = FACE_OUTER_BOUND ( 'NONE', #464, .T. ) ;
#942 = EDGE_LOOP ( 'NONE', ( #1525, #1442, #2101, #739 ) ) ;
#943 = CARTESIAN_POINT ( 'NONE',  ( 10.00000000000000000, -22.62741699796924522, 22.62741699796980299 ) ) ;
#944 = EDGE_CURVE ( 'NONE', #494, #644, #2268, .T. ) ;
#945 = CARTESIAN_POINT ( 'NONE',  ( 10.00000000000000000, -12.24586983568310572, -35.06414504036108326 ) ) ;
#946 = VERTEX_POINT ( 'NONE', #277 ) ;
#947 = VECTOR ( 'NONE', #345, 1000.000000000000000 ) ;
#948 = ORIENTED_EDGE ( 'NONE', *, *, #772, .T. ) ;
#949 = FACE_OUTER_BOUND ( 'NONE', #535, .T. ) ;
#950 = DIRECTION ( 'NONE',  ( 1.000000000000000000, 0.000000000000000000, 0.000000000000000000 ) ) ;
#951 = CALENDAR_DATE ( 2026, 25, 2 ) ;
#952 = ADVANCED_FACE ( 'NONE', ( #1267 ), #483, .F. ) ;
#953 = DIRECTION ( 'NONE',  ( 0.000000000000000000, 0.000000000000000000, -1.000000000000000000 ) ) ;
#954 = CYLINDRICAL_SURFACE ( 'NONE', #235, 5.500000000000001776 ) ;
#955 = CARTESIAN_POINT ( 'NONE',  ( 8.000000000000000000, -12.24586983568247156, 29.56414504036134261 ) ) ;
#956 = ORIENTED_EDGE ( 'NONE', *, *, #1153, .T. ) ;
#957 = DIRECTION ( 'NONE',  ( 1.000000000000000000, -0.000000000000000000, -0.000000000000000000 ) ) ;
#958 = CYLINDRICAL_SURFACE ( 'NONE', #218, 5.000000000000000000 ) ;
#959 = EDGE_CURVE ( 'NONE', #860, #1913, #64, .T. ) ;
#960 = ORIENTED_EDGE ( 'NONE', *, *, #987, .F. ) ;
#961 = FACE_OUTER_BOUND ( 'NONE', #1494, .T. ) ;
#962 = DIRECTION ( 'NONE',  ( 0.000000000000000000, 0.000000000000000000, -1.000000000000000000 ) ) ;
#963 = COORDINATED_UNIVERSAL_TIME_OFFSET ( 1, 0, .AHEAD. ) ;
#964 = ORIENTED_EDGE ( 'NONE', *, *, #2040, .T. ) ;
#965 = DIRECTION ( 'NONE',  ( 1.000000000000000000, 0.000000000000000000, 0.000000000000000000 ) ) ;
#966 = VERTEX_POINT ( 'NONE', #1858 ) ;
#967 = CIRCLE ( 'NONE', #2445, 5.499999999999998224 ) ;
#968 = DIRECTION ( 'NONE',  ( 0.000000000000000000, 0.000000000000000000, -1.000000000000000000 ) ) ;
#969 = EDGE_CURVE ( 'NONE', #429, #1024, #1209, .T. ) ;
#970 = AXIS2_PLACEMENT_3D ( 'NONE', #159, #2543, #736 ) ;
#971 = DIRECTION ( 'NONE',  ( 1.000000000000000000, -0.000000000000000000, -0.000000000000000000 ) ) ;
#972 = DIRECTION ( 'NONE',  ( -1.000000000000000000, -0.000000000000000000, -0.000000000000000000 ) ) ;
#973 = CIRCLE ( 'NONE', #1182, 5.500000000000000000 ) ;
#974 = ORIENTED_EDGE ( 'NONE', *, *, #1336, .F. ) ;
#975 = CYLINDRICAL_SURFACE ( 'NONE', #1673, 5.500000000000000888 ) ;
#976 = CARTESIAN_POINT ( 'NONE',  ( 8.000000000000000000, 8.499999999999952038, -5.500000000000031086 ) ) ;
#977 = ADVANCED_FACE ( 'NONE', ( #466 ), #2455, .F. ) ;
#978 = PRODUCT_RELATED_PRODUCT_CATEGORY ( 'detail', '', ( #108 ) ) ;
#979 = ORIENTED_EDGE ( 'NONE', *, *, #19, .F. ) ;
#980 = AXIS2_PLACEMENT_3D ( 'NONE', #328, #918, #2535 ) ;
#981 = DIRECTION ( 'NONE',  ( 0.000000000000000000, 0.000000000000000000, 1.000000000000000000 ) ) ;
#982 = VERTEX_POINT ( 'NONE', #452 ) ;
#983 = DIRECTION ( 'NONE',  ( 1.000000000000000000, 0.000000000000000000, 0.000000000000000000 ) ) ;
#984 = DIRECTION ( 'NONE',  ( 1.000000000000000000, 0.000000000000000000, 0.000000000000000000 ) ) ;
#985 = CYLINDRICAL_SURFACE ( 'NONE', #564, 5.499999999999996447 ) ;
#986 = AXIS2_PLACEMENT_3D ( 'NONE', #2269, #1463, #2486 ) ;
#987 = EDGE_CURVE ( 'NONE', #1065, #1079, #672, .T. ) ;
#988 = ORIENTED_EDGE ( 'NONE', *, *, #1730, .T. ) ;
#989 = DIRECTION ( 'NONE',  ( 1.000000000000000000, -0.000000000000000000, -0.000000000000000000 ) ) ;
#990 = EDGE_LOOP ( 'NONE', ( #2569, #1624 ) ) ;
#991 = LINE ( 'NONE', #2413, #1793 ) ;
#992 = DIRECTION ( 'NONE',  ( 0.000000000000000000, 0.000000000000000000, -1.000000000000000000 ) ) ;
#993 = PLANE ( 'NONE',  #1186 ) ;
#994 = DIRECTION ( 'NONE',  ( 0.000000000000000000, 0.000000000000000000, 1.000000000000000000 ) ) ;
#995 = VECTOR ( 'NONE', #1625, 1000.000000000000000 ) ;
#996 = ADVANCED_FACE ( 'NONE', ( #267 ), #2068, .F. ) ;
#997 = AXIS2_PLACEMENT_3D ( 'NONE', #2400, #2147, #579 ) ;
#998 = ORIENTED_EDGE ( 'NONE', *, *, #518, .T. ) ;
#999 = CARTESIAN_POINT ( 'NONE',  ( 8.000000000000000000, 29.56414504036120761, 12.24586983568279486 ) ) ;
#1000 = CIRCLE ( 'NONE', #2484, 15.00000000000000000 ) ;
#1001 = VECTOR ( 'NONE', #1043, 1000.000000000000000 ) ;
#1002 = ORIENTED_EDGE ( 'NONE', *, *, #1526, .T. ) ;
#1003 = DIRECTION ( 'NONE',  ( 0.000000000000000000, 0.000000000000000000, -1.000000000000000000 ) ) ;
#1004 = CARTESIAN_POINT ( 'NONE',  ( 8.000000000000000000, 29.56414504036120761, 12.24586983568279486 ) ) ;
#1005 = CARTESIAN_POINT ( 'NONE',  ( 8.000000000000000000, 12.24586983568269183, -24.06414504036125734 ) ) ;
#1006 = FACE_BOUND ( 'NONE', #696, .T. ) ;
#1007 = ORIENTED_EDGE ( 'NONE', *, *, #107, .F. ) ;
#1008 =( GEOMETRIC_REPRESENTATION_CONTEXT ( 3 ) GLOBAL_UNCERTAINTY_ASSIGNED_CONTEXT ( ( #1509 ) ) GLOBAL_UNIT_ASSIGNED_CONTEXT ( ( #1879, #1274, #274 ) ) REPRESENTATION_CONTEXT ( 'NONE', 'WORKASPACE' ) );
#1009 = EDGE_LOOP ( 'NONE', ( #467, #1660 ) ) ;
#1010 = DIRECTION ( 'NONE',  ( 0.000000000000000000, 0.000000000000000000, -1.000000000000000000 ) ) ;
#1011 = CIRCLE ( 'NONE', #2493, 5.000000000000000000 ) ;
#1012 = ORIENTED_EDGE ( 'NONE', *, *, #1372, .F. ) ;
#1013 = CARTESIAN_POINT ( 'NONE',  ( 8.000000000000000000, 0.000000000000000000, 32.00000000000000000 ) ) ;
#1014 = DIRECTION ( 'NONE',  ( 1.000000000000000000, 0.000000000000000000, 0.000000000000000000 ) ) ;
#1015 = EDGE_CURVE ( 'NONE', #188, #280, #1481, .T. ) ;
#1016 = EDGE_CURVE ( 'NONE', #966, #204, #2485, .T. ) ;
#1017 = CARTESIAN_POINT ( 'NONE',  ( 0.000000000000000000, 0.000000000000000000, 0.000000000000000000 ) ) ;
#1018 = LINE ( 'NONE', #1786, #2283 ) ;
#1019 = EDGE_LOOP ( 'NONE', ( #1380, #956, #113, #1657 ) ) ;
#1020 = AXIS2_PLACEMENT_3D ( 'NONE', #1902, #713, #2064 ) ;
#1021 = ORIENTED_EDGE ( 'NONE', *, *, #635, .T. ) ;
#1022 = DIRECTION ( 'NONE',  ( 0.000000000000000000, 0.000000000000000000, 1.000000000000000000 ) ) ;
#1023 = CIRCLE ( 'NONE', #1363, 5.500000000000000888 ) ;
#1024 = VERTEX_POINT ( 'NONE', #1871 ) ;
#1025 = DIRECTION ( 'NONE',  ( 1.000000000000000000, -0.000000000000000000, -0.000000000000000000 ) ) ;
#1026 = DIRECTION ( 'NONE',  ( 1.000000000000000000, 0.000000000000000000, 0.000000000000000000 ) ) ;
#1027 = ADVANCED_FACE ( 'NONE', ( #47 ), #862, .F. ) ;
#1028 = DIRECTION ( 'NONE',  ( 0.000000000000000000, 0.000000000000000000, -1.000000000000000000 ) ) ;
#1029 = ORIENTED_EDGE ( 'NONE', *, *, #712, .T. ) ;
#1030 = DIRECTION ( 'NONE',  ( -1.000000000000000000, 0.000000000000000000, 0.000000000000000000 ) ) ;
#1031 = DIRECTION ( 'NONE',  ( 1.000000000000000000, 0.000000000000000000, 0.000000000000000000 ) ) ;
#1032 = ORIENTED_EDGE ( 'NONE', *, *, #2001, .F. ) ;
#1033 = PERSON ( 'UNSPECIFIED', 'UNSPECIFIED', 'UNSPECIFIED', ('UNSPECIFIED'), ('UNSPECIFIED'), ('UNSPECIFIED') ) ;
#1034 = EDGE_LOOP ( 'NONE', ( #1232, #1456 ) ) ;
#1035 = DIRECTION ( 'NONE',  ( 1.000000000000000000, 0.000000000000000000, 0.000000000000000000 ) ) ;
#1036 = AXIS2_PLACEMENT_3D ( 'NONE', #287, #1091, #503 ) ;
#1037 = EDGE_CURVE ( 'NONE', #1160, #2538, #1883, .T. ) ;
#1038 = VERTEX_POINT ( 'NONE', #2044 ) ;
#1039 = CARTESIAN_POINT ( 'NONE',  ( 8.000000000000000000, 14.14213562373084088, -14.14213562373098831 ) ) ;
#1040 = DIRECTION ( 'NONE',  ( -1.000000000000000000, -0.000000000000000000, -0.000000000000000000 ) ) ;
#1041 = DIRECTION ( 'NONE',  ( 1.000000000000000000, 0.000000000000000000, 0.000000000000000000 ) ) ;
#1042 = DIRECTION ( 'NONE',  ( 1.000000000000000000, 0.000000000000000000, 0.000000000000000000 ) ) ;
#1043 = DIRECTION ( 'NONE',  ( 1.000000000000000000, -0.000000000000000000, -0.000000000000000000 ) ) ;
#1044 = ORIENTED_EDGE ( 'NONE', *, *, #1878, .T. ) ;
#1045 = EDGE_CURVE ( 'NONE', #1632, #1864, #876, .T. ) ;
#1046 = EDGE_LOOP ( 'NONE', ( #806, #1483, #658, #1822 ) ) ;
#1047 = CARTESIAN_POINT ( 'NONE',  ( 8.000000000000000000, -1.393144556684672268E-13, -14.49999999999995204 ) ) ;
#1048 = ORIENTED_EDGE ( 'NONE', *, *, #1372, .T. ) ;
#1049 = CIRCLE ( 'NONE', #2530, 5.499999999999996447 ) ;
#1050 = LOCAL_TIME ( 18, 50, 29.00000000000000000, #1514 ) ;
#1051 = EDGE_CURVE ( 'NONE', #1609, #1864, #2300, .T. ) ;
#1052 = AXIS2_PLACEMENT_3D ( 'NONE', #1582, #376, #176 ) ;
#1053 = ORIENTED_EDGE ( 'NONE', *, *, #939, .T. ) ;
#1054 = CIRCLE ( 'NONE', #1261, 5.499999999999999112 ) ;
#1055 = LINE ( 'NONE', #1678, #87 ) ;
#1056 = EDGE_CURVE ( 'NONE', #324, #2236, #133, .T. ) ;
#1057 = AXIS2_PLACEMENT_3D ( 'NONE', #1956, #2381, #2336 ) ;
#1058 = CARTESIAN_POINT ( 'NONE',  ( 8.000000000000000000, -1.021259646113993889E-15, 8.499999999999952038 ) ) ;
#1059 = DIRECTION ( 'NONE',  ( 1.000000000000000000, -0.000000000000000000, -0.000000000000000000 ) ) ;
#1060 = DIRECTION ( 'NONE',  ( 1.000000000000000000, 0.000000000000000000, 0.000000000000000000 ) ) ;
#1061 = DIRECTION ( 'NONE',  ( 1.000000000000000000, 0.000000000000000000, 0.000000000000000000 ) ) ;
#1062 = ORIENTED_EDGE ( 'NONE', *, *, #2264, .F. ) ;
#1063 = ORIENTED_EDGE ( 'NONE', *, *, #2084, .F. ) ;
#1064 = CARTESIAN_POINT ( 'NONE',  ( 8.000000000000000000, 14.14213562373094213, 8.642135623730895944 ) ) ;
#1065 = VERTEX_POINT ( 'NONE', #2117 ) ;
#1066 = EDGE_CURVE ( 'NONE', #506, #1612, #1734, .T. ) ;
#1067 = CARTESIAN_POINT ( 'NONE',  ( -4.000000000000000000, 0.000000000000000000, 0.000000000000000000 ) ) ;
#1068 = CARTESIAN_POINT ( 'NONE',  ( 8.000000000000000000, -2.234548056859605347E-13, -37.50000000000000000 ) ) ;
#1069 = CIRCLE ( 'NONE', #2483, 5.499999999999998224 ) ;
#1070 = CARTESIAN_POINT ( 'NONE',  ( 10.00000000000000000, 8.499999999999952038, -3.039105521002927751E-14 ) ) ;
#1071 = ORIENTED_EDGE ( 'NONE', *, *, #410, .F. ) ;
#1072 = LINE ( 'NONE', #521, #191 ) ;
#1073 = DIRECTION ( 'NONE',  ( 0.000000000000000000, 0.000000000000000000, -1.000000000000000000 ) ) ;
#1074 = VERTEX_POINT ( 'NONE', #2100 ) ;
#1075 = LINE ( 'NONE', #1064, #1679 ) ;
#1076 = AXIS2_PLACEMENT_3D ( 'NONE', #482, #718, #1492 ) ;
#1077 = CARTESIAN_POINT ( 'NONE',  ( 10.00000000000000000, 19.99999999999995026, -7.015838463113577974E-14 ) ) ;
#1078 = ORIENTED_EDGE ( 'NONE', *, *, #2264, .T. ) ;
#1079 = VERTEX_POINT ( 'NONE', #1106 ) ;
#1080 = FACE_OUTER_BOUND ( 'NONE', #1517, .T. ) ;
#1081 = DIRECTION ( 'NONE',  ( 1.000000000000000000, 0.000000000000000000, 0.000000000000000000 ) ) ;
#1082 = EDGE_LOOP ( 'NONE', ( #1391, #2573, #1577, #378 ) ) ;
#1083 = DIRECTION ( 'NONE',  ( 1.000000000000000000, 0.000000000000000000, 0.000000000000000000 ) ) ;
#1084 = ADVANCED_FACE ( 'NONE', ( #941 ), #1949, .F. ) ;
#1085 = APPROVAL ( #1575, 'UNSPECIFIED' ) ;
#1086 = CIRCLE ( 'NONE', #2314, 5.499999999999998224 ) ;
#1087 = DIRECTION ( 'NONE',  ( 1.000000000000000000, -0.000000000000000000, -0.000000000000000000 ) ) ;
#1088 = VECTOR ( 'NONE', #2454, 1000.000000000000000 ) ;
#1089 = CARTESIAN_POINT ( 'NONE',  ( 8.000000000000000000, -29.56414504036129998, -6.745869835682578142 ) ) ;
#1090 = ORIENTED_EDGE ( 'NONE', *, *, #959, .T. ) ;
#1091 = DIRECTION ( 'NONE',  ( 1.000000000000000000, 0.000000000000000000, 0.000000000000000000 ) ) ;
#1092 = CARTESIAN_POINT ( 'NONE',  ( 8.000000000000000000, -1.021259646113993889E-15, 2.999999999999952482 ) ) ;
#1093 = EDGE_CURVE ( 'NONE', #1167, #444, #1222, .T. ) ;
#1094 = EDGE_CURVE ( 'NONE', #1133, #1528, #385, .T. ) ;
#1095 = VERTEX_POINT ( 'NONE', #145 ) ;
#1096 = DIRECTION ( 'NONE',  ( 0.000000000000000000, 0.000000000000000000, -1.000000000000000000 ) ) ;
#1097 = CIRCLE ( 'NONE', #1571, 5.500000000000000000 ) ;
#1098 = ORIENTED_EDGE ( 'NONE', *, *, #2506, .F. ) ;
#1099 = DIRECTION ( 'NONE',  ( 0.000000000000000000, 0.000000000000000000, -1.000000000000000000 ) ) ;
#1100 = CIRCLE ( 'NONE', #1356, 5.500000000000000000 ) ;
#1101 = CARTESIAN_POINT ( 'NONE',  ( 8.000000000000000000, -29.56414504036129998, -17.74586983568256926 ) ) ;
#1102 = APPROVAL_ROLE ( '' ) ;
#1103 = CARTESIAN_POINT ( 'NONE',  ( 10.00000000000000000, 12.24586983568269183, -24.06414504036125734 ) ) ;
#1104 = VERTEX_POINT ( 'NONE', #1753 ) ;
#1105 = DIRECTION ( 'NONE',  ( 0.000000000000000000, 0.000000000000000000, -1.000000000000000000 ) ) ;
#1106 = CARTESIAN_POINT ( 'NONE',  ( 10.00000000000000000, -29.56414504036129998, -6.745869835682578142 ) ) ;
#1107 = ORIENTED_EDGE ( 'NONE', *, *, #2621, .T. ) ;
#1108 = CARTESIAN_POINT ( 'NONE',  ( 8.000000000000000000, -8.499999999999952038, 8.974623797036219746E-14 ) ) ;
#1109 = VERTEX_POINT ( 'NONE', #1561 ) ;
#1110 = LINE ( 'NONE', #788, #383 ) ;
#1111 = FACE_OUTER_BOUND ( 'NONE', #1656, .T. ) ;
#1112 = EDGE_CURVE ( 'NONE', #1594, #1074, #2110, .T. ) ;
#1113 = FACE_OUTER_BOUND ( 'NONE', #648, .T. ) ;
#1114 = CIRCLE ( 'NONE', #663, 5.500000000000000888 ) ;
#1115 = FACE_OUTER_BOUND ( 'NONE', #2560, .T. ) ;
#1116 = VERTEX_POINT ( 'NONE', #1535 ) ;
#1117 = DIRECTION ( 'NONE',  ( 1.000000000000000000, -0.000000000000000000, -0.000000000000000000 ) ) ;
#1118 = DIRECTION ( 'NONE',  ( 0.000000000000000000, -1.000000000000000000, 0.000000000000000000 ) ) ;
#1119 = ORIENTED_EDGE ( 'NONE', *, *, #920, .T. ) ;
#1120 = DIRECTION ( 'NONE',  ( 0.000000000000000000, 0.000000000000000000, -1.000000000000000000 ) ) ;
#1121 = DIRECTION ( 'NONE',  ( 1.000000000000000000, 0.000000000000000000, 0.000000000000000000 ) ) ;
#1122 = ORIENTED_EDGE ( 'NONE', *, *, #2473, .T. ) ;
#1123 = AXIS2_PLACEMENT_3D ( 'NONE', #669, #1455, #835 ) ;
#1124 = ORIENTED_EDGE ( 'NONE', *, *, #2362, .T. ) ;
#1125 = CARTESIAN_POINT ( 'NONE',  ( 10.00000000000000000, 0.000000000000000000, 32.00000000000000000 ) ) ;
#1126 = EDGE_CURVE ( 'NONE', #2236, #1109, #1054, .T. ) ;
#1127 = EDGE_CURVE ( 'NONE', #146, #1197, #930, .T. ) ;
#1128 = CARTESIAN_POINT ( 'NONE',  ( 10.00000000000000000, -5.833392311421893986E-14, -13.99999999999995204 ) ) ;
#1129 = APPROVAL_ROLE ( '' ) ;
#1130 = VECTOR ( 'NONE', #2284, 1000.000000000000000 ) ;
#1131 = EDGE_CURVE ( 'NONE', #2423, #2205, #76, .T. ) ;
#1132 = CARTESIAN_POINT ( 'NONE',  ( -20.00000000000000000, 0.000000000000000000, 0.000000000000000000 ) ) ;
#1133 = VERTEX_POINT ( 'NONE', #912 ) ;
#1134 = LINE ( 'NONE', #1737, #15 ) ;
#1135 = AXIS2_PLACEMENT_3D ( 'NONE', #161, #971, #1785 ) ;
#1136 = DIRECTION ( 'NONE',  ( 0.000000000000000000, 0.000000000000000000, -1.000000000000000000 ) ) ;
#1137 = ORIENTED_EDGE ( 'NONE', *, *, #1725, .T. ) ;
#1138 = DIRECTION ( 'NONE',  ( 1.000000000000000000, 0.000000000000000000, 0.000000000000000000 ) ) ;
#1139 = CYLINDRICAL_SURFACE ( 'NONE', #1959, 5.500000000000000000 ) ;
#1140 = AXIS2_PLACEMENT_3D ( 'NONE', #1426, #629, #1230 ) ;
#1141 = VERTEX_POINT ( 'NONE', #2514 ) ;
#1142 = CARTESIAN_POINT ( 'NONE',  ( 10.00000000000000000, 3.287578542732749400E-16, 19.99999999999995026 ) ) ;
#1143 = ADVANCED_FACE ( 'NONE', ( #2133 ), #1345, .T. ) ;
#1144 = AXIS2_PLACEMENT_3D ( 'NONE', #1334, #1121, #101 ) ;
#1145 = CARTESIAN_POINT ( 'NONE',  ( 8.000000000000000000, 29.56414504036120761, 12.24586983568279486 ) ) ;
#1146 = AXIS2_PLACEMENT_3D ( 'NONE', #2294, #1513, #2127 ) ;
#1147 = CIRCLE ( 'NONE', #1312, 40.00000000000000000 ) ;
#1148 = DIRECTION ( 'NONE',  ( 0.000000000000000000, 0.000000000000000000, -1.000000000000000000 ) ) ;
#1149 = CARTESIAN_POINT ( 'NONE',  ( 8.000000000000000000, 14.14213562373084088, -19.64213562373099009 ) ) ;
#1150 = CARTESIAN_POINT ( 'NONE',  ( 8.000000000000000000, -1.021259646113993889E-15, 8.499999999999952038 ) ) ;
#1151 = VERTEX_POINT ( 'NONE', #1738 ) ;
#1152 = PLANE ( 'NONE',  #970 ) ;
#1153 = EDGE_CURVE ( 'NONE', #2489, #56, #1289, .T. ) ;
#1154 = VECTOR ( 'NONE', #1549, 1000.000000000000000 ) ;
#1155 = CYLINDRICAL_SURFACE ( 'NONE', #2293, 5.499999999999994671 ) ;
#1156 = ORIENTED_EDGE ( 'NONE', *, *, #192, .T. ) ;
#1157 = CYLINDRICAL_SURFACE ( 'NONE', #1812, 5.499999999999998224 ) ;
#1158 = CYLINDRICAL_SURFACE ( 'NONE', #1397, 5.499999999999998224 ) ;
#1159 = AXIS2_PLACEMENT_3D ( 'NONE', #449, #1892, #872 ) ;
#1160 = VERTEX_POINT ( 'NONE', #1092 ) ;
#1161 = PLANE ( 'NONE',  #611 ) ;
#1162 = CARTESIAN_POINT ( 'NONE',  ( 8.000000000000000000, -22.62741699796971773, -28.12741699796931272 ) ) ;
#1163 = ORIENTED_EDGE ( 'NONE', *, *, #1799, .F. ) ;
#1164 = DIRECTION ( 'NONE',  ( 1.000000000000000000, 0.000000000000000000, 0.000000000000000000 ) ) ;
#1165 = PLANE ( 'NONE',  #1988 ) ;
#1166 = CARTESIAN_POINT ( 'NONE',  ( 0.000000000000000000, 4.898587196589413026E-15, -40.00000000000000000 ) ) ;
#1167 = VERTEX_POINT ( 'NONE', #1545 ) ;
#1168 = CARTESIAN_POINT ( 'NONE',  ( 8.000000000000000000, -31.99999999999999289, 3.351822085289408021E-13 ) ) ;
#1169 = EDGE_CURVE ( 'NONE', #1975, #2499, #973, .T. ) ;
#1170 = LINE ( 'NONE', #1313, #1827 ) ;
#1171 = VERTEX_POINT ( 'NONE', #1723 ) ;
#1172 = DIRECTION ( 'NONE',  ( -1.000000000000000000, 0.000000000000000000, 0.000000000000000000 ) ) ;
#1173 = ORIENTED_EDGE ( 'NONE', *, *, #510, .T. ) ;
#1174 = AXIS2_PLACEMENT_3D ( 'NONE', #1058, #2076, #54 ) ;
#1175 = CARTESIAN_POINT ( 'NONE',  ( 10.00000000000000000, 14.14213562373094213, 14.14213562373089417 ) ) ;
#1176 = EDGE_CURVE ( 'NONE', #685, #2456, #2457, .T. ) ;
#1177 = AXIS2_PLACEMENT_3D ( 'NONE', #2164, #2388, #721 ) ;
#1178 = CARTESIAN_POINT ( 'NONE',  ( 8.000000000000000000, 22.62741699796956496, 22.62741699796948325 ) ) ;
#1179 = FACE_BOUND ( 'NONE', #2525, .T. ) ;
#1180 = EDGE_LOOP ( 'NONE', ( #446, #1713, #1384, #1473 ) ) ;
#1181 = ADVANCED_FACE ( 'NONE', ( #1521 ), #925, .F. ) ;
#1182 = AXIS2_PLACEMENT_3D ( 'NONE', #2556, #333, #1303 ) ;
#1183 = VERTEX_POINT ( 'NONE', #347 ) ;
#1184 = CARTESIAN_POINT ( 'NONE',  ( 8.000000000000000000, 6.735557395310440051E-16, 37.50000000000000000 ) ) ;
#1185 = ORIENTED_EDGE ( 'NONE', *, *, #1761, .F. ) ;
#1186 = AXIS2_PLACEMENT_3D ( 'NONE', #1797, #185, #1099 ) ;
#1187 = DIRECTION ( 'NONE',  ( 0.000000000000000000, 0.000000000000000000, -1.000000000000000000 ) ) ;
#1188 = EDGE_CURVE ( 'NONE', #568, #704, #2175, .T. ) ;
#1189 = CARTESIAN_POINT ( 'NONE',  ( 8.000000000000000000, -5.833392311421893986E-14, -13.99999999999995204 ) ) ;
#1190 = DIRECTION ( 'NONE',  ( 1.000000000000000000, 0.000000000000000000, 0.000000000000000000 ) ) ;
#1191 = FACE_BOUND ( 'NONE', #1780, .T. ) ;
#1192 = EDGE_LOOP ( 'NONE', ( #1622, #1981, #334, #887 ) ) ;
#1193 = ORIENTED_EDGE ( 'NONE', *, *, #2084, .T. ) ;
#1194 = ORIENTED_EDGE ( 'NONE', *, *, #1419, .T. ) ;
#1195 = DIRECTION ( 'NONE',  ( 1.000000000000000000, -0.000000000000000000, -0.000000000000000000 ) ) ;
#1196 = EDGE_CURVE ( 'NONE', #746, #1833, #2237, .T. ) ;
#1197 = VERTEX_POINT ( 'NONE', #1844 ) ;
#1198 = DIRECTION ( 'NONE',  ( 0.000000000000000000, 0.000000000000000000, -1.000000000000000000 ) ) ;
#1199 = PLANE ( 'NONE',  #2102 ) ;
#1200 = DIRECTION ( 'NONE',  ( 0.000000000000000000, 0.000000000000000000, -1.000000000000000000 ) ) ;
#1201 = FACE_OUTER_BOUND ( 'NONE', #1568, .T. ) ;
#1202 = VERTEX_POINT ( 'NONE', #834 ) ;
#1203 = AXIS2_PLACEMENT_3D ( 'NONE', #1331, #1578, #157 ) ;
#1204 = ORIENTED_EDGE ( 'NONE', *, *, #1056, .T. ) ;
#1205 = CYLINDRICAL_SURFACE ( 'NONE', #2241, 5.500000000000000888 ) ;
#1206 = EDGE_LOOP ( 'NONE', ( #139, #2418, #2340, #709 ) ) ;
#1207 = EDGE_CURVE ( 'NONE', #97, #205, #228, .T. ) ;
#1208 = AXIS2_PLACEMENT_3D ( 'NONE', #485, #851, #259 ) ;
#1209 = CIRCLE ( 'NONE', #1551, 5.500000000000000888 ) ;
#1210 = EDGE_CURVE ( 'NONE', #469, #836, #257, .T. ) ;
#1211 = ORIENTED_EDGE ( 'NONE', *, *, #1925, .F. ) ;
#1212 = DIRECTION ( 'NONE',  ( 0.000000000000000000, 0.000000000000000000, -1.000000000000000000 ) ) ;
#1213 = CARTESIAN_POINT ( 'NONE',  ( 10.00000000000000000, -1.021259646113993889E-15, 2.999999999999952482 ) ) ;
#1214 = CARTESIAN_POINT ( 'NONE',  ( 8.000000000000000000, 0.000000000000000000, 32.00000000000000000 ) ) ;
#1215 = FACE_BOUND ( 'NONE', #121, .T. ) ;
#1216 = EDGE_LOOP ( 'NONE', ( #639, #2138 ) ) ;
#1217 = CIRCLE ( 'NONE', #1599, 5.499999999999998224 ) ;
#1218 = ORIENTED_EDGE ( 'NONE', *, *, #1938, .T. ) ;
#1219 = DIRECTION ( 'NONE',  ( 1.000000000000000000, 0.000000000000000000, 0.000000000000000000 ) ) ;
#1220 = EDGE_CURVE ( 'NONE', #1396, #781, #882, .T. ) ;
#1221 = AXIS2_PLACEMENT_3D ( 'NONE', #2065, #1059, #1869 ) ;
#1222 = CIRCLE ( 'NONE', #1564, 5.500000000000000888 ) ;
#1223 = EDGE_LOOP ( 'NONE', ( #10, #598, #1265, #1607 ) ) ;
#1224 = CARTESIAN_POINT ( 'NONE',  ( 8.000000000000000000, -8.499999999999952038, 8.974623797036219746E-14 ) ) ;
#1225 = CARTESIAN_POINT ( 'NONE',  ( 8.000000000000000000, -19.99999999999994671, -5.499999999999789502 ) ) ;
#1226 = AXIS2_PLACEMENT_3D ( 'NONE', #2235, #972, #994 ) ;
#1227 = AXIS2_PLACEMENT_3D ( 'NONE', #2612, #793, #1395 ) ;
#1228 = DIRECTION ( 'NONE',  ( 1.000000000000000000, 0.000000000000000000, 0.000000000000000000 ) ) ;
#1229 = ORIENTED_EDGE ( 'NONE', *, *, #439, .T. ) ;
#1230 = DIRECTION ( 'NONE',  ( 0.000000000000000000, 0.000000000000000000, -1.000000000000000000 ) ) ;
#1231 = CYLINDRICAL_SURFACE ( 'NONE', #809, 5.500000000000000000 ) ;
#1232 = ORIENTED_EDGE ( 'NONE', *, *, #1787, .T. ) ;
#1233 = EDGE_CURVE ( 'NONE', #2145, #863, #1658, .T. ) ;
#1234 = AXIS2_PLACEMENT_3D ( 'NONE', #1828, #1239, #1198 ) ;
#1235 = ORIENTED_EDGE ( 'NONE', *, *, #2539, .F. ) ;
#1236 = CYLINDRICAL_SURFACE ( 'NONE', #2379, 5.499999999999994671 ) ;
#1237 = CIRCLE ( 'NONE', #1623, 5.499999999999994671 ) ;
#1238 = ORIENTED_EDGE ( 'NONE', *, *, #1423, .F. ) ;
#1239 = DIRECTION ( 'NONE',  ( 1.000000000000000000, 0.000000000000000000, 0.000000000000000000 ) ) ;
#1240 = DIRECTION ( 'NONE',  ( 1.000000000000000000, 0.000000000000000000, 0.000000000000000000 ) ) ;
#1241 = DIRECTION ( 'NONE',  ( 0.000000000000000000, 0.000000000000000000, -1.000000000000000000 ) ) ;
#1242 = VERTEX_POINT ( 'NONE', #2427 ) ;
#1243 = DIRECTION ( 'NONE',  ( 0.000000000000000000, 0.000000000000000000, -1.000000000000000000 ) ) ;
#1244 = DIRECTION ( 'NONE',  ( 0.000000000000000000, 0.000000000000000000, -1.000000000000000000 ) ) ;
#1245 = VERTEX_POINT ( 'NONE', #618 ) ;
#1246 = ORIENTED_EDGE ( 'NONE', *, *, #1093, .F. ) ;
#1247 = CARTESIAN_POINT ( 'NONE',  ( 8.000000000000000000, -2.227812499464295040E-13, -26.50000000000000355 ) ) ;
#1248 = AXIS2_PLACEMENT_3D ( 'NONE', #1534, #144, #591 ) ;
#1249 = EDGE_CURVE ( 'NONE', #915, #1984, #1945, .T. ) ;
#1250 = ORIENTED_EDGE ( 'NONE', *, *, #1282, .T. ) ;
#1251 = DIRECTION ( 'NONE',  ( 1.000000000000000000, 0.000000000000000000, 0.000000000000000000 ) ) ;
#1252 = CYLINDRICAL_SURFACE ( 'NONE', #1221, 5.500000000000000000 ) ;
#1253 = CARTESIAN_POINT ( 'NONE',  ( 10.00000000000000000, -5.833392311421893986E-14, -8.499999999999952038 ) ) ;
#1254 = DIRECTION ( 'NONE',  ( 0.000000000000000000, 0.000000000000000000, -1.000000000000000000 ) ) ;
#1255 = VERTEX_POINT ( 'NONE', #1820 ) ;
#1256 = ADVANCED_FACE ( 'NONE', ( #1415 ), #799, .T. ) ;
#1257 = ORIENTED_EDGE ( 'NONE', *, *, #2062, .T. ) ;
#1258 = DIRECTION ( 'NONE',  ( 0.000000000000000000, 0.000000000000000000, -1.000000000000000000 ) ) ;
#1259 = AXIS2_PLACEMENT_3D ( 'NONE', #881, #665, #1706 ) ;
#1260 = VECTOR ( 'NONE', #320, 1000.000000000000000 ) ;
#1261 = AXIS2_PLACEMENT_3D ( 'NONE', #1921, #1766, #1332 ) ;
#1262 = CARTESIAN_POINT ( 'NONE',  ( 8.000000000000000000, -22.62741699796971773, -22.62741699796931982 ) ) ;
#1263 = DIRECTION ( 'NONE',  ( 1.000000000000000000, -0.000000000000000000, -0.000000000000000000 ) ) ;
#1264 = CARTESIAN_POINT ( 'NONE',  ( 10.00000000000000000, 22.62741699796956496, 28.12741699796947970 ) ) ;
#1265 = ORIENTED_EDGE ( 'NONE', *, *, #164, .T. ) ;
#1266 = CYLINDRICAL_SURFACE ( 'NONE', #1847, 5.499999999999994671 ) ;
#1267 = FACE_OUTER_BOUND ( 'NONE', #2003, .T. ) ;
#1268 = ORIENTED_EDGE ( 'NONE', *, *, #439, .F. ) ;
#1269 = EDGE_CURVE ( 'NONE', #1095, #1304, #723, .T. ) ;
#1270 = ORIENTED_EDGE ( 'NONE', *, *, #2296, .T. ) ;
#1271 = CARTESIAN_POINT ( 'NONE',  ( 8.000000000000000000, -14.14213562373074495, 19.64213562373108957 ) ) ;
#1272 = CIRCLE ( 'NONE', #169, 5.500000000000001776 ) ;
#1273 = CARTESIAN_POINT ( 'NONE',  ( 8.000000000000000000, 3.287578542732749400E-16, 14.49999999999995204 ) ) ;
#1274 =( NAMED_UNIT ( * ) PLANE_ANGLE_UNIT ( ) SI_UNIT ( $, .RADIAN. ) );
#1275 = EDGE_CURVE ( 'NONE', #2229, #2290, #1993, .T. ) ;
#1276 = CYLINDRICAL_SURFACE ( 'NONE', #2367, 5.500000000000000000 ) ;
#1277 = VERTEX_POINT ( 'NONE', #2416 ) ;
#1278 = FACE_OUTER_BOUND ( 'NONE', #2010, .T. ) ;
#1279 = CARTESIAN_POINT ( 'NONE',  ( 10.00000000000000000, 32.00000000000000000, -1.117274028429802674E-13 ) ) ;
#1280 = VERTEX_POINT ( 'NONE', #607 ) ;
#1281 = CARTESIAN_POINT ( 'NONE',  ( -20.00000000000000000, 0.000000000000000000, 0.000000000000000000 ) ) ;
#1282 = EDGE_CURVE ( 'NONE', #341, #2229, #427, .T. ) ;
#1283 = PLANE ( 'NONE',  #689 ) ;
#1284 = ADVANCED_FACE ( 'NONE', ( #414 ), #1400, .F. ) ;
#1285 = FACE_OUTER_BOUND ( 'NONE', #2218, .T. ) ;
#1286 = DIRECTION ( 'NONE',  ( 1.000000000000000000, -0.000000000000000000, -0.000000000000000000 ) ) ;
#1287 = ORIENTED_EDGE ( 'NONE', *, *, #1326, .F. ) ;
#1288 = CARTESIAN_POINT ( 'NONE',  ( 8.000000000000000000, 29.56414504036113655, -17.74586983568300269 ) ) ;
#1289 = LINE ( 'NONE', #289, #640 ) ;
#1290 = VERTEX_POINT ( 'NONE', #1440 ) ;
#1291 = FACE_OUTER_BOUND ( 'NONE', #815, .T. ) ;
#1292 = VERTEX_POINT ( 'NONE', #1454 ) ;
#1293 = DIRECTION ( 'NONE',  ( 1.000000000000000000, 0.000000000000000000, 0.000000000000000000 ) ) ;
#1294 = CIRCLE ( 'NONE', #1643, 5.499999999999998224 ) ;
#1295 = CIRCLE ( 'NONE', #601, 5.499999999999998224 ) ;
#1296 = EDGE_CURVE ( 'NONE', #372, #1024, #821, .T. ) ;
#1297 = DIRECTION ( 'NONE',  ( -1.000000000000000000, -0.000000000000000000, -0.000000000000000000 ) ) ;
#1298 = CALENDAR_DATE ( 2026, 25, 2 ) ;
#1299 = VECTOR ( 'NONE', #401, 1000.000000000000000 ) ;
#1300 = LINE ( 'NONE', #1089, #2430 ) ;
#1301 = ORIENTED_EDGE ( 'NONE', *, *, #626, .T. ) ;
#1302 = FACE_OUTER_BOUND ( 'NONE', #2528, .T. ) ;
#1303 = DIRECTION ( 'NONE',  ( 0.000000000000000000, 0.000000000000000000, -1.000000000000000000 ) ) ;
#1304 = VERTEX_POINT ( 'NONE', #2028 ) ;
#1305 = ORIENTED_EDGE ( 'NONE', *, *, #1112, .F. ) ;
#1306 = FACE_OUTER_BOUND ( 'NONE', #2611, .T. ) ;
#1307 = EDGE_CURVE ( 'NONE', #56, #1826, #2370, .T. ) ;
#1308 = AXIS2_PLACEMENT_3D ( 'NONE', #2183, #1762, #1540 ) ;
#1309 = ORIENTED_EDGE ( 'NONE', *, *, #40, .F. ) ;
#1310 = CARTESIAN_POINT ( 'NONE',  ( 8.000000000000000000, -1.399880114079982575E-13, -19.99999999999995026 ) ) ;
#1311 = FACE_OUTER_BOUND ( 'NONE', #1330, .T. ) ;
#1312 = AXIS2_PLACEMENT_3D ( 'NONE', #2025, #212, #2437 ) ;
#1313 = CARTESIAN_POINT ( 'NONE',  ( 8.000000000000000000, 14.14213562373084088, -8.642135623730988314 ) ) ;
#1314 = DATE_AND_TIME ( #934, #1899 ) ;
#1315 = DIRECTION ( 'NONE',  ( 1.000000000000000000, -0.000000000000000000, -0.000000000000000000 ) ) ;
#1316 = ORIENTED_EDGE ( 'NONE', *, *, #2031, .F. ) ;
#1317 = DIRECTION ( 'NONE',  ( 1.000000000000000000, 0.000000000000000000, 0.000000000000000000 ) ) ;
#1318 = DIRECTION ( 'NONE',  ( 0.000000000000000000, 0.000000000000000000, -1.000000000000000000 ) ) ;
#1319 = ORIENTED_EDGE ( 'NONE', *, *, #2362, .F. ) ;
#1320 = FACE_OUTER_BOUND ( 'NONE', #1939, .T. ) ;
#1321 = DIRECTION ( 'NONE',  ( 1.000000000000000000, 0.000000000000000000, 0.000000000000000000 ) ) ;
#1322 = VERTEX_POINT ( 'NONE', #2439 ) ;
#1323 = EDGE_CURVE ( 'NONE', #520, #982, #1432, .T. ) ;
#1324 = VERTEX_POINT ( 'NONE', #451 ) ;
#1325 = LINE ( 'NONE', #2139, #1803 ) ;
#1326 = EDGE_CURVE ( 'NONE', #1922, #1245, #1863, .T. ) ;
#1327 = DIRECTION ( 'NONE',  ( 0.000000000000000000, 0.000000000000000000, -1.000000000000000000 ) ) ;
#1328 = CIRCLE ( 'NONE', #447, 5.000000000000000000 ) ;
#1329 = DIRECTION ( 'NONE',  ( 1.000000000000000000, -0.000000000000000000, -0.000000000000000000 ) ) ;
#1330 = EDGE_LOOP ( 'NONE', ( #398, #1445, #2047, #1627 ) ) ;
#1331 = CARTESIAN_POINT ( 'NONE',  ( 10.00000000000000000, -14.14213562373074495, 14.14213562373108779 ) ) ;
#1332 = DIRECTION ( 'NONE',  ( 0.000000000000000000, 0.000000000000000000, -1.000000000000000000 ) ) ;
#1333 = CARTESIAN_POINT ( 'NONE',  ( 8.000000000000000000, -22.62741699796971773, -17.12741699796932338 ) ) ;
#1334 = CARTESIAN_POINT ( 'NONE',  ( 8.000000000000000000, 14.14213562373084088, -14.14213562373098831 ) ) ;
#1335 = EDGE_LOOP ( 'NONE', ( #622, #1305, #387, #1078 ) ) ;
#1336 = EDGE_CURVE ( 'NONE', #2610, #1324, #1460, .T. ) ;
#1337 = VECTOR ( 'NONE', #2280, 1000.000000000000000 ) ;
#1338 = AXIS2_PLACEMENT_3D ( 'NONE', #2249, #2261, #1684 ) ;
#1339 = ORIENTED_EDGE ( 'NONE', *, *, #111, .T. ) ;
#1340 = DIRECTION ( 'NONE',  ( 1.000000000000000000, -0.000000000000000000, -0.000000000000000000 ) ) ;
#1341 = CARTESIAN_POINT ( 'NONE',  ( 8.000000000000000000, 32.00000000000000000, 5.499999999999884537 ) ) ;
#1342 = AXIS2_PLACEMENT_3D ( 'NONE', #2295, #488, #110 ) ;
#1343 = PLANE ( 'NONE',  #738 ) ;
#1344 = DIRECTION ( 'NONE',  ( 1.000000000000000000, -0.000000000000000000, -0.000000000000000000 ) ) ;
#1345 = PLANE ( 'NONE',  #1901 ) ;
#1346 = EDGE_LOOP ( 'NONE', ( #1350, #2583 ) ) ;
#1347 = CIRCLE ( 'NONE', #2615, 5.499999999999998224 ) ;
#1348 = CARTESIAN_POINT ( 'NONE',  ( -10.00000000000000000, 0.000000000000000000, 0.000000000000000000 ) ) ;
#1349 = DIRECTION ( 'NONE',  ( 1.000000000000000000, 0.000000000000000000, 0.000000000000000000 ) ) ;
#1350 = ORIENTED_EDGE ( 'NONE', *, *, #688, .T. ) ;
#1351 = ORIENTED_EDGE ( 'NONE', *, *, #560, .T. ) ;
#1352 = DIRECTION ( 'NONE',  ( 1.000000000000000000, -0.000000000000000000, -0.000000000000000000 ) ) ;
#1353 = CIRCLE ( 'NONE', #344, 5.499999999999998224 ) ;
#1354 = LINE ( 'NONE', #109, #1954 ) ;
#1355 = PERSON_AND_ORGANIZATION ( #1033, #1557 ) ;
#1356 = AXIS2_PLACEMENT_3D ( 'NONE', #399, #604, #616 ) ;
#1357 = ORIENTED_EDGE ( 'NONE', *, *, #2141, .F. ) ;
#1358 = CARTESIAN_POINT ( 'NONE',  ( 10.00000000000000000, -29.56414504036104773, 17.74586983568319454 ) ) ;
#1359 = DIRECTION ( 'NONE',  ( 0.000000000000000000, 0.000000000000000000, -1.000000000000000000 ) ) ;
#1360 = ORIENTED_EDGE ( 'NONE', *, *, #1045, .F. ) ;
#1361 = FACE_OUTER_BOUND ( 'NONE', #2562, .T. ) ;
#1362 = ADVANCED_FACE ( 'NONE', ( #254 ), #1857, .F. ) ;
#1363 = AXIS2_PLACEMENT_3D ( 'NONE', #697, #1952, #1524 ) ;
#1364 = DIRECTION ( 'NONE',  ( 1.000000000000000000, 0.000000000000000000, 0.000000000000000000 ) ) ;
#1365 = CARTESIAN_POINT ( 'NONE',  ( 10.00000000000000000, -22.62741699796971773, -28.12741699796931272 ) ) ;
#1366 = EDGE_LOOP ( 'NONE', ( #660, #1977 ) ) ;
#1367 = ORIENTED_EDGE ( 'NONE', *, *, #1848, .T. ) ;
#1368 = CARTESIAN_POINT ( 'NONE',  ( 8.000000000000000000, -31.99999999999999289, 5.500000000000333955 ) ) ;
#1369 = VERTEX_POINT ( 'NONE', #1468 ) ;
#1370 = DIRECTION ( 'NONE',  ( 1.000000000000000000, 0.000000000000000000, 0.000000000000000000 ) ) ;
#1371 = EDGE_CURVE ( 'NONE', #1038, #1970, #1882, .T. ) ;
#1372 = EDGE_CURVE ( 'NONE', #1754, #324, #2016, .T. ) ;
#1373 = ORIENTED_EDGE ( 'NONE', *, *, #111, .F. ) ;
#1374 = DIRECTION ( 'NONE',  ( 0.000000000000000000, 0.000000000000000000, -1.000000000000000000 ) ) ;
#1375 = EDGE_LOOP ( 'NONE', ( #725, #62 ) ) ;
#1376 = CARTESIAN_POINT ( 'NONE',  ( -20.00000000000000000, 0.000000000000000000, -15.00000000000000000 ) ) ;
#1377 = AXIS2_PLACEMENT_3D ( 'NONE', #1683, #2490, #2288 ) ;
#1378 = FACE_OUTER_BOUND ( 'NONE', #150, .T. ) ;
#1379 = CARTESIAN_POINT ( 'NONE',  ( 10.00000000000000000, -12.24586983568247156, 35.06414504036133906 ) ) ;
#1380 = ORIENTED_EDGE ( 'NONE', *, *, #2128, .F. ) ;
#1381 = ORIENTED_EDGE ( 'NONE', *, *, #2580, .T. ) ;
#1382 = CARTESIAN_POINT ( 'NONE',  ( 8.000000000000000000, -29.56414504036104773, 6.745869835683193649 ) ) ;
#1383 = FACE_OUTER_BOUND ( 'NONE', #1711, .T. ) ;
#1384 = ORIENTED_EDGE ( 'NONE', *, *, #1406, .T. ) ;
#1385 = DIRECTION ( 'NONE',  ( 0.000000000000000000, 0.000000000000000000, -1.000000000000000000 ) ) ;
#1386 = CIRCLE ( 'NONE', #1729, 5.499999999999998224 ) ;
#1387 = CARTESIAN_POINT ( 'NONE',  ( 8.000000000000000000, -29.56414504036104773, 17.74586983568319454 ) ) ;
#1388 = CIRCLE ( 'NONE', #250, 5.500000000000000000 ) ;
#1389 = CARTESIAN_POINT ( 'NONE',  ( 8.000000000000000000, -3.477039065829496377E-16, 13.99999999999995204 ) ) ;
#1390 = FACE_BOUND ( 'NONE', #2167, .T. ) ;
#1391 = ORIENTED_EDGE ( 'NONE', *, *, #1207, .F. ) ;
#1392 = ADVANCED_FACE ( 'NONE', ( #1302 ), #2299, .F. ) ;
#1393 = AXIS2_PLACEMENT_3D ( 'NONE', #759, #2328, #522 ) ;
#1394 = ORIENTED_EDGE ( 'NONE', *, *, #1403, .T. ) ;
#1395 = DIRECTION ( 'NONE',  ( 0.000000000000000000, 0.000000000000000000, -1.000000000000000000 ) ) ;
#1396 = VERTEX_POINT ( 'NONE', #46 ) ;
#1397 = AXIS2_PLACEMENT_3D ( 'NONE', #1973, #154, #962 ) ;
#1398 = DIRECTION ( 'NONE',  ( 1.000000000000000000, -0.000000000000000000, -0.000000000000000000 ) ) ;
#1399 = CARTESIAN_POINT ( 'NONE',  ( -10.00000000000000000, 3.061616997868383043E-15, 25.00000000000000000 ) ) ;
#1400 = CYLINDRICAL_SURFACE ( 'NONE', #2579, 5.499999999999998224 ) ;
#1401 = LINE ( 'NONE', #630, #129 ) ;
#1402 = ORIENTED_EDGE ( 'NONE', *, *, #1837, .F. ) ;
#1403 = EDGE_CURVE ( 'NONE', #2206, #2453, #408, .T. ) ;
#1404 = ORIENTED_EDGE ( 'NONE', *, *, #1016, .F. ) ;
#1405 = DIRECTION ( 'NONE',  ( 0.000000000000000000, 0.000000000000000000, -1.000000000000000000 ) ) ;
#1406 = EDGE_CURVE ( 'NONE', #2499, #1984, #2099, .T. ) ;
#1407 = AXIS2_PLACEMENT_3D ( 'NONE', #2537, #895, #548 ) ;
#1408 = EDGE_CURVE ( 'NONE', #2262, #2469, #1328, .T. ) ;
#1409 = EDGE_LOOP ( 'NONE', ( #2604, #2364 ) ) ;
#1410 = EDGE_LOOP ( 'NONE', ( #1319, #2052 ) ) ;
#1411 = DIRECTION ( 'NONE',  ( 1.000000000000000000, 0.000000000000000000, 0.000000000000000000 ) ) ;
#1412 = EDGE_LOOP ( 'NONE', ( #9, #28 ) ) ;
#1413 = DIRECTION ( 'NONE',  ( 1.000000000000000000, -0.000000000000000000, -0.000000000000000000 ) ) ;
#1414 = EDGE_CURVE ( 'NONE', #2290, #2229, #2221, .T. ) ;
#1415 = FACE_OUTER_BOUND ( 'NONE', #2049, .T. ) ;
#1416 = PLANE ( 'NONE',  #1953 ) ;
#1417 = ORIENTED_EDGE ( 'NONE', *, *, #1802, .F. ) ;
#1418 = CIRCLE ( 'NONE', #1203, 5.500000000000001776 ) ;
#1419 = EDGE_CURVE ( 'NONE', #1079, #1065, #1676, .T. ) ;
#1420 = ORIENTED_EDGE ( 'NONE', *, *, #2470, .F. ) ;
#1421 = CARTESIAN_POINT ( 'NONE',  ( -20.00000000000000000, 0.000000000000000000, 0.000000000000000000 ) ) ;
#1422 = VERTEX_POINT ( 'NONE', #911 ) ;
#1423 = EDGE_CURVE ( 'NONE', #1304, #1095, #791, .T. ) ;
#1424 = CYLINDRICAL_SURFACE ( 'NONE', #1486, 5.500000000000000888 ) ;
#1425 = LINE ( 'NONE', #1829, #2194 ) ;
#1426 = CARTESIAN_POINT ( 'NONE',  ( 8.000000000000000000, 19.99999999999995026, -7.015838463113577974E-14 ) ) ;
#1427 = FACE_BOUND ( 'NONE', #1926, .T. ) ;
#1428 = EDGE_LOOP ( 'NONE', ( #1934, #2089 ) ) ;
#1429 = LOCAL_TIME ( 18, 50, 29.00000000000000000, #2112 ) ;
#1430 = ORIENTED_EDGE ( 'NONE', *, *, #2009, .F. ) ;
#1431 = DIRECTION ( 'NONE',  ( 1.000000000000000000, 0.000000000000000000, 0.000000000000000000 ) ) ;
#1432 = CIRCLE ( 'NONE', #1140, 5.500000000000000000 ) ;
#1433 = ORIENTED_EDGE ( 'NONE', *, *, #397, .F. ) ;
#1434 = LINE ( 'NONE', #2210, #2382 ) ;
#1435 = DIRECTION ( 'NONE',  ( 1.000000000000000000, 0.000000000000000000, 0.000000000000000000 ) ) ;
#1436 = VECTOR ( 'NONE', #1824, 1000.000000000000000 ) ;
#1437 = AXIS2_PLACEMENT_3D ( 'NONE', #384, #1586, #589 ) ;
#1438 = DIRECTION ( 'NONE',  ( 0.000000000000000000, 0.000000000000000000, -1.000000000000000000 ) ) ;
#1439 = ORIENTED_EDGE ( 'NONE', *, *, #2075, .F. ) ;
#1440 = CARTESIAN_POINT ( 'NONE',  ( 10.00000000000000000, -2.227812499464295040E-13, -26.50000000000000355 ) ) ;
#1441 = DIRECTION ( 'NONE',  ( 1.000000000000000000, 0.000000000000000000, 0.000000000000000000 ) ) ;
#1442 = ORIENTED_EDGE ( 'NONE', *, *, #1983, .F. ) ;
#1443 = ADVANCED_FACE ( 'NONE', ( #1278 ), #1266, .F. ) ;
#1444 = AXIS2_PLACEMENT_3D ( 'NONE', #1588, #785, #1385 ) ;
#1445 = ORIENTED_EDGE ( 'NONE', *, *, #2227, .T. ) ;
#1446 = CARTESIAN_POINT ( 'NONE',  ( 8.000000000000000000, 12.24586983568289789, 35.06414504036117563 ) ) ;
#1447 = ORIENTED_EDGE ( 'NONE', *, *, #1282, .F. ) ;
#1448 = EDGE_CURVE ( 'NONE', #685, #512, #1072, .T. ) ;
#1449 = CARTESIAN_POINT ( 'NONE',  ( 8.000000000000000000, 22.62741699796956496, 22.62741699796948325 ) ) ;
#1450 = LINE ( 'NONE', #1068, #1130 ) ;
#1451 = EDGE_CURVE ( 'NONE', #1864, #1632, #368, .T. ) ;
#1452 = LINE ( 'NONE', #20, #557 ) ;
#1453 = ORIENTED_EDGE ( 'NONE', *, *, #2507, .T. ) ;
#1454 = CARTESIAN_POINT ( 'NONE',  ( 8.000000000000000000, 22.62741699796940154, -17.12741699796964312 ) ) ;
#1455 = DIRECTION ( 'NONE',  ( 1.000000000000000000, 0.000000000000000000, 0.000000000000000000 ) ) ;
#1456 = ORIENTED_EDGE ( 'NONE', *, *, #1672, .T. ) ;
#1457 = VECTOR ( 'NONE', #1195, 1000.000000000000000 ) ;
#1458 = ORIENTED_EDGE ( 'NONE', *, *, #1637, .F. ) ;
#1459 = CARTESIAN_POINT ( 'NONE',  ( 8.000000000000000000, -14.14213562373074495, 14.14213562373108779 ) ) ;
#1460 = CIRCLE ( 'NONE', #908, 5.000000000000000000 ) ;
#1461 = EDGE_CURVE ( 'NONE', #1245, #1922, #1763, .T. ) ;
#1462 = ADVANCED_FACE ( 'NONE', ( #57 ), #861, .T. ) ;
#1463 = DIRECTION ( 'NONE',  ( 1.000000000000000000, 0.000000000000000000, 0.000000000000000000 ) ) ;
#1464 = VECTOR ( 'NONE', #2313, 1000.000000000000000 ) ;
#1465 = DIRECTION ( 'NONE',  ( 0.000000000000000000, 0.000000000000000000, -1.000000000000000000 ) ) ;
#1466 = CARTESIAN_POINT ( 'NONE',  ( 8.000000000000000000, 6.735557395310440051E-16, 37.50000000000000000 ) ) ;
#1467 = ORIENTED_EDGE ( 'NONE', *, *, #1051, .T. ) ;
#1468 = CARTESIAN_POINT ( 'NONE',  ( 8.000000000000000000, -12.24586983568310572, -35.06414504036108326 ) ) ;
#1469 = DIRECTION ( 'NONE',  ( 0.000000000000000000, 0.000000000000000000, -1.000000000000000000 ) ) ;
#1470 = EDGE_LOOP ( 'NONE', ( #1511, #1873, #216, #484 ) ) ;
#1471 = ORIENTED_EDGE ( 'NONE', *, *, #71, .F. ) ;
#1472 = CARTESIAN_POINT ( 'NONE',  ( 8.000000000000000000, -12.24586983568310572, -35.06414504036108326 ) ) ;
#1473 = ORIENTED_EDGE ( 'NONE', *, *, #19, .T. ) ;
#1474 = CIRCLE ( 'NONE', #340, 15.00000000000000000 ) ;
#1475 = CIRCLE ( 'NONE', #73, 5.500000000000000888 ) ;
#1476 = DIRECTION ( 'NONE',  ( -1.000000000000000000, -0.000000000000000000, -0.000000000000000000 ) ) ;
#1477 = CARTESIAN_POINT ( 'NONE',  ( 8.000000000000000000, 19.99999999999995026, -7.015838463113577974E-14 ) ) ;
#1478 = LINE ( 'NONE', #1466, #2435 ) ;
#1479 = ORIENTED_EDGE ( 'NONE', *, *, #638, .F. ) ;
#1480 = CARTESIAN_POINT ( 'NONE',  ( 10.00000000000000000, -14.14213562373103272, -14.14213562373079291 ) ) ;
#1481 = LINE ( 'NONE', #241, #1001 ) ;
#1482 = AXIS2_PLACEMENT_3D ( 'NONE', #2332, #1757, #765 ) ;
#1483 = ORIENTED_EDGE ( 'NONE', *, *, #2348, .T. ) ;
#1484 = CARTESIAN_POINT ( 'NONE',  ( 8.000000000000000000, -22.62741699796924522, 22.62741699796980299 ) ) ;
#1485 = VECTOR ( 'NONE', #1929, 1000.000000000000000 ) ;
#1486 = AXIS2_PLACEMENT_3D ( 'NONE', #1224, #1025, #1839 ) ;
#1487 = ADVANCED_FACE ( 'NONE', ( #1080 ), #1893, .T. ) ;
#1488 = ADVANCED_FACE ( 'NONE', ( #694 ), #492, .T. ) ;
#1489 = DIRECTION ( 'NONE',  ( 1.000000000000000000, 0.000000000000000000, 0.000000000000000000 ) ) ;
#1490 = CARTESIAN_POINT ( 'NONE',  ( 8.000000000000000000, -19.99999999999994671, 2.098176381848607732E-13 ) ) ;
#1491 = ORIENTED_EDGE ( 'NONE', *, *, #2227, .F. ) ;
#1492 = DIRECTION ( 'NONE',  ( 0.000000000000000000, 0.000000000000000000, -1.000000000000000000 ) ) ;
#1493 = DIRECTION ( 'NONE',  ( 0.000000000000000000, 0.000000000000000000, -1.000000000000000000 ) ) ;
#1494 = EDGE_LOOP ( 'NONE', ( #910, #1204, #1817, #1268 ) ) ;
#1495 = ORIENTED_EDGE ( 'NONE', *, *, #12, .T. ) ;
#1496 = PLANE ( 'NONE',  #479 ) ;
#1497 = ADVANCED_FACE ( 'NONE', ( #1505 ), #1544, .T. ) ;
#1498 = EDGE_LOOP ( 'NONE', ( #1850, #423, #1090, #1721 ) ) ;
#1499 = DIRECTION ( 'NONE',  ( 0.000000000000000000, 0.000000000000000000, -1.000000000000000000 ) ) ;
#1500 = DIRECTION ( 'NONE',  ( 0.000000000000000000, 0.000000000000000000, -1.000000000000000000 ) ) ;
#1501 = CARTESIAN_POINT ( 'NONE',  ( -20.00000000000000000, 6.123233995736766282E-16, -5.000000000000000000 ) ) ;
#1502 = EDGE_CURVE ( 'NONE', #2069, #2173, #1134, .T. ) ;
#1503 = FACE_OUTER_BOUND ( 'NONE', #2581, .T. ) ;
#1504 = ORIENTED_EDGE ( 'NONE', *, *, #1207, .T. ) ;
#1505 = FACE_OUTER_BOUND ( 'NONE', #2243, .T. ) ;
#1506 = CARTESIAN_POINT ( 'NONE',  ( 8.000000000000000000, 19.99999999999995026, -7.015838463113577974E-14 ) ) ;
#1507 = ORIENTED_EDGE ( 'NONE', *, *, #2539, .T. ) ;
#1508 = ORIENTED_EDGE ( 'NONE', *, *, #2590, .F. ) ;
#1509 = UNCERTAINTY_MEASURE_WITH_UNIT (LENGTH_MEASURE( 1.000000000000000082E-05 ), #1879, 'distance_accuracy_value', 'NONE');
#1510 = CARTESIAN_POINT ( 'NONE',  ( 8.000000000000000000, 12.24586983568269183, -29.56414504036126090 ) ) ;
#1511 = ORIENTED_EDGE ( 'NONE', *, *, #1233, .F. ) ;
#1512 = CARTESIAN_POINT ( 'NONE',  ( -4.000000000000000000, 0.000000000000000000, 0.000000000000000000 ) ) ;
#1513 = DIRECTION ( 'NONE',  ( 1.000000000000000000, 0.000000000000000000, 0.000000000000000000 ) ) ;
#1514 = COORDINATED_UNIVERSAL_TIME_OFFSET ( 1, 0, .AHEAD. ) ;
#1515 = VECTOR ( 'NONE', #2248, 1000.000000000000000 ) ;
#1516 = CARTESIAN_POINT ( 'NONE',  ( 8.000000000000000000, -2.227812499464295040E-13, -26.50000000000000355 ) ) ;
#1517 = EDGE_LOOP ( 'NONE', ( #1218, #1193 ) ) ;
#1518 = EDGE_CURVE ( 'NONE', #746, #1895, #2357, .T. ) ;
#1519 = VECTOR ( 'NONE', #1286, 1000.000000000000000 ) ;
#1520 = DIRECTION ( 'NONE',  ( 0.000000000000000000, 0.000000000000000000, -1.000000000000000000 ) ) ;
#1521 = FACE_OUTER_BOUND ( 'NONE', #1584, .T. ) ;
#1522 = ORIENTED_EDGE ( 'NONE', *, *, #1131, .F. ) ;
#1523 = CARTESIAN_POINT ( 'NONE',  ( 10.00000000000000000, -22.62741699796924522, 22.62741699796980299 ) ) ;
#1524 = DIRECTION ( 'NONE',  ( 0.000000000000000000, 0.000000000000000000, -1.000000000000000000 ) ) ;
#1525 = ORIENTED_EDGE ( 'NONE', *, *, #2473, .F. ) ;
#1526 = EDGE_CURVE ( 'NONE', #2205, #2423, #1418, .T. ) ;
#1527 = TOROIDAL_SURFACE ( 'NONE', #1615, 25.00000000000000000, 10.00000000000000000 ) ;
#1528 = VERTEX_POINT ( 'NONE', #1358 ) ;
#1529 = DIRECTION ( 'NONE',  ( 0.000000000000000000, 0.000000000000000000, -1.000000000000000000 ) ) ;
#1530 = DIRECTION ( 'NONE',  ( 0.000000000000000000, 0.000000000000000000, -1.000000000000000000 ) ) ;
#1531 = ADVANCED_FACE ( 'NONE', ( #2341 ), #954, .F. ) ;
#1532 = DIRECTION ( 'NONE',  ( 1.000000000000000000, 0.000000000000000000, 0.000000000000000000 ) ) ;
#1533 = ORIENTED_EDGE ( 'NONE', *, *, #1802, .T. ) ;
#1534 = CARTESIAN_POINT ( 'NONE',  ( 10.00000000000000000, -19.99999999999994671, 2.098176381848607732E-13 ) ) ;
#1535 = CARTESIAN_POINT ( 'NONE',  ( 8.000000000000000000, 32.00000000000000000, 5.499999999999884537 ) ) ;
#1536 = DIRECTION ( 'NONE',  ( 1.000000000000000000, 0.000000000000000000, 0.000000000000000000 ) ) ;
#1537 = FACE_OUTER_BOUND ( 'NONE', #942, .T. ) ;
#1538 = EDGE_LOOP ( 'NONE', ( #1533, #2185 ) ) ;
#1539 = CYLINDRICAL_SURFACE ( 'NONE', #2143, 5.499999999999999112 ) ;
#1540 = DIRECTION ( 'NONE',  ( 0.000000000000000000, 0.000000000000000000, -1.000000000000000000 ) ) ;
#1541 = APPROVAL_STATUS ( 'not_yet_approved' ) ;
#1542 = AXIS2_PLACEMENT_3D ( 'NONE', #2116, #2478, #2526 ) ;
#1543 = CARTESIAN_POINT ( 'NONE',  ( 8.000000000000000000, 22.62741699796940154, -22.62741699796964312 ) ) ;
#1544 = PLANE ( 'NONE',  #997 ) ;
#1545 = CARTESIAN_POINT ( 'NONE',  ( 10.00000000000000000, -8.499999999999952038, -5.499999999999911182 ) ) ;
#1546 = EDGE_LOOP ( 'NONE', ( #922, #2057, #2429, #45 ) ) ;
#1547 = LINE ( 'NONE', #1333, #500 ) ;
#1548 = APPLICATION_CONTEXT ( 'configuration controlled 3d designs of mechanical parts and assemblies' ) ;
#1549 = DIRECTION ( 'NONE',  ( 1.000000000000000000, -0.000000000000000000, -0.000000000000000000 ) ) ;
#1550 = VECTOR ( 'NONE', #2303, 1000.000000000000000 ) ;
#1551 = AXIS2_PLACEMENT_3D ( 'NONE', #1644, #1081, #1469 ) ;
#1552 = EDGE_LOOP ( 'NONE', ( #2224, #948, #1029, #717 ) ) ;
#1553 = FACE_OUTER_BOUND ( 'NONE', #899, .T. ) ;
#1554 = DIRECTION ( 'NONE',  ( 1.000000000000000000, -0.000000000000000000, -0.000000000000000000 ) ) ;
#1555 = CIRCLE ( 'NONE', #1897, 15.00000000000000000 ) ;
#1556 = EDGE_CURVE ( 'NONE', #1024, #429, #1114, .T. ) ;
#1557 = ORGANIZATION ( 'UNSPECIFIED', 'UNSPECIFIED', '' ) ;
#1558 = APPROVAL ( #299, 'UNSPECIFIED' ) ;
#1559 = DIRECTION ( 'NONE',  ( 0.000000000000000000, 0.000000000000000000, -1.000000000000000000 ) ) ;
#1560 = DIRECTION ( 'NONE',  ( 1.000000000000000000, -0.000000000000000000, -0.000000000000000000 ) ) ;
#1561 = CARTESIAN_POINT ( 'NONE',  ( 10.00000000000000000, -31.99999999999999289, -5.499999999999664269 ) ) ;
#1562 = ORIENTED_EDGE ( 'NONE', *, *, #1423, .T. ) ;
#1563 = DIRECTION ( 'NONE',  ( 0.000000000000000000, 0.000000000000000000, -1.000000000000000000 ) ) ;
#1564 = AXIS2_PLACEMENT_3D ( 'NONE', #2162, #734, #1965 ) ;
#1565 = FACE_OUTER_BOUND ( 'NONE', #1687, .T. ) ;
#1566 = FACE_OUTER_BOUND ( 'NONE', #1046, .T. ) ;
#1567 = EDGE_LOOP ( 'NONE', ( #655, #823, #964, #2134 ) ) ;
#1568 = EDGE_LOOP ( 'NONE', ( #14, #2329, #89, #1856 ) ) ;
#1569 = CARTESIAN_POINT ( 'NONE',  ( 8.000000000000000000, 22.62741699796940154, -22.62741699796964312 ) ) ;
#1570 = EDGE_CURVE ( 'NONE', #1594, #1913, #744, .T. ) ;
#1571 = AXIS2_PLACEMENT_3D ( 'NONE', #220, #1431, #26 ) ;
#1572 = CIRCLE ( 'NONE', #2331, 5.499999999999998224 ) ;
#1573 = EDGE_CURVE ( 'NONE', #644, #494, #2140, .T. ) ;
#1574 = LINE ( 'NONE', #1958, #1485 ) ;
#1575 = APPROVAL_STATUS ( 'not_yet_approved' ) ;
#1576 = CIRCLE ( 'NONE', #774, 5.499999999999994671 ) ;
#1577 = ORIENTED_EDGE ( 'NONE', *, *, #637, .T. ) ;
#1578 = DIRECTION ( 'NONE',  ( 1.000000000000000000, 0.000000000000000000, 0.000000000000000000 ) ) ;
#1579 = VERTEX_POINT ( 'NONE', #2161 ) ;
#1580 = PLANE ( 'NONE',  #1731 ) ;
#1581 = AXIS2_PLACEMENT_3D ( 'NONE', #1510, #722, #2531 ) ;
#1582 = CARTESIAN_POINT ( 'NONE',  ( 8.000000000000000000, -14.14213562373103272, -14.14213562373079291 ) ) ;
#1583 = DIRECTION ( 'NONE',  ( 1.000000000000000000, 0.000000000000000000, 0.000000000000000000 ) ) ;
#1584 = EDGE_LOOP ( 'NONE', ( #587, #431, #1002, #1811 ) ) ;
#1585 = DIRECTION ( 'NONE',  ( 0.000000000000000000, 0.000000000000000000, -1.000000000000000000 ) ) ;
#1586 = DIRECTION ( 'NONE',  ( 1.000000000000000000, -0.000000000000000000, -0.000000000000000000 ) ) ;
#1587 = ORIENTED_EDGE ( 'NONE', *, *, #1408, .F. ) ;
#1588 = CARTESIAN_POINT ( 'NONE',  ( 8.000000000000000000, -12.24586983568310572, -29.56414504036107971 ) ) ;
#1589 = CARTESIAN_POINT ( 'NONE',  ( 8.000000000000000000, 32.00000000000000000, -1.117274028429802674E-13 ) ) ;
#1590 = AXIS2_PLACEMENT_3D ( 'NONE', #34, #682, #2312 ) ;
#1591 = ADVANCED_FACE ( 'NONE', ( #2582 ), #2186, .F. ) ;
#1592 = CARTESIAN_POINT ( 'NONE',  ( 10.00000000000000000, 14.14213562373094213, 8.642135623730895944 ) ) ;
#1593 = FACE_BOUND ( 'NONE', #790, .T. ) ;
#1594 = VERTEX_POINT ( 'NONE', #332 ) ;
#1595 = VERTEX_POINT ( 'NONE', #758 ) ;
#1596 = FACE_OUTER_BOUND ( 'NONE', #1192, .T. ) ;
#1597 = ORIENTED_EDGE ( 'NONE', *, *, #920, .F. ) ;
#1598 = DIRECTION ( 'NONE',  ( 0.000000000000000000, 0.000000000000000000, -1.000000000000000000 ) ) ;
#1599 = AXIS2_PLACEMENT_3D ( 'NONE', #1175, #1536, #2344 ) ;
#1600 = LOCAL_TIME ( 18, 50, 29.00000000000000000, #742 ) ;
#1601 = DIRECTION ( 'NONE',  ( 1.000000000000000000, -0.000000000000000000, -0.000000000000000000 ) ) ;
#1602 = EDGE_CURVE ( 'NONE', #2225, #512, #2396, .T. ) ;
#1603 = EDGE_CURVE ( 'NONE', #982, #520, #868, .T. ) ;
#1604 = AXIS2_PLACEMENT_3D ( 'NONE', #1178, #1293, #2608 ) ;
#1605 = DIRECTION ( 'NONE',  ( 0.000000000000000000, 0.000000000000000000, -1.000000000000000000 ) ) ;
#1606 = PLANE ( 'NONE',  #472 ) ;
#1607 = ORIENTED_EDGE ( 'NONE', *, *, #1502, .F. ) ;
#1608 = ADVANCED_FACE ( 'NONE', ( #1932 ), #132, .F. ) ;
#1609 = VERTEX_POINT ( 'NONE', #1149 ) ;
#1610 = DIRECTION ( 'NONE',  ( 1.000000000000000000, -0.000000000000000000, -0.000000000000000000 ) ) ;
#1611 = EDGE_CURVE ( 'NONE', #417, #318, #1752, .T. ) ;
#1612 = VERTEX_POINT ( 'NONE', #2372 ) ;
#1613 = VECTOR ( 'NONE', #2361, 1000.000000000000000 ) ;
#1614 = VERTEX_POINT ( 'NONE', #2174 ) ;
#1615 = AXIS2_PLACEMENT_3D ( 'NONE', #1778, #530, #1327 ) ;
#1616 = DIRECTION ( 'NONE',  ( 1.000000000000000000, -0.000000000000000000, -0.000000000000000000 ) ) ;
#1617 = LINE ( 'NONE', #642, #802 ) ;
#1618 = CIRCLE ( 'NONE', #180, 5.499999999999998224 ) ;
#1619 = ADVANCED_FACE ( 'NONE', ( #362 ), #1161, .T. ) ;
#1620 = DIRECTION ( 'NONE',  ( 0.000000000000000000, 0.000000000000000000, -1.000000000000000000 ) ) ;
#1621 = FACE_BOUND ( 'NONE', #1216, .T. ) ;
#1622 = ORIENTED_EDGE ( 'NONE', *, *, #2348, .F. ) ;
#1623 = AXIS2_PLACEMENT_3D ( 'NONE', #281, #1083, #75 ) ;
#1624 = ORIENTED_EDGE ( 'NONE', *, *, #311, .F. ) ;
#1625 = DIRECTION ( 'NONE',  ( 1.000000000000000000, -0.000000000000000000, -0.000000000000000000 ) ) ;
#1626 = ADVANCED_FACE ( 'NONE', ( #114 ), #1795, .F. ) ;
#1627 = ORIENTED_EDGE ( 'NONE', *, *, #2398, .F. ) ;
#1628 = CARTESIAN_POINT ( 'NONE',  ( 10.00000000000000000, 4.898587196589413026E-15, -40.00000000000000000 ) ) ;
#1629 = CARTESIAN_POINT ( 'NONE',  ( 10.00000000000000000, 32.00000000000000000, -1.117274028429802674E-13 ) ) ;
#1630 = DIRECTION ( 'NONE',  ( 0.000000000000000000, 0.000000000000000000, -1.000000000000000000 ) ) ;
#1631 = FACE_BOUND ( 'NONE', #903, .T. ) ;
#1632 = VERTEX_POINT ( 'NONE', #388 ) ;
#1633 = ORIENTED_EDGE ( 'NONE', *, *, #864, .F. ) ;
#1634 = DIRECTION ( 'NONE',  ( 0.000000000000000000, 0.000000000000000000, -1.000000000000000000 ) ) ;
#1635 = EDGE_LOOP ( 'NONE', ( #1587, #988, #627, #2436 ) ) ;
#1636 = CARTESIAN_POINT ( 'NONE',  ( 10.00000000000000000, 0.000000000000000000, 0.000000000000000000 ) ) ;
#1637 = EDGE_CURVE ( 'NONE', #2069, #417, #1912, .T. ) ;
#1638 = CARTESIAN_POINT ( 'NONE',  ( -4.000000000000000000, 0.000000000000000000, 5.000000000000000000 ) ) ;
#1639 = CC_DESIGN_DATE_AND_TIME_ASSIGNMENT ( #313, #2522, ( #1773 ) ) ;
#1640 = DIRECTION ( 'NONE',  ( 1.000000000000000000, 0.000000000000000000, 0.000000000000000000 ) ) ;
#1641 = ORIENTED_EDGE ( 'NONE', *, *, #471, .T. ) ;
#1642 = DIRECTION ( 'NONE',  ( 1.000000000000000000, 0.000000000000000000, 0.000000000000000000 ) ) ;
#1643 = AXIS2_PLACEMENT_3D ( 'NONE', #1841, #412, #2598 ) ;
#1644 = CARTESIAN_POINT ( 'NONE',  ( 10.00000000000000000, 29.56414504036120761, 12.24586983568279486 ) ) ;
#1645 = EDGE_LOOP ( 'NONE', ( #803, #849, #265, #1270 ) ) ;
#1646 = CIRCLE ( 'NONE', #1604, 5.499999999999998224 ) ;
#1647 = ORIENTED_EDGE ( 'NONE', *, *, #2561, .T. ) ;
#1648 = CARTESIAN_POINT ( 'NONE',  ( 8.000000000000000000, -29.56414504036104773, 12.24586983568319454 ) ) ;
#1649 = AXIS2_PLACEMENT_3D ( 'NONE', #201, #1060, #1243 ) ;
#1650 = EDGE_CURVE ( 'NONE', #1109, #2236, #476, .T. ) ;
#1651 = ADVANCED_FACE ( 'NONE', ( #2004 ), #830, .F. ) ;
#1652 = VERTEX_POINT ( 'NONE', #797 ) ;
#1653 = PLANE ( 'NONE',  #2502 ) ;
#1654 = FACE_OUTER_BOUND ( 'NONE', #1645, .T. ) ;
#1655 = CIRCLE ( 'NONE', #298, 25.00000000000000000 ) ;
#1656 = EDGE_LOOP ( 'NONE', ( #1727, #674, #1173, #481 ) ) ;
#1657 = ORIENTED_EDGE ( 'NONE', *, *, #1725, .F. ) ;
#1658 = LINE ( 'NONE', #2467, #1088 ) ;
#1659 = CARTESIAN_POINT ( 'NONE',  ( 8.000000000000000000, 19.99999999999995026, -7.015838463113577974E-14 ) ) ;
#1660 = ORIENTED_EDGE ( 'NONE', *, *, #2254, .F. ) ;
#1661 = EDGE_LOOP ( 'NONE', ( #2326, #801 ) ) ;
#1662 = DIRECTION ( 'NONE',  ( -1.000000000000000000, 0.000000000000000000, 0.000000000000000000 ) ) ;
#1663 = ADVANCED_FACE ( 'NONE', ( #1805 ), #1653, .T. ) ;
#1664 = ORIENTED_EDGE ( 'NONE', *, *, #1602, .F. ) ;
#1665 = CARTESIAN_POINT ( 'NONE',  ( 10.00000000000000000, 1.002313593804319044E-15, 25.49999999999995381 ) ) ;
#1666 = DIRECTION ( 'NONE',  ( 0.000000000000000000, 0.000000000000000000, -1.000000000000000000 ) ) ;
#1667 = CARTESIAN_POINT ( 'NONE',  ( 8.000000000000000000, 8.499999999999952038, -3.039105521002927751E-14 ) ) ;
#1668 = EDGE_LOOP ( 'NONE', ( #1508, #938, #1641, #443 ) ) ;
#1669 = DIRECTION ( 'NONE',  ( 1.000000000000000000, 0.000000000000000000, 0.000000000000000000 ) ) ;
#1670 = DIRECTION ( 'NONE',  ( 1.000000000000000000, -0.000000000000000000, -0.000000000000000000 ) ) ;
#1671 = ORIENTED_EDGE ( 'NONE', *, *, #1974, .T. ) ;
#1672 = EDGE_CURVE ( 'NONE', #1782, #1698, #814, .T. ) ;
#1673 = AXIS2_PLACEMENT_3D ( 'NONE', #1789, #782, #529 ) ;
#1674 = ORIENTED_EDGE ( 'NONE', *, *, #282, .T. ) ;
#1675 = CARTESIAN_POINT ( 'NONE',  ( 8.000000000000000000, -22.62741699796971773, -28.12741699796931272 ) ) ;
#1676 = CIRCLE ( 'NONE', #1036, 5.499999999999994671 ) ;
#1677 = AXIS2_PLACEMENT_3D ( 'NONE', #1569, #2153, #932 ) ;
#1678 = CARTESIAN_POINT ( 'NONE',  ( -4.000000000000000000, 0.000000000000000000, 5.000000000000000000 ) ) ;
#1679 = VECTOR ( 'NONE', #866, 1000.000000000000000 ) ;
#1680 = AXIS2_PLACEMENT_3D ( 'NONE', #2501, #1894, #1254 ) ;
#1681 = CARTESIAN_POINT ( 'NONE',  ( 8.000000000000000000, -12.24586983568310572, -29.56414504036107971 ) ) ;
#1682 = CARTESIAN_POINT ( 'NONE',  ( 8.000000000000000000, 12.24586983568269183, -24.06414504036125734 ) ) ;
#1683 = CARTESIAN_POINT ( 'NONE',  ( -20.00000000000000000, 0.000000000000000000, 0.000000000000000000 ) ) ;
#1684 = DIRECTION ( 'NONE',  ( 0.000000000000000000, 0.000000000000000000, -1.000000000000000000 ) ) ;
#1685 = ADVANCED_FACE ( 'NONE', ( #2449 ), #652, .F. ) ;
#1686 = EDGE_CURVE ( 'NONE', #2456, #685, #1100, .T. ) ;
#1687 = EDGE_LOOP ( 'NONE', ( #1316, #1185, #2515, #2542 ) ) ;
#1688 = DIRECTION ( 'NONE',  ( 1.000000000000000000, -0.000000000000000000, -0.000000000000000000 ) ) ;
#1689 = CIRCLE ( 'NONE', #2024, 5.499999999999998224 ) ;
#1690 = AXIS2_PLACEMENT_3D ( 'NONE', #1589, #808, #2401 ) ;
#1691 = CC_DESIGN_APPROVAL ( #1085, ( #459 ) ) ;
#1692 = AXIS2_PLACEMENT_3D ( 'NONE', #1842, #2286, #480 ) ;
#1693 = CARTESIAN_POINT ( 'NONE',  ( 10.00000000000000000, -12.24586983568247156, 24.06414504036134616 ) ) ;
#1694 = DIRECTION ( 'NONE',  ( 1.000000000000000000, 0.000000000000000000, 0.000000000000000000 ) ) ;
#1695 = DIRECTION ( 'NONE',  ( 0.000000000000000000, 0.000000000000000000, -1.000000000000000000 ) ) ;
#1696 = DIRECTION ( 'NONE',  ( 0.000000000000000000, 0.000000000000000000, -1.000000000000000000 ) ) ;
#1697 = DIRECTION ( 'NONE',  ( 1.000000000000000000, -0.000000000000000000, -0.000000000000000000 ) ) ;
#1698 = VERTEX_POINT ( 'NONE', #2462 ) ;
#1699 = AXIS2_PLACEMENT_3D ( 'NONE', #203, #215, #162 ) ;
#1700 = ORIENTED_EDGE ( 'NONE', *, *, #2334, .F. ) ;
#1701 = PLANE ( 'NONE',  #875 ) ;
#1702 = CIRCLE ( 'NONE', #986, 5.499999999999998224 ) ;
#1703 = EDGE_CURVE ( 'NONE', #551, #188, #434, .T. ) ;
#1704 = CIRCLE ( 'NONE', #1144, 5.500000000000000000 ) ;
#1705 = CARTESIAN_POINT ( 'NONE',  ( 8.000000000000000000, 29.56414504036113655, -12.24586983568300447 ) ) ;
#1706 = DIRECTION ( 'NONE',  ( 0.000000000000000000, 0.000000000000000000, -1.000000000000000000 ) ) ;
#1707 = PLANE ( 'NONE',  #1755 ) ;
#1708 = ORIENTED_EDGE ( 'NONE', *, *, #209, .T. ) ;
#1709 = CARTESIAN_POINT ( 'NONE',  ( 8.000000000000000000, -29.56414504036129998, -12.24586983568257459 ) ) ;
#1710 = CARTESIAN_POINT ( 'NONE',  ( 10.00000000000000000, -29.56414504036104773, 12.24586983568319454 ) ) ;
#1711 = EDGE_LOOP ( 'NONE', ( #290, #2013, #1910, #83 ) ) ;
#1712 = DIRECTION ( 'NONE',  ( 1.000000000000000000, -0.000000000000000000, -0.000000000000000000 ) ) ;
#1713 = ORIENTED_EDGE ( 'NONE', *, *, #817, .F. ) ;
#1714 = FACE_OUTER_BOUND ( 'NONE', #1223, .T. ) ;
#1715 = VECTOR ( 'NONE', #1976, 1000.000000000000000 ) ;
#1716 = DIRECTION ( 'NONE',  ( 1.000000000000000000, 0.000000000000000000, 0.000000000000000000 ) ) ;
#1717 = PERSON_AND_ORGANIZATION_ROLE ( 'creator' ) ;
#1718 = EDGE_CURVE ( 'NONE', #60, #1290, #1618, .T. ) ;
#1719 = CARTESIAN_POINT ( 'NONE',  ( 8.000000000000000000, 0.000000000000000000, 26.50000000000000355 ) ) ;
#1720 = MANIFOLD_SOLID_BREP ( 'Enl\X2\00e8\X0\v. mat.-Extru.3', #824 ) ;
#1721 = ORIENTED_EDGE ( 'NONE', *, *, #1570, .F. ) ;
#1722 = DIRECTION ( 'NONE',  ( 1.000000000000000000, 0.000000000000000000, 0.000000000000000000 ) ) ;
#1723 = CARTESIAN_POINT ( 'NONE',  ( 10.00000000000000000, 6.735557395310440051E-16, 37.50000000000000000 ) ) ;
#1724 = DIRECTION ( 'NONE',  ( 0.000000000000000000, 0.000000000000000000, -1.000000000000000000 ) ) ;
#1725 = EDGE_CURVE ( 'NONE', #245, #1826, #991, .T. ) ;
#1726 = LINE ( 'NONE', #321, #1613 ) ;
#1727 = ORIENTED_EDGE ( 'NONE', *, *, #339, .F. ) ;
#1728 = DIRECTION ( 'NONE',  ( 0.000000000000000000, 0.000000000000000000, -1.000000000000000000 ) ) ;
#1729 = AXIS2_PLACEMENT_3D ( 'NONE', #628, #2414, #225 ) ;
#1730 = EDGE_CURVE ( 'NONE', #2262, #2610, #1434, .T. ) ;
#1731 = AXIS2_PLACEMENT_3D ( 'NONE', #147, #1138, #117 ) ;
#1732 = CARTESIAN_POINT ( 'NONE',  ( 8.000000000000000000, -5.766036737468789654E-14, -2.999999999999952482 ) ) ;
#1733 = SECURITY_CLASSIFICATION_LEVEL ( 'unclassified' ) ;
#1734 = CIRCLE ( 'NONE', #2321, 10.00000000000000178 ) ;
#1735 = CARTESIAN_POINT ( 'NONE',  ( 8.000000000000000000, -31.99999999999999289, 3.351822085289408021E-13 ) ) ;
#1736 = ORIENTED_EDGE ( 'NONE', *, *, #969, .F. ) ;
#1737 = CARTESIAN_POINT ( 'NONE',  ( 8.000000000000000000, 8.499999999999952038, -5.500000000000031086 ) ) ;
#1738 = CARTESIAN_POINT ( 'NONE',  ( -20.00000000000000000, 1.836970198721029589E-15, 15.00000000000000000 ) ) ;
#1739 = CARTESIAN_POINT ( 'NONE',  ( 10.00000000000000000, -14.14213562373103272, -8.642135623730794691 ) ) ;
#1740 = DIRECTION ( 'NONE',  ( 0.000000000000000000, 0.000000000000000000, -1.000000000000000000 ) ) ;
#1741 = EDGE_LOOP ( 'NONE', ( #227, #2122, #1137, #1507 ) ) ;
#1742 = AXIS2_PLACEMENT_3D ( 'NONE', #1145, #2595, #515 ) ;
#1743 = ORIENTED_EDGE ( 'NONE', *, *, #2407, .F. ) ;
#1744 = CARTESIAN_POINT ( 'NONE',  ( 8.000000000000000000, 29.56414504036120761, 17.74586983568279308 ) ) ;
#1745 = ADVANCED_FACE ( 'NONE', ( #2244 ), #425, .T. ) ;
#1746 = VECTOR ( 'NONE', #1560, 1000.000000000000000 ) ;
#1747 = PRODUCT_DEFINITION_SHAPE ( 'NONE', 'NONE',  #1773 ) ;
#1748 = DIRECTION ( 'NONE',  ( 0.000000000000000000, 0.000000000000000000, -1.000000000000000000 ) ) ;
#1749 = PERSON_AND_ORGANIZATION_ROLE ( 'design_supplier' ) ;
#1750 = CARTESIAN_POINT ( 'NONE',  ( 10.00000000000000000, 32.00000000000000000, -5.500000000000108358 ) ) ;
#1751 = ORIENTED_EDGE ( 'NONE', *, *, #1787, .F. ) ;
#1752 = LINE ( 'NONE', #1964, #1746 ) ;
#1753 = CARTESIAN_POINT ( 'NONE',  ( 8.000000000000000000, 32.00000000000000000, -5.500000000000108358 ) ) ;
#1754 = VERTEX_POINT ( 'NONE', #2014 ) ;
#1755 = AXIS2_PLACEMENT_3D ( 'NONE', #1543, #300, #519 ) ;
#1756 = DIRECTION ( 'NONE',  ( 1.000000000000000000, 0.000000000000000000, 0.000000000000000000 ) ) ;
#1757 = DIRECTION ( 'NONE',  ( 1.000000000000000000, 0.000000000000000000, 0.000000000000000000 ) ) ;
#1758 = ORIENTED_EDGE ( 'NONE', *, *, #244, .F. ) ;
#1759 = ORIENTED_EDGE ( 'NONE', *, *, #2561, .F. ) ;
#1760 = LINE ( 'NONE', #1971, #326 ) ;
#1761 = EDGE_CURVE ( 'NONE', #1104, #1116, #2002, .T. ) ;
#1762 = DIRECTION ( 'NONE',  ( 1.000000000000000000, -0.000000000000000000, -0.000000000000000000 ) ) ;
#1763 = CIRCLE ( 'NONE', #749, 5.499999999999994671 ) ;
#1764 = FACE_OUTER_BOUND ( 'NONE', #2404, .T. ) ;
#1765 = CARTESIAN_POINT ( 'NONE',  ( 8.000000000000000000, 12.24586983568269183, -29.56414504036126090 ) ) ;
#1766 = DIRECTION ( 'NONE',  ( 1.000000000000000000, 0.000000000000000000, 0.000000000000000000 ) ) ;
#1767 = ORIENTED_EDGE ( 'NONE', *, *, #959, .F. ) ;
#1768 = DIRECTION ( 'NONE',  ( 0.000000000000000000, 0.000000000000000000, -1.000000000000000000 ) ) ;
#1769 = DIRECTION ( 'NONE',  ( 1.000000000000000000, 0.000000000000000000, 0.000000000000000000 ) ) ;
#1770 = DIRECTION ( 'NONE',  ( 1.000000000000000000, 0.000000000000000000, 0.000000000000000000 ) ) ;
#1771 = ORIENTED_EDGE ( 'NONE', *, *, #766, .F. ) ;
#1772 = ADVANCED_FACE ( 'NONE', ( #236 ), #4, .T. ) ;
#1773 = PRODUCT_DEFINITION ( 'UNKNOWN', '', #634, #507 ) ;
#1774 = ORIENTED_EDGE ( 'NONE', *, *, #2141, .T. ) ;
#1775 = CARTESIAN_POINT ( 'NONE',  ( 10.00000000000000000, -22.62741699796924522, 17.12741699796980299 ) ) ;
#1776 = ORIENTED_EDGE ( 'NONE', *, *, #637, .F. ) ;
#1777 = AXIS2_PLACEMENT_3D ( 'NONE', #1399, #2199, #2451 ) ;
#1778 = CARTESIAN_POINT ( 'NONE',  ( -10.00000000000000000, 0.000000000000000000, 0.000000000000000000 ) ) ;
#1779 = AXIS2_PLACEMENT_3D ( 'NONE', #943, #1756, #2558 ) ;
#1780 = EDGE_LOOP ( 'NONE', ( #1597, #1071 ) ) ;
#1781 = DIRECTION ( 'NONE',  ( 1.000000000000000000, -0.000000000000000000, -0.000000000000000000 ) ) ;
#1782 = VERTEX_POINT ( 'NONE', #1628 ) ;
#1783 = CARTESIAN_POINT ( 'NONE',  ( 10.00000000000000000, -31.99999999999999289, 5.500000000000333955 ) ) ;
#1784 = AXIS2_PLACEMENT_3D ( 'NONE', #955, #115, #85 ) ;
#1785 = DIRECTION ( 'NONE',  ( 0.000000000000000000, 0.000000000000000000, -1.000000000000000000 ) ) ;
#1786 = CARTESIAN_POINT ( 'NONE',  ( 8.000000000000000000, 19.99999999999995026, -5.500000000000070166 ) ) ;
#1787 = EDGE_CURVE ( 'NONE', #1698, #1782, #1147, .T. ) ;
#1788 = ORIENTED_EDGE ( 'NONE', *, *, #2434, .T. ) ;
#1789 = CARTESIAN_POINT ( 'NONE',  ( 8.000000000000000000, -29.56414504036104773, 12.24586983568319454 ) ) ;
#1790 = AXIS2_PLACEMENT_3D ( 'NONE', #1067, #1297, #856 ) ;
#1791 = CARTESIAN_POINT ( 'NONE',  ( 8.000000000000000000, 29.56414504036120761, 6.745869835682794857 ) ) ;
#1792 = ADVANCED_FACE ( 'NONE', ( #625 ), #1424, .F. ) ;
#1793 = VECTOR ( 'NONE', #1398, 1000.000000000000000 ) ;
#1794 = ORIENTED_EDGE ( 'NONE', *, *, #1925, .T. ) ;
#1795 = CYLINDRICAL_SURFACE ( 'NONE', #1444, 5.500000000000001776 ) ;
#1796 = DIRECTION ( 'NONE',  ( 1.000000000000000000, -0.000000000000000000, -0.000000000000000000 ) ) ;
#1797 = CARTESIAN_POINT ( 'NONE',  ( 8.000000000000000000, -29.56414504036129998, -12.24586983568257459 ) ) ;
#1798 = DIRECTION ( 'NONE',  ( 1.000000000000000000, -0.000000000000000000, -0.000000000000000000 ) ) ;
#1799 = EDGE_CURVE ( 'NONE', #1038, #1838, #2, .T. ) ;
#1800 = ORIENTED_EDGE ( 'NONE', *, *, #1672, .F. ) ;
#1801 = CARTESIAN_POINT ( 'NONE',  ( 8.000000000000000000, 19.99999999999995026, -5.500000000000070166 ) ) ;
#1802 = EDGE_CURVE ( 'NONE', #2071, #372, #935, .T. ) ;
#1803 = VECTOR ( 'NONE', #325, 1000.000000000000000 ) ;
#1804 = ORIENTED_EDGE ( 'NONE', *, *, #1526, .F. ) ;
#1805 = FACE_OUTER_BOUND ( 'NONE', #2519, .T. ) ;
#1806 = CARTESIAN_POINT ( 'NONE',  ( 8.000000000000000000, -19.99999999999994671, -5.499999999999789502 ) ) ;
#1807 = AXIS2_PLACEMENT_3D ( 'NONE', #668, #1722, #1520 ) ;
#1808 = ADVANCED_FACE ( 'NONE', ( #1916 ), #1283, .T. ) ;
#1809 = CYLINDRICAL_SURFACE ( 'NONE', #2208, 5.500000000000000888 ) ;
#1810 = DIRECTION ( 'NONE',  ( 0.000000000000000000, 0.000000000000000000, -1.000000000000000000 ) ) ;
#1811 = ORIENTED_EDGE ( 'NONE', *, *, #430, .F. ) ;
#1812 = AXIS2_PLACEMENT_3D ( 'NONE', #726, #740, #1529 ) ;
#1813 = EDGE_LOOP ( 'NONE', ( #1044, #1453 ) ) ;
#1814 = CARTESIAN_POINT ( 'NONE',  ( 10.00000000000000000, -8.499999999999952038, 5.500000000000089706 ) ) ;
#1815 = AXIS2_PLACEMENT_3D ( 'NONE', #255, #1031, #1244 ) ;
#1816 = ADVANCED_FACE ( 'NONE', ( #1890 ), #870, .T. ) ;
#1817 = ORIENTED_EDGE ( 'NONE', *, *, #1126, .T. ) ;
#1818 = CARTESIAN_POINT ( 'NONE',  ( 10.00000000000000000, -31.99999999999999289, 3.351822085289408021E-13 ) ) ;
#1819 = CARTESIAN_POINT ( 'NONE',  ( 10.00000000000000000, -14.14213562373074495, 8.642135623731086014 ) ) ;
#1820 = CARTESIAN_POINT ( 'NONE',  ( 10.00000000000000000, 22.62741699796940154, -28.12741699796963957 ) ) ;
#1821 = FACE_BOUND ( 'NONE', #565, .T. ) ;
#1822 = ORIENTED_EDGE ( 'NONE', *, *, #1188, .F. ) ;
#1823 = ORIENTED_EDGE ( 'NONE', *, *, #1556, .F. ) ;
#1824 = DIRECTION ( 'NONE',  ( 1.000000000000000000, -0.000000000000000000, -0.000000000000000000 ) ) ;
#1825 = EDGE_LOOP ( 'NONE', ( #2315, #1250, #750, #364 ) ) ;
#1826 = VERTEX_POINT ( 'NONE', #498 ) ;
#1827 = VECTOR ( 'NONE', #2578, 1000.000000000000000 ) ;
#1828 = CARTESIAN_POINT ( 'NONE',  ( 8.000000000000000000, -5.833392311421893986E-14, -8.499999999999952038 ) ) ;
#1829 = CARTESIAN_POINT ( 'NONE',  ( 8.000000000000000000, -1.399880114079982575E-13, -25.49999999999995381 ) ) ;
#1830 = AXIS2_PLACEMENT_3D ( 'NONE', #700, #1716, #1866 ) ;
#1831 = DIRECTION ( 'NONE',  ( 1.000000000000000000, -0.000000000000000000, -0.000000000000000000 ) ) ;
#1832 = DIRECTION ( 'NONE',  ( 1.000000000000000000, -0.000000000000000000, -0.000000000000000000 ) ) ;
#1833 = VERTEX_POINT ( 'NONE', #1273 ) ;
#1834 = VECTOR ( 'NONE', #2504, 1000.000000000000000 ) ;
#1835 = ORIENTED_EDGE ( 'NONE', *, *, #1799, .T. ) ;
#1836 = CARTESIAN_POINT ( 'NONE',  ( 8.000000000000000000, -19.99999999999994671, 2.098176381848607732E-13 ) ) ;
#1837 = EDGE_CURVE ( 'NONE', #603, #1595, #221, .T. ) ;
#1838 = VERTEX_POINT ( 'NONE', #664 ) ;
#1839 = DIRECTION ( 'NONE',  ( 0.000000000000000000, 0.000000000000000000, -1.000000000000000000 ) ) ;
#1840 = AXIS2_PLACEMENT_3D ( 'NONE', #883, #1880, #2247 ) ;
#1841 = CARTESIAN_POINT ( 'NONE',  ( 8.000000000000000000, 0.000000000000000000, 32.00000000000000000 ) ) ;
#1842 = CARTESIAN_POINT ( 'NONE',  ( 8.000000000000000000, 3.287578542732749400E-16, 19.99999999999995026 ) ) ;
#1843 = EDGE_LOOP ( 'NONE', ( #1758, #829, #2512, #2107 ) ) ;
#1844 = CARTESIAN_POINT ( 'NONE',  ( 8.000000000000000000, 12.24586983568289789, 24.06414504036117563 ) ) ;
#1845 = CARTESIAN_POINT ( 'NONE',  ( 8.000000000000000000, 3.287578542732749400E-16, 19.99999999999995026 ) ) ;
#1846 = ORIENTED_EDGE ( 'NONE', *, *, #2448, .F. ) ;
#1847 = AXIS2_PLACEMENT_3D ( 'NONE', #1709, #2079, #2327 ) ;
#1848 = EDGE_CURVE ( 'NONE', #258, #1202, #572, .T. ) ;
#1849 = EDGE_CURVE ( 'NONE', #2469, #1324, #1055, .T. ) ;
#1850 = ORIENTED_EDGE ( 'NONE', *, *, #457, .F. ) ;
#1851 = LINE ( 'NONE', #2011, #1457 ) ;
#1852 = ORIENTED_EDGE ( 'NONE', *, *, #560, .F. ) ;
#1853 = DIRECTION ( 'NONE',  ( 1.000000000000000000, 0.000000000000000000, 0.000000000000000000 ) ) ;
#1854 = CARTESIAN_POINT ( 'NONE',  ( 8.000000000000000000, 29.56414504036113655, -12.24586983568300447 ) ) ;
#1855 = CARTESIAN_POINT ( 'NONE',  ( 8.000000000000000000, 12.24586983568289789, 35.06414504036117563 ) ) ;
#1856 = ORIENTED_EDGE ( 'NONE', *, *, #869, .F. ) ;
#1857 = CYLINDRICAL_SURFACE ( 'NONE', #1590, 5.499999999999998224 ) ;
#1858 = CARTESIAN_POINT ( 'NONE',  ( 10.00000000000000000, 32.00000000000000000, 5.499999999999884537 ) ) ;
#1859 = ORIENTED_EDGE ( 'NONE', *, *, #311, .T. ) ;
#1860 = CIRCLE ( 'NONE', #504, 5.500000000000001776 ) ;
#1861 = ORIENTED_EDGE ( 'NONE', *, *, #2389, .F. ) ;
#1862 = DIRECTION ( 'NONE',  ( 1.000000000000000000, 0.000000000000000000, 0.000000000000000000 ) ) ;
#1863 = CIRCLE ( 'NONE', #293, 5.499999999999994671 ) ;
#1864 = VERTEX_POINT ( 'NONE', #905 ) ;
#1865 = ADVANCED_FACE ( 'NONE', ( #43 ), #283, .F. ) ;
#1866 = DIRECTION ( 'NONE',  ( 0.000000000000000000, 0.000000000000000000, -1.000000000000000000 ) ) ;
#1867 = DIRECTION ( 'NONE',  ( 0.000000000000000000, 0.000000000000000000, -1.000000000000000000 ) ) ;
#1868 = CIRCLE ( 'NONE', #852, 5.500000000000001776 ) ;
#1869 = DIRECTION ( 'NONE',  ( 0.000000000000000000, 0.000000000000000000, -1.000000000000000000 ) ) ;
#1870 = CARTESIAN_POINT ( 'NONE',  ( 8.000000000000000000, 32.00000000000000000, -1.117274028429802674E-13 ) ) ;
#1871 = CARTESIAN_POINT ( 'NONE',  ( 10.00000000000000000, 29.56414504036120761, 17.74586983568279308 ) ) ;
#1872 = ORIENTED_EDGE ( 'NONE', *, *, #1066, .F. ) ;
#1873 = ORIENTED_EDGE ( 'NONE', *, *, #2397, .F. ) ;
#1874 = CARTESIAN_POINT ( 'NONE',  ( 8.000000000000000000, 29.56414504036113655, -12.24586983568300447 ) ) ;
#1875 = CIRCLE ( 'NONE', #268, 5.499999999999998224 ) ;
#1876 = EDGE_CURVE ( 'NONE', #245, #2489, #1702, .T. ) ;
#1877 = CARTESIAN_POINT ( 'NONE',  ( 8.000000000000000000, -14.14213562373103272, -14.14213562373079291 ) ) ;
#1878 = EDGE_CURVE ( 'NONE', #841, #1292, #2593, .T. ) ;
#1879 =( LENGTH_UNIT ( ) NAMED_UNIT ( * ) SI_UNIT ( .MILLI., .METRE. ) );
#1880 = DIRECTION ( 'NONE',  ( 1.000000000000000000, 0.000000000000000000, 0.000000000000000000 ) ) ;
#1881 = ORIENTED_EDGE ( 'NONE', *, *, #40, .T. ) ;
#1882 = LINE ( 'NONE', #1288, #541 ) ;
#1883 = LINE ( 'NONE', #58, #454 ) ;
#1884 = EDGE_CURVE ( 'NONE', #568, #2020, #1576, .T. ) ;
#1885 = CC_DESIGN_DATE_AND_TIME_ASSIGNMENT ( #2354, #2324, ( #459 ) ) ;
#1886 = ORIENTED_EDGE ( 'NONE', *, *, #94, .T. ) ;
#1887 = LINE ( 'NONE', #1472, #1550 ) ;
#1888 = AXIS2_PLACEMENT_3D ( 'NONE', #885, #2513, #1696 ) ;
#1889 = ADVANCED_FACE ( 'NONE', ( #880 ), #892, .F. ) ;
#1890 = FACE_OUTER_BOUND ( 'NONE', #2399, .T. ) ;
#1891 = CYLINDRICAL_SURFACE ( 'NONE', #715, 5.500000000000000000 ) ;
#1892 = DIRECTION ( 'NONE',  ( 1.000000000000000000, 0.000000000000000000, 0.000000000000000000 ) ) ;
#1893 = PLANE ( 'NONE',  #1888 ) ;
#1894 = DIRECTION ( 'NONE',  ( 1.000000000000000000, -0.000000000000000000, -0.000000000000000000 ) ) ;
#1895 = VERTEX_POINT ( 'NONE', #1665 ) ;
#1896 = PLANE ( 'NONE',  #199 ) ;
#1897 = AXIS2_PLACEMENT_3D ( 'NONE', #1421, #2048, #1022 ) ;
#1898 = ADVANCED_FACE ( 'NONE', ( #2521 ), #2111, .F. ) ;
#1899 = LOCAL_TIME ( 18, 50, 29.00000000000000000, #963 ) ;
#1900 = AXIS2_PLACEMENT_3D ( 'NONE', #490, #716, #1559 ) ;
#1901 = AXIS2_PLACEMENT_3D ( 'NONE', #1506, #2527, #317 ) ;
#1902 = CARTESIAN_POINT ( 'NONE',  ( 8.000000000000000000, -31.99999999999999289, 3.351822085289408021E-13 ) ) ;
#1903 = CARTESIAN_POINT ( 'NONE',  ( 8.000000000000000000, 14.14213562373094213, 14.14213562373089417 ) ) ;
#1904 = EDGE_LOOP ( 'NONE', ( #615, #1238 ) ) ;
#1905 = CARTESIAN_POINT ( 'NONE',  ( 8.000000000000000000, -8.499999999999952038, 8.974623797036219746E-14 ) ) ;
#1906 = CARTESIAN_POINT ( 'NONE',  ( 8.000000000000000000, 14.14213562373084088, -19.64213562373099009 ) ) ;
#1907 = ORIENTED_EDGE ( 'NONE', *, *, #1210, .F. ) ;
#1908 = AXIS2_PLACEMENT_3D ( 'NONE', #613, #1219, #1405 ) ;
#1909 = CIRCLE ( 'NONE', #2460, 5.500000000000001776 ) ;
#1910 = ORIENTED_EDGE ( 'NONE', *, *, #410, .T. ) ;
#1911 = LINE ( 'NONE', #1446, #207 ) ;
#1912 = CIRCLE ( 'NONE', #780, 5.500000000000000888 ) ;
#1913 = VERTEX_POINT ( 'NONE', #1693 ) ;
#1914 = CARTESIAN_POINT ( 'NONE',  ( 8.000000000000000000, -1.399880114079982575E-13, -19.99999999999995026 ) ) ;
#1915 = EDGE_CURVE ( 'NONE', #1277, #1931, #2285, .T. ) ;
#1916 = FACE_OUTER_BOUND ( 'NONE', #234, .T. ) ;
#1917 = APPROVAL_DATE_TIME ( #730, #890 ) ;
#1918 = DIRECTION ( 'NONE',  ( 1.000000000000000000, 0.000000000000000000, 0.000000000000000000 ) ) ;
#1919 = ORIENTED_EDGE ( 'NONE', *, *, #1249, .F. ) ;
#1920 = DIRECTION ( 'NONE',  ( 0.000000000000000000, 0.000000000000000000, -1.000000000000000000 ) ) ;
#1921 = CARTESIAN_POINT ( 'NONE',  ( 10.00000000000000000, -31.99999999999999289, 3.351822085289408021E-13 ) ) ;
#1922 = VERTEX_POINT ( 'NONE', #2308 ) ;
#1923 = CYLINDRICAL_SURFACE ( 'NONE', #1581, 5.500000000000001776 ) ;
#1924 = EDGE_CURVE ( 'NONE', #1245, #1065, #296, .T. ) ;
#1925 = EDGE_CURVE ( 'NONE', #1280, #1970, #350, .T. ) ;
#1926 = EDGE_LOOP ( 'NONE', ( #1062, #1767 ) ) ;
#1927 = CARTESIAN_POINT ( 'NONE',  ( 10.00000000000000000, 8.499999999999952038, -5.500000000000031086 ) ) ;
#1928 = CYLINDRICAL_SURFACE ( 'NONE', #1677, 5.499999999999998224 ) ;
#1929 = DIRECTION ( 'NONE',  ( 1.000000000000000000, -0.000000000000000000, -0.000000000000000000 ) ) ;
#1930 = CARTESIAN_POINT ( 'NONE',  ( 8.000000000000000000, 22.62741699796956496, 17.12741699796948325 ) ) ;
#1931 = VERTEX_POINT ( 'NONE', #562 ) ;
#1932 = FACE_OUTER_BOUND ( 'NONE', #1546, .T. ) ;
#1933 = DIRECTION ( 'NONE',  ( 0.000000000000000000, 0.000000000000000000, -1.000000000000000000 ) ) ;
#1934 = ORIENTED_EDGE ( 'NONE', *, *, #2228, .F. ) ;
#1935 = CARTESIAN_POINT ( 'NONE',  ( 10.00000000000000000, -14.14213562373103272, -19.64213562373079114 ) ) ;
#1936 = ADVANCED_FACE ( 'NONE', ( #1113 ), #1527, .F. ) ;
#1937 = CARTESIAN_POINT ( 'NONE',  ( 10.00000000000000000, -3.477039065829496377E-16, 13.99999999999995204 ) ) ;
#1938 = EDGE_CURVE ( 'NONE', #17, #97, #1, .T. ) ;
#1939 = EDGE_LOOP ( 'NONE', ( #2292, #732 ) ) ;
#1940 = DIRECTION ( 'NONE',  ( 0.000000000000000000, 0.000000000000000000, -1.000000000000000000 ) ) ;
#1941 = AXIS2_PLACEMENT_3D ( 'NONE', #438, #983, #992 ) ;
#1942 = AXIS2_PLACEMENT_3D ( 'NONE', #594, #570, #1979 ) ;
#1943 = DIRECTION ( 'NONE',  ( 1.000000000000000000, 0.000000000000000000, 0.000000000000000000 ) ) ;
#1944 = PERSON_AND_ORGANIZATION_ROLE ( 'design_owner' ) ;
#1945 = CIRCLE ( 'NONE', #602, 5.500000000000000000 ) ;
#1946 = DIRECTION ( 'NONE',  ( 1.000000000000000000, -0.000000000000000000, -0.000000000000000000 ) ) ;
#1947 = ORIENTED_EDGE ( 'NONE', *, *, #576, .F. ) ;
#1948 = DIRECTION ( 'NONE',  ( 1.000000000000000000, -0.000000000000000000, -0.000000000000000000 ) ) ;
#1949 = CYLINDRICAL_SURFACE ( 'NONE', #2619, 5.500000000000000000 ) ;
#1950 = ORIENTED_EDGE ( 'NONE', *, *, #1015, .T. ) ;
#1951 = LINE ( 'NONE', #135, #336 ) ;
#1952 = DIRECTION ( 'NONE',  ( 1.000000000000000000, 0.000000000000000000, 0.000000000000000000 ) ) ;
#1953 = AXIS2_PLACEMENT_3D ( 'NONE', #2029, #1441, #2468 ) ;
#1954 = VECTOR ( 'NONE', #1987, 1000.000000000000000 ) ;
#1955 = ORIENTED_EDGE ( 'NONE', *, *, #944, .T. ) ;
#1956 = CARTESIAN_POINT ( 'NONE',  ( 8.000000000000000000, -1.399880114079982575E-13, -19.99999999999995026 ) ) ;
#1957 = AXIS2_PLACEMENT_3D ( 'NONE', #1449, #1616, #16 ) ;
#1958 = CARTESIAN_POINT ( 'NONE',  ( -20.00000000000000000, 1.836970198721029589E-15, 15.00000000000000000 ) ) ;
#1959 = AXIS2_PLACEMENT_3D ( 'NONE', #2545, #914, #2572 ) ;
#1960 = COORDINATED_UNIVERSAL_TIME_OFFSET ( 1, 0, .AHEAD. ) ;
#1961 = ADVANCED_FACE ( 'NONE', ( #312 ), #741, .T. ) ;
#1962 = CYLINDRICAL_SURFACE ( 'NONE', #1900, 5.500000000000001776 ) ;
#1963 = EDGE_CURVE ( 'NONE', #2392, #1632, #1170, .T. ) ;
#1964 = CARTESIAN_POINT ( 'NONE',  ( 8.000000000000000000, 8.499999999999952038, 5.499999999999969802 ) ) ;
#1965 = DIRECTION ( 'NONE',  ( 0.000000000000000000, 0.000000000000000000, -1.000000000000000000 ) ) ;
#1966 = EDGE_LOOP ( 'NONE', ( #1063, #1504, #2050, #1776 ) ) ;
#1967 = DIRECTION ( 'NONE',  ( 1.000000000000000000, 0.000000000000000000, 0.000000000000000000 ) ) ;
#1968 = DIRECTION ( 'NONE',  ( 1.000000000000000000, 0.000000000000000000, 0.000000000000000000 ) ) ;
#1969 = CC_DESIGN_PERSON_AND_ORGANIZATION_ASSIGNMENT ( #2565, #907, ( #634 ) ) ;
#1970 = VERTEX_POINT ( 'NONE', #2353 ) ;
#1971 = CARTESIAN_POINT ( 'NONE',  ( 8.000000000000000000, -14.14213562373074495, 19.64213562373108957 ) ) ;
#1972 = EDGE_CURVE ( 'NONE', #372, #2071, #813, .T. ) ;
#1973 = CARTESIAN_POINT ( 'NONE',  ( 8.000000000000000000, 22.62741699796940154, -22.62741699796964312 ) ) ;
#1974 = EDGE_CURVE ( 'NONE', #1151, #1614, #1574, .T. ) ;
#1975 = VERTEX_POINT ( 'NONE', #1732 ) ;
#1976 = DIRECTION ( 'NONE',  ( 1.000000000000000000, -0.000000000000000000, -0.000000000000000000 ) ) ;
#1977 = ORIENTED_EDGE ( 'NONE', *, *, #126, .F. ) ;
#1978 = FACE_OUTER_BOUND ( 'NONE', #405, .T. ) ;
#1979 = DIRECTION ( 'NONE',  ( 0.000000000000000000, 0.000000000000000000, -1.000000000000000000 ) ) ;
#1980 = FACE_OUTER_BOUND ( 'NONE', #826, .T. ) ;
#1981 = ORIENTED_EDGE ( 'NONE', *, *, #1884, .F. ) ;
#1982 = EDGE_CURVE ( 'NONE', #1074, #860, #1354, .T. ) ;
#1983 = EDGE_CURVE ( 'NONE', #506, #256, #1655, .T. ) ;
#1984 = VERTEX_POINT ( 'NONE', #1128 ) ;
#1985 = CARTESIAN_POINT ( 'NONE',  ( 10.00000000000000000, -19.99999999999994671, 2.098176381848607732E-13 ) ) ;
#1986 = CIRCLE ( 'NONE', #1690, 5.499999999999996447 ) ;
#1987 = DIRECTION ( 'NONE',  ( 1.000000000000000000, -0.000000000000000000, -0.000000000000000000 ) ) ;
#1988 = AXIS2_PLACEMENT_3D ( 'NONE', #105, #984, #2125 ) ;
#1989 = EDGE_LOOP ( 'NONE', ( #2588, #2318, #769, #2349 ) ) ;
#1990 = CARTESIAN_POINT ( 'NONE',  ( 8.000000000000000000, -14.14213562373074495, 14.14213562373108779 ) ) ;
#1991 = ORIENTED_EDGE ( 'NONE', *, *, #1296, .T. ) ;
#1992 = DIRECTION ( 'NONE',  ( 1.000000000000000000, -0.000000000000000000, -0.000000000000000000 ) ) ;
#1993 = CIRCLE ( 'NONE', #843, 5.499999999999998224 ) ;
#1994 = AXIS2_PLACEMENT_3D ( 'NONE', #2524, #1532, #330 ) ;
#1995 = DIRECTION ( 'NONE',  ( 0.000000000000000000, 0.000000000000000000, -1.000000000000000000 ) ) ;
#1996 = FACE_BOUND ( 'NONE', #1366, .T. ) ;
#1997 = ORIENTED_EDGE ( 'NONE', *, *, #1275, .F. ) ;
#1998 = CARTESIAN_POINT ( 'NONE',  ( 10.00000000000000000, 14.14213562373094213, 14.14213562373089417 ) ) ;
#1999 = ADVANCED_FACE ( 'NONE', ( #933 ), #783, .F. ) ;
#2000 = CIRCLE ( 'NONE', #260, 5.000000000000000000 ) ;
#2001 = EDGE_CURVE ( 'NONE', #1369, #1141, #1868, .T. ) ;
#2002 = CIRCLE ( 'NONE', #2422, 5.499999999999996447 ) ;
#2003 = EDGE_LOOP ( 'NONE', ( #2276, #1861, #877, #1119 ) ) ;
#2004 = FACE_OUTER_BOUND ( 'NONE', #231, .T. ) ;
#2005 = CARTESIAN_POINT ( 'NONE',  ( 0.000000000000000000, 0.000000000000000000, 0.000000000000000000 ) ) ;
#2006 = DIRECTION ( 'NONE',  ( 0.000000000000000000, 0.000000000000000000, -1.000000000000000000 ) ) ;
#2007 = CYLINDRICAL_SURFACE ( 'NONE', #1699, 5.499999999999998224 ) ;
#2008 = ORIENTED_EDGE ( 'NONE', *, *, #671, .F. ) ;
#2009 = EDGE_CURVE ( 'NONE', #2173, #318, #41, .T. ) ;
#2010 = EDGE_LOOP ( 'NONE', ( #1287, #931, #1194, #2190 ) ) ;
#2011 = CARTESIAN_POINT ( 'NONE',  ( 8.000000000000000000, -14.14213562373074495, 8.642135623731086014 ) ) ;
#2012 = ORIENTED_EDGE ( 'NONE', *, *, #1296, .F. ) ;
#2013 = ORIENTED_EDGE ( 'NONE', *, *, #1518, .T. ) ;
#2014 = CARTESIAN_POINT ( 'NONE',  ( 8.000000000000000000, -31.99999999999999289, -5.499999999999664269 ) ) ;
#2015 = DIRECTION ( 'NONE',  ( 1.000000000000000000, -0.000000000000000000, -0.000000000000000000 ) ) ;
#2016 = CIRCLE ( 'NONE', #1076, 5.499999999999999112 ) ;
#2017 = DIRECTION ( 'NONE',  ( 1.000000000000000000, 0.000000000000000000, 0.000000000000000000 ) ) ;
#2018 = FACE_BOUND ( 'NONE', #2023, .T. ) ;
#2019 = EDGE_LOOP ( 'NONE', ( #1309, #1743, #1950, #2120 ) ) ;
#2020 = VERTEX_POINT ( 'NONE', #771 ) ;
#2021 = CARTESIAN_POINT ( 'NONE',  ( 8.000000000000000000, -8.499999999999952038, 8.974623797036219746E-14 ) ) ;
#2022 = VECTOR ( 'NONE', #661, 1000.000000000000000 ) ;
#2023 = EDGE_LOOP ( 'NONE', ( #1522, #1804 ) ) ;
#2024 = AXIS2_PLACEMENT_3D ( 'NONE', #1998, #179, #2602 ) ;
#2025 = CARTESIAN_POINT ( 'NONE',  ( 10.00000000000000000, 0.000000000000000000, 0.000000000000000000 ) ) ;
#2026 = AXIS2_PLACEMENT_3D ( 'NONE', #1681, #1694, #1465 ) ;
#2027 = DIRECTION ( 'NONE',  ( 0.000000000000000000, 0.000000000000000000, -1.000000000000000000 ) ) ;
#2028 = CARTESIAN_POINT ( 'NONE',  ( 10.00000000000000000, 12.24586983568289789, 35.06414504036117563 ) ) ;
#2029 = CARTESIAN_POINT ( 'NONE',  ( 10.00000000000000000, 0.000000000000000000, 0.000000000000000000 ) ) ;
#2030 = ORIENTED_EDGE ( 'NONE', *, *, #1419, .F. ) ;
#2031 = EDGE_CURVE ( 'NONE', #1116, #966, #2337, .T. ) ;
#2032 = ORIENTED_EDGE ( 'NONE', *, *, #1169, .T. ) ;
#2033 = CARTESIAN_POINT ( 'NONE',  ( 0.000000000000000000, 0.000000000000000000, -25.00000000000000000 ) ) ;
#2034 = CIRCLE ( 'NONE', #200, 5.500000000000001776 ) ;
#2035 = EDGE_LOOP ( 'NONE', ( #2626, #1163, #2447, #1257 ) ) ;
#2036 = DIRECTION ( 'NONE',  ( 1.000000000000000000, 0.000000000000000000, 0.000000000000000000 ) ) ;
#2037 = CARTESIAN_POINT ( 'NONE',  ( 0.000000000000000000, 0.000000000000000000, 0.000000000000000000 ) ) ;
#2038 = AXIS2_PLACEMENT_3D ( 'NONE', #2282, #1489, #272 ) ;
#2039 = EDGE_CURVE ( 'NONE', #1975, #915, #2564, .T. ) ;
#2040 = EDGE_CURVE ( 'NONE', #1290, #60, #729, .T. ) ;
#2041 = CARTESIAN_POINT ( 'NONE',  ( 8.000000000000000000, -5.833392311421893986E-14, -8.499999999999952038 ) ) ;
#2042 = EDGE_LOOP ( 'NONE', ( #1373, #974 ) ) ;
#2043 = DIRECTION ( 'NONE',  ( 0.000000000000000000, 0.000000000000000000, -1.000000000000000000 ) ) ;
#2044 = CARTESIAN_POINT ( 'NONE',  ( 8.000000000000000000, 29.56414504036113655, -17.74586983568300269 ) ) ;
#2045 = ORIENTED_EDGE ( 'NONE', *, *, #1127, .F. ) ;
#2046 = CIRCLE ( 'NONE', #692, 5.500000000000000888 ) ;
#2047 = ORIENTED_EDGE ( 'NONE', *, *, #404, .T. ) ;
#2048 = DIRECTION ( 'NONE',  ( -1.000000000000000000, 0.000000000000000000, 0.000000000000000000 ) ) ;
#2049 = EDGE_LOOP ( 'NONE', ( #528, #222 ) ) ;
#2050 = ORIENTED_EDGE ( 'NONE', *, *, #561, .T. ) ;
#2051 = DIRECTION ( 'NONE',  ( 1.000000000000000000, 0.000000000000000000, 0.000000000000000000 ) ) ;
#2052 = ORIENTED_EDGE ( 'NONE', *, *, #2277, .F. ) ;
#2053 = DIRECTION ( 'NONE',  ( -1.000000000000000000, 0.000000000000000000, 0.000000000000000000 ) ) ;
#2054 = ORIENTED_EDGE ( 'NONE', *, *, #419, .T. ) ;
#2055 = CARTESIAN_POINT ( 'NONE',  ( 8.000000000000000000, -29.56414504036129998, -12.24586983568257459 ) ) ;
#2056 = DIRECTION ( 'NONE',  ( 0.000000000000000000, 0.000000000000000000, -1.000000000000000000 ) ) ;
#2057 = ORIENTED_EDGE ( 'NONE', *, *, #944, .F. ) ;
#2058 = AXIS2_PLACEMENT_3D ( 'NONE', #1765, #173, #346 ) ;
#2059 = ADVANCED_FACE ( 'NONE', ( #358 ), #1158, .F. ) ;
#2060 = ORIENTED_EDGE ( 'NONE', *, *, #805, .T. ) ;
#2061 = FACE_OUTER_BOUND ( 'NONE', #38, .T. ) ;
#2062 = EDGE_CURVE ( 'NONE', #1970, #1280, #1572, .T. ) ;
#2063 = ORIENTED_EDGE ( 'NONE', *, *, #2113, .F. ) ;
#2064 = DIRECTION ( 'NONE',  ( 0.000000000000000000, 0.000000000000000000, -1.000000000000000000 ) ) ;
#2065 = CARTESIAN_POINT ( 'NONE',  ( 8.000000000000000000, -1.021259646113993889E-15, 8.499999999999952038 ) ) ;
#2066 = CARTESIAN_POINT ( 'NONE',  ( -20.00000000000000000, 0.000000000000000000, 0.000000000000000000 ) ) ;
#2067 = AXIS2_PLACEMENT_3D ( 'NONE', #2475, #2270, #1867 ) ;
#2068 = CYLINDRICAL_SURFACE ( 'NONE', #1680, 5.500000000000000000 ) ;
#2069 = VERTEX_POINT ( 'NONE', #976 ) ;
#2070 = VECTOR ( 'NONE', #2150, 1000.000000000000000 ) ;
#2071 = VERTEX_POINT ( 'NONE', #1791 ) ;
#2072 = FACE_OUTER_BOUND ( 'NONE', #2508, .T. ) ;
#2073 = ADVANCED_FACE ( 'NONE', ( #1383 ), #2195, .F. ) ;
#2074 = DIRECTION ( 'NONE',  ( 1.000000000000000000, 0.000000000000000000, 0.000000000000000000 ) ) ;
#2075 = EDGE_CURVE ( 'NONE', #781, #1396, #650, .T. ) ;
#2076 = DIRECTION ( 'NONE',  ( 1.000000000000000000, 0.000000000000000000, 0.000000000000000000 ) ) ;
#2077 = AXIS2_PLACEMENT_3D ( 'NONE', #1914, #583, #2319 ) ;
#2078 = CARTESIAN_POINT ( 'NONE',  ( 10.00000000000000000, -2.234548056859605347E-13, -37.50000000000000000 ) ) ;
#2079 = DIRECTION ( 'NONE',  ( 1.000000000000000000, -0.000000000000000000, -0.000000000000000000 ) ) ;
#2080 = FACE_OUTER_BOUND ( 'NONE', #2304, .T. ) ;
#2081 = AXIS2_PLACEMENT_3D ( 'NONE', #1990, #940, #1374 ) ;
#2082 = ORIENTED_EDGE ( 'NONE', *, *, #2118, .T. ) ;
#2083 = FACE_OUTER_BOUND ( 'NONE', #1498, .T. ) ;
#2084 = EDGE_CURVE ( 'NONE', #97, #17, #1909, .T. ) ;
#2085 = AXIS2_PLACEMENT_3D ( 'NONE', #1985, #355, #1728 ) ;
#2086 = DIRECTION ( 'NONE',  ( 0.000000000000000000, 0.000000000000000000, -1.000000000000000000 ) ) ;
#2087 = ADVANCED_FACE ( 'NONE', ( #1714 ), #1809, .F. ) ;
#2088 = CARTESIAN_POINT ( 'NONE',  ( 8.000000000000000000, -22.62741699796924522, 28.12741699796979944 ) ) ;
#2089 = ORIENTED_EDGE ( 'NONE', *, *, #471, .F. ) ;
#2090 = CIRCLE ( 'NONE', #699, 5.500000000000000888 ) ;
#2091 = DIRECTION ( 'NONE',  ( 1.000000000000000000, 0.000000000000000000, 0.000000000000000000 ) ) ;
#2092 = DIRECTION ( 'NONE',  ( 1.000000000000000000, 0.000000000000000000, 0.000000000000000000 ) ) ;
#2093 = ORIENTED_EDGE ( 'NONE', *, *, #805, .F. ) ;
#2094 = CARTESIAN_POINT ( 'NONE',  ( 8.000000000000000000, 29.56414504036113655, -6.745869835683006244 ) ) ;
#2095 = DIRECTION ( 'NONE',  ( 1.000000000000000000, -0.000000000000000000, -0.000000000000000000 ) ) ;
#2096 = DIRECTION ( 'NONE',  ( 0.000000000000000000, 0.000000000000000000, 1.000000000000000000 ) ) ;
#2097 = LINE ( 'NONE', #314, #1519 ) ;
#2098 = ORIENTED_EDGE ( 'NONE', *, *, #1414, .F. ) ;
#2099 = LINE ( 'NONE', #266, #103 ) ;
#2100 = CARTESIAN_POINT ( 'NONE',  ( 8.000000000000000000, -12.24586983568247156, 35.06414504036133906 ) ) ;
#2101 = ORIENTED_EDGE ( 'NONE', *, *, #1066, .T. ) ;
#2102 = AXIS2_PLACEMENT_3D ( 'NONE', #2005, #2606, #786 ) ;
#2103 = ORIENTED_EDGE ( 'NONE', *, *, #404, .F. ) ;
#2104 = DIRECTION ( 'NONE',  ( 0.000000000000000000, 0.000000000000000000, -1.000000000000000000 ) ) ;
#2105 = EDGE_CURVE ( 'NONE', #2469, #2262, #2000, .T. ) ;
#2106 = CIRCLE ( 'NONE', #1052, 5.499999999999998224 ) ;
#2107 = ORIENTED_EDGE ( 'NONE', *, *, #987, .T. ) ;
#2108 = FACE_OUTER_BOUND ( 'NONE', #929, .T. ) ;
#2109 = ADVANCED_FACE ( 'NONE', ( #1378 ), #993, .T. ) ;
#2110 = CIRCLE ( 'NONE', #1784, 5.499999999999998224 ) ;
#2111 = CYLINDRICAL_SURFACE ( 'NONE', #474, 5.499999999999998224 ) ;
#2112 = COORDINATED_UNIVERSAL_TIME_OFFSET ( 1, 0, .AHEAD. ) ;
#2113 = EDGE_CURVE ( 'NONE', #416, #590, #610, .T. ) ;
#2114 = FACE_OUTER_BOUND ( 'NONE', #1813, .T. ) ;
#2115 = ORIENTED_EDGE ( 'NONE', *, *, #1233, .T. ) ;
#2116 = CARTESIAN_POINT ( 'NONE',  ( 8.000000000000000000, -22.62741699796924522, 22.62741699796980299 ) ) ;
#2117 = CARTESIAN_POINT ( 'NONE',  ( 10.00000000000000000, -29.56414504036129998, -17.74586983568256926 ) ) ;
#2118 = EDGE_CURVE ( 'NONE', #590, #416, #1272, .T. ) ;
#2119 = AXIS2_PLACEMENT_3D ( 'NONE', #2395, #710, #904 ) ;
#2120 = ORIENTED_EDGE ( 'NONE', *, *, #825, .T. ) ;
#2121 = DIRECTION ( 'NONE',  ( 0.000000000000000000, 0.000000000000000000, -1.000000000000000000 ) ) ;
#2122 = ORIENTED_EDGE ( 'NONE', *, *, #1876, .F. ) ;
#2123 = AXIS2_PLACEMENT_3D ( 'NONE', #1636, #223, #2617 ) ;
#2124 = EDGE_LOOP ( 'NONE', ( #167, #369 ) ) ;
#2125 = DIRECTION ( 'NONE',  ( 0.000000000000000000, 0.000000000000000000, -1.000000000000000000 ) ) ;
#2126 = CYLINDRICAL_SURFACE ( 'NONE', #1057, 5.500000000000001776 ) ;
#2127 = DIRECTION ( 'NONE',  ( 0.000000000000000000, 0.000000000000000000, -1.000000000000000000 ) ) ;
#2128 = EDGE_CURVE ( 'NONE', #2489, #245, #1646, .T. ) ;
#2129 = MECHANICAL_CONTEXT ( 'NONE', #2273, 'mechanical' ) ;
#2130 = FACE_OUTER_BOUND ( 'NONE', #163, .T. ) ;
#2131 = EDGE_LOOP ( 'NONE', ( #502, #496 ) ) ;
#2132 = DIRECTION ( 'NONE',  ( 0.000000000000000000, 0.000000000000000000, -1.000000000000000000 ) ) ;
#2133 = FACE_OUTER_BOUND ( 'NONE', #219, .T. ) ;
#2134 = ORIENTED_EDGE ( 'NONE', *, *, #2621, .F. ) ;
#2135 = DIRECTION ( 'NONE',  ( 0.000000000000000000, 0.000000000000000000, -1.000000000000000000 ) ) ;
#2136 = CARTESIAN_POINT ( 'NONE',  ( 8.000000000000000000, -22.62741699796971773, -22.62741699796931982 ) ) ;
#2137 = CIRCLE ( 'NONE', #538, 5.500000000000001776 ) ;
#2138 = ORIENTED_EDGE ( 'NONE', *, *, #1126, .F. ) ;
#2139 = CARTESIAN_POINT ( 'NONE',  ( 10.00000000000000000, 0.000000000000000000, 40.00000000000000000 ) ) ;
#2140 = CIRCLE ( 'NONE', #586, 5.500000000000001776 ) ;
#2141 = EDGE_CURVE ( 'NONE', #1160, #2215, #2614, .T. ) ;
#2142 = DIRECTION ( 'NONE',  ( 1.000000000000000000, 0.000000000000000000, 0.000000000000000000 ) ) ;
#2143 = AXIS2_PLACEMENT_3D ( 'NONE', #1168, #1352, #168 ) ;
#2144 = DIRECTION ( 'NONE',  ( 0.000000000000000000, 0.000000000000000000, -1.000000000000000000 ) ) ;
#2145 = VERTEX_POINT ( 'NONE', #513 ) ;
#2146 = AXIS2_PLACEMENT_3D ( 'NONE', #442, #2092, #2056 ) ;
#2147 = DIRECTION ( 'NONE',  ( 1.000000000000000000, 0.000000000000000000, 0.000000000000000000 ) ) ;
#2148 = DIRECTION ( 'NONE',  ( 0.000000000000000000, 0.000000000000000000, -1.000000000000000000 ) ) ;
#2149 = ORIENTED_EDGE ( 'NONE', *, *, #1686, .F. ) ;
#2150 = DIRECTION ( 'NONE',  ( 1.000000000000000000, -0.000000000000000000, -0.000000000000000000 ) ) ;
#2151 = CARTESIAN_POINT ( 'NONE',  ( 8.000000000000000000, 29.56414504036120761, 6.745869835682794857 ) ) ;
#2152 = ORIENTED_EDGE ( 'NONE', *, *, #261, .F. ) ;
#2153 = DIRECTION ( 'NONE',  ( 1.000000000000000000, -0.000000000000000000, -0.000000000000000000 ) ) ;
#2154 = ADVANCED_FACE ( 'NONE', ( #2108 ), #1165, .T. ) ;
#2155 = EDGE_CURVE ( 'NONE', #2020, #568, #461, .T. ) ;
#2156 = CIRCLE ( 'NONE', #767, 5.500000000000000888 ) ;
#2157 = CARTESIAN_POINT ( 'NONE',  ( 8.000000000000000000, -5.766036737468789654E-14, -2.999999999999952482 ) ) ;
#2158 = SHAPE_DEFINITION_REPRESENTATION ( #1747, #2585 ) ;
#2159 = EDGE_CURVE ( 'NONE', #841, #1255, #1110, .T. ) ;
#2160 = CARTESIAN_POINT ( 'NONE',  ( 8.000000000000000000, -22.62741699796971773, -22.62741699796931982 ) ) ;
#2161 = CARTESIAN_POINT ( 'NONE',  ( 8.000000000000000000, -14.14213562373103272, -19.64213562373079114 ) ) ;
#2162 = CARTESIAN_POINT ( 'NONE',  ( 10.00000000000000000, -8.499999999999952038, 8.974623797036219746E-14 ) ) ;
#2163 = EDGE_LOOP ( 'NONE', ( #1736, #1823 ) ) ;
#2164 = CARTESIAN_POINT ( 'NONE',  ( 10.00000000000000000, -22.62741699796971773, -22.62741699796931982 ) ) ;
#2165 = LINE ( 'NONE', #708, #1154 ) ;
#2166 = AXIS2_PLACEMENT_3D ( 'NONE', #657, #874, #848 ) ;
#2167 = EDGE_LOOP ( 'NONE', ( #1246, #2480 ) ) ;
#2168 = CARTESIAN_POINT ( 'NONE',  ( 10.00000000000000000, -1.399880114079982575E-13, -19.99999999999995026 ) ) ;
#2169 = ORIENTED_EDGE ( 'NONE', *, *, #2347, .F. ) ;
#2170 = AXIS2_PLACEMENT_3D ( 'NONE', #1039, #437, #1212 ) ;
#2171 = DIRECTION ( 'NONE',  ( 0.000000000000000000, 0.000000000000000000, -1.000000000000000000 ) ) ;
#2172 = CIRCLE ( 'NONE', #356, 5.500000000000000888 ) ;
#2173 = VERTEX_POINT ( 'NONE', #1927 ) ;
#2174 = CARTESIAN_POINT ( 'NONE',  ( -10.00000000000000000, 1.836970198721029589E-15, 15.00000000000000000 ) ) ;
#2175 = LINE ( 'NONE', #1162, #768 ) ;
#2176 = ORIENTED_EDGE ( 'NONE', *, *, #2062, .F. ) ;
#2177 = DIRECTION ( 'NONE',  ( 1.000000000000000000, 0.000000000000000000, 0.000000000000000000 ) ) ;
#2178 = EDGE_CURVE ( 'NONE', #612, #205, #1860, .T. ) ;
#2179 = DIRECTION ( 'NONE',  ( 1.000000000000000000, 0.000000000000000000, 0.000000000000000000 ) ) ;
#2180 = DIRECTION ( 'NONE',  ( -1.000000000000000000, -0.000000000000000000, -0.000000000000000000 ) ) ;
#2181 = ORIENTED_EDGE ( 'NONE', *, *, #1637, .T. ) ;
#2182 = LINE ( 'NONE', #574, #2550 ) ;
#2183 = CARTESIAN_POINT ( 'NONE',  ( 8.000000000000000000, -14.14213562373103272, -14.14213562373079291 ) ) ;
#2184 = AXIS2_PLACEMENT_3D ( 'NONE', #1905, #84, #705 ) ;
#2185 = ORIENTED_EDGE ( 'NONE', *, *, #1972, .T. ) ;
#2186 = CYLINDRICAL_SURFACE ( 'NONE', #2058, 5.500000000000001776 ) ;
#2187 = CARTESIAN_POINT ( 'NONE',  ( 8.000000000000000000, 14.14213562373094213, 8.642135623730895944 ) ) ;
#2188 = DIRECTION ( 'NONE',  ( 1.000000000000000000, -0.000000000000000000, -0.000000000000000000 ) ) ;
#2189 = FACE_BOUND ( 'NONE', #2425, .T. ) ;
#2190 = ORIENTED_EDGE ( 'NONE', *, *, #1924, .F. ) ;
#2191 = EDGE_LOOP ( 'NONE', ( #2098, #1997 ) ) ;
#2192 = DIRECTION ( 'NONE',  ( 1.000000000000000000, -0.000000000000000000, -0.000000000000000000 ) ) ;
#2193 = ADVANCED_FACE ( 'NONE', ( #1565 ), #2377, .F. ) ;
#2194 = VECTOR ( 'NONE', #1796, 1000.000000000000000 ) ;
#2195 = CYLINDRICAL_SURFACE ( 'NONE', #1437, 5.500000000000000000 ) ;
#2196 = AXIS2_PLACEMENT_3D ( 'NONE', #1523, #2584, #525 ) ;
#2197 = EDGE_LOOP ( 'NONE', ( #286, #2103 ) ) ;
#2198 = DIRECTION ( 'NONE',  ( 1.000000000000000000, 0.000000000000000000, 0.000000000000000000 ) ) ;
#2199 = DIRECTION ( 'NONE',  ( 0.000000000000000000, 1.000000000000000000, -1.224646799147353207E-16 ) ) ;
#2200 = AXIS2_PLACEMENT_3D ( 'NONE', #1710, #706, #1933 ) ;
#2201 = ADVANCED_FACE ( 'NONE', ( #2305 ), #2390, .F. ) ;
#2202 = AXIS2_PLACEMENT_3D ( 'NONE', #1132, #1946, #2553 ) ;
#2203 = CARTESIAN_POINT ( 'NONE',  ( 10.00000000000000000, -19.99999999999994671, -5.499999999999789502 ) ) ;
#2204 = FACE_BOUND ( 'NONE', #2419, .T. ) ;
#2205 = VERTEX_POINT ( 'NONE', #2586 ) ;
#2206 = VERTEX_POINT ( 'NONE', #778 ) ;
#2207 = CARTESIAN_POINT ( 'NONE',  ( 8.000000000000000000, 29.56414504036113655, -12.24586983568300447 ) ) ;
#2208 = AXIS2_PLACEMENT_3D ( 'NONE', #2520, #2188, #1499 ) ;
#2209 = EDGE_LOOP ( 'NONE', ( #2343, #2380, #230, #1339 ) ) ;
#2210 = CARTESIAN_POINT ( 'NONE',  ( -4.000000000000000000, 6.123233995736766282E-16, -5.000000000000000000 ) ) ;
#2211 = FACE_BOUND ( 'NONE', #1661, .T. ) ;
#2212 = EDGE_CURVE ( 'NONE', #1579, #341, #2106, .T. ) ;
#2213 = CARTESIAN_POINT ( 'NONE',  ( 8.000000000000000000, 29.56414504036120761, 17.74586983568279308 ) ) ;
#2214 = FACE_BOUND ( 'NONE', #315, .T. ) ;
#2215 = VERTEX_POINT ( 'NONE', #1389 ) ;
#2216 = VERTEX_POINT ( 'NONE', #1592 ) ;
#2217 = CARTESIAN_POINT ( 'NONE',  ( 8.000000000000000000, -31.99999999999999289, -5.499999999999664269 ) ) ;
#2218 = EDGE_LOOP ( 'NONE', ( #2181, #194 ) ) ;
#2219 = CARTESIAN_POINT ( 'NONE',  ( 10.00000000000000000, -2.234548056859605347E-13, -32.00000000000000000 ) ) ;
#2220 = DIRECTION ( 'NONE',  ( 0.000000000000000000, 0.000000000000000000, -1.000000000000000000 ) ) ;
#2221 = CIRCLE ( 'NONE', #2518, 5.499999999999998224 ) ;
#2222 = CARTESIAN_POINT ( 'NONE',  ( 8.000000000000000000, -14.14213562373103272, -8.642135623730794691 ) ) ;
#2223 = DIRECTION ( 'NONE',  ( 1.000000000000000000, -0.000000000000000000, -0.000000000000000000 ) ) ;
#2224 = ORIENTED_EDGE ( 'NONE', *, *, #751, .F. ) ;
#2225 = VERTEX_POINT ( 'NONE', #2203 ) ;
#2226 = CYLINDRICAL_SURFACE ( 'NONE', #2476, 5.500000000000000888 ) ;
#2227 = EDGE_CURVE ( 'NONE', #590, #792, #747, .T. ) ;
#2228 = EDGE_CURVE ( 'NONE', #2538, #698, #840, .T. ) ;
#2229 = VERTEX_POINT ( 'NONE', #1739 ) ;
#2230 = DIRECTION ( 'NONE',  ( -1.000000000000000000, -0.000000000000000000, -0.000000000000000000 ) ) ;
#2231 = CIRCLE ( 'NONE', #1777, 10.00000000000000178 ) ;
#2232 = CARTESIAN_POINT ( 'NONE',  ( 8.000000000000000000, 12.24586983568289789, 24.06414504036117563 ) ) ;
#2233 = DIRECTION ( 'NONE',  ( 1.000000000000000000, 0.000000000000000000, 0.000000000000000000 ) ) ;
#2234 = AXIS2_PLACEMENT_3D ( 'NONE', #1490, #2452, #2297 ) ;
#2235 = CARTESIAN_POINT ( 'NONE',  ( 10.00000000000000000, 0.000000000000000000, 0.000000000000000000 ) ) ;
#2236 = VERTEX_POINT ( 'NONE', #1783 ) ;
#2237 = CIRCLE ( 'NONE', #37, 5.500000000000000000 ) ;
#2238 = ORIENTED_EDGE ( 'NONE', *, *, #1573, .T. ) ;
#2239 = PLANE ( 'NONE',  #297 ) ;
#2240 = ADVANCED_FACE ( 'NONE', ( #1361 ), #552, .F. ) ;
#2241 = AXIS2_PLACEMENT_3D ( 'NONE', #2021, #2192, #827 ) ;
#2242 = VECTOR ( 'NONE', #1087, 1000.000000000000000 ) ;
#2243 = EDGE_LOOP ( 'NONE', ( #2405, #2481 ) ) ;
#2244 = FACE_OUTER_BOUND ( 'NONE', #833, .T. ) ;
#2245 = CARTESIAN_POINT ( 'NONE',  ( 8.000000000000000000, -12.24586983568310572, -24.06414504036107616 ) ) ;
#2246 = AXIS2_PLACEMENT_3D ( 'NONE', #2497, #65, #53 ) ;
#2247 = DIRECTION ( 'NONE',  ( 0.000000000000000000, 0.000000000000000000, -1.000000000000000000 ) ) ;
#2248 = DIRECTION ( 'NONE',  ( 1.000000000000000000, -0.000000000000000000, -0.000000000000000000 ) ) ;
#2249 = CARTESIAN_POINT ( 'NONE',  ( 8.000000000000000000, 12.24586983568289789, 29.56414504036117563 ) ) ;
#2250 = ORIENTED_EDGE ( 'NONE', *, *, #2506, .T. ) ;
#2251 = EDGE_CURVE ( 'NONE', #1612, #1614, #1474, .T. ) ;
#2252 = ORIENTED_EDGE ( 'NONE', *, *, #1094, .F. ) ;
#2253 = LINE ( 'NONE', #291, #1337 ) ;
#2254 = EDGE_CURVE ( 'NONE', #1422, #704, #2278, .T. ) ;
#2255 = ORIENTED_EDGE ( 'NONE', *, *, #2590, .T. ) ;
#2256 = DIRECTION ( 'NONE',  ( 0.000000000000000000, 0.000000000000000000, -1.000000000000000000 ) ) ;
#2257 = FACE_OUTER_BOUND ( 'NONE', #2311, .T. ) ;
#2258 = DIRECTION ( 'NONE',  ( -1.000000000000000000, -0.000000000000000000, -0.000000000000000000 ) ) ;
#2259 = VERTEX_POINT ( 'NONE', #349 ) ;
#2260 = CARTESIAN_POINT ( 'NONE',  ( 10.00000000000000000, -14.14213562373103272, -14.14213562373079291 ) ) ;
#2261 = DIRECTION ( 'NONE',  ( 1.000000000000000000, -0.000000000000000000, -0.000000000000000000 ) ) ;
#2262 = VERTEX_POINT ( 'NONE', #2375 ) ;
#2263 = VECTOR ( 'NONE', #1781, 1000.000000000000000 ) ;
#2264 = EDGE_CURVE ( 'NONE', #1913, #860, #31, .T. ) ;
#2265 = ORIENTED_EDGE ( 'NONE', *, *, #1220, .F. ) ;
#2266 = DIRECTION ( 'NONE',  ( 0.000000000000000000, 0.000000000000000000, -1.000000000000000000 ) ) ;
#2267 = ADVANCED_FACE ( 'NONE', ( #1978 ), #1152, .T. ) ;
#2268 = CIRCLE ( 'NONE', #1815, 5.500000000000001776 ) ;
#2269 = CARTESIAN_POINT ( 'NONE',  ( 8.000000000000000000, 22.62741699796956496, 22.62741699796948325 ) ) ;
#2270 = DIRECTION ( 'NONE',  ( 1.000000000000000000, 0.000000000000000000, 0.000000000000000000 ) ) ;
#2271 = DIRECTION ( 'NONE',  ( 0.000000000000000000, 0.000000000000000000, 1.000000000000000000 ) ) ;
#2272 = DIRECTION ( 'NONE',  ( 1.000000000000000000, -0.000000000000000000, -0.000000000000000000 ) ) ;
#2273 = APPLICATION_CONTEXT ( 'configuration controlled 3d designs of mechanical parts and assemblies' ) ;
#2274 = CIRCLE ( 'NONE', #1259, 40.00000000000000000 ) ;
#2275 = DIRECTION ( 'NONE',  ( 1.000000000000000000, -0.000000000000000000, -0.000000000000000000 ) ) ;
#2276 = ORIENTED_EDGE ( 'NONE', *, *, #1518, .F. ) ;
#2277 = EDGE_CURVE ( 'NONE', #1183, #357, #924, .T. ) ;
#2278 = CIRCLE ( 'NONE', #1177, 5.499999999999994671 ) ;
#2279 = ORIENTED_EDGE ( 'NONE', *, *, #1326, .T. ) ;
#2280 = DIRECTION ( 'NONE',  ( 1.000000000000000000, -0.000000000000000000, -0.000000000000000000 ) ) ;
#2281 = AXIS2_PLACEMENT_3D ( 'NONE', #214, #441, #1630 ) ;
#2282 = CARTESIAN_POINT ( 'NONE',  ( 8.000000000000000000, 22.62741699796940154, -22.62741699796964312 ) ) ;
#2283 = VECTOR ( 'NONE', #1832, 1000.000000000000000 ) ;
#2284 = DIRECTION ( 'NONE',  ( 1.000000000000000000, -0.000000000000000000, -0.000000000000000000 ) ) ;
#2285 = CIRCLE ( 'NONE', #2589, 5.499999999999998224 ) ;
#2286 = DIRECTION ( 'NONE',  ( 1.000000000000000000, 0.000000000000000000, 0.000000000000000000 ) ) ;
#2287 = ORIENTED_EDGE ( 'NONE', *, *, #1915, .F. ) ;
#2288 = DIRECTION ( 'NONE',  ( 0.000000000000000000, 0.000000000000000000, -1.000000000000000000 ) ) ;
#2289 = CARTESIAN_POINT ( 'NONE',  ( 8.000000000000000000, 14.14213562373094213, 14.14213562373089417 ) ) ;
#2290 = VERTEX_POINT ( 'NONE', #1935 ) ;
#2291 = DIRECTION ( 'NONE',  ( 1.000000000000000000, -0.000000000000000000, -0.000000000000000000 ) ) ;
#2292 = ORIENTED_EDGE ( 'NONE', *, *, #1876, .T. ) ;
#2293 = AXIS2_PLACEMENT_3D ( 'NONE', #2136, #90, #540 ) ;
#2294 = CARTESIAN_POINT ( 'NONE',  ( 10.00000000000000000, 29.56414504036113655, -12.24586983568300447 ) ) ;
#2295 = CARTESIAN_POINT ( 'NONE',  ( 0.000000000000000000, 0.000000000000000000, 0.000000000000000000 ) ) ;
#2296 = EDGE_CURVE ( 'NONE', #1595, #603, #1388, .T. ) ;
#2297 = DIRECTION ( 'NONE',  ( 0.000000000000000000, 0.000000000000000000, -1.000000000000000000 ) ) ;
#2298 = AXIS2_PLACEMENT_3D ( 'NONE', #643, #654, #1438 ) ;
#2299 = CYLINDRICAL_SURFACE ( 'NONE', #1542, 5.499999999999998224 ) ;
#2300 = LINE ( 'NONE', #1906, #1464 ) ;
#2301 = ORIENTED_EDGE ( 'NONE', *, *, #1556, .T. ) ;
#2302 = ORIENTED_EDGE ( 'NONE', *, *, #1015, .F. ) ;
#2303 = DIRECTION ( 'NONE',  ( 1.000000000000000000, -0.000000000000000000, -0.000000000000000000 ) ) ;
#2304 = EDGE_LOOP ( 'NONE', ( #2333, #573, #123, #1633 ) ) ;
#2305 = FACE_OUTER_BOUND ( 'NONE', #1843, .T. ) ;
#2306 = ADVANCED_FACE ( 'NONE', ( #1320 ), #1580, .T. ) ;
#2307 = EDGE_CURVE ( 'NONE', #1931, #1277, #1295, .T. ) ;
#2308 = CARTESIAN_POINT ( 'NONE',  ( 8.000000000000000000, -29.56414504036129998, -6.745869835682578142 ) ) ;
#2309 = FACE_OUTER_BOUND ( 'NONE', #1019, .T. ) ;
#2310 = CARTESIAN_POINT ( 'NONE',  ( 8.000000000000000000, -8.499999999999952038, -5.499999999999911182 ) ) ;
#2311 = EDGE_LOOP ( 'NONE', ( #998, #1021 ) ) ;
#2312 = DIRECTION ( 'NONE',  ( 0.000000000000000000, 0.000000000000000000, -1.000000000000000000 ) ) ;
#2313 = DIRECTION ( 'NONE',  ( 1.000000000000000000, -0.000000000000000000, -0.000000000000000000 ) ) ;
#2314 = AXIS2_PLACEMENT_3D ( 'NONE', #213, #1026, #1666 ) ;
#2315 = ORIENTED_EDGE ( 'NONE', *, *, #30, .F. ) ;
#2316 = FACE_OUTER_BOUND ( 'NONE', #2209, .T. ) ;
#2317 = AXIS2_PLACEMENT_3D ( 'NONE', #2529, #2177, #1120 ) ;
#2318 = ORIENTED_EDGE ( 'NONE', *, *, #2039, .T. ) ;
#2319 = DIRECTION ( 'NONE',  ( 0.000000000000000000, 0.000000000000000000, -1.000000000000000000 ) ) ;
#2320 = DIRECTION ( 'NONE',  ( 1.000000000000000000, -0.000000000000000000, -0.000000000000000000 ) ) ;
#2321 = AXIS2_PLACEMENT_3D ( 'NONE', #2358, #1118, #745 ) ;
#2322 = AXIS2_PLACEMENT_3D ( 'NONE', #1735, #757, #953 ) ;
#2323 = DIRECTION ( 'NONE',  ( 0.000000000000000000, 0.000000000000000000, -1.000000000000000000 ) ) ;
#2324 = DATE_TIME_ROLE ( 'classification_date' ) ;
#2325 = DIRECTION ( 'NONE',  ( 0.000000000000000000, 0.000000000000000000, -1.000000000000000000 ) ) ;
#2326 = ORIENTED_EDGE ( 'NONE', *, *, #1983, .T. ) ;
#2327 = DIRECTION ( 'NONE',  ( 0.000000000000000000, 0.000000000000000000, -1.000000000000000000 ) ) ;
#2328 = DIRECTION ( 'NONE',  ( 1.000000000000000000, -0.000000000000000000, -0.000000000000000000 ) ) ;
#2329 = ORIENTED_EDGE ( 'NONE', *, *, #2031, .T. ) ;
#2330 = DIRECTION ( 'NONE',  ( -1.000000000000000000, -0.000000000000000000, -0.000000000000000000 ) ) ;
#2331 = AXIS2_PLACEMENT_3D ( 'NONE', #577, #1370, #371 ) ;
#2332 = CARTESIAN_POINT ( 'NONE',  ( 8.000000000000000000, -5.833392311421893986E-14, -8.499999999999952038 ) ) ;
#2333 = ORIENTED_EDGE ( 'NONE', *, *, #1603, .F. ) ;
#2334 = EDGE_CURVE ( 'NONE', #1322, #1612, #927, .T. ) ;
#2335 = ORIENTED_EDGE ( 'NONE', *, *, #1878, .F. ) ;
#2336 = DIRECTION ( 'NONE',  ( 0.000000000000000000, 0.000000000000000000, -1.000000000000000000 ) ) ;
#2337 = LINE ( 'NONE', #1341, #2421 ) ;
#2338 = PERSON_AND_ORGANIZATION ( #1033, #1557 ) ;
#2339 = CARTESIAN_POINT ( 'NONE',  ( 8.000000000000000000, -2.234548056859605347E-13, -32.00000000000000000 ) ) ;
#2340 = ORIENTED_EDGE ( 'NONE', *, *, #2334, .T. ) ;
#2341 = FACE_OUTER_BOUND ( 'NONE', #151, .T. ) ;
#2342 = DIRECTION ( 'NONE',  ( 1.000000000000000000, -0.000000000000000000, -0.000000000000000000 ) ) ;
#2343 = ORIENTED_EDGE ( 'NONE', *, *, #1730, .F. ) ;
#2344 = DIRECTION ( 'NONE',  ( 0.000000000000000000, 0.000000000000000000, -1.000000000000000000 ) ) ;
#2345 = CARTESIAN_POINT ( 'NONE',  ( 8.000000000000000000, 1.002313593804319044E-15, 25.49999999999995381 ) ) ;
#2346 = VERTEX_POINT ( 'NONE', #2187 ) ;
#2347 = EDGE_CURVE ( 'NONE', #2216, #863, #1217, .T. ) ;
#2348 = EDGE_CURVE ( 'NONE', #2020, #1422, #1547, .T. ) ;
#2349 = ORIENTED_EDGE ( 'NONE', *, *, #1406, .F. ) ;
#2350 = DIRECTION ( 'NONE',  ( 0.000000000000000000, 0.000000000000000000, -1.000000000000000000 ) ) ;
#2351 = EDGE_CURVE ( 'NONE', #2215, #698, #1951, .T. ) ;
#2352 = CC_DESIGN_PERSON_AND_ORGANIZATION_ASSIGNMENT ( #563, #2551, ( #459 ) ) ;
#2353 = CARTESIAN_POINT ( 'NONE',  ( 10.00000000000000000, 29.56414504036113655, -17.74586983568300269 ) ) ;
#2354 = DATE_AND_TIME ( #756, #1050 ) ;
#2355 = DIRECTION ( 'NONE',  ( 1.000000000000000000, -0.000000000000000000, -0.000000000000000000 ) ) ;
#2356 = AXIS2_PLACEMENT_3D ( 'NONE', #683, #695, #1493 ) ;
#2357 = LINE ( 'NONE', #2555, #2263 ) ;
#2358 = CARTESIAN_POINT ( 'NONE',  ( -10.00000000000000000, 0.000000000000000000, -25.00000000000000000 ) ) ;
#2359 = ORIENTED_EDGE ( 'NONE', *, *, #1307, .F. ) ;
#2360 = DIRECTION ( 'NONE',  ( 0.000000000000000000, 0.000000000000000000, -1.000000000000000000 ) ) ;
#2361 = DIRECTION ( 'NONE',  ( 1.000000000000000000, -0.000000000000000000, -0.000000000000000000 ) ) ;
#2362 = EDGE_CURVE ( 'NONE', #357, #1183, #763, .T. ) ;
#2363 = CIRCLE ( 'NONE', #66, 5.500000000000000888 ) ;
#2364 = ORIENTED_EDGE ( 'NONE', *, *, #2307, .T. ) ;
#2365 = CARTESIAN_POINT ( 'NONE',  ( 10.00000000000000000, 8.499999999999952038, 5.499999999999969802 ) ) ;
#2366 = APPROVAL_PERSON_ORGANIZATION ( #2338, #890, #1102 ) ;
#2367 = AXIS2_PLACEMENT_3D ( 'NONE', #2041, #67, #1028 ) ;
#2368 = CARTESIAN_POINT ( 'NONE',  ( 10.00000000000000000, -2.234548056859605347E-13, -32.00000000000000000 ) ) ;
#2369 = EDGE_CURVE ( 'NONE', #1255, #1652, #967, .T. ) ;
#2370 = CIRCLE ( 'NONE', #2281, 5.499999999999998224 ) ;
#2371 = ORIENTED_EDGE ( 'NONE', *, *, #1210, .T. ) ;
#2372 = CARTESIAN_POINT ( 'NONE',  ( -10.00000000000000000, 0.000000000000000000, -15.00000000000000000 ) ) ;
#2373 = DIRECTION ( 'NONE',  ( 1.000000000000000000, 0.000000000000000000, 0.000000000000000000 ) ) ;
#2374 = EDGE_LOOP ( 'NONE', ( #624, #491, #1674, #1098 ) ) ;
#2375 = CARTESIAN_POINT ( 'NONE',  ( -4.000000000000000000, 6.123233995736766282E-16, -5.000000000000000000 ) ) ;
#2376 = EDGE_LOOP ( 'NONE', ( #2554, #1751, #812, #2371 ) ) ;
#2377 = CYLINDRICAL_SURFACE ( 'NONE', #1942, 5.499999999999996447 ) ;
#2378 = DIRECTION ( 'NONE',  ( 0.000000000000000000, 0.000000000000000000, -1.000000000000000000 ) ) ;
#2379 = AXIS2_PLACEMENT_3D ( 'NONE', #418, #989, #1010 ) ;
#2380 = ORIENTED_EDGE ( 'NONE', *, *, #2105, .F. ) ;
#2381 = DIRECTION ( 'NONE',  ( 1.000000000000000000, -0.000000000000000000, -0.000000000000000000 ) ) ;
#2382 = VECTOR ( 'NONE', #2230, 1000.000000000000000 ) ;
#2383 = DIRECTION ( 'NONE',  ( 1.000000000000000000, 0.000000000000000000, 0.000000000000000000 ) ) ;
#2384 = PERSON_AND_ORGANIZATION ( #1033, #1557 ) ;
#2385 = ORIENTED_EDGE ( 'NONE', *, *, #626, .F. ) ;
#2386 = DIRECTION ( 'NONE',  ( 1.000000000000000000, 0.000000000000000000, 0.000000000000000000 ) ) ;
#2387 = ORIENTED_EDGE ( 'NONE', *, *, #2113, .T. ) ;
#2388 = DIRECTION ( 'NONE',  ( 1.000000000000000000, 0.000000000000000000, 0.000000000000000000 ) ) ;
#2389 = EDGE_CURVE ( 'NONE', #1833, #746, #166, .T. ) ;
#2390 = CYLINDRICAL_SURFACE ( 'NONE', #1135, 5.499999999999994671 ) ;
#2391 = FACE_BOUND ( 'NONE', #1009, .T. ) ;
#2392 = VERTEX_POINT ( 'NONE', #6 ) ;
#2393 = ORIENTED_EDGE ( 'NONE', *, *, #1718, .F. ) ;
#2394 = DIRECTION ( 'NONE',  ( 1.000000000000000000, 0.000000000000000000, 0.000000000000000000 ) ) ;
#2395 = CARTESIAN_POINT ( 'NONE',  ( 10.00000000000000000, -12.24586983568310572, -29.56414504036107971 ) ) ;
#2396 = CIRCLE ( 'NONE', #1248, 5.500000000000000000 ) ;
#2397 = EDGE_CURVE ( 'NONE', #2346, #2145, #458, .T. ) ;
#2398 = EDGE_CURVE ( 'NONE', #416, #580, #1425, .T. ) ;
#2399 = EDGE_LOOP ( 'NONE', ( #1048, #2546 ) ) ;
#2400 = CARTESIAN_POINT ( 'NONE',  ( 8.000000000000000000, 0.000000000000000000, 32.00000000000000000 ) ) ;
#2401 = DIRECTION ( 'NONE',  ( 0.000000000000000000, 0.000000000000000000, -1.000000000000000000 ) ) ;
#2402 = CARTESIAN_POINT ( 'NONE',  ( 8.000000000000000000, -1.021259646113993889E-15, 8.499999999999952038 ) ) ;
#2403 = FACE_BOUND ( 'NONE', #1428, .T. ) ;
#2404 = EDGE_LOOP ( 'NONE', ( #1007, #2471, #331, #381 ) ) ;
#2405 = ORIENTED_EDGE ( 'NONE', *, *, #2407, .T. ) ;
#2406 = DIRECTION ( 'NONE',  ( 1.000000000000000000, -0.000000000000000000, -0.000000000000000000 ) ) ;
#2407 = EDGE_CURVE ( 'NONE', #188, #551, #1294, .T. ) ;
#2408 = ORIENTED_EDGE ( 'NONE', *, *, #702, .F. ) ;
#2409 = AXIS2_PLACEMENT_3D ( 'NONE', #2510, #2464, #284 ) ;
#2410 = ADVANCED_FACE ( 'NONE', ( #426 ), #831, .T. ) ;
#2411 = AXIS2_PLACEMENT_3D ( 'NONE', #2402, #1769, #497 ) ;
#2412 = ORIENTED_EDGE ( 'NONE', *, *, #2351, .F. ) ;
#2413 = CARTESIAN_POINT ( 'NONE',  ( 8.000000000000000000, 22.62741699796956496, 17.12741699796948325 ) ) ;
#2414 = DIRECTION ( 'NONE',  ( 1.000000000000000000, 0.000000000000000000, 0.000000000000000000 ) ) ;
#2415 = AXIS2_PLACEMENT_3D ( 'NONE', #2568, #898, #1318 ) ;
#2416 = CARTESIAN_POINT ( 'NONE',  ( 8.000000000000000000, -22.62741699796924522, 17.12741699796980299 ) ) ;
#2417 = FACE_BOUND ( 'NONE', #36, .T. ) ;
#2418 = ORIENTED_EDGE ( 'NONE', *, *, #518, .F. ) ;
#2419 = EDGE_LOOP ( 'NONE', ( #3, #1404 ) ) ;
#2420 = CARTESIAN_POINT ( 'NONE',  ( 0.000000000000000000, 0.000000000000000000, 40.00000000000000000 ) ) ;
#2421 = VECTOR ( 'NONE', #755, 1000.000000000000000 ) ;
#2422 = AXIS2_PLACEMENT_3D ( 'NONE', #195, #2051, #1003 ) ;
#2423 = VERTEX_POINT ( 'NONE', #1819 ) ;
#2424 = DIRECTION ( 'NONE',  ( 1.000000000000000000, 0.000000000000000000, 0.000000000000000000 ) ) ;
#2425 = EDGE_LOOP ( 'NONE', ( #979, #1919 ) ) ;
#2426 = DIRECTION ( 'NONE',  ( 1.000000000000000000, -0.000000000000000000, -0.000000000000000000 ) ) ;
#2427 = CARTESIAN_POINT ( 'NONE',  ( 10.00000000000000000, 3.287578542732749400E-16, 14.49999999999995204 ) ) ;
#2428 = FACE_BOUND ( 'NONE', #990, .T. ) ;
#2429 = ORIENTED_EDGE ( 'NONE', *, *, #430, .T. ) ;
#2430 = VECTOR ( 'NONE', #1315, 1000.000000000000000 ) ;
#2431 = ADVANCED_FACE ( 'NONE', ( #2211, #820 ), #1199, .F. ) ;
#2432 = ORIENTED_EDGE ( 'NONE', *, *, #1220, .T. ) ;
#2433 = DIRECTION ( 'NONE',  ( 1.000000000000000000, 0.000000000000000000, 0.000000000000000000 ) ) ;
#2434 = EDGE_CURVE ( 'NONE', #1197, #1095, #592, .T. ) ;
#2435 = VECTOR ( 'NONE', #463, 1000.000000000000000 ) ;
#2436 = ORIENTED_EDGE ( 'NONE', *, *, #1849, .F. ) ;
#2437 = DIRECTION ( 'NONE',  ( 0.000000000000000000, 0.000000000000000000, -1.000000000000000000 ) ) ;
#2438 = DIRECTION ( 'NONE',  ( 0.000000000000000000, 0.000000000000000000, -1.000000000000000000 ) ) ;
#2439 = CARTESIAN_POINT ( 'NONE',  ( -20.00000000000000000, 0.000000000000000000, -15.00000000000000000 ) ) ;
#2440 = FACE_BOUND ( 'NONE', #1904, .T. ) ;
#2441 = EDGE_LOOP ( 'NONE', ( #1430, #253 ) ) ;
#2442 = EDGE_CURVE ( 'NONE', #1116, #1104, #1986, .T. ) ;
#2443 = ORIENTED_EDGE ( 'NONE', *, *, #1127, .T. ) ;
#2444 = CARTESIAN_POINT ( 'NONE',  ( 8.000000000000000000, 8.499999999999952038, -3.039105521002927751E-14 ) ) ;
#2445 = AXIS2_PLACEMENT_3D ( 'NONE', #2570, #761, #1563 ) ;
#2446 = CC_DESIGN_APPROVAL ( #890, ( #634 ) ) ;
#2447 = ORIENTED_EDGE ( 'NONE', *, *, #1371, .T. ) ;
#2448 = EDGE_CURVE ( 'NONE', #1141, #1396, #2618, .T. ) ;
#2449 = FACE_OUTER_BOUND ( 'NONE', #1741, .T. ) ;
#2450 = AXIS2_PLACEMENT_3D ( 'NONE', #913, #1992, #2360 ) ;
#2451 = DIRECTION ( 'NONE',  ( 0.000000000000000000, 1.224646799147352714E-16, 1.000000000000000000 ) ) ;
#2452 = DIRECTION ( 'NONE',  ( 1.000000000000000000, 0.000000000000000000, 0.000000000000000000 ) ) ;
#2453 = VERTEX_POINT ( 'NONE', #1387 ) ;
#2454 = DIRECTION ( 'NONE',  ( 1.000000000000000000, -0.000000000000000000, -0.000000000000000000 ) ) ;
#2455 = CYLINDRICAL_SURFACE ( 'NONE', #1338, 5.500000000000001776 ) ;
#2456 = VERTEX_POINT ( 'NONE', #1225 ) ;
#2457 = CIRCLE ( 'NONE', #2534, 5.500000000000000000 ) ;
#2458 = ORIENTED_EDGE ( 'NONE', *, *, #30, .T. ) ;
#2459 = CARTESIAN_POINT ( 'NONE',  ( 10.00000000000000000, 12.24586983568269183, -35.06414504036126090 ) ) ;
#2460 = AXIS2_PLACEMENT_3D ( 'NONE', #366, #295, #93 ) ;
#2461 = ORIENTED_EDGE ( 'NONE', *, *, #2040, .F. ) ;
#2462 = CARTESIAN_POINT ( 'NONE',  ( 10.00000000000000000, 0.000000000000000000, 40.00000000000000000 ) ) ;
#2463 = EDGE_CURVE ( 'NONE', #204, #966, #1049, .T. ) ;
#2464 = DIRECTION ( 'NONE',  ( -1.000000000000000000, 0.000000000000000000, 0.000000000000000000 ) ) ;
#2465 = CARTESIAN_POINT ( 'NONE',  ( 8.000000000000000000, -29.56414504036104773, 12.24586983568319454 ) ) ;
#2466 = ORIENTED_EDGE ( 'NONE', *, *, #107, .T. ) ;
#2467 = CARTESIAN_POINT ( 'NONE',  ( 8.000000000000000000, 14.14213562373094213, 19.64213562373089061 ) ) ;
#2468 = DIRECTION ( 'NONE',  ( 0.000000000000000000, 0.000000000000000000, -1.000000000000000000 ) ) ;
#2469 = VERTEX_POINT ( 'NONE', #1638 ) ;
#2470 = EDGE_CURVE ( 'NONE', #256, #506, #677, .T. ) ;
#2471 = ORIENTED_EDGE ( 'NONE', *, *, #339, .T. ) ;
#2472 = DIRECTION ( 'NONE',  ( 0.000000000000000000, 0.000000000000000000, 1.000000000000000000 ) ) ;
#2473 = EDGE_CURVE ( 'NONE', #256, #1614, #2231, .T. ) ;
#2474 = DIRECTION ( 'NONE',  ( 1.000000000000000000, 0.000000000000000000, 0.000000000000000000 ) ) ;
#2475 = CARTESIAN_POINT ( 'NONE',  ( 8.000000000000000000, 8.499999999999952038, -3.039105521002927751E-14 ) ) ;
#2476 = AXIS2_PLACEMENT_3D ( 'NONE', #999, #1610, #189 ) ;
#2477 = DIRECTION ( 'NONE',  ( 1.000000000000000000, -0.000000000000000000, -0.000000000000000000 ) ) ;
#2478 = DIRECTION ( 'NONE',  ( 1.000000000000000000, -0.000000000000000000, -0.000000000000000000 ) ) ;
#2479 = DIRECTION ( 'NONE',  ( 0.000000000000000000, 0.000000000000000000, -1.000000000000000000 ) ) ;
#2480 = ORIENTED_EDGE ( 'NONE', *, *, #712, .F. ) ;
#2481 = ORIENTED_EDGE ( 'NONE', *, *, #1703, .T. ) ;
#2482 = CARTESIAN_POINT ( 'NONE',  ( 8.000000000000000000, -12.24586983568247156, 29.56414504036134261 ) ) ;
#2483 = AXIS2_PLACEMENT_3D ( 'NONE', #1125, #2575, #1940 ) ;
#2484 = AXIS2_PLACEMENT_3D ( 'NONE', #1281, #1662, #2472 ) ;
#2485 = CIRCLE ( 'NONE', #545, 5.499999999999996447 ) ;
#2486 = DIRECTION ( 'NONE',  ( 0.000000000000000000, 0.000000000000000000, -1.000000000000000000 ) ) ;
#2487 = DIRECTION ( 'NONE',  ( 1.000000000000000000, -0.000000000000000000, -0.000000000000000000 ) ) ;
#2488 = CARTESIAN_POINT ( 'NONE',  ( -20.00000000000000000, 0.000000000000000000, 0.000000000000000000 ) ) ;
#2489 = VERTEX_POINT ( 'NONE', #389 ) ;
#2490 = DIRECTION ( 'NONE',  ( 1.000000000000000000, -0.000000000000000000, -0.000000000000000000 ) ) ;
#2491 = AXIS2_PLACEMENT_3D ( 'NONE', #478, #499, #237 ) ;
#2492 = DIRECTION ( 'NONE',  ( 1.000000000000000000, -0.000000000000000000, -0.000000000000000000 ) ) ;
#2493 = AXIS2_PLACEMENT_3D ( 'NONE', #2488, #2053, #2271 ) ;
#2494 = ORIENTED_EDGE ( 'NONE', *, *, #1963, .F. ) ;
#2495 = DIRECTION ( 'NONE',  ( 0.000000000000000000, 0.000000000000000000, -1.000000000000000000 ) ) ;
#2496 = EDGE_CURVE ( 'NONE', #1833, #1242, #1617, .T. ) ;
#2497 = CARTESIAN_POINT ( 'NONE',  ( 8.000000000000000000, -5.833392311421893986E-14, -8.499999999999952038 ) ) ;
#2498 = PLANE ( 'NONE',  #1692 ) ;
#2499 = VERTEX_POINT ( 'NONE', #1189 ) ;
#2500 = DIRECTION ( 'NONE',  ( 0.000000000000000000, 0.000000000000000000, -1.000000000000000000 ) ) ;
#2501 = CARTESIAN_POINT ( 'NONE',  ( 8.000000000000000000, 14.14213562373084088, -14.14213562373098831 ) ) ;
#2502 = AXIS2_PLACEMENT_3D ( 'NONE', #819, #2424, #641 ) ;
#2503 = ORIENTED_EDGE ( 'NONE', *, *, #71, .T. ) ;
#2504 = DIRECTION ( 'NONE',  ( 1.000000000000000000, -0.000000000000000000, -0.000000000000000000 ) ) ;
#2505 = VECTOR ( 'NONE', #1712, 1000.000000000000000 ) ;
#2506 = EDGE_CURVE ( 'NONE', #2456, #2225, #184, .T. ) ;
#2507 = EDGE_CURVE ( 'NONE', #1292, #841, #1386, .T. ) ;
#2508 = EDGE_LOOP ( 'NONE', ( #1835, #2054 ) ) ;
#2509 = DIRECTION ( 'NONE',  ( 1.000000000000000000, 0.000000000000000000, 0.000000000000000000 ) ) ;
#2510 = CARTESIAN_POINT ( 'NONE',  ( -20.00000000000000000, 0.000000000000000000, 0.000000000000000000 ) ) ;
#2511 = DIRECTION ( 'NONE',  ( 1.000000000000000000, 0.000000000000000000, 0.000000000000000000 ) ) ;
#2512 = ORIENTED_EDGE ( 'NONE', *, *, #1924, .T. ) ;
#2513 = DIRECTION ( 'NONE',  ( 1.000000000000000000, 0.000000000000000000, 0.000000000000000000 ) ) ;
#2514 = CARTESIAN_POINT ( 'NONE',  ( 8.000000000000000000, -12.24586983568310572, -24.06414504036107616 ) ) ;
#2515 = ORIENTED_EDGE ( 'NONE', *, *, #869, .T. ) ;
#2516 = ORIENTED_EDGE ( 'NONE', *, *, #676, .T. ) ;
#2517 = LINE ( 'NONE', #2151, #2505 ) ;
#2518 = AXIS2_PLACEMENT_3D ( 'NONE', #1480, #302, #1105 ) ;
#2519 = EDGE_LOOP ( 'NONE', ( #1053, #2443 ) ) ;
#2520 = CARTESIAN_POINT ( 'NONE',  ( 8.000000000000000000, 8.499999999999952038, -3.039105521002927751E-14 ) ) ;
#2521 = FACE_OUTER_BOUND ( 'NONE', #1335, .T. ) ;
#2522 = DATE_TIME_ROLE ( 'creation_date' ) ;
#2523 = ADVANCED_FACE ( 'NONE', ( #400 ), #198, .F. ) ;
#2524 = CARTESIAN_POINT ( 'NONE',  ( 8.000000000000000000, -31.99999999999999289, 3.351822085289408021E-13 ) ) ;
#2525 = EDGE_LOOP ( 'NONE', ( #2548, #1402 ) ) ;
#2526 = DIRECTION ( 'NONE',  ( 0.000000000000000000, 0.000000000000000000, -1.000000000000000000 ) ) ;
#2527 = DIRECTION ( 'NONE',  ( 1.000000000000000000, 0.000000000000000000, 0.000000000000000000 ) ) ;
#2528 = EDGE_LOOP ( 'NONE', ( #48, #2503, #360, #242 ) ) ;
#2529 = CARTESIAN_POINT ( 'NONE',  ( 10.00000000000000000, -1.021259646113993889E-15, 8.499999999999952038 ) ) ;
#2530 = AXIS2_PLACEMENT_3D ( 'NONE', #1629, #798, #2438 ) ;
#2531 = DIRECTION ( 'NONE',  ( 0.000000000000000000, 0.000000000000000000, -1.000000000000000000 ) ) ;
#2532 = EDGE_LOOP ( 'NONE', ( #776, #1381 ) ) ;
#2533 = FACE_OUTER_BOUND ( 'NONE', #558, .T. ) ;
#2534 = AXIS2_PLACEMENT_3D ( 'NONE', #303, #550, #720 ) ;
#2535 = DIRECTION ( 'NONE',  ( 0.000000000000000000, 0.000000000000000000, -1.000000000000000000 ) ) ;
#2536 = APPROVAL_DATE_TIME ( #1314, #1558 ) ;
#2537 = CARTESIAN_POINT ( 'NONE',  ( 8.000000000000000000, -29.56414504036104773, 12.24586983568319454 ) ) ;
#2538 = VERTEX_POINT ( 'NONE', #1213 ) ;
#2539 = EDGE_CURVE ( 'NONE', #1826, #56, #1086, .T. ) ;
#2540 = DIRECTION ( 'NONE',  ( 0.000000000000000000, 0.000000000000000000, -1.000000000000000000 ) ) ;
#2541 = DIRECTION ( 'NONE',  ( 1.000000000000000000, -0.000000000000000000, -0.000000000000000000 ) ) ;
#2542 = ORIENTED_EDGE ( 'NONE', *, *, #2463, .T. ) ;
#2543 = DIRECTION ( 'NONE',  ( 1.000000000000000000, 0.000000000000000000, 0.000000000000000000 ) ) ;
#2544 = AXIS2_PLACEMENT_3D ( 'NONE', #2368, #2383, #2171 ) ;
#2545 = CARTESIAN_POINT ( 'NONE',  ( 8.000000000000000000, -19.99999999999994671, 2.098176381848607732E-13 ) ) ;
#2546 = ORIENTED_EDGE ( 'NONE', *, *, #193, .T. ) ;
#2547 = ADVANCED_FACE ( 'NONE', ( #1285 ), #845, .T. ) ;
#2548 = ORIENTED_EDGE ( 'NONE', *, *, #2296, .F. ) ;
#2549 = CARTESIAN_POINT ( 'NONE',  ( 8.000000000000000000, -14.14213562373103272, -8.642135623730794691 ) ) ;
#2550 = VECTOR ( 'NONE', #2320, 1000.000000000000000 ) ;
#2551 = PERSON_AND_ORGANIZATION_ROLE ( 'classification_officer' ) ;
#2552 = ADVANCED_FACE ( 'NONE', ( #81 ), #871, .T. ) ;
#2553 = DIRECTION ( 'NONE',  ( 0.000000000000000000, 0.000000000000000000, -1.000000000000000000 ) ) ;
#2554 = ORIENTED_EDGE ( 'NONE', *, *, #94, .F. ) ;
#2555 = CARTESIAN_POINT ( 'NONE',  ( 8.000000000000000000, 1.002313593804319241E-15, 25.49999999999995381 ) ) ;
#2556 = CARTESIAN_POINT ( 'NONE',  ( 8.000000000000000000, -5.833392311421893986E-14, -8.499999999999952038 ) ) ;
#2557 = EDGE_LOOP ( 'NONE', ( #1907, #1759 ) ) ;
#2558 = DIRECTION ( 'NONE',  ( 0.000000000000000000, 0.000000000000000000, -1.000000000000000000 ) ) ;
#2559 = DIRECTION ( 'NONE',  ( 1.000000000000000000, 0.000000000000000000, 0.000000000000000000 ) ) ;
#2560 = EDGE_LOOP ( 'NONE', ( #596, #24 ) ) ;
#2561 = EDGE_CURVE ( 'NONE', #836, #469, #2274, .T. ) ;
#2562 = EDGE_LOOP ( 'NONE', ( #2152, #2115, #1351, #2008 ) ) ;
#2563 = CARTESIAN_POINT ( 'NONE',  ( 8.000000000000000000, -1.399880114079982575E-13, -25.49999999999995381 ) ) ;
#2564 = LINE ( 'NONE', #2157, #516 ) ;
#2565 = PERSON_AND_ORGANIZATION ( #1033, #1557 ) ;
#2566 = DIRECTION ( 'NONE',  ( 0.000000000000000000, 0.000000000000000000, -1.000000000000000000 ) ) ;
#2567 = DIRECTION ( 'NONE',  ( 0.000000000000000000, 0.000000000000000000, -1.000000000000000000 ) ) ;
#2568 = CARTESIAN_POINT ( 'NONE',  ( 8.000000000000000000, 12.24586983568289789, 29.56414504036117563 ) ) ;
#2569 = ORIENTED_EDGE ( 'NONE', *, *, #825, .F. ) ;
#2570 = CARTESIAN_POINT ( 'NONE',  ( 10.00000000000000000, 22.62741699796940154, -22.62741699796964312 ) ) ;
#2571 = CARTESIAN_POINT ( 'NONE',  ( 10.00000000000000000, 12.24586983568269183, -29.56414504036126090 ) ) ;
#2572 = DIRECTION ( 'NONE',  ( 0.000000000000000000, 0.000000000000000000, -1.000000000000000000 ) ) ;
#2573 = ORIENTED_EDGE ( 'NONE', *, *, #1938, .F. ) ;
#2574 = ORIENTED_EDGE ( 'NONE', *, *, #2448, .T. ) ;
#2575 = DIRECTION ( 'NONE',  ( 1.000000000000000000, 0.000000000000000000, 0.000000000000000000 ) ) ;
#2576 = CC_DESIGN_APPROVAL ( #1558, ( #1773 ) ) ;
#2577 = AXIS2_PLACEMENT_3D ( 'NONE', #1667, #2477, #666 ) ;
#2578 = DIRECTION ( 'NONE',  ( 1.000000000000000000, -0.000000000000000000, -0.000000000000000000 ) ) ;
#2579 = AXIS2_PLACEMENT_3D ( 'NONE', #1214, #7, #22 ) ;
#2580 = EDGE_CURVE ( 'NONE', #1141, #1369, #118, .T. ) ;
#2581 = EDGE_LOOP ( 'NONE', ( #294, #1671, #1495, #1700 ) ) ;
#2582 = FACE_OUTER_BOUND ( 'NONE', #1966, .T. ) ;
#2583 = ORIENTED_EDGE ( 'NONE', *, *, #751, .T. ) ;
#2584 = DIRECTION ( 'NONE',  ( 1.000000000000000000, 0.000000000000000000, 0.000000000000000000 ) ) ;
#2585 = ADVANCED_BREP_SHAPE_REPRESENTATION ( 'Axial_1', ( #1720, #1342 ), #1008 ) ;
#2586 = CARTESIAN_POINT ( 'NONE',  ( 10.00000000000000000, -14.14213562373074495, 19.64213562373108957 ) ) ;
#2587 = FACE_BOUND ( 'NONE', #1410, .T. ) ;
#2588 = ORIENTED_EDGE ( 'NONE', *, *, #1169, .F. ) ;
#2589 = AXIS2_PLACEMENT_3D ( 'NONE', #690, #2509, #1500 ) ;
#2590 = EDGE_CURVE ( 'NONE', #2215, #1160, #879, .T. ) ;
#2591 = ORIENTED_EDGE ( 'NONE', *, *, #1093, .T. ) ;
#2592 = CYLINDRICAL_SURFACE ( 'NONE', #196, 5.500000000000001776 ) ;
#2593 = CIRCLE ( 'NONE', #2038, 5.499999999999998224 ) ;
#2594 = ADVANCED_FACE ( 'NONE', ( #653 ), #462, .F. ) ;
#2595 = DIRECTION ( 'NONE',  ( 1.000000000000000000, 0.000000000000000000, 0.000000000000000000 ) ) ;
#2596 = ORIENTED_EDGE ( 'NONE', *, *, #794, .F. ) ;
#2597 = DIRECTION ( 'NONE',  ( 0.000000000000000000, 0.000000000000000000, -1.000000000000000000 ) ) ;
#2598 = DIRECTION ( 'NONE',  ( 0.000000000000000000, 0.000000000000000000, -1.000000000000000000 ) ) ;
#2599 = DIRECTION ( 'NONE',  ( -1.000000000000000000, 0.000000000000000000, 0.000000000000000000 ) ) ;
#2600 = FACE_OUTER_BOUND ( 'NONE', #2035, .T. ) ;
#2601 = ORIENTED_EDGE ( 'NONE', *, *, #1045, .T. ) ;
#2602 = DIRECTION ( 'NONE',  ( 0.000000000000000000, 0.000000000000000000, -1.000000000000000000 ) ) ;
#2603 = AXIS2_PLACEMENT_3D ( 'NONE', #1142, #559, #140 ) ;
#2604 = ORIENTED_EDGE ( 'NONE', *, *, #1915, .T. ) ;
#2605 = CARTESIAN_POINT ( 'NONE',  ( 8.000000000000000000, 8.499999999999952038, -3.039105521002927751E-14 ) ) ;
#2606 = DIRECTION ( 'NONE',  ( 1.000000000000000000, 0.000000000000000000, 0.000000000000000000 ) ) ;
#2607 = ADVANCED_FACE ( 'NONE', ( #1654 ), #1891, .F. ) ;
#2608 = DIRECTION ( 'NONE',  ( 0.000000000000000000, 0.000000000000000000, -1.000000000000000000 ) ) ;
#2609 = FACE_OUTER_BOUND ( 'NONE', #1538, .T. ) ;
#2610 = VERTEX_POINT ( 'NONE', #1501 ) ;
#2611 = EDGE_LOOP ( 'NONE', ( #651, #2149, #2250, #92 ) ) ;
#2612 = CARTESIAN_POINT ( 'NONE',  ( 8.000000000000000000, -12.24586983568247156, 29.56414504036134261 ) ) ;
#2613 = CC_DESIGN_SECURITY_CLASSIFICATION ( #459, ( #634 ) ) ;
#2614 = CIRCLE ( 'NONE', #2411, 5.500000000000000000 ) ;
#2615 = AXIS2_PLACEMENT_3D ( 'NONE', #238, #1041, #680 ) ;
#2616 = ORIENTED_EDGE ( 'NONE', *, *, #561, .F. ) ;
#2617 = DIRECTION ( 'NONE',  ( 0.000000000000000000, 0.000000000000000000, -1.000000000000000000 ) ) ;
#2618 = LINE ( 'NONE', #2245, #247 ) ;
#2619 = AXIS2_PLACEMENT_3D ( 'NONE', #1150, #2541, #1136 ) ;
#2620 = ADVANCED_FACE ( 'NONE', ( #263, #2257 ), #679, .T. ) ;
#2621 = EDGE_CURVE ( 'NONE', #1202, #60, #1450, .T. ) ;
#2622 = DIRECTION ( 'NONE',  ( 0.000000000000000000, 0.000000000000000000, -1.000000000000000000 ) ) ;
#2623 = FACE_BOUND ( 'NONE', #172, .T. ) ;
#2624 = ADVANCED_FACE ( 'NONE', ( #2309 ), #701, .F. ) ;
#2625 = CIRCLE ( 'NONE', #1482, 5.500000000000000000 ) ;
#2626 = ORIENTED_EDGE ( 'NONE', *, *, #676, .F. ) ;
#2627 = CARTESIAN_POINT ( 'NONE',  ( 10.00000000000000000, -19.99999999999994671, 5.500000000000209610 ) ) ;
ENDSEC;
END-ISO-10303-21;
