ISO-10303-21;
HEADER;
FILE_DESCRIPTION (( 'STEP AP214' ),
    '1' );
FILE_NAME ('Systeme_2.STEP',
    '2026-02-25T17:45:38',
    ( '' ),
    ( '' ),
    'SwSTEP 2.0',
    'SolidWorks 2025',
    '' );
FILE_SCHEMA (( 'AUTOMOTIVE_DESIGN' ));
ENDSEC;

DATA;
#1 = CARTESIAN_POINT ( 'NONE',  ( -67.99999999999997158, 157.9999999999999432, 25.00000000000000711 ) ) ;
#2 = EDGE_CURVE ( 'NONE', #5923, #1240, #7324, .T. ) ;
#3 = ORIENTED_EDGE ( 'NONE', *, *, #189, .T. ) ;
#4 = DIRECTION ( 'NONE',  ( 0.000000000000000000, -1.000000000000000000, 0.000000000000000000 ) ) ;
#5 = ADVANCED_FACE ( 'NONE', ( #403 ), #1918, .F. ) ;
#6 = ORIENTED_EDGE ( 'NONE', *, *, #8783, .T. ) ;
#7 =( REPRESENTATION_RELATIONSHIP ('NONE','NONE', #5518, #4317 ) REPRESENTATION_RELATIONSHIP_WITH_TRANSFORMATION ( #6875 )SHAPE_REPRESENTATION_RELATIONSHIP( ) );
#8 = AXIS2_PLACEMENT_3D ( 'NONE', #1706, #4551, #832 ) ;
#9 = AXIS2_PLACEMENT_3D ( 'NONE', #8035, #8170, #3609 ) ;
#10 = VECTOR ( 'NONE', #4499, 1000.000000000000000 ) ;
#11 = ORIENTED_EDGE ( 'NONE', *, *, #8882, .F. ) ;
#12 = DIRECTION ( 'NONE',  ( -0.000000000000000000, -0.000000000000000000, 1.000000000000000000 ) ) ;
#13 = AXIS2_PLACEMENT_3D ( 'NONE', #9375, #4304, #6413 ) ;
#14 = DIRECTION ( 'NONE',  ( 1.000000000000000000, -0.000000000000000000, -0.000000000000000000 ) ) ;
#15 = ORIENTED_EDGE ( 'NONE', *, *, #1485, .T. ) ;
#16 = ORIENTED_EDGE ( 'NONE', *, *, #9304, .F. ) ;
#17 = EDGE_CURVE ( 'NONE', #7962, #7658, #8005, .T. ) ;
#18 = AXIS2_PLACEMENT_3D ( 'NONE', #3654, #581, #5088 ) ;
#19 = CARTESIAN_POINT ( 'NONE',  ( -67.99999999999997158, 37.99999999999995026, 25.00000000000000711 ) ) ;
#20 = VECTOR ( 'NONE', #3697, 1000.000000000000227 ) ;
#21 = DIRECTION ( 'NONE',  ( 1.000000000000000000, 0.000000000000000000, 0.000000000000000000 ) ) ;
#22 = ORIENTED_EDGE ( 'NONE', *, *, #6621, .T. ) ;
#23 = FACE_OUTER_BOUND ( 'NONE', #1900, .T. ) ;
#24 = UNCERTAINTY_MEASURE_WITH_UNIT (LENGTH_MEASURE( 1.000000000000000082E-05 ), #834, 'distance_accuracy_value', 'NONE');
#25 = DIRECTION ( 'NONE',  ( 0.000000000000000000, -1.000000000000000000, 0.000000000000000000 ) ) ;
#26 = AXIS2_PLACEMENT_3D ( 'NONE', #76, #9109, #8268 ) ;
#27 = AXIS2_PLACEMENT_3D ( 'NONE', #4043, #7030, #9303 ) ;
#28 = ORIENTED_EDGE ( 'NONE', *, *, #9191, .F. ) ;
#29 = DIRECTION ( 'NONE',  ( 1.000000000000000000, 1.156482317317870344E-15, -0.000000000000000000 ) ) ;
#30 = B_SPLINE_CURVE_WITH_KNOTS ( 'NONE', 3,
 ( #5326, #8983, #5150, #2937, #2244, #2194, #7232, #465, #8235, #5931, #5195, #2711, #4505, #6445, #7498, #3499, #1518, #5657 ),
 .UNSPECIFIED., .F., .F.,
 ( 4, 2, 2, 2, 2, 2, 2, 2, 4 ),
 ( 0.000000000000000000, 0.001914773784993034373, 0.003829547569986068746, 0.005744321354979102685, 0.007659095139972137492, 0.01148864270995824353, 0.01340341649495127921, 0.01436080338744781526, 0.01531819027994434958 ),
 .UNSPECIFIED. ) ;
#31 = ADVANCED_FACE ( 'NONE', ( #9387 ), #3437, .T. ) ;
#32 = DIRECTION ( 'NONE',  ( 0.000000000000000000, 0.2873478855663455511, -0.9578262852211513190 ) ) ;
#33 = DIRECTION ( 'NONE',  ( 1.000000000000000000, 0.000000000000000000, 0.000000000000000000 ) ) ;
#34 = DIRECTION ( 'NONE',  ( -0.6554295208624931757, 0.000000000000000000, -0.7552563426956195869 ) ) ;
#35 = ORIENTED_EDGE ( 'NONE', *, *, #6168, .F. ) ;
#36 = DIRECTION ( 'NONE',  ( 1.000000000000000000, 0.000000000000000000, 0.000000000000000000 ) ) ;
#37 = CARTESIAN_POINT ( 'NONE',  ( -9.999999999999998224, 1.224646799147353059E-15, 1.000000000000000000 ) ) ;
#38 = LINE ( 'NONE', #3021, #1939 ) ;
#39 = CARTESIAN_POINT ( 'NONE',  ( -4.049999999999999822, 0.000000000000000000, 16.00000000000000000 ) ) ;
#40 = AXIS2_PLACEMENT_3D ( 'NONE', #8960, #8073, #760 ) ;
#41 = DIRECTION ( 'NONE',  ( 1.000000000000000000, 0.000000000000000000, 0.000000000000000000 ) ) ;
#42 = ORIENTED_EDGE ( 'NONE', *, *, #1651, .T. ) ;
#43 = EDGE_LOOP ( 'NONE', ( #7802, #7902, #6896, #124 ) ) ;
#44 = DIRECTION ( 'NONE',  ( -0.000000000000000000, -0.000000000000000000, -1.000000000000000000 ) ) ;
#45 = CARTESIAN_POINT ( 'NONE',  ( 0.000000000000000000, 0.000000000000000000, 0.000000000000000000 ) ) ;
#46 = ORIENTED_EDGE ( 'NONE', *, *, #2418, .F. ) ;
#47 = CYLINDRICAL_SURFACE ( 'NONE', #4817, 15.00000000000000178 ) ;
#48 = CARTESIAN_POINT ( 'NONE',  ( -14.99999999999999822, 147.9999999999999716, 75.00000000000000000 ) ) ;
#49 = EDGE_CURVE ( 'NONE', #9614, #9544, #9434, .T. ) ;
#50 = CARTESIAN_POINT ( 'NONE',  ( -15.00000000000000000, 25.99999999999995737, 35.00000000000000711 ) ) ;
#51 = EDGE_LOOP ( 'NONE', ( #22, #8703 ) ) ;
#52 = PLANE ( 'NONE',  #2349 ) ;
#53 = EDGE_LOOP ( 'NONE', ( #1818, #3182 ) ) ;
#54 = EDGE_LOOP ( 'NONE', ( #508, #1864, #6224, #3122 ) ) ;
#55 = CONTEXT_DEPENDENT_SHAPE_REPRESENTATION ( #2447, #8535 ) ;
#56 = ORIENTED_EDGE ( 'NONE', *, *, #8337, .F. ) ;
#57 = DIRECTION ( 'NONE',  ( -0.000000000000000000, -1.000000000000000000, -0.000000000000000000 ) ) ;
#58 = AXIS2_PLACEMENT_3D ( 'NONE', #3057, #117, #3742 ) ;
#59 = FACE_OUTER_BOUND ( 'NONE', #5951, .T. ) ;
#60 = AXIS2_PLACEMENT_3D ( 'NONE', #6514, #9519, #2788 ) ;
#61 = ADVANCED_FACE ( 'NONE', ( #1971 ), #4966, .T. ) ;
#62 = VERTEX_POINT ( 'NONE', #2749 ) ;
#63 = ORIENTED_EDGE ( 'NONE', *, *, #4545, .F. ) ;
#64 = CARTESIAN_POINT ( 'NONE',  ( 8.000000000000000000, -22.62741699796924522, 17.12741699796980299 ) ) ;
#65 = AXIS2_PLACEMENT_3D ( 'NONE', #3447, #7024, #6441 ) ;
#66 = ITEM_DEFINED_TRANSFORMATION ( 'NONE', 'NONE', #8798,  #6276 ) ;
#67 = DIRECTION ( 'NONE',  ( -0.000000000000000000, -1.000000000000000000, -0.000000000000000000 ) ) ;
#68 = EDGE_LOOP ( 'NONE', ( #5019, #4268, #7466, #5774 ) ) ;
#69 = DIRECTION ( 'NONE',  ( 0.000000000000000000, 0.000000000000000000, -1.000000000000000000 ) ) ;
#70 = CARTESIAN_POINT ( 'NONE',  ( 0.000000000000000000, 0.000000000000000000, 1.000000000000000000 ) ) ;
#71 = AXIS2_PLACEMENT_3D ( 'NONE', #8208, #159, #5300 ) ;
#72 = ORIENTED_EDGE ( 'NONE', *, *, #7966, .T. ) ;
#73 = DIRECTION ( 'NONE',  ( 1.000000000000000000, 0.000000000000000000, 0.000000000000000000 ) ) ;
#74 = CARTESIAN_POINT ( 'NONE',  ( -50.00000000000000000, 147.9999999999999716, 75.00000000000000000 ) ) ;
#75 = VECTOR ( 'NONE', #169, 1000.000000000000000 ) ;
#76 = CARTESIAN_POINT ( 'NONE',  ( -31.43939557417518671, -20.57544454745024254, 1105.924103291801430 ) ) ;
#77 =( REPRESENTATION_RELATIONSHIP ('NONE','NONE', #5518, #3457 ) REPRESENTATION_RELATIONSHIP_WITH_TRANSFORMATION ( #1292 )SHAPE_REPRESENTATION_RELATIONSHIP( ) );
#78 = ORIENTED_EDGE ( 'NONE', *, *, #1073, .F. ) ;
#79 = DIRECTION ( 'NONE',  ( 1.000000000000000000, 0.000000000000000000, 0.000000000000000000 ) ) ;
#80 = CIRCLE ( 'NONE', #2114, 2.249999999999998668 ) ;
#81 = CARTESIAN_POINT ( 'NONE',  ( -97.29681550384739808, 162.2994837675820179, 10.23553265404355983 ) ) ;
#82 = DIRECTION ( 'NONE',  ( 0.000000000000000000, 0.000000000000000000, -1.000000000000000000 ) ) ;
#83 = ADVANCED_FACE ( 'NONE', ( #5746 ), #8745, .F. ) ;
#84 = CARTESIAN_POINT ( 'NONE',  ( -85.00000000000000000, 158.0036095552123641, 24.95134223608460644 ) ) ;
#85 = CYLINDRICAL_SURFACE ( 'NONE', #7213, 1.000000000000000888 ) ;
#86 = COLOUR_RGB ( '',0.7921568627450980005, 0.8196078431372548767, 0.9333333333333333481 ) ;
#87 = CARTESIAN_POINT ( 'NONE',  ( 8.000000000000000000, -19.99999999999994671, 2.098176381848607732E-13 ) ) ;
#88 = ORIENTED_EDGE ( 'NONE', *, *, #2309, .T. ) ;
#89 = FACE_OUTER_BOUND ( 'NONE', #5803, .T. ) ;
#90 = DIRECTION ( 'NONE',  ( 0.000000000000000000, 0.000000000000000000, 1.000000000000000000 ) ) ;
#92 = VERTEX_POINT ( 'NONE', #7450 ) ;
#91 = EDGE_CURVE ( 'NONE', #4500, #9235, #7497, .T. ) ;
#93 = CARTESIAN_POINT ( 'NONE',  ( -4.443958043101980948, 186.3920341465312163, 10.66910313720311443 ) ) ;
#94 = LINE ( 'NONE', #3866, #4080 ) ;
#95 = DIRECTION ( 'NONE',  ( -0.000000000000000000, -0.2873478855663454956, -0.9578262852211513190 ) ) ;
#96 = ORIENTED_EDGE ( 'NONE', *, *, #8275, .F. ) ;
#97 = CARTESIAN_POINT ( 'NONE',  ( -32.00000000000001421, 169.9999999999999716, 24.85323116369641383 ) ) ;
#98 = AXIS2_PLACEMENT_3D ( 'NONE', #87, #1654, #8422 ) ;
#99 = EDGE_LOOP ( 'NONE', ( #9138, #805 ) ) ;
#100 = ORIENTED_EDGE ( 'NONE', *, *, #8419, .T. ) ;
#101 = CONTEXT_DEPENDENT_SHAPE_REPRESENTATION ( #8151, #228 ) ;
#102 = CIRCLE ( 'NONE', #5894, 11.20000000000000107 ) ;
#103 = ADVANCED_FACE ( 'NONE', ( #8234 ), #47, .F. ) ;
#104 = VERTEX_POINT ( 'NONE', #5110 ) ;
#105 = DIRECTION ( 'NONE',  ( 0.000000000000000000, -0.9578262852211514300, -0.2873478855663456621 ) ) ;
#106 = EDGE_CURVE ( 'NONE', #5557, #516, #1998, .T. ) ;
#107 = DIRECTION ( 'NONE',  ( 1.000000000000000000, -0.000000000000000000, -0.000000000000000000 ) ) ;
#108 = ORIENTED_EDGE ( 'NONE', *, *, #1945, .F. ) ;
#109 = AXIS2_PLACEMENT_3D ( 'NONE', #8376, #1658, #4648 ) ;
#110 = EDGE_LOOP ( 'NONE', ( #2018, #8034 ) ) ;
#111 = DIRECTION ( 'NONE',  ( -4.956352788505163391E-17, 1.000000000000000000, 0.000000000000000000 ) ) ;
#112 = ITEM_DEFINED_TRANSFORMATION ( 'NONE', 'NONE', #18,  #6276 ) ;
#113 = EDGE_CURVE ( 'NONE', #5391, #5967, #7546, .T. ) ;
#114 = CARTESIAN_POINT ( 'NONE',  ( -15.00000000000000000, 25.99999999999995381, 65.00000000000000000 ) ) ;
#115 = ORIENTED_EDGE ( 'NONE', *, *, #8694, .F. ) ;
#116 = CYLINDRICAL_SURFACE ( 'NONE', #8476, 5.499999999999994671 ) ;
#117 = DIRECTION ( 'NONE',  ( 1.000000000000000000, 0.000000000000000000, 0.000000000000000000 ) ) ;
#118 = AXIS2_PLACEMENT_3D ( 'NONE', #5374, #4592, #7640 ) ;
#119 = ORIENTED_EDGE ( 'NONE', *, *, #1727, .F. ) ;
#120 = CYLINDRICAL_SURFACE ( 'NONE', #6183, 1.000000000000000888 ) ;
#121 = CARTESIAN_POINT ( 'NONE',  ( -32.00000000000000000, 37.99999999999995737, 75.00000000000000000 ) ) ;
#122 = DIRECTION ( 'NONE',  ( -1.000000000000000000, 1.156482317317870344E-15, -0.000000000000000000 ) ) ;
#123 = DIRECTION ( 'NONE',  ( 0.2431224835538469964, 2.339773389766883453E-16, -0.9699955968923824612 ) ) ;
#124 = ORIENTED_EDGE ( 'NONE', *, *, #8869, .T. ) ;
#125 = LINE ( 'NONE', #2276, #1186 ) ;
#126 = DIRECTION ( 'NONE',  ( -0.000000000000000000, -0.000000000000000000, -1.000000000000000000 ) ) ;
#127 = CARTESIAN_POINT ( 'NONE',  ( 8.000000000000000000, -14.14213562373103272, -14.14213562373079291 ) ) ;
#128 = CYLINDRICAL_SURFACE ( 'NONE', #2037, 5.000000000000000000 ) ;
#129 = DIRECTION ( 'NONE',  ( 1.000000000000000000, 0.000000000000000000, 0.000000000000000000 ) ) ;
#130 =( REPRESENTATION_RELATIONSHIP ('NONE','NONE', #5518, #1313 ) REPRESENTATION_RELATIONSHIP_WITH_TRANSFORMATION ( #6550 )SHAPE_REPRESENTATION_RELATIONSHIP( ) );
#131 = LINE ( 'NONE', #6801, #3854 ) ;
#132 = EDGE_CURVE ( 'NONE', #5687, #4500, #9088, .T. ) ;
#133 = ORIENTED_EDGE ( 'NONE', *, *, #2336, .T. ) ;
#134 = DIRECTION ( 'NONE',  ( 0.000000000000000000, 0.000000000000000000, -1.000000000000000000 ) ) ;
#135 = DIRECTION ( 'NONE',  ( 1.000000000000000000, 0.000000000000000000, 0.000000000000000000 ) ) ;
#136 = ORIENTED_EDGE ( 'NONE', *, *, #1886, .F. ) ;
#137 = CARTESIAN_POINT ( 'NONE',  ( 10.00000000000000000, -14.14213562373103272, -8.642135623730794691 ) ) ;
#138 = CARTESIAN_POINT ( 'NONE',  ( -100.0000000000000000, 190.0000000000000000, 20.00000000000000000 ) ) ;
#139 = CARTESIAN_POINT ( 'NONE',  ( -38.90446176682630863, 25.99999999999995737, 75.00000000000000000 ) ) ;
#140 = DIRECTION ( 'NONE',  ( 0.000000000000000000, 0.000000000000000000, 1.000000000000000000 ) ) ;
#141 = EDGE_LOOP ( 'NONE', ( #4906, #35, #1828, #936 ) ) ;
#142 = EDGE_CURVE ( 'NONE', #4235, #8502, #2211, .T. ) ;
#143 = PRODUCT_DEFINITION_SHAPE ( 'NONE', 'NONE',  #4143 ) ;
#144 = PLANE ( 'NONE',  #9259 ) ;
#145 = ORIENTED_EDGE ( 'NONE', *, *, #7882, .T. ) ;
#146 = EDGE_LOOP ( 'NONE', ( #6332, #6193, #4218, #7397 ) ) ;
#147 = CONTEXT_DEPENDENT_SHAPE_REPRESENTATION ( #8469, #4065 ) ;
#148 = ORIENTED_EDGE ( 'NONE', *, *, #536, .T. ) ;
#149 = DIRECTION ( 'NONE',  ( 1.000000000000000000, 0.000000000000000000, 0.000000000000000000 ) ) ;
#150 = LINE ( 'NONE', #5295, #7110 ) ;
#151 = VERTEX_POINT ( 'NONE', #8134 ) ;
#152 = ORIENTED_EDGE ( 'NONE', *, *, #4446, .T. ) ;
#153 = EDGE_CURVE ( 'NONE', #1336, #464, #976, .T. ) ;
#154 = EDGE_LOOP ( 'NONE', ( #1712, #6244, #4998, #5187 ) ) ;
#155 = CARTESIAN_POINT ( 'NONE',  ( -50.00000000000000000, 15.99999999999995914, 75.00000000000000000 ) ) ;
#156 = ADVANCED_FACE ( 'NONE', ( #2151 ), #5193, .T. ) ;
#157 = VECTOR ( 'NONE', #762, 1000.000000000000114 ) ;
#158 = CONTEXT_DEPENDENT_SHAPE_REPRESENTATION ( #8340, #8840 ) ;
#159 = DIRECTION ( 'NONE',  ( 0.000000000000000000, 0.000000000000000000, 1.000000000000000000 ) ) ;
#160 = ORIENTED_EDGE ( 'NONE', *, *, #9141, .T. ) ;
#161 = CARTESIAN_POINT ( 'NONE',  ( 8.000000000000000000, 22.62741699796956496, 17.12741699796948325 ) ) ;
#162 = DIRECTION ( 'NONE',  ( 0.000000000000000000, 0.000000000000000000, 1.000000000000000000 ) ) ;
#163 = AXIS2_PLACEMENT_3D ( 'NONE', #2921, #9561, #5916 ) ;
#164 = VECTOR ( 'NONE', #2442, 1000.000000000000000 ) ;
#165 = EDGE_CURVE ( 'NONE', #4560, #195, #3003, .T. ) ;
#166 = ORIENTED_EDGE ( 'NONE', *, *, #5105, .F. ) ;
#167 = CARTESIAN_POINT ( 'NONE',  ( 6.123233995736767268E-16, 0.000000000000000000, 5.000000000000000888 ) ) ;
#168 = DIRECTION ( 'NONE',  ( 1.000000000000000000, 0.000000000000000000, 0.000000000000000000 ) ) ;
#169 = DIRECTION ( 'NONE',  ( 1.000000000000000000, 0.000000000000000000, 0.000000000000000000 ) ) ;
#170 = CARTESIAN_POINT ( 'NONE',  ( 10.00000000000000000, -29.56414504036129998, -6.745869835682578142 ) ) ;
#171 = EDGE_CURVE ( 'NONE', #5208, #5391, #1561, .T. ) ;
#172 = AXIS2_PLACEMENT_3D ( 'NONE', #1303, #9596, #4290 ) ;
#173 = CARTESIAN_POINT ( 'NONE',  ( -11.81205477615543487, 39.69838535254829992, 1091.433344874679733 ) ) ;
#174 = ORIENTED_EDGE ( 'NONE', *, *, #8571, .F. ) ;
#175 = DIRECTION ( 'NONE',  ( 1.000000000000000000, -0.000000000000000000, -0.000000000000000000 ) ) ;
#176 = CARTESIAN_POINT ( 'NONE',  ( 10.00000000000000000, -2.234548056859605347E-13, -37.50000000000000000 ) ) ;
#177 = CARTESIAN_POINT ( 'NONE',  ( 0.000000000000000000, 0.000000000000000000, 16.00000000000000000 ) ) ;
#178 = EDGE_CURVE ( 'NONE', #5492, #764, #1470, .T. ) ;
#179 = ADVANCED_FACE ( 'NONE', ( #6169 ), #5333, .F. ) ;
#180 = CARTESIAN_POINT ( 'NONE',  ( -67.99999999999995737, 165.5862043656698575, 49.71265211443365217 ) ) ;
#181 = FACE_OUTER_BOUND ( 'NONE', #9190, .T. ) ;
#182 = AXIS2_PLACEMENT_3D ( 'NONE', #5311, #222, #3747 ) ;
#183 = AXIS2_PLACEMENT_3D ( 'NONE', #9124, #6859, #1607 ) ;
#184 =( LENGTH_UNIT ( ) NAMED_UNIT ( * ) SI_UNIT ( .MILLI., .METRE. ) );
#185 = ORIENTED_EDGE ( 'NONE', *, *, #4246, .F. ) ;
#186 = CARTESIAN_POINT ( 'NONE',  ( -40.90446176682630153, 25.99999999999995737, 75.00000000000000000 ) ) ;
#187 = CARTESIAN_POINT ( 'NONE',  ( -85.00000000000000000, 157.9999999999999716, 110.0000000000000000 ) ) ;
#188 = ORIENTED_EDGE ( 'NONE', *, *, #3359, .F. ) ;
#189 = EDGE_CURVE ( 'NONE', #8191, #3402, #4057, .T. ) ;
#190 = ADVANCED_FACE ( 'NONE', ( #191 ), #6123, .F. ) ;
#191 = FACE_OUTER_BOUND ( 'NONE', #6468, .T. ) ;
#192 = FACE_OUTER_BOUND ( 'NONE', #8163, .T. ) ;
#193 = FACE_OUTER_BOUND ( 'NONE', #3329, .T. ) ;
#194 = CARTESIAN_POINT ( 'NONE',  ( 10.00000000000000000, -12.24586983568247156, 29.56414504036134261 ) ) ;
#195 = VERTEX_POINT ( 'NONE', #9172 ) ;
#196 = DIRECTION ( 'NONE',  ( 0.000000000000000000, 0.000000000000000000, -1.000000000000000000 ) ) ;
#197 = ORIENTED_EDGE ( 'NONE', *, *, #3881, .T. ) ;
#198 = ORIENTED_EDGE ( 'NONE', *, *, #6110, .T. ) ;
#199 = ORIENTED_EDGE ( 'NONE', *, *, #2713, .T. ) ;
#200 = DIRECTION ( 'NONE',  ( 4.956352788505163391E-17, 1.000000000000000000, 0.000000000000000000 ) ) ;
#201 = DIRECTION ( 'NONE',  ( -0.000000000000000000, -0.000000000000000000, -1.000000000000000000 ) ) ;
#202 = EDGE_CURVE ( 'NONE', #6771, #2147, #2385, .T. ) ;
#203 = EDGE_CURVE ( 'NONE', #2880, #5539, #1755, .T. ) ;
#204 = ORIENTED_EDGE ( 'NONE', *, *, #7476, .T. ) ;
#205 = VERTEX_POINT ( 'NONE', #137 ) ;
#206 = ORIENTED_EDGE ( 'NONE', *, *, #4170, .F. ) ;
#207 = LINE ( 'NONE', #6386, #412 ) ;
#208 = ITEM_DEFINED_TRANSFORMATION ( 'NONE', 'NONE', #3778,  #6276 ) ;
#209 = AXIS2_PLACEMENT_3D ( 'NONE', #6880, #4622, #912 ) ;
#210 = ORIENTED_EDGE ( 'NONE', *, *, #5933, .F. ) ;
#211 = FACE_BOUND ( 'NONE', #5431, .T. ) ;
#212 = FACE_OUTER_BOUND ( 'NONE', #6845, .T. ) ;
#213 = ADVANCED_FACE ( 'NONE', ( #3175 ), #287, .T. ) ;
#214 = CIRCLE ( 'NONE', #1004, 25.00000000000000000 ) ;
#215 = EDGE_LOOP ( 'NONE', ( #6186, #659, #3455, #1278 ) ) ;
#217 = FACE_OUTER_BOUND ( 'NONE', #3849, .T. ) ;
#216 = CIRCLE ( 'NONE', #1469, 11.20000000000000107 ) ;
#218 = CARTESIAN_POINT ( 'NONE',  ( -5.000000000000000000, 0.000000000000000000, 15.00000000000000000 ) ) ;
#219 = CARTESIAN_POINT ( 'NONE',  ( 8.000000000000000000, -5.833392311421893986E-14, -8.499999999999952038 ) ) ;
#220 = AXIS2_PLACEMENT_3D ( 'NONE', #6354, #4099, #1792 ) ;
#221 = DIRECTION ( 'NONE',  ( -3.323127485761577049E-16, 0.2873478855663457177, -0.9578262852211512079 ) ) ;
#222 = DIRECTION ( 'NONE',  ( -0.9880492670590972359, 0.000000000000000000, 0.1541383984086415748 ) ) ;
#223 = DIRECTION ( 'NONE',  ( -1.000000000000000000, 1.734723475976805517E-15, -0.000000000000000000 ) ) ;
#224 = EDGE_CURVE ( 'NONE', #3837, #510, #4652, .T. ) ;
#225 = DIRECTION ( 'NONE',  ( -1.000000000000000000, 1.734723475976805517E-15, 0.000000000000000000 ) ) ;
#226 = DIRECTION ( 'NONE',  ( 1.000000000000000000, 0.000000000000000000, 0.000000000000000000 ) ) ;
#227 = EDGE_CURVE ( 'NONE', #1514, #6070, #3157, .T. ) ;
#228 = PRODUCT_DEFINITION_SHAPE ( 'NONE', 'NONE',  #9696 ) ;
#229 = CARTESIAN_POINT ( 'NONE',  ( -15.00000000000000000, 15.99999999999995914, 75.00000000000000000 ) ) ;
#230 = VECTOR ( 'NONE', #8519, 1000.000000000000000 ) ;
#231 = SHAPE_REPRESENTATION_RELATIONSHIP ( 'NONE' , 'NONE' ,  #8023, #5098 ) ;
#232 = VECTOR ( 'NONE', #3354, 1000.000000000000000 ) ;
#233 = VERTEX_POINT ( 'NONE', #338 ) ;
#234 = FACE_OUTER_BOUND ( 'NONE', #7231, .T. ) ;
#235 = FACE_OUTER_BOUND ( 'NONE', #606, .T. ) ;
#236 = EDGE_CURVE ( 'NONE', #5983, #5297, #8967, .T. ) ;
#237 = STYLED_ITEM ( 'NONE', ( #2858 ), #4959 ) ;
#238 = AXIS2_PLACEMENT_3D ( 'NONE', #1473, #2846, #3627 ) ;
#239 = DIRECTION ( 'NONE',  ( 0.000000000000000000, -1.000000000000000000, 0.000000000000000000 ) ) ;
#240 = ORIENTED_EDGE ( 'NONE', *, *, #7065, .F. ) ;
#241 = CARTESIAN_POINT ( 'NONE',  ( 8.000000000000000000, -8.499999999999952038, -5.499999999999911182 ) ) ;
#242 = LINE ( 'NONE', #3227, #2457 ) ;
#243 = CARTESIAN_POINT ( 'NONE',  ( 8.000000000000000000, -29.56414504036104773, 17.74586983568319454 ) ) ;
#244 = EDGE_LOOP ( 'NONE', ( #2601, #5026 ) ) ;
#245 = DIRECTION ( 'NONE',  ( 0.000000000000000000, 0.000000000000000000, -1.000000000000000000 ) ) ;
#246 = PRODUCT_RELATED_PRODUCT_CATEGORY ( 'part', '', ( #2955 ) ) ;
#247 = ORIENTED_EDGE ( 'NONE', *, *, #1855, .F. ) ;
#248 = ORIENTED_EDGE ( 'NONE', *, *, #49, .F. ) ;
#249 = VECTOR ( 'NONE', #343, 1000.000000000000000 ) ;
#250 = ORIENTED_EDGE ( 'NONE', *, *, #8905, .T. ) ;
#251 = FACE_BOUND ( 'NONE', #6319, .T. ) ;
#252 = AXIS2_PLACEMENT_3D ( 'NONE', #9451, #3500, #6496 ) ;
#253 = FACE_OUTER_BOUND ( 'NONE', #8965, .T. ) ;
#254 = EDGE_LOOP ( 'NONE', ( #4708, #6546, #5590, #9155 ) ) ;
#255 = EDGE_LOOP ( 'NONE', ( #4232, #8610, #9327, #2409 ) ) ;
#256 = CIRCLE ( 'NONE', #5742, 2.249999999999998668 ) ;
#257 = ORIENTED_EDGE ( 'NONE', *, *, #1492, .F. ) ;
#258 = FACE_OUTER_BOUND ( 'NONE', #7102, .T. ) ;
#259 = UNCERTAINTY_MEASURE_WITH_UNIT (LENGTH_MEASURE( 1.000000000000000082E-05 ), #3214, 'distance_accuracy_value', 'NONE');
#260 = VECTOR ( 'NONE', #9439, 1000.000000000000000 ) ;
#261 = EDGE_CURVE ( 'NONE', #4327, #7908, #3480, .T. ) ;
#262 = EDGE_LOOP ( 'NONE', ( #4399, #3386, #4613, #7120, #4171 ) ) ;
#263 = CARTESIAN_POINT ( 'NONE',  ( -93.09556606492382969, 168.1717509021367789, 11.67115080839659669 ) ) ;
#264 = AXIS2_PLACEMENT_3D ( 'NONE', #4496, #6755, #41 ) ;
#265 = VERTEX_POINT ( 'NONE', #6949 ) ;
#266 = CARTESIAN_POINT ( 'NONE',  ( 0.000000000000000000, 4.898587196589413026E-15, -40.00000000000000000 ) ) ;
#267 = CIRCLE ( 'NONE', #5752, 9.095538233173716236 ) ;
#268 = VERTEX_POINT ( 'NONE', #7644 ) ;
#269 = DIRECTION ( 'NONE',  ( -0.000000000000000000, -0.000000000000000000, -1.000000000000000000 ) ) ;
#270 = CARTESIAN_POINT ( 'NONE',  ( -85.00000000000000000, 31.99999999999995737, 16.00000000000000000 ) ) ;
#271 = CARTESIAN_POINT ( 'NONE',  ( 10.00000000000000000, -12.24586983568247156, 35.06414504036133906 ) ) ;
#272 = DIRECTION ( 'NONE',  ( -1.000000000000000000, 0.000000000000000000, -5.782411586589345411E-15 ) ) ;
#273 = EDGE_CURVE ( 'NONE', #2691, #4620, #1468, .T. ) ;
#274 = CLOSED_SHELL ( 'NONE', ( #8059, #7561, #592, #6323, #1397, #7904, #1495, #2864, #9007, #6505, #5863, #3229, #5731, #443, #7671, #7419, #9453, #5809, #7532, #2681, #2148, #2980, #3033, #802, #7781, #8718, #395, #5999, #9089, #9635, #6411, #4977, #5561, #665, #6577, #7343, #1581, #6121, #769, #6876, #5907, #381, #6836, #7425, #6600, #3312, #5072, #571, #6521, #2373, #3853, #9179, #6855, #3633, #6412, #964, #103, #1919, #528, #1432, #5517, #1908, #2555, #3764, #477, #1463, #5398, #8109, #7549, #9016, #5363, #2963, #9535, #8310, #3816, #9165, #9560, #31, #3947, #6543, #1085, #1252, #1327, #5830, #3160, #2554, #2164, #4077, #1254, #190, #5134, #5385, #8174, #5788, #4363, #5, #3957, #1076, #515, #3912, #2192, #3714, #3383, #5811, #4938, #1305, #3578, #8295 ) ) ;
#275 = DIRECTION ( 'NONE',  ( -0.6806584428580378932, -3.808248793724384726E-16, 0.7326009037436898019 ) ) ;
#276 = DIRECTION ( 'NONE',  ( 4.956352788505163391E-17, 1.000000000000000000, -0.000000000000000000 ) ) ;
#277 = PLANE ( 'NONE',  #8894 ) ;
#278 = CARTESIAN_POINT ( 'NONE',  ( -49.99999999999999289, 46.99999999999995737, 75.00000000000000000 ) ) ;
#279 = CIRCLE ( 'NONE', #1682, 15.00000000000000000 ) ;
#280 = PLANE ( 'NONE',  #6257 ) ;
#281 = SURFACE_SIDE_STYLE ('',( #434 ) ) ;
#282 = CARTESIAN_POINT ( 'NONE',  ( -61.09553823317370558, 25.49999999999995737, 75.00000000000000000 ) ) ;
#283 = EDGE_CURVE ( 'NONE', #977, #4180, #3269, .T. ) ;
#284 = VERTEX_POINT ( 'NONE', #886 ) ;
#285 = CARTESIAN_POINT ( 'NONE',  ( -15.00000000000000888, 164.9578262852211310, 41.80724571592951833 ) ) ;
#286 = FACE_OUTER_BOUND ( 'NONE', #6491, .T. ) ;
#287 = PLANE ( 'NONE',  #7241 ) ;
#288 = VERTEX_POINT ( 'NONE', #6264 ) ;
#289 = DIRECTION ( 'NONE',  ( 1.000000000000000000, 0.000000000000000000, 0.000000000000000000 ) ) ;
#290 = DIRECTION ( 'NONE',  ( 0.000000000000000000, 0.000000000000000000, 1.000000000000000000 ) ) ;
#291 = CARTESIAN_POINT ( 'NONE',  ( 0.000000000000000000, 0.000000000000000000, 0.000000000000000000 ) ) ;
#292 = ORIENTED_EDGE ( 'NONE', *, *, #6292, .T. ) ;
#293 = EDGE_CURVE ( 'NONE', #6525, #2697, #7731, .T. ) ;
#294 = DIRECTION ( 'NONE',  ( 0.000000000000000000, 0.000000000000000000, 1.000000000000000000 ) ) ;
#295 = ORIENTED_EDGE ( 'NONE', *, *, #5596, .F. ) ;
#296 = ORIENTED_EDGE ( 'NONE', *, *, #1517, .T. ) ;
#297 = ORIENTED_EDGE ( 'NONE', *, *, #4678, .T. ) ;
#298 = FACE_BOUND ( 'NONE', #2197, .T. ) ;
#299 = CARTESIAN_POINT ( 'NONE',  ( 3.101981410912280079, 2.525413100139197731, 111.0000000000000142 ) ) ;
#300 = ORIENTED_EDGE ( 'NONE', *, *, #6810, .T. ) ;
#301 = EDGE_CURVE ( 'NONE', #7658, #1920, #6162, .T. ) ;
#302 = EDGE_LOOP ( 'NONE', ( #4127, #4614, #3873, #8374, #1527 ) ) ;
#303 = EDGE_CURVE ( 'NONE', #7113, #9380, #1029, .T. ) ;
#304 = ORIENTED_EDGE ( 'NONE', *, *, #329, .F. ) ;
#305 = CYLINDRICAL_SURFACE ( 'NONE', #4008, 11.00000000000000000 ) ;
#306 = CONTEXT_DEPENDENT_SHAPE_REPRESENTATION ( #5520, #2160 ) ;
#307 = PRODUCT_DEFINITION_SHAPE ( 'NONE', 'NONE',  #9695 ) ;
#308 = ORIENTED_EDGE ( 'NONE', *, *, #153, .F. ) ;
#309 = DIRECTION ( 'NONE',  ( 0.000000000000000000, 0.000000000000000000, 1.000000000000000000 ) ) ;
#310 = ORIENTED_EDGE ( 'NONE', *, *, #7594, .F. ) ;
#311 = DIRECTION ( 'NONE',  ( 1.000000000000000000, 0.000000000000000000, 0.000000000000000000 ) ) ;
#312 = VECTOR ( 'NONE', #3023, 1000.000000000000000 ) ;
#313 = EDGE_CURVE ( 'NONE', #8269, #3476, #6942, .T. ) ;
#314 = ORIENTED_EDGE ( 'NONE', *, *, #4766, .F. ) ;
#315 = DIRECTION ( 'NONE',  ( 0.000000000000000000, 0.000000000000000000, -1.000000000000000000 ) ) ;
#316 = DIRECTION ( 'NONE',  ( 0.000000000000000000, 0.000000000000000000, -1.000000000000000000 ) ) ;
#317 = AXIS2_PLACEMENT_3D ( 'NONE', #1699, #8368, #7636 ) ;
#318 = VECTOR ( 'NONE', #4528, 1000.000000000000227 ) ;
#319 = CARTESIAN_POINT ( 'NONE',  ( -50.00000000000000000, 37.99999999999995026, 63.79999999999999716 ) ) ;
#320 = CARTESIAN_POINT ( 'NONE',  ( -32.00000000000001421, 169.9999999999999432, 35.00000000000000711 ) ) ;
#321 = CARTESIAN_POINT ( 'NONE',  ( 3.081947207210888884, 39.69838535254831413, 1056.761040294231407 ) ) ;
#322 = DIRECTION ( 'NONE',  ( 1.000000000000000000, -9.912705577010326782E-17, 0.000000000000000000 ) ) ;
#323 = APPLICATION_CONTEXT ( 'automotive_design' ) ;
#324 = CIRCLE ( 'NONE', #1889, 5.499999999999996447 ) ;
#325 = CYLINDRICAL_SURFACE ( 'NONE', #1315, 15.00000000000000000 ) ;
#326 = DIRECTION ( 'NONE',  ( -1.000000000000000000, 0.000000000000000000, 0.000000000000000000 ) ) ;
#327 = VECTOR ( 'NONE', #3267, 1000.000000000000114 ) ;
#328 = VECTOR ( 'NONE', #5936, 1000.000000000000000 ) ;
#329 = EDGE_CURVE ( 'NONE', #6341, #1238, #8200, .T. ) ;
#330 = CARTESIAN_POINT ( 'NONE',  ( -85.00000000000000000, 47.99999999999995737, 75.00000000000000000 ) ) ;
#331 = DIRECTION ( 'NONE',  ( 1.000000000000000000, 0.000000000000000000, 0.000000000000000000 ) ) ;
#332 = DIRECTION ( 'NONE',  ( -1.387778780781444689E-15, -1.000000000000000000, 0.000000000000000000 ) ) ;
#333 = AXIS2_PLACEMENT_3D ( 'NONE', #1326, #6658, #5881 ) ;
#334 = EDGE_LOOP ( 'NONE', ( #119, #4758, #2939, #8226 ) ) ;
#335 = DIRECTION ( 'NONE',  ( 1.000000000000000000, -0.000000000000000000, -0.000000000000000000 ) ) ;
#336 = CARTESIAN_POINT ( 'NONE',  ( 0.000000000000000000, 0.000000000000000000, 0.000000000000000000 ) ) ;
#337 = AXIS2_PLACEMENT_3D ( 'NONE', #1981, #6625, #9545 ) ;
#338 = CARTESIAN_POINT ( 'NONE',  ( -85.00000000000000000, 25.99999999999995737, 65.00000000000000000 ) ) ;
#339 = EDGE_LOOP ( 'NONE', ( #6139, #3914 ) ) ;
#340 = PRODUCT_DEFINITION_FORMATION_WITH_SPECIFIED_SOURCE ( 'ANY', '', #8920, .NOT_KNOWN. ) ;
#341 = LINE ( 'NONE', #3378, #6578 ) ;
#342 = FACE_OUTER_BOUND ( 'NONE', #568, .T. ) ;
#343 = DIRECTION ( 'NONE',  ( 1.000000000000000000, -0.000000000000000000, -0.000000000000000000 ) ) ;
#344 = ORIENTED_EDGE ( 'NONE', *, *, #6641, .T. ) ;
#345 = CARTESIAN_POINT ( 'NONE',  ( 10.00000000000000000, -29.56414504036129998, -12.24586983568257459 ) ) ;
#346 = ORIENTED_EDGE ( 'NONE', *, *, #142, .T. ) ;
#347 = ORIENTED_EDGE ( 'NONE', *, *, #2899, .T. ) ;
#348 = ORIENTED_EDGE ( 'NONE', *, *, #203, .F. ) ;
#349 = DIRECTION ( 'NONE',  ( 0.000000000000000000, 0.000000000000000000, -1.000000000000000000 ) ) ;
#350 = EDGE_CURVE ( 'NONE', #92, #1765, #1804, .T. ) ;
#351 = DIRECTION ( 'NONE',  ( -3.323127485761576556E-16, -0.2873478855663457177, -0.9578262852211512079 ) ) ;
#352 = VERTEX_POINT ( 'NONE', #6366 ) ;
#353 = EDGE_CURVE ( 'NONE', #1045, #5378, #4898, .T. ) ;
#354 = VERTEX_POINT ( 'NONE', #4261 ) ;
#355 = AXIS2_PLACEMENT_3D ( 'NONE', #1217, #3511, #3464 ) ;
#356 = DIRECTION ( 'NONE',  ( 1.000000000000000000, 0.000000000000000000, 0.000000000000000000 ) ) ;
#357 = ORIENTED_EDGE ( 'NONE', *, *, #1530, .T. ) ;
#358 = CARTESIAN_POINT ( 'NONE',  ( -84.99999999999997158, 37.99999999999995737, 65.00000000000000000 ) ) ;
#359 = ITEM_DEFINED_TRANSFORMATION ( 'NONE', 'NONE', #5048,  #6276 ) ;
#360 = ORIENTED_EDGE ( 'NONE', *, *, #4415, .F. ) ;
#361 = DIRECTION ( 'NONE',  ( 1.000000000000000000, 0.000000000000000000, 0.000000000000000000 ) ) ;
#362 = DIRECTION ( 'NONE',  ( 0.000000000000000000, 0.000000000000000000, -1.000000000000000000 ) ) ;
#363 = EDGE_CURVE ( 'NONE', #3136, #8756, #2790, .T. ) ;
#364 = EDGE_LOOP ( 'NONE', ( #8557, #1283, #996, #1958, #4040 ) ) ;
#365 = CARTESIAN_POINT ( 'NONE',  ( -67.99999999999997158, 25.99999999999995381, 75.00000000000000000 ) ) ;
#366 = LINE ( 'NONE', #4093, #4454 ) ;
#367 = CYLINDRICAL_SURFACE ( 'NONE', #6966, 11.09553823317369847 ) ;
#368 = AXIS2_PLACEMENT_3D ( 'NONE', #5211, #9095, #5995 ) ;
#369 = CARTESIAN_POINT ( 'NONE',  ( -84.99989853979202792, 157.9999999999999716, 75.09757976844218774 ) ) ;
#370 = CARTESIAN_POINT ( 'NONE',  ( -50.12403627373706883, 39.69838535254830703, 1057.687858134327143 ) ) ;
#371 = AXIS2_PLACEMENT_3D ( 'NONE', #127, #6156, #82 ) ;
#372 = DIRECTION ( 'NONE',  ( 0.000000000000000000, 0.000000000000000000, 1.000000000000000000 ) ) ;
#373 = DIRECTION ( 'NONE',  ( 0.000000000000000000, -0.000000000000000000, -1.000000000000000000 ) ) ;
#374 = CIRCLE ( 'NONE', #9615, 15.00000000000000000 ) ;
#375 = AXIS2_PLACEMENT_3D ( 'NONE', #8717, #3310, #4048 ) ;
#376 = CARTESIAN_POINT ( 'NONE',  ( -4.000000000000000000, 0.000000000000000000, 5.000000000000000000 ) ) ;
#377 =( LENGTH_UNIT ( ) NAMED_UNIT ( * ) SI_UNIT ( .MILLI., .METRE. ) );
#378 = LINE ( 'NONE', #5672, #6834 ) ;
#379 = AXIS2_PLACEMENT_3D ( 'NONE', #8105, #5758, #7408 ) ;
#380 = EDGE_LOOP ( 'NONE', ( #9426, #3832 ) ) ;
#381 = ADVANCED_FACE ( 'NONE', ( #3425 ), #3376, .T. ) ;
#382 = DIRECTION ( 'NONE',  ( 4.956352788505163391E-17, 1.000000000000000000, 0.000000000000000000 ) ) ;
#383 = CARTESIAN_POINT ( 'NONE',  ( 10.00000000000000000, -31.99999999999999289, 3.351822085289408021E-13 ) ) ;
#384 = CIRCLE ( 'NONE', #9320, 9.095538233173723341 ) ;
#385 = DIRECTION ( 'NONE',  ( -1.000000000000000000, 1.387778780781444887E-15, 0.000000000000000000 ) ) ;
#386 = EDGE_LOOP ( 'NONE', ( #5337, #3031, #3202, #185 ) ) ;
#387 = VECTOR ( 'NONE', #3739, 1000.000000000000000 ) ;
#388 = DIRECTION ( 'NONE',  ( 1.000000000000000000, -0.000000000000000000, -0.000000000000000000 ) ) ;
#389 = DIRECTION ( 'NONE',  ( -1.000000000000000000, 0.000000000000000000, 0.000000000000000000 ) ) ;
#390 = EDGE_LOOP ( 'NONE', ( #9567, #7225, #2248, #496, #1083 ) ) ;
#391 = AXIS2_PLACEMENT_3D ( 'NONE', #7922, #5610, #6345 ) ;
#392 = PRODUCT_DEFINITION_SHAPE ( 'NONE', 'NONE',  #9684 ) ;
#393 = FACE_OUTER_BOUND ( 'NONE', #1800, .T. ) ;
#394 = ORIENTED_EDGE ( 'NONE', *, *, #1160, .T. ) ;
#395 = ADVANCED_FACE ( 'NONE', ( #544 ), #1273, .F. ) ;
#396 = ORIENTED_EDGE ( 'NONE', *, *, #6768, .T. ) ;
#397 = CIRCLE ( 'NONE', #3681, 11.00000000000000000 ) ;
#398 =( REPRESENTATION_RELATIONSHIP ('NONE','NONE', #5518, #3457 ) REPRESENTATION_RELATIONSHIP_WITH_TRANSFORMATION ( #1570 )SHAPE_REPRESENTATION_RELATIONSHIP( ) );
#399 = ORIENTED_EDGE ( 'NONE', *, *, #5617, .T. ) ;
#400 = FACE_OUTER_BOUND ( 'NONE', #7664, .T. ) ;
#401 = AXIS2_PLACEMENT_3D ( 'NONE', #1110, #8566, #4198 ) ;
#402 = DIRECTION ( 'NONE',  ( 4.956352788505163391E-17, 1.000000000000000000, 0.000000000000000000 ) ) ;
#403 = FACE_OUTER_BOUND ( 'NONE', #8153, .T. ) ;
#404 = VERTEX_POINT ( 'NONE', #1227 ) ;
#405 = DIRECTION ( 'NONE',  ( 1.000000000000000000, 0.000000000000000000, 0.000000000000000000 ) ) ;
#406 = ORIENTED_EDGE ( 'NONE', *, *, #2284, .T. ) ;
#407 = CARTESIAN_POINT ( 'NONE',  ( -67.99999999999997158, 33.49999999999995737, 50.00000000000002842 ) ) ;
#408 = VECTOR ( 'NONE', #5887, 1000.000000000000000 ) ;
#409 = B_SPLINE_CURVE_WITH_KNOTS ( 'NONE', 3,
 ( #4226, #3492, #5017, #6483, #8012, #2849, #561, #5844, #7402, #8138, #696, #3680, #1426, #6669, #5153, #8893 ),
 .UNSPECIFIED., .F., .F.,
 ( 4, 2, 2, 2, 2, 2, 2, 4 ),
 ( -2.449490159364080250E-05, 0.001900814969288437727, 0.003826124840170521454, 0.007676744581934694112, 0.009602054452816779356, 0.01152736432369886113, 0.01345267419458094638, 0.01537798406546303162 ),
 .UNSPECIFIED. ) ;
#410 = ORIENTED_EDGE ( 'NONE', *, *, #9497, .T. ) ;
#411 = ITEM_DEFINED_TRANSFORMATION ( 'NONE', 'NONE', #8480,  #6276 ) ;
#412 = VECTOR ( 'NONE', #998, 1000.000000000000000 ) ;
#413 = EDGE_CURVE ( 'NONE', #2607, #7952, #2684, .T. ) ;
#414 = ORIENTED_EDGE ( 'NONE', *, *, #6948, .T. ) ;
#415 = CARTESIAN_POINT ( 'NONE',  ( -91.58559491250210272, 168.9377935325083229, 12.56848423767464951 ) ) ;
#416 = ORIENTED_EDGE ( 'NONE', *, *, #6709, .F. ) ;
#417 = CARTESIAN_POINT ( 'NONE',  ( 10.00000000000000000, 0.000000000000000000, 40.00000000000000000 ) ) ;
#418 = AXIS2_PLACEMENT_3D ( 'NONE', #1131, #2539, #8636 ) ;
#419 = VERTEX_POINT ( 'NONE', #6516 ) ;
#420 = DIRECTION ( 'NONE',  ( -0.000000000000000000, -0.000000000000000000, -1.000000000000000000 ) ) ;
#422 = CARTESIAN_POINT ( 'NONE',  ( -67.99999999999995737, 165.5862043656698575, 49.71265211443365217 ) ) ;
#421 = CIRCLE ( 'NONE', #3700, 4.000000000000000000 ) ;
#423 = DIRECTION ( 'NONE',  ( 1.000000000000000000, 0.000000000000000000, 0.000000000000000000 ) ) ;
#424 = CARTESIAN_POINT ( 'NONE',  ( -67.99999999999995737, 159.9999999999999716, 76.46768836303517958 ) ) ;
#425 = ADVANCED_FACE ( 'NONE', ( #1957 ), #3520, .F. ) ;
#426 = CARTESIAN_POINT ( 'NONE',  ( -39.64474946693796653, 39.69838535254829992, 1086.399349816118047 ) ) ;
#427 = CIRCLE ( 'NONE', #6365, 1.000000000000000888 ) ;
#428 = FACE_OUTER_BOUND ( 'NONE', #8326, .T. ) ;
#429 = AXIS2_PLACEMENT_3D ( 'NONE', #922, #6062, #3893 ) ;
#430 = CYLINDRICAL_SURFACE ( 'NONE', #435, 11.20000000000000107 ) ;
#431 = PRESENTATION_LAYER_ASSIGNMENT (  '', '', ( #7469 ) ) ;
#432 = FACE_OUTER_BOUND ( 'NONE', #4816, .T. ) ;
#433 = CARTESIAN_POINT ( 'NONE',  ( -89.67909000828615262, 37.70919732457352325, 14.09704775012367861 ) ) ;
#434 = SURFACE_STYLE_FILL_AREA ( #8669 ) ;
#435 = AXIS2_PLACEMENT_3D ( 'NONE', #1994, #2670, #9255 ) ;
#436 = CARTESIAN_POINT ( 'NONE',  ( -32.00000000000000000, 157.9999999999999432, 25.00000000000000711 ) ) ;
#437 = AXIS2_PLACEMENT_3D ( 'NONE', #2877, #2144, #6609 ) ;
#438 = ORIENTED_EDGE ( 'NONE', *, *, #273, .T. ) ;
#439 = FACE_OUTER_BOUND ( 'NONE', #583, .T. ) ;
#440 = CARTESIAN_POINT ( 'NONE',  ( -49.99999999999999289, 170.4999999999999716, 63.90446176682629442 ) ) ;
#441 = CARTESIAN_POINT ( 'NONE',  ( -84.99999999999997158, 169.9999999999999716, 75.00000000000000000 ) ) ;
#442 = ORIENTED_EDGE ( 'NONE', *, *, #4801, .T. ) ;
#443 = ADVANCED_FACE ( 'NONE', ( #5733 ), #1903, .T. ) ;
#444 = DIRECTION ( 'NONE',  ( 0.000000000000000000, 0.000000000000000000, -1.000000000000000000 ) ) ;
#445 = DIRECTION ( 'NONE',  ( -0.000000000000000000, -0.000000000000000000, 1.000000000000000000 ) ) ;
#446 = DIRECTION ( 'NONE',  ( 0.000000000000000000, 0.000000000000000000, -1.000000000000000000 ) ) ;
#447 = ORIENTED_EDGE ( 'NONE', *, *, #4693, .T. ) ;
#448 = CARTESIAN_POINT ( 'NONE',  ( 4.049999999999999822, 4.959819536546779614E-16, 16.00000000000000000 ) ) ;
#449 = ORIENTED_EDGE ( 'NONE', *, *, #6563, .F. ) ;
#450 = EDGE_LOOP ( 'NONE', ( #8241, #8837 ) ) ;
#451 = VERTEX_POINT ( 'NONE', #7199 ) ;
#452 = CARTESIAN_POINT ( 'NONE',  ( -50.00000000000000000, 37.99999999999995026, 75.00000000000000000 ) ) ;
#453 = DIRECTION ( 'NONE',  ( 0.000000000000000000, 1.000000000000000000, 0.000000000000000000 ) ) ;
#454 = EDGE_CURVE ( 'NONE', #839, #6284, #214, .T. ) ;
#455 = VERTEX_POINT ( 'NONE', #9321 ) ;
#456 = LINE ( 'NONE', #5749, #3999 ) ;
#457 = ORIENTED_EDGE ( 'NONE', *, *, #887, .T. ) ;
#458 = CARTESIAN_POINT ( 'NONE',  ( -67.99999999999995737, 169.9999999999999432, 25.00000000000000711 ) ) ;
#459 =( REPRESENTATION_RELATIONSHIP ('NONE','NONE', #5518, #3457 ) REPRESENTATION_RELATIONSHIP_WITH_TRANSFORMATION ( #9371 )SHAPE_REPRESENTATION_RELATIONSHIP( ) );
#460 = ORIENTED_EDGE ( 'NONE', *, *, #4089, .T. ) ;
#461 = VERTEX_POINT ( 'NONE', #2736 ) ;
#462 = DIRECTION ( 'NONE',  ( -0.000000000000000000, -0.000000000000000000, -1.000000000000000000 ) ) ;
#463 = LINE ( 'NONE', #4877, #2242 ) ;
#464 = VERTEX_POINT ( 'NONE', #8631 ) ;
#465 = CARTESIAN_POINT ( 'NONE',  ( -92.58319487770722844, 27.55654743665978401, 11.94872402954781876 ) ) ;
#466 = PLANE ( 'NONE',  #6538 ) ;
#467 = EDGE_CURVE ( 'NONE', #8799, #9579, #2635, .T. ) ;
#468 = FACE_BOUND ( 'NONE', #5589, .T. ) ;
#469 = DIRECTION ( 'NONE',  ( 0.000000000000000000, 0.000000000000000000, -1.000000000000000000 ) ) ;
#470 = CARTESIAN_POINT ( 'NONE',  ( -34.61075440837646511, 39.69838535254830703, 1058.566655125335501 ) ) ;
#471 = DIRECTION ( 'NONE',  ( 0.000000000000000000, 0.000000000000000000, 1.000000000000000000 ) ) ;
#472 = DIRECTION ( 'NONE',  ( 0.000000000000000000, 0.000000000000000000, -1.000000000000000000 ) ) ;
#473 = DIRECTION ( 'NONE',  ( 0.000000000000000000, 0.000000000000000000, -1.000000000000000000 ) ) ;
#474 = EDGE_CURVE ( 'NONE', #8169, #1509, #8775, .T. ) ;
#475 = VECTOR ( 'NONE', #5660, 1000.000000000000000 ) ;
#476 = CARTESIAN_POINT ( 'NONE',  ( 0.000000000000000000, 163.9999999999998579, 10.00000000000000000 ) ) ;
#477 = ADVANCED_FACE ( 'NONE', ( #5053 ), #8039, .T. ) ;
#478 = DIRECTION ( 'NONE',  ( 0.000000000000000000, 1.000000000000000000, 0.000000000000000000 ) ) ;
#479 = CARTESIAN_POINT ( 'NONE',  ( 10.00000000000000000, 12.24586983568289789, 29.56414504036117563 ) ) ;
#480 = DIRECTION ( 'NONE',  ( 1.000000000000000000, 0.000000000000000000, 0.000000000000000000 ) ) ;
#481 = PRESENTATION_LAYER_ASSIGNMENT (  '', '', ( #7361 ) ) ;
#482 = ORIENTED_EDGE ( 'NONE', *, *, #680, .F. ) ;
#483 = CONTEXT_DEPENDENT_SHAPE_REPRESENTATION ( #4579, #3575 ) ;
#484 = VECTOR ( 'NONE', #5740, 1000.000000000000114 ) ;
#485 = DIRECTION ( 'NONE',  ( 1.000000000000000000, 0.000000000000000000, 0.000000000000000000 ) ) ;
#486 = VECTOR ( 'NONE', #5181, 1000.000000000000000 ) ;
#487 = DIRECTION ( 'NONE',  ( -1.000000000000000000, 0.000000000000000000, 0.000000000000000000 ) ) ;
#488 = EDGE_CURVE ( 'NONE', #4473, #5882, #5626, .T. ) ;
#489 = ORIENTED_EDGE ( 'NONE', *, *, #5988, .F. ) ;
#490 = EDGE_CURVE ( 'NONE', #1701, #4368, #2186, .T. ) ;
#491 = DIRECTION ( 'NONE',  ( -1.000000000000000000, -9.912705577010326782E-17, -0.000000000000000000 ) ) ;
#492 = ORIENTED_EDGE ( 'NONE', *, *, #9314, .T. ) ;
#493 = CARTESIAN_POINT ( 'NONE',  ( -4.298839293314948407, 166.6820178957157736, 10.58796369521405722 ) ) ;
#494 = LINE ( 'NONE', #5681, #6068 ) ;
#495 = DIRECTION ( 'NONE',  ( 0.000000000000000000, 0.000000000000000000, 1.000000000000000000 ) ) ;
#496 = ORIENTED_EDGE ( 'NONE', *, *, #2499, .F. ) ;
#497 = CARTESIAN_POINT ( 'NONE',  ( 0.000000000000000000, 22.00000000000000000, 92.00000000000001421 ) ) ;
#498 = VERTEX_POINT ( 'NONE', #9417 ) ;
#499 = AXIS2_PLACEMENT_3D ( 'NONE', #2557, #4037, #6973 ) ;
#500 = ORIENTED_EDGE ( 'NONE', *, *, #7192, .F. ) ;
#501 = EDGE_CURVE ( 'NONE', #6241, #9524, #4846, .T. ) ;
#502 = DIRECTION ( 'NONE',  ( 1.000000000000000000, -0.000000000000000000, -0.000000000000000000 ) ) ;
#503 = EDGE_CURVE ( 'NONE', #7938, #5011, #7678, .T. ) ;
#504 = AXIS2_PLACEMENT_3D ( 'NONE', #6460, #2577, #9461 ) ;
#505 = EDGE_LOOP ( 'NONE', ( #2890, #8396 ) ) ;
#506 = FACE_OUTER_BOUND ( 'NONE', #7918, .T. ) ;
#507 = DIRECTION ( 'NONE',  ( -1.000000000000000000, 0.000000000000000000, -5.782411586589345411E-15 ) ) ;
#508 = ORIENTED_EDGE ( 'NONE', *, *, #2126, .F. ) ;
#509 = DIRECTION ( 'NONE',  ( 0.000000000000000000, 0.000000000000000000, 1.000000000000000000 ) ) ;
#510 = VERTEX_POINT ( 'NONE', #2178 ) ;
#511 = LINE ( 'NONE', #6434, #260 ) ;
#512 = ADVANCED_FACE ( 'NONE', ( #1510 ), #1413, .F. ) ;
#513 = EDGE_LOOP ( 'NONE', ( #9266, #7067, #1870, #4423 ) ) ;
#514 = AXIS2_PLACEMENT_3D ( 'NONE', #8427, #1078, #3959 ) ;
#515 = ADVANCED_FACE ( 'NONE', ( #6701 ), #1503, .F. ) ;
#516 = VERTEX_POINT ( 'NONE', #9564 ) ;
#517 = CYLINDRICAL_SURFACE ( 'NONE', #7379, 5.499999999999998224 ) ;
#518 = DIRECTION ( 'NONE',  ( 0.000000000000000000, -1.000000000000000000, 0.000000000000000000 ) ) ;
#519 = CIRCLE ( 'NONE', #1754, 5.000000000000000888 ) ;
#520 = ORIENTED_EDGE ( 'NONE', *, *, #1221, .T. ) ;
#521 = CARTESIAN_POINT ( 'NONE',  ( 8.000000000000000000, 29.56414504036113655, -12.24586983568300447 ) ) ;
#522 = CARTESIAN_POINT ( 'NONE',  ( -50.00000000000000000, 157.9999999999999716, 63.79999999999999716 ) ) ;
#523 =( REPRESENTATION_RELATIONSHIP ('NONE','NONE', #5518, #6001 ) REPRESENTATION_RELATIONSHIP_WITH_TRANSFORMATION ( #6498 )SHAPE_REPRESENTATION_RELATIONSHIP( ) );
#524 = DIRECTION ( 'NONE',  ( 1.000000000000000000, -0.000000000000000000, -0.000000000000000000 ) ) ;
#525 = DIRECTION ( 'NONE',  ( 0.000000000000000000, 0.000000000000000000, -1.000000000000000000 ) ) ;
#526 = APPLICATION_PROTOCOL_DEFINITION ( 'draft international standard', 'automotive_design', 1998, #7019 ) ;
#527 = AXIS2_PLACEMENT_3D ( 'NONE', #6004, #8164, #4293 ) ;
#528 = ADVANCED_FACE ( 'NONE', ( #8824 ), #9021, .F. ) ;
#529 = CARTESIAN_POINT ( 'NONE',  ( 8.000000000000000000, -8.499999999999952038, 8.974623797036219746E-14 ) ) ;
#530 = CARTESIAN_POINT ( 'NONE',  ( -67.99999999999995737, 169.9999999999999716, 35.00000000000001421 ) ) ;
#531 = CARTESIAN_POINT ( 'NONE',  ( -20.00000000000000000, 0.000000000000000000, -15.00000000000000000 ) ) ;
#532 = LINE ( 'NONE', #2779, #8495 ) ;
#533 = DIRECTION ( 'NONE',  ( 0.000000000000000000, 0.000000000000000000, 1.000000000000000000 ) ) ;
#534 = DIRECTION ( 'NONE',  ( 0.000000000000000000, 0.000000000000000000, -1.000000000000000000 ) ) ;
#535 = CARTESIAN_POINT ( 'NONE',  ( -23.21140459226326058, -96.57544454745359985, 1075.000000000007276 ) ) ;
#536 = EDGE_CURVE ( 'NONE', #2153, #5327, #2281, .T. ) ;
#537 = ORIENTED_EDGE ( 'NONE', *, *, #165, .F. ) ;
#538 = DIRECTION ( 'NONE',  ( 1.982541115402065356E-16, 1.000000000000000000, -0.000000000000000000 ) ) ;
#539 = AXIS2_PLACEMENT_3D ( 'NONE', #70, #4677, #2313 ) ;
#540 = EDGE_CURVE ( 'NONE', #2697, #6241, #629, .T. ) ;
#541 = PLANE ( 'NONE',  #7943 ) ;
#542 = AXIS2_PLACEMENT_3D ( 'NONE', #4713, #3283, #2546 ) ;
#543 = AXIS2_PLACEMENT_3D ( 'NONE', #7299, #7893, #2006 ) ;
#544 = FACE_OUTER_BOUND ( 'NONE', #513, .T. ) ;
#545 = ORIENTED_EDGE ( 'NONE', *, *, #5435, .T. ) ;
#546 = LINE ( 'NONE', #728, #2338 ) ;
#547 = DIRECTION ( 'NONE',  ( 1.387778780781444689E-15, 1.000000000000000000, 0.000000000000000000 ) ) ;
#548 = AXIS2_PLACEMENT_3D ( 'NONE', #3406, #5654, #3298 ) ;
#549 = LINE ( 'NONE', #3526, #7153 ) ;
#550 = EDGE_LOOP ( 'NONE', ( #7384, #604, #1914, #304 ) ) ;
#551 = FACE_BOUND ( 'NONE', #3422, .T. ) ;
#552 = ORIENTED_EDGE ( 'NONE', *, *, #7451, .F. ) ;
#553 = ADVANCED_FACE ( 'NONE', ( #8274 ), #9609, .F. ) ;
#554 = SURFACE_STYLE_USAGE ( .BOTH. , #6923 ) ;
#555 = ORIENTED_EDGE ( 'NONE', *, *, #1039, .F. ) ;
#556 = VECTOR ( 'NONE', #6142, 1000.000000000000000 ) ;
#557 = ORIENTED_EDGE ( 'NONE', *, *, #4892, .F. ) ;
#558 = EDGE_LOOP ( 'NONE', ( #3790, #2452 ) ) ;
#559 = SURFACE_SIDE_STYLE ('',( #1921 ) ) ;
#560 = ORIENTED_EDGE ( 'NONE', *, *, #3942, .T. ) ;
#561 = CARTESIAN_POINT ( 'NONE',  ( -5.346346122991758598, 28.69123647971972346, 10.93819719671320279 ) ) ;
#562 = AXIS2_PLACEMENT_3D ( 'NONE', #4384, #716, #2052 ) ;
#563 = VERTEX_POINT ( 'NONE', #5277 ) ;
#564 = AXIS2_PLACEMENT_3D ( 'NONE', #6061, #175, #1498 ) ;
#565 = ORIENTED_EDGE ( 'NONE', *, *, #7873, .T. ) ;
#566 = DIRECTION ( 'NONE',  ( 1.000000000000000000, 0.000000000000000000, 0.000000000000000000 ) ) ;
#567 = DIRECTION ( 'NONE',  ( -0.000000000000000000, 1.000000000000000000, -0.000000000000000000 ) ) ;
#568 = EDGE_LOOP ( 'NONE', ( #3385, #1728, #6420, #3237, #840, #348, #2138 ) ) ;
#569 = VECTOR ( 'NONE', #935, 1000.000000000000000 ) ;
#570 = CYLINDRICAL_SURFACE ( 'NONE', #9201, 4.875000000000000000 ) ;
#571 = ADVANCED_FACE ( 'NONE', ( #8176 ), #8875, .F. ) ;
#572 =( LENGTH_UNIT ( ) NAMED_UNIT ( * ) SI_UNIT ( .MILLI., .METRE. ) );
#573 = LINE ( 'NONE', #1351, #5331 ) ;
#574 = CARTESIAN_POINT ( 'NONE',  ( -50.00000000000000000, 157.9999999999999716, 75.00000000000000000 ) ) ;
#575 = CIRCLE ( 'NONE', #3695, 35.00000000000000000 ) ;
#576 = CARTESIAN_POINT ( 'NONE',  ( -67.99999999999995737, 169.9999999999999432, 35.00000000000000711 ) ) ;
#577 = EDGE_CURVE ( 'NONE', #6130, #5293, #8971, .T. ) ;
#578 = DIRECTION ( 'NONE',  ( 0.000000000000000000, 0.000000000000000000, -1.000000000000000000 ) ) ;
#579 = AXIS2_PLACEMENT_3D ( 'NONE', #5280, #1700, #4691 ) ;
#580 = CARTESIAN_POINT ( 'NONE',  ( -85.00000000000000000, 147.9999999999999716, 25.00000000000000711 ) ) ;
#581 = DIRECTION ( 'NONE',  ( -4.312178429341434637E-16, -1.000000000000000000, -3.604902941264587347E-16 ) ) ;
#582 = VECTOR ( 'NONE', #9247, 1000.000000000000000 ) ;
#583 = EDGE_LOOP ( 'NONE', ( #7605, #414 ) ) ;
#584 = CARTESIAN_POINT ( 'NONE',  ( -67.99999999999995737, 169.9999999999999432, 35.00000000000000711 ) ) ;
#585 = DIRECTION ( 'NONE',  ( 0.000000000000000000, 0.000000000000000000, -1.000000000000000000 ) ) ;
#586 = DIRECTION ( 'NONE',  ( 1.000000000000000000, 0.000000000000000000, 0.000000000000000000 ) ) ;
#587 = AXIS2_PLACEMENT_3D ( 'NONE', #3801, #6848, #2374 ) ;
#588 =( REPRESENTATION_RELATIONSHIP ('NONE','NONE', #5518, #3457 ) REPRESENTATION_RELATIONSHIP_WITH_TRANSFORMATION ( #4662 )SHAPE_REPRESENTATION_RELATIONSHIP( ) );
#589 = DIRECTION ( 'NONE',  ( -1.982541115402065356E-16, -1.000000000000000000, 0.000000000000000000 ) ) ;
#590 = AXIS2_PLACEMENT_3D ( 'NONE', #2564, #1988, #2662 ) ;
#591 = CARTESIAN_POINT ( 'NONE',  ( 10.00000000000000000, 14.14213562373084088, -19.64213562373099009 ) ) ;
#592 = ADVANCED_FACE ( 'NONE', ( #771 ), #2972, .F. ) ;
#593 = PLANE ( 'NONE',  #3698 ) ;
#594 = ORIENTED_EDGE ( 'NONE', *, *, #6146, .T. ) ;
#595 = DIRECTION ( 'NONE',  ( 0.000000000000000000, 0.000000000000000000, 1.000000000000000000 ) ) ;
#596 = EDGE_LOOP ( 'NONE', ( #6134, #7502, #6974, #2016, #1861, #1720, #3879, #6584, #1402, #830, #4899, #1632 ) ) ;
#597 = AXIS2_PLACEMENT_3D ( 'NONE', #8791, #2800, #1377 ) ;
#598 = CARTESIAN_POINT ( 'NONE',  ( -100.0000000000000000, 0.000000000000000000, 10.00000000000000000 ) ) ;
#599 = EDGE_LOOP ( 'NONE', ( #8100, #4215 ) ) ;
#600 = VECTOR ( 'NONE', #388, 1000.000000000000000 ) ;
#601 = EDGE_CURVE ( 'NONE', #2549, #1509, #1365, .T. ) ;
#602 = DIRECTION ( 'NONE',  ( -0.000000000000000000, -0.000000000000000000, 1.000000000000000000 ) ) ;
#603 = EDGE_CURVE ( 'NONE', #9281, #4177, #9413, .T. ) ;
#604 = ORIENTED_EDGE ( 'NONE', *, *, #6233, .T. ) ;
#605 = FACE_OUTER_BOUND ( 'NONE', #2545, .T. ) ;
#606 = EDGE_LOOP ( 'NONE', ( #5066, #8851, #1287, #3530 ) ) ;
#607 = CONTEXT_DEPENDENT_SHAPE_REPRESENTATION ( #6960, #392 ) ;
#608 = ORIENTED_EDGE ( 'NONE', *, *, #203, .T. ) ;
#609 = CARTESIAN_POINT ( 'NONE',  ( -2.249999999999999112, 22.00000000000000000, 92.00000000000001421 ) ) ;
#610 = LINE ( 'NONE', #4329, #9148 ) ;
#611 = EDGE_CURVE ( 'NONE', #3279, #8096, #4350, .T. ) ;
#612 = EDGE_CURVE ( 'NONE', #5739, #6899, #2965, .T. ) ;
#613 = ORIENTED_EDGE ( 'NONE', *, *, #2082, .F. ) ;
#614 = FACE_OUTER_BOUND ( 'NONE', #254, .T. ) ;
#615 =( NAMED_UNIT ( * ) SI_UNIT ( $, .STERADIAN. ) SOLID_ANGLE_UNIT ( ) );
#616 = APPLICATION_PROTOCOL_DEFINITION ( 'draft international standard', 'automotive_design', 1998, #2503 ) ;
#617 = FACE_OUTER_BOUND ( 'NONE', #4436, .T. ) ;
#618 = DIRECTION ( 'NONE',  ( 0.000000000000000000, 1.000000000000000000, 0.000000000000000000 ) ) ;
#619 = EDGE_CURVE ( 'NONE', #8231, #9281, #4396, .T. ) ;
#620 = DIRECTION ( 'NONE',  ( 3.323127485761577049E-16, 0.2873478855663457177, -0.9578262852211512079 ) ) ;
#621 = CARTESIAN_POINT ( 'NONE',  ( 8.000000000000000000, -12.24586983568247156, 29.56414504036134261 ) ) ;
#622 = DIRECTION ( 'NONE',  ( 0.000000000000000000, 0.000000000000000000, -1.000000000000000000 ) ) ;
#623 = DIRECTION ( 'NONE',  ( 0.007457279505620875715, -1.529273966076509247E-16, 0.9999721941046034734 ) ) ;
#624 = ORIENTED_EDGE ( 'NONE', *, *, #5571, .T. ) ;
#625 = DIRECTION ( 'NONE',  ( 1.000000000000000000, 0.000000000000000000, 0.000000000000000000 ) ) ;
#626 = CARTESIAN_POINT ( 'NONE',  ( -49.99999999999999289, 46.99999999999995737, 75.00000000000000000 ) ) ;
#627 = CARTESIAN_POINT ( 'NONE',  ( -100.0000000000000000, 190.0000000000000000, 10.00000000000000000 ) ) ;
#628 = EDGE_CURVE ( 'NONE', #8867, #9393, #8123, .T. ) ;
#629 = LINE ( 'NONE', #7536, #952 ) ;
#630 =( NAMED_UNIT ( * ) PLANE_ANGLE_UNIT ( ) SI_UNIT ( $, .RADIAN. ) );
#631 = CARTESIAN_POINT ( 'NONE',  ( -9.999999999999998224, 1.224646799147353059E-15, 6.000000000000000000 ) ) ;
#632 = VECTOR ( 'NONE', #3897, 1000.000000000000000 ) ;
#633 = CYLINDRICAL_SURFACE ( 'NONE', #3222, 5.499999999999999112 ) ;
#634 = EDGE_LOOP ( 'NONE', ( #5444, #2240 ) ) ;
#635 = CIRCLE ( 'NONE', #2039, 5.500000000000000888 ) ;
#636 =( NAMED_UNIT ( * ) PLANE_ANGLE_UNIT ( ) SI_UNIT ( $, .RADIAN. ) );
#637 = ORIENTED_EDGE ( 'NONE', *, *, #7272, .F. ) ;
#638 = CARTESIAN_POINT ( 'NONE',  ( 8.000000000000000000, -22.62741699796924522, 28.12741699796979944 ) ) ;
#640 = ORIENTED_EDGE ( 'NONE', *, *, #353, .F. ) ;
#639 = EDGE_CURVE ( 'NONE', #2492, #1536, #7990, .T. ) ;
#641 =( REPRESENTATION_RELATIONSHIP ('NONE','NONE', #5518, #3457 ) REPRESENTATION_RELATIONSHIP_WITH_TRANSFORMATION ( #208 )SHAPE_REPRESENTATION_RELATIONSHIP( ) );
#642 = AXIS2_PLACEMENT_3D ( 'NONE', #9077, #9034, #6860 ) ;
#643 = AXIS2_PLACEMENT_3D ( 'NONE', #8524, #4746, #6308 ) ;
#644 = AXIS2_PLACEMENT_3D ( 'NONE', #3180, #4707, #196 ) ;
#645 = CARTESIAN_POINT ( 'NONE',  ( -11.85069502309173117, 180.9199986874522210, 15.79497656704854158 ) ) ;
#646 = VERTEX_POINT ( 'NONE', #5058 ) ;
#647 = CARTESIAN_POINT ( 'NONE',  ( -50.00000000000000000, 148.9999999999999716, 75.00000000000000000 ) ) ;
#648 = ORIENTED_EDGE ( 'NONE', *, *, #7991, .F. ) ;
#649 = AXIS2_PLACEMENT_3D ( 'NONE', #8352, #4474, #710 ) ;
#650 = DIRECTION ( 'NONE',  ( -0.000000000000000000, -0.000000000000000000, -1.000000000000000000 ) ) ;
#651 =( GEOMETRIC_REPRESENTATION_CONTEXT ( 3 ) GLOBAL_UNCERTAINTY_ASSIGNED_CONTEXT ( ( #4523 ) ) GLOBAL_UNIT_ASSIGNED_CONTEXT ( ( #184, #6213, #3371 ) ) REPRESENTATION_CONTEXT ( 'NONE', 'WORKASPACE' ) );
#652 = ORIENTED_EDGE ( 'NONE', *, *, #7111, .T. ) ;
#653 = EDGE_CURVE ( 'NONE', #2989, #8102, #7489, .T. ) ;
#654 = ORIENTED_EDGE ( 'NONE', *, *, #8158, .T. ) ;
#655 = DIRECTION ( 'NONE',  ( 1.000000000000000000, -0.000000000000000000, -0.000000000000000000 ) ) ;
#656 = EDGE_CURVE ( 'NONE', #5327, #5293, #5795, .T. ) ;
#657 = DIRECTION ( 'NONE',  ( 1.000000000000000000, -1.734723475976805517E-15, -0.000000000000000000 ) ) ;
#658 = AXIS2_PLACEMENT_3D ( 'NONE', #6084, #7606, #5940 ) ;
#659 = ORIENTED_EDGE ( 'NONE', *, *, #7983, .F. ) ;
#660 = DIRECTION ( 'NONE',  ( 0.000000000000000000, 0.000000000000000000, -1.000000000000000000 ) ) ;
#661 = AXIS2_PLACEMENT_3D ( 'NONE', #2273, #815, #6885 ) ;
#662 = ORIENTED_EDGE ( 'NONE', *, *, #8440, .T. ) ;
#663 = CARTESIAN_POINT ( 'NONE',  ( -99.30752322492450901, 189.4346587068032761, 10.01499396786356222 ) ) ;
#664 = CONTEXT_DEPENDENT_SHAPE_REPRESENTATION ( #7520, #5227 ) ;
#665 = ADVANCED_FACE ( 'NONE', ( #8367, #9214, #1650 ), #873, .F. ) ;
#666 = DIRECTION ( 'NONE',  ( 0.000000000000000000, 0.000000000000000000, -1.000000000000000000 ) ) ;
#667 = DIRECTION ( 'NONE',  ( 1.000000000000000000, 0.000000000000000000, -5.782411586589345411E-15 ) ) ;
#668 = SURFACE_STYLE_FILL_AREA ( #7378 ) ;
#669 = DIRECTION ( 'NONE',  ( 1.000000000000000000, -0.000000000000000000, -0.000000000000000000 ) ) ;
#670 = CARTESIAN_POINT ( 'NONE',  ( -32.00000000000000000, 25.99999999999995381, 75.00000000000000000 ) ) ;
#671 = DIRECTION ( 'NONE',  ( -0.007457279505613892585, 8.129210921144257234E-17, -0.9999721941046035845 ) ) ;
#672 = ORIENTED_EDGE ( 'NONE', *, *, #6168, .T. ) ;
#673 = CARTESIAN_POINT ( 'NONE',  ( -67.99999999999997158, 158.9999999999999716, 75.14676883630340853 ) ) ;
#674 = CARTESIAN_POINT ( 'NONE',  ( 4.000000000000000000, 4.898587196589412829E-16, 121.0000000000000142 ) ) ;
#675 = DIRECTION ( 'NONE',  ( 1.000000000000000000, 0.000000000000000000, 0.000000000000000000 ) ) ;
#676 = DIRECTION ( 'NONE',  ( 1.000000000000000000, 0.000000000000000000, 0.000000000000000000 ) ) ;
#677 = PLANE ( 'NONE',  #3127 ) ;
#678 = CARTESIAN_POINT ( 'NONE',  ( 0.000000000000000000, 0.000000000000000000, 15.00000000000000000 ) ) ;
#679 = ORIENTED_EDGE ( 'NONE', *, *, #656, .F. ) ;
#680 = EDGE_CURVE ( 'NONE', #2449, #8345, #4630, .T. ) ;
#681 = DIRECTION ( 'NONE',  ( -0.000000000000000000, -0.000000000000000000, -1.000000000000000000 ) ) ;
#682 = AXIS2_PLACEMENT_3D ( 'NONE', #4476, #758, #5407 ) ;
#683 = ORIENTED_EDGE ( 'NONE', *, *, #8093, .F. ) ;
#684 = VECTOR ( 'NONE', #1767, 1000.000000000000000 ) ;
#685 = PRODUCT_DEFINITION_SHAPE ( 'NONE', 'NONE',  #9675 ) ;
#686 = LINE ( 'NONE', #3030, #1506 ) ;
#687 = ORIENTED_EDGE ( 'NONE', *, *, #4651, .T. ) ;
#688 = AXIS2_PLACEMENT_3D ( 'NONE', #8607, #311, #7816 ) ;
#689 = CARTESIAN_POINT ( 'NONE',  ( -10.49738507407732513, 181.7867254467389841, 14.25592827846236510 ) ) ;
#690 = DIRECTION ( 'NONE',  ( -1.000000000000000000, 0.000000000000000000, 0.000000000000000000 ) ) ;
#691 = AXIS2_PLACEMENT_3D ( 'NONE', #1067, #2722, #4789 ) ;
#692 = DIRECTION ( 'NONE',  ( -1.000000000000000000, 1.734723475976805517E-15, 0.000000000000000000 ) ) ;
#693 = ORIENTED_EDGE ( 'NONE', *, *, #6189, .F. ) ;
#694 = EDGE_CURVE ( 'NONE', #1092, #7560, #2817, .T. ) ;
#695 = PRODUCT_DEFINITION_SHAPE ( 'NONE', 'NONE',  #1686 ) ;
#696 = CARTESIAN_POINT ( 'NONE',  ( -8.901759102342678531, 26.83820913682299292, 12.91153718268551920 ) ) ;
#697 = PRODUCT_DEFINITION_CONTEXT ( 'detailed design', #3138, 'design' ) ;
#698 = FACE_OUTER_BOUND ( 'NONE', #7511, .T. ) ;
#699 = EDGE_LOOP ( 'NONE', ( #9383, #4547, #357, #5491 ) ) ;
#700 = AXIS2_PLACEMENT_3D ( 'NONE', #4612, #7608, #900 ) ;
#701 = ORIENTED_EDGE ( 'NONE', *, *, #4673, .F. ) ;
#702 = DIRECTION ( 'NONE',  ( 1.000000000000000000, 0.000000000000000000, 0.000000000000000000 ) ) ;
#703 = DIRECTION ( 'NONE',  ( 0.000000000000000000, 0.000000000000000000, -1.000000000000000000 ) ) ;
#704 = VERTEX_POINT ( 'NONE', #4640 ) ;
#705 = CARTESIAN_POINT ( 'NONE',  ( -8.901729494512322205, 37.16177792401894919, 12.91151513747278834 ) ) ;
#706 = ORIENTED_EDGE ( 'NONE', *, *, #8254, .T. ) ;
#707 = FACE_OUTER_BOUND ( 'NONE', #7856, .T. ) ;
#708 = ADVANCED_FACE ( 'NONE', ( #7635 ), #128, .F. ) ;
#709 = CIRCLE ( 'NONE', #7915, 10.00000000000000178 ) ;
#710 = DIRECTION ( 'NONE',  ( 1.000000000000000000, 0.000000000000000000, 0.000000000000000000 ) ) ;
#711 = COLOUR_RGB ( '',0.7921568627450980005, 0.8196078431372548767, 0.9333333333333333481 ) ;
#712 = DIRECTION ( 'NONE',  ( -0.000000000000000000, -0.2873478855663455511, 0.9578262852211513190 ) ) ;
#713 = EDGE_LOOP ( 'NONE', ( #799, #6073, #594, #1606, #2652 ) ) ;
#714 = CYLINDRICAL_SURFACE ( 'NONE', #7713, 15.00000000000000178 ) ;
#715 = EDGE_CURVE ( 'NONE', #776, #7649, #3213, .T. ) ;
#716 = DIRECTION ( 'NONE',  ( -4.956352788505163391E-17, 1.000000000000000000, 0.000000000000000000 ) ) ;
#717 = DIRECTION ( 'NONE',  ( -1.000000000000000000, 0.000000000000000000, 0.000000000000000000 ) ) ;
#718 = DIRECTION ( 'NONE',  ( 0.3757831636061444991, 2.390118755097508929E-16, -0.9267076205309618953 ) ) ;
#719 = CIRCLE ( 'NONE', #7929, 5.499999999999998224 ) ;
#720 = VERTEX_POINT ( 'NONE', #6065 ) ;
#721 = DIRECTION ( 'NONE',  ( 0.000000000000000000, -0.2873478855663456066, 0.9578262852211513190 ) ) ;
#722 = AXIS2_PLACEMENT_3D ( 'NONE', #7707, #6237, #6188 ) ;
#723 = CARTESIAN_POINT ( 'NONE',  ( 8.000000000000000000, -2.227812499464295040E-13, -26.50000000000000355 ) ) ;
#724 = CARTESIAN_POINT ( 'NONE',  ( 8.000000000000000000, -14.14213562373074495, 14.14213562373108779 ) ) ;
#725 = ADVANCED_FACE ( 'NONE', ( #9262, #6893 ), #3117, .T. ) ;
#726 = CIRCLE ( 'NONE', #1352, 1.000000000000000888 ) ;
#727 = CARTESIAN_POINT ( 'NONE',  ( 8.000000000000000000, -19.99999999999994671, -5.499999999999789502 ) ) ;
#728 = CARTESIAN_POINT ( 'NONE',  ( 0.000000000000000000, 190.0000000000000000, 0.000000000000000000 ) ) ;
#729 = AXIS2_PLACEMENT_3D ( 'NONE', #5558, #1880, #4880 ) ;
#730 = DIRECTION ( 'NONE',  ( 0.000000000000000000, 1.000000000000000000, 0.000000000000000000 ) ) ;
#731 = VERTEX_POINT ( 'NONE', #4741 ) ;
#732 = DIRECTION ( 'NONE',  ( 0.000000000000000000, 0.000000000000000000, -1.000000000000000000 ) ) ;
#733 = VERTEX_POINT ( 'NONE', #1599 ) ;
#734 = VECTOR ( 'NONE', #9512, 1000.000000000000000 ) ;
#735 = DIRECTION ( 'NONE',  ( 0.000000000000000000, 0.000000000000000000, 1.000000000000000000 ) ) ;
#736 = VERTEX_POINT ( 'NONE', #6109 ) ;
#737 = VECTOR ( 'NONE', #90, 1000.000000000000000 ) ;
#738 = MECHANICAL_DESIGN_GEOMETRIC_PRESENTATION_REPRESENTATION (  '', ( #7469 ), #7317 ) ;
#739 = EDGE_CURVE ( 'NONE', #6165, #4946, #7201, .T. ) ;
#740 = CARTESIAN_POINT ( 'NONE',  ( -6.783008045970666977, 184.5386850727395540, 11.60157582571371115 ) ) ;
#741 = DIRECTION ( 'NONE',  ( 1.000000000000000000, -0.000000000000000000, -0.000000000000000000 ) ) ;
#742 = CARTESIAN_POINT ( 'NONE',  ( -32.00000000000000000, 25.99999999999995381, 75.00000000000000000 ) ) ;
#743 = ORIENTED_EDGE ( 'NONE', *, *, #2463, .F. ) ;
#744 = DIRECTION ( 'NONE',  ( 1.000000000000000000, 0.000000000000000000, 0.000000000000000000 ) ) ;
#745 = VERTEX_POINT ( 'NONE', #8518 ) ;
#746 = AXIS2_PLACEMENT_3D ( 'NONE', #9421, #7159, #547 ) ;
#747 = ORIENTED_EDGE ( 'NONE', *, *, #2024, .T. ) ;
#748 = PLANE ( 'NONE',  #8165 ) ;
#749 = DIRECTION ( 'NONE',  ( 0.000000000000000000, 1.000000000000000000, 0.000000000000000000 ) ) ;
#750 = EDGE_CURVE ( 'NONE', #4116, #2119, #820, .T. ) ;
#751 = EDGE_LOOP ( 'NONE', ( #9242, #2100, #6871, #8925 ) ) ;
#752 = B_SPLINE_CURVE_WITH_KNOTS ( 'NONE', 3,
 ( #2123, #5076, #5905, #3594, #2031, #7281, #3551, #7372, #2904, #5126, #8110, #2768, #8066, #8904, #8759, #5808, #5033, #7235, #9261, #4377, #4335, #4986, #663, #3641, #7973, #2165 ),
 .UNSPECIFIED., .F., .F.,
 ( 4, 2, 2, 2, 2, 2, 2, 2, 2, 2, 2, 2, 4 ),
 ( 3.469446951953614189E-18, 0.002667975464488796331, 0.004001963196733187775, 0.005335950928977579652, 0.008003926393466372080, 0.01067190185795516451, 0.01333987732244395694, 0.01467386505468835402, 0.01600785278693275110, 0.01867582825142157649, 0.02000981598366594408, 0.02067680984978810185, 0.02134380371591025963 ),
 .UNSPECIFIED. ) ;
#753 = ORIENTED_EDGE ( 'NONE', *, *, #2014, .F. ) ;
#754 = DIRECTION ( 'NONE',  ( 1.000000000000000000, 0.000000000000000000, 0.000000000000000000 ) ) ;
#755 = DIRECTION ( 'NONE',  ( 0.000000000000000000, 1.000000000000000000, 0.000000000000000000 ) ) ;
#756 = ORIENTED_EDGE ( 'NONE', *, *, #3529, .F. ) ;
#757 = CARTESIAN_POINT ( 'NONE',  ( -2.250000000000152767, -22.00000000000000000, 92.00000000000001421 ) ) ;
#758 = DIRECTION ( 'NONE',  ( 0.000000000000000000, 0.000000000000000000, 1.000000000000000000 ) ) ;
#759 = EDGE_LOOP ( 'NONE', ( #7484, #7180, #2380, #8592 ) ) ;
#760 = DIRECTION ( 'NONE',  ( 0.000000000000000000, 0.000000000000000000, 1.000000000000000000 ) ) ;
#761 = CARTESIAN_POINT ( 'NONE',  ( -84.99999999999997158, 165.5862043656698859, 50.28734788556635493 ) ) ;
#762 = DIRECTION ( 'NONE',  ( -3.323127485761576556E-16, -0.2873478855663457177, 0.9578262852211512079 ) ) ;
#763 = CARTESIAN_POINT ( 'NONE',  ( -14.99718965538032123, -20.57544454745023899, 1077.185560104578144 ) ) ;
#764 = VERTEX_POINT ( 'NONE', #3804 ) ;
#765 = CARTESIAN_POINT ( 'NONE',  ( -85.00000000000001421, 168.9999999999999716, 24.85323116369650265 ) ) ;
#766 = ADVANCED_FACE ( 'NONE', ( #4004 ), #2491, .T. ) ;
#767 = CARTESIAN_POINT ( 'NONE',  ( 0.000000000000000000, 62.99999999999992895, 10.00000000000000000 ) ) ;
#768 = CYLINDRICAL_SURFACE ( 'NONE', #2718, 35.00000000000000000 ) ;
#769 = ADVANCED_FACE ( 'NONE', ( #4689 ), #3948, .T. ) ;
#770 = PRODUCT_DEFINITION_SHAPE ( 'NONE', 'NONE',  #9642 ) ;
#771 = FACE_OUTER_BOUND ( 'NONE', #6239, .T. ) ;
#772 = DIRECTION ( 'NONE',  ( -0.000000000000000000, -0.000000000000000000, -1.000000000000000000 ) ) ;
#773 = CARTESIAN_POINT ( 'NONE',  ( 8.000000000000000000, -12.24586983568247156, 29.56414504036134261 ) ) ;
#774 = ORIENTED_EDGE ( 'NONE', *, *, #6582, .F. ) ;
#775 = CARTESIAN_POINT ( 'NONE',  ( -61.09553823317370558, 25.49999999999995737, 75.00000000000000000 ) ) ;
#776 = VERTEX_POINT ( 'NONE', #229 ) ;
#777 = CARTESIAN_POINT ( 'NONE',  ( 10.00000000000000000, 0.000000000000000000, 0.000000000000000000 ) ) ;
#778 = EDGE_CURVE ( 'NONE', #3027, #4509, #6210, .T. ) ;
#779 = DIRECTION ( 'NONE',  ( -1.000000000000000000, 0.000000000000000000, 0.000000000000000000 ) ) ;
#780 = VERTEX_POINT ( 'NONE', #2327 ) ;
#781 = VECTOR ( 'NONE', #5470, 1000.000000000000000 ) ;
#782 = CARTESIAN_POINT ( 'NONE',  ( -0.3466118779195113686, 189.7169926230507997, 10.00300729004334599 ) ) ;
#783 = PRESENTATION_LAYER_ASSIGNMENT (  '', '', ( #4230 ) ) ;
#784 = AXIS2_PLACEMENT_3D ( 'NONE', #2566, #7821, #6348 ) ;
#785 = FACE_OUTER_BOUND ( 'NONE', #2061, .T. ) ;
#786 = CARTESIAN_POINT ( 'NONE',  ( -85.00000000000002842, 161.4559693491089263, 50.00000000000000000 ) ) ;
#787 = ORIENTED_EDGE ( 'NONE', *, *, #1141, .T. ) ;
#788 = DIRECTION ( 'NONE',  ( 1.000000000000000000, -1.982541115402065356E-16, 0.000000000000000000 ) ) ;
#789 = ORIENTED_EDGE ( 'NONE', *, *, #8028, .F. ) ;
#790 = VERTEX_POINT ( 'NONE', #5319 ) ;
#791 = AXIS2_PLACEMENT_3D ( 'NONE', #888, #3815, #4751 ) ;
#792 = AXIS2_PLACEMENT_3D ( 'NONE', #8327, #8279, #1556 ) ;
#793 = VECTOR ( 'NONE', #937, 1000.000000000000114 ) ;
#794 = ORIENTED_EDGE ( 'NONE', *, *, #8460, .T. ) ;
#795 = LINE ( 'NONE', #3687, #6908 ) ;
#796 = DIRECTION ( 'NONE',  ( 1.000000000000000000, -0.000000000000000000, -0.000000000000000000 ) ) ;
#797 = VERTEX_POINT ( 'NONE', #5102 ) ;
#798 = ORIENTED_EDGE ( 'NONE', *, *, #8571, .T. ) ;
#799 = ORIENTED_EDGE ( 'NONE', *, *, #2633, .F. ) ;
#800 = AXIS2_PLACEMENT_3D ( 'NONE', #535, #8770, #2964 ) ;
#801 = DIRECTION ( 'NONE',  ( -0.000000000000000000, -0.000000000000000000, 1.000000000000000000 ) ) ;
#802 = ADVANCED_FACE ( 'NONE', ( #7728 ), #280, .T. ) ;
#803 = CONTEXT_DEPENDENT_SHAPE_REPRESENTATION ( #7212, #853 ) ;
#804 = CARTESIAN_POINT ( 'NONE',  ( 8.000000000000000000, 14.14213562373084088, -8.642135623730988314 ) ) ;
#805 = ORIENTED_EDGE ( 'NONE', *, *, #4566, .F. ) ;
#806 = DIRECTION ( 'NONE',  ( 1.661563742880786749E-15, -0.9578262852211513190, 0.2873478855663457732 ) ) ;
#807 = UNCERTAINTY_MEASURE_WITH_UNIT (LENGTH_MEASURE( 1.000000000000000082E-05 ), #1750, 'distance_accuracy_value', 'NONE');
#808 = FACE_BOUND ( 'NONE', #53, .T. ) ;
#809 = AXIS2_PLACEMENT_3D ( 'NONE', #1788, #5564, #4886 ) ;
#810 = VERTEX_POINT ( 'NONE', #4152 ) ;
#811 = CARTESIAN_POINT ( 'NONE',  ( 0.000000000000000000, 0.000000000000000000, 7.000000000000000000 ) ) ;
#812 = DIRECTION ( 'NONE',  ( -0.000000000000000000, 1.000000000000000000, -0.000000000000000000 ) ) ;
#813 = DIRECTION ( 'NONE',  ( -1.982541115402065356E-16, -1.000000000000000000, 0.000000000000000000 ) ) ;
#814 = ADVANCED_FACE ( 'NONE', ( #4049 ), #2673, .T. ) ;
#815 = DIRECTION ( 'NONE',  ( 0.1541383984086312220, -5.796728191807990807E-17, 0.9880492670590989013 ) ) ;
#816 = ORIENTED_EDGE ( 'NONE', *, *, #4426, .T. ) ;
#817 = CARTESIAN_POINT ( 'NONE',  ( -100.0000000000000142, 169.9999999999999716, 25.00000000000000711 ) ) ;
#818 = CARTESIAN_POINT ( 'NONE',  ( -91.09827050548767602, 158.8382220759810650, 12.91151513747278301 ) ) ;
#819 = DIRECTION ( 'NONE',  ( -0.000000000000000000, -0.000000000000000000, -1.000000000000000000 ) ) ;
#820 = LINE ( 'NONE', #1698, #6725 ) ;
#821 = CARTESIAN_POINT ( 'NONE',  ( -15.00000000000000000, 158.0108291812380799, 25.00000000000000711 ) ) ;
#822 =( REPRESENTATION_RELATIONSHIP ('NONE','NONE', #5518, #3457 ) REPRESENTATION_RELATIONSHIP_WITH_TRANSFORMATION ( #7274 )SHAPE_REPRESENTATION_RELATIONSHIP( ) );
#823 = EDGE_CURVE ( 'NONE', #4368, #1490, #7828, .T. ) ;
#824 = LINE ( 'NONE', #4540, #8565 ) ;
#825 =( LENGTH_UNIT ( ) NAMED_UNIT ( * ) SI_UNIT ( .MILLI., .METRE. ) );
#826 = ADVANCED_FACE ( 'NONE', ( #2624 ), #5770, .F. ) ;
#827 = VERTEX_POINT ( 'NONE', #330 ) ;
#828 = CARTESIAN_POINT ( 'NONE',  ( -50.00000000000000000, 180.0000000000000000, 63.79999999999999716 ) ) ;
#829 = DIRECTION ( 'NONE',  ( 0.000000000000000000, 0.000000000000000000, -1.000000000000000000 ) ) ;
#830 = ORIENTED_EDGE ( 'NONE', *, *, #6918, .T. ) ;
#831 = CARTESIAN_POINT ( 'NONE',  ( -0.1715974325155548430, 189.8598912970225001, 10.00000000000000178 ) ) ;
#832 = DIRECTION ( 'NONE',  ( 0.000000000000000000, 0.000000000000000000, -1.000000000000000000 ) ) ;
#833 = AXIS2_PLACEMENT_3D ( 'NONE', #6527, #5636, #2063 ) ;
#834 =( LENGTH_UNIT ( ) NAMED_UNIT ( * ) SI_UNIT ( .MILLI., .METRE. ) );
#835 = EDGE_LOOP ( 'NONE', ( #3655, #1546, #1973, #7550, #4277, #188, #5593, #108, #1243, #565, #5395, #8384, #6539, #7273, #4706, #5013, #816, #6944, #9592, #7321, #706 ) ) ;
#836 = EDGE_CURVE ( 'NONE', #1289, #4131, #519, .T. ) ;
#838 = VECTOR ( 'NONE', #4534, 1000.000000000000000 ) ;
#837 = CARTESIAN_POINT ( 'NONE',  ( 10.00000000000000000, 3.287578542732749400E-16, 19.99999999999995026 ) ) ;
#839 = VERTEX_POINT ( 'NONE', #6504 ) ;
#840 = ORIENTED_EDGE ( 'NONE', *, *, #1422, .F. ) ;
#841 = ITEM_DEFINED_TRANSFORMATION ( 'NONE', 'NONE', #5824,  #6276 ) ;
#842 = ORIENTED_EDGE ( 'NONE', *, *, #6037, .T. ) ;
#843 = CARTESIAN_POINT ( 'NONE',  ( 2.249999999999845901, -22.00000000000000000, 92.00000000000001421 ) ) ;
#844 = AXIS2_PLACEMENT_3D ( 'NONE', #8957, #2216, #8210 ) ;
#845 = CARTESIAN_POINT ( 'NONE',  ( 8.000000000000000000, -14.14213562373103272, -19.64213562373079114 ) ) ;
#846 = AXIS2_PLACEMENT_3D ( 'NONE', #871, #819, #6106 ) ;
#847 = PRODUCT_DEFINITION ( 'UNKNOWN', '', #3156, #6575 ) ;
#848 = ORIENTED_EDGE ( 'NONE', *, *, #7642, .F. ) ;
#849 = ORIENTED_EDGE ( 'NONE', *, *, #7714, .T. ) ;
#850 = LINE ( 'NONE', #4519, #5255 ) ;
#851 = CIRCLE ( 'NONE', #379, 5.500000000000001776 ) ;
#852 = CONTEXT_DEPENDENT_SHAPE_REPRESENTATION ( #6646, #1394 ) ;
#853 = PRODUCT_DEFINITION_SHAPE ( 'NONE', 'NONE',  #9645 ) ;
#854 = DIRECTION ( 'NONE',  ( 0.000000000000000000, -1.000000000000000000, 0.000000000000000000 ) ) ;
#855 = ORIENTED_EDGE ( 'NONE', *, *, #1406, .F. ) ;
#856 = CARTESIAN_POINT ( 'NONE',  ( -32.00000000000000711, 162.4137956343300289, 50.28734788556635493 ) ) ;
#857 = DIRECTION ( 'NONE',  ( 1.734723475976805862E-16, -1.000000000000000000, 0.000000000000000000 ) ) ;
#858 = CIRCLE ( 'NONE', #2105, 5.500000000000000000 ) ;
#859 =( GEOMETRIC_REPRESENTATION_CONTEXT ( 3 ) GLOBAL_UNCERTAINTY_ASSIGNED_CONTEXT ( ( #5303 ) ) GLOBAL_UNIT_ASSIGNED_CONTEXT ( ( #6190, #6422, #2746 ) ) REPRESENTATION_CONTEXT ( 'NONE', 'WORKASPACE' ) );
#860 = EDGE_CURVE ( 'NONE', #8756, #910, #6730, .T. ) ;
#861 = ORIENTED_EDGE ( 'NONE', *, *, #2942, .T. ) ;
#862 =( NAMED_UNIT ( * ) PLANE_ANGLE_UNIT ( ) SI_UNIT ( $, .RADIAN. ) );
#863 = CARTESIAN_POINT ( 'NONE',  ( 0.000000000000000000, 163.9999999999998579, 10.00000000000000000 ) ) ;
#864 = CARTESIAN_POINT ( 'NONE',  ( -50.00000000000000000, -28.00000000000010658, 86.20000000000000284 ) ) ;
#865 = CIRCLE ( 'NONE', #2419, 5.500000000000000000 ) ;
#866 = DIRECTION ( 'NONE',  ( 0.07058822266251016386, 2.228686938103579657E-16, -0.9975055402459416243 ) ) ;
#867 = VERTEX_POINT ( 'NONE', #9459 ) ;
#868 = CARTESIAN_POINT ( 'NONE',  ( -84.99999999999997158, 165.5862043656698859, 50.28734788556635493 ) ) ;
#869 = VECTOR ( 'NONE', #5313, 1000.000000000000000 ) ;
#870 = DIRECTION ( 'NONE',  ( 0.000000000000000000, 0.000000000000000000, 1.000000000000000000 ) ) ;
#871 = CARTESIAN_POINT ( 'NONE',  ( 0.000000000000000000, 0.000000000000000000, 0.000000000000000000 ) ) ;
#872 = EDGE_CURVE ( 'NONE', #3686, #9524, #7783, .T. ) ;
#873 = PLANE ( 'NONE',  #4227 ) ;
#874 = CARTESIAN_POINT ( 'NONE',  ( -32.00000000000000711, 163.0421737147788122, 41.80724571592951833 ) ) ;
#875 = AXIS2_PLACEMENT_3D ( 'NONE', #4364, #2889, #5191 ) ;
#876 = DIRECTION ( 'NONE',  ( 0.000000000000000000, 0.000000000000000000, -1.000000000000000000 ) ) ;
#877 = AXIS2_PLACEMENT_3D ( 'NONE', #1533, #3787, #3311 ) ;
#878 = ORIENTED_EDGE ( 'NONE', *, *, #7016, .F. ) ;
#879 = CARTESIAN_POINT ( 'NONE',  ( -67.99999999999997158, 25.99999999999995737, 35.00000000000000711 ) ) ;
#880 = FACE_OUTER_BOUND ( 'NONE', #3931, .T. ) ;
#881 = ORIENTED_EDGE ( 'NONE', *, *, #8993, .T. ) ;
#882 = CIRCLE ( 'NONE', #1038, 40.00000000000000000 ) ;
#883 = EDGE_CURVE ( 'NONE', #7113, #4573, #2574, .T. ) ;
#884 =( BOUNDED_CURVE ( )  B_SPLINE_CURVE ( 3, ( #6032, #4508, #2297, #4240 ),
 .UNSPECIFIED., .F., .F. ) 
 B_SPLINE_CURVE_WITH_KNOTS ( ( 4, 4 ),
 ( 4.712388980384689674, 6.283185307179586232 ),
 .UNSPECIFIED. ) 
 CURVE ( )  GEOMETRIC_REPRESENTATION_ITEM ( )  RATIONAL_B_SPLINE_CURVE ( ( 1.000000000000000000, 0.8047378541243649375, 0.8047378541243649375, 1.000000000000000000 ) ) 
 REPRESENTATION_ITEM ( '' )  );
#885 = VECTOR ( 'NONE', #9219, 1000.000000000000000 ) ;
#886 = CARTESIAN_POINT ( 'NONE',  ( -17.00000000000000000, 2.081899558550500280E-15, 0.000000000000000000 ) ) ;
#887 = EDGE_CURVE ( 'NONE', #4669, #6525, #3419, .T. ) ;
#888 = CARTESIAN_POINT ( 'NONE',  ( 0.000000000000000000, 0.000000000000000000, 1.000000000000000000 ) ) ;
#889 = CARTESIAN_POINT ( 'NONE',  ( -15.00000000000001421, 169.9999999999999716, 75.14676883630349380 ) ) ;
#890 = SURFACE_STYLE_FILL_AREA ( #8286 ) ;
#891 = VERTEX_POINT ( 'NONE', #2040 ) ;
#892 = DIRECTION ( 'NONE',  ( 1.000000000000000000, -0.000000000000000000, -0.000000000000000000 ) ) ;
#893 = AXIS2_PLACEMENT_3D ( 'NONE', #6359, #6407, #7194 ) ;
#894 = ORIENTED_EDGE ( 'NONE', *, *, #5222, .T. ) ;
#895 = VERTEX_POINT ( 'NONE', #476 ) ;
#896 = AXIS2_PLACEMENT_3D ( 'NONE', #37, #9019, #3070 ) ;
#897 = ORIENTED_EDGE ( 'NONE', *, *, #1039, .T. ) ;
#898 = CARTESIAN_POINT ( 'NONE',  ( 0.000000000000000000, 0.000000000000000000, 19.00000000000000355 ) ) ;
#899 = EDGE_CURVE ( 'NONE', #6721, #2542, #9288, .T. ) ;
#900 = DIRECTION ( 'NONE',  ( -1.000000000000000000, -1.982541115402065356E-16, 0.000000000000000000 ) ) ;
#901 = ORIENTED_EDGE ( 'NONE', *, *, #4782, .T. ) ;
#902 = ADVANCED_FACE ( 'NONE', ( #6404 ), #1996, .T. ) ;
#903 = EDGE_LOOP ( 'NONE', ( #7540, #7901, #6455, #3036 ) ) ;
#904 = AXIS2_PLACEMENT_3D ( 'NONE', #7533, #870, #8319 ) ;
#905 =( REPRESENTATION_RELATIONSHIP ('NONE','NONE', #5518, #3457 ) REPRESENTATION_RELATIONSHIP_WITH_TRANSFORMATION ( #7965 )SHAPE_REPRESENTATION_RELATIONSHIP( ) );
#906 = ORIENTED_EDGE ( 'NONE', *, *, #8419, .F. ) ;
#907 = CARTESIAN_POINT ( 'NONE',  ( -85.00000000000001421, 169.9963904447876075, 24.95134223608460644 ) ) ;
#908 = EDGE_CURVE ( 'NONE', #464, #1336, #3320, .T. ) ;
#909 = CARTESIAN_POINT ( 'NONE',  ( 0.000000000000000000, 180.0000000000000000, 10.00000000000000000 ) ) ;
#910 = VERTEX_POINT ( 'NONE', #8667 ) ;
#911 = CARTESIAN_POINT ( 'NONE',  ( -67.99999999999997158, 25.99999999999995381, 75.00000000000000000 ) ) ;
#912 = DIRECTION ( 'NONE',  ( -1.000000000000000000, 0.000000000000000000, 0.000000000000000000 ) ) ;
#913 = EDGE_CURVE ( 'NONE', #1765, #4908, #8816, .T. ) ;
#914 = ORIENTED_EDGE ( 'NONE', *, *, #7597, .T. ) ;
#915 = LINE ( 'NONE', #9011, #7286 ) ;
#916 = CARTESIAN_POINT ( 'NONE',  ( -84.99999999999997158, 25.99999999999995737, 35.00000000000000711 ) ) ;
#917 = DIRECTION ( 'NONE',  ( -0.7552563426956195869, 0.000000000000000000, 0.6554295208624931757 ) ) ;
#918 = EDGE_CURVE ( 'NONE', #1827, #2019, #532, .T. ) ;
#919 = VERTEX_POINT ( 'NONE', #3703 ) ;
#920 = EDGE_CURVE ( 'NONE', #3727, #4429, #4571, .T. ) ;
#921 = DIRECTION ( 'NONE',  ( -9.912705577010326782E-17, 1.000000000000000000, 0.000000000000000000 ) ) ;
#922 = CARTESIAN_POINT ( 'NONE',  ( 0.000000000000000000, 0.000000000000000000, 0.000000000000000000 ) ) ;
#923 = CARTESIAN_POINT ( 'NONE',  ( 8.000000000000000000, -1.393144556684672268E-13, -14.49999999999995204 ) ) ;
#924 = DIRECTION ( 'NONE',  ( 0.000000000000000000, 0.000000000000000000, -1.000000000000000000 ) ) ;
#925 = LINE ( 'NONE', #3757, #632 ) ;
#926 = DIRECTION ( 'NONE',  ( 1.000000000000000000, 0.000000000000000000, 0.000000000000000000 ) ) ;
#927 = ORIENTED_EDGE ( 'NONE', *, *, #823, .T. ) ;
#928 = ADVANCED_FACE ( 'NONE', ( #3744 ), #9555, .T. ) ;
#929 = DIRECTION ( 'NONE',  ( 0.000000000000000000, 0.000000000000000000, -1.000000000000000000 ) ) ;
#930 = DIRECTION ( 'NONE',  ( 0.000000000000000000, 0.2873478855663455511, 0.9578262852211513190 ) ) ;
#931 = ORIENTED_EDGE ( 'NONE', *, *, #8459, .T. ) ;
#932 = DIRECTION ( 'NONE',  ( 3.323127485761577049E-16, 0.2873478855663457177, -0.9578262852211512079 ) ) ;
#933 = CARTESIAN_POINT ( 'NONE',  ( 8.000000000000000000, -29.56414504036104773, 12.24586983568319454 ) ) ;
#934 = CARTESIAN_POINT ( 'NONE',  ( -14.99999999999999822, 147.9999999999999716, 25.00000000000000711 ) ) ;
#935 = DIRECTION ( 'NONE',  ( -0.000000000000000000, -0.000000000000000000, 1.000000000000000000 ) ) ;
#936 = ORIENTED_EDGE ( 'NONE', *, *, #4841, .F. ) ;
#937 = DIRECTION ( 'NONE',  ( -3.323127485761576556E-16, -0.2873478855663457177, -0.9578262852211512079 ) ) ;
#938 = ORIENTED_EDGE ( 'NONE', *, *, #872, .T. ) ;
#939 = EDGE_CURVE ( 'NONE', #7166, #3793, #6614, .T. ) ;
#940 = ORIENTED_EDGE ( 'NONE', *, *, #1899, .T. ) ;
#941 = ORIENTED_EDGE ( 'NONE', *, *, #8668, .T. ) ;
#942 = FACE_BOUND ( 'NONE', #4009, .T. ) ;
#943 = DIRECTION ( 'NONE',  ( 0.000000000000000000, 0.000000000000000000, -1.000000000000000000 ) ) ;
#944 = EDGE_LOOP ( 'NONE', ( #3323, #2395 ) ) ;
#945 = ORIENTED_EDGE ( 'NONE', *, *, #9306, .T. ) ;
#946 = ORIENTED_EDGE ( 'NONE', *, *, #1073, .T. ) ;
#947 = CARTESIAN_POINT ( 'NONE',  ( 8.000000000000000000, 22.62741699796956496, 22.62741699796948325 ) ) ;
#948 = ADVANCED_FACE ( 'NONE', ( #8813, #5817 ), #7289, .F. ) ;
#949 = AXIS2_PLACEMENT_3D ( 'NONE', #8778, #975, #4351 ) ;
#950 = AXIS2_PLACEMENT_3D ( 'NONE', #9602, #8075, #3651 ) ;
#951 = ADVANCED_FACE ( 'NONE', ( #8910 ), #6770, .T. ) ;
#952 = VECTOR ( 'NONE', #6608, 1000.000000000000114 ) ;
#953 = CARTESIAN_POINT ( 'NONE',  ( 0.000000000000000000, 1.500000000000000000, 0.000000000000000000 ) ) ;
#954 = DIRECTION ( 'NONE',  ( 1.000000000000000000, -0.000000000000000000, -0.000000000000000000 ) ) ;
#955 = ORIENTED_EDGE ( 'NONE', *, *, #4980, .T. ) ;
#956 = CARTESIAN_POINT ( 'NONE',  ( -88.00000000000002842, 169.9999999999999716, 16.00000000000000000 ) ) ;
#957 = DIRECTION ( 'NONE',  ( 1.000000000000000000, 0.000000000000000000, 0.000000000000000000 ) ) ;
#958 = VECTOR ( 'NONE', #1208, 1000.000000000000227 ) ;
#959 = ORIENTED_EDGE ( 'NONE', *, *, #7907, .T. ) ;
#960 = CARTESIAN_POINT ( 'NONE',  ( 24.24999999999999645, -7.681258945454893382E-14, 92.00000000000001421 ) ) ;
#961 = DIRECTION ( 'NONE',  ( 0.000000000000000000, 1.000000000000000000, 0.000000000000000000 ) ) ;
#962 = LINE ( 'NONE', #3062, #4451 ) ;
#963 = DIRECTION ( 'NONE',  ( -0.000000000000000000, 1.000000000000000000, -0.000000000000000000 ) ) ;
#964 = ADVANCED_FACE ( 'NONE', ( #5215 ), #714, .F. ) ;
#965 = AXIS2_PLACEMENT_3D ( 'NONE', #4522, #7518, #69 ) ;
#966 = DIRECTION ( 'NONE',  ( -0.9975055402459418463, 7.675032224273715576E-17, -0.07058822266250672217 ) ) ;
#967 = DIRECTION ( 'NONE',  ( 0.000000000000000000, 1.000000000000000000, 0.000000000000000000 ) ) ;
#968 = LINE ( 'NONE', #5422, #5123 ) ;
#969 = CARTESIAN_POINT ( 'NONE',  ( -32.00000000000001421, 165.5440306508910169, 50.00000000000000000 ) ) ;
#970 = AXIS2_PLACEMENT_3D ( 'NONE', #5417, #2320, #4578 ) ;
#971 = AXIS2_PLACEMENT_3D ( 'NONE', #9044, #3782, #1528 ) ;
#972 = DIRECTION ( 'NONE',  ( 1.000000000000000000, 0.000000000000000000, 0.000000000000000000 ) ) ;
#973 = SURFACE_STYLE_FILL_AREA ( #4587 ) ;
#974 = DIRECTION ( 'NONE',  ( -1.000000000000000000, 0.000000000000000000, 0.000000000000000000 ) ) ;
#975 = DIRECTION ( 'NONE',  ( 1.000000000000000000, 0.000000000000000000, 0.000000000000000000 ) ) ;
#976 = CIRCLE ( 'NONE', #8171, 5.500000000000000888 ) ;
#977 = VERTEX_POINT ( 'NONE', #3557 ) ;
#978 = FACE_OUTER_BOUND ( 'NONE', #903, .T. ) ;
#979 = CARTESIAN_POINT ( 'NONE',  ( -5.000000000000000000, 6.123233995736766282E-16, 1.000000000000000000 ) ) ;
#980 = DIRECTION ( 'NONE',  ( 0.000000000000000000, 0.000000000000000000, 1.000000000000000000 ) ) ;
#981 = ORIENTED_EDGE ( 'NONE', *, *, #5343, .T. ) ;
#982 = EDGE_CURVE ( 'NONE', #3606, #7643, #5206, .T. ) ;
#983 = CYLINDRICAL_SURFACE ( 'NONE', #3758, 5.500000000000000000 ) ;
#984 = DIRECTION ( 'NONE',  ( -1.000000000000000000, 0.000000000000000000, 0.000000000000000000 ) ) ;
#985 = CYLINDRICAL_SURFACE ( 'NONE', #6358, 1.000000000000000888 ) ;
#986 = ORIENTED_EDGE ( 'NONE', *, *, #4297, .T. ) ;
#987 = CARTESIAN_POINT ( 'NONE',  ( 8.000000000000000000, -1.399880114079982575E-13, -19.99999999999995026 ) ) ;
#988 = VECTOR ( 'NONE', #8862, 1000.000000000000000 ) ;
#989 = ORIENTED_EDGE ( 'NONE', *, *, #8706, .F. ) ;
#990 = VERTEX_POINT ( 'NONE', #2219 ) ;
#991 = VERTEX_POINT ( 'NONE', #9010 ) ;
#992 = FACE_BOUND ( 'NONE', #8599, .T. ) ;
#993 = DIRECTION ( 'NONE',  ( 0.000000000000000000, 0.000000000000000000, -1.000000000000000000 ) ) ;
#994 = EDGE_LOOP ( 'NONE', ( #1617, #2064, #3, #5074 ) ) ;
#995 = EDGE_CURVE ( 'NONE', #4365, #4310, #3490, .T. ) ;
#996 = ORIENTED_EDGE ( 'NONE', *, *, #4490, .F. ) ;
#997 = ORIENTED_EDGE ( 'NONE', *, *, #8561, .F. ) ;
#998 = DIRECTION ( 'NONE',  ( 1.000000000000000000, -0.000000000000000000, -0.000000000000000000 ) ) ;
#999 = VECTOR ( 'NONE', #6095, 1000.000000000000000 ) ;
#1000 = ORIENTED_EDGE ( 'NONE', *, *, #4075, .F. ) ;
#1001 = DIRECTION ( 'NONE',  ( -1.000000000000000000, -9.912705577010326782E-17, 0.000000000000000000 ) ) ;
#1002 = AXIS2_PLACEMENT_3D ( 'NONE', #2493, #200, #7012 ) ;
#1003 = DIRECTION ( 'NONE',  ( 0.000000000000000000, 1.000000000000000000, 0.000000000000000000 ) ) ;
#1004 = AXIS2_PLACEMENT_3D ( 'NONE', #8733, #1172, #9469 ) ;
#1005 = ORIENTED_EDGE ( 'NONE', *, *, #4170, .T. ) ;
#1006 = DIRECTION ( 'NONE',  ( -1.000000000000000000, 0.000000000000000000, 0.000000000000000000 ) ) ;
#1007 = DIRECTION ( 'NONE',  ( 1.000000000000000000, 0.000000000000000000, 0.000000000000000000 ) ) ;
#1008 = EDGE_CURVE ( 'NONE', #7447, #2345, #1763, .T. ) ;
#1009 = CARTESIAN_POINT ( 'NONE',  ( -10.00000000000000000, 1.836970198721029589E-15, 15.00000000000000000 ) ) ;
#1010 = DIRECTION ( 'NONE',  ( 1.000000000000000000, -0.000000000000000000, -0.000000000000000000 ) ) ;
#1011 = DIRECTION ( 'NONE',  ( 0.6806584428580431112, 5.826502250173257721E-17, -0.7326009037436851390 ) ) ;
#1012 = CARTESIAN_POINT ( 'NONE',  ( 8.000000000000000000, -12.24586983568310572, -29.56414504036107971 ) ) ;
#1013 = VECTOR ( 'NONE', #1718, 1000.000000000000000 ) ;
#1014 = DIRECTION ( 'NONE',  ( -1.000000000000000000, 1.734723475976805517E-15, 0.000000000000000000 ) ) ;
#1015 = CARTESIAN_POINT ( 'NONE',  ( 8.000000000000000000, 19.99999999999995026, 5.499999999999929834 ) ) ;
#1016 = EDGE_CURVE ( 'NONE', #9380, #92, #8978, .T. ) ;
#1017 = PRODUCT_DEFINITION_SHAPE ( 'NONE', 'NONE',  #9658 ) ;
#1018 = CARTESIAN_POINT ( 'NONE',  ( -85.00000000000000000, 158.0108291812380799, 25.00000000000000711 ) ) ;
#1019 = CARTESIAN_POINT ( 'NONE',  ( -67.99999999999995737, 166.5440306508910169, 50.00000000000000000 ) ) ;
#1020 = AXIS2_PLACEMENT_3D ( 'NONE', #1218, #4050, #7144 ) ;
#1021 = LINE ( 'NONE', #4007, #4178 ) ;
#1022 = CIRCLE ( 'NONE', #401, 5.500000000000000888 ) ;
#1023 = ORIENTED_EDGE ( 'NONE', *, *, #9484, .F. ) ;
#1024 = DIRECTION ( 'NONE',  ( -1.000000000000000000, 0.000000000000000000, 0.000000000000000000 ) ) ;
#1025 = CARTESIAN_POINT ( 'NONE',  ( 10.00000000000000000, 4.898587196589413026E-15, -40.00000000000000000 ) ) ;
#1026 = EDGE_CURVE ( 'NONE', #4312, #6535, #2187, .T. ) ;
#1027 = EDGE_CURVE ( 'NONE', #990, #1122, #3600, .T. ) ;
#1028 = AXIS2_PLACEMENT_3D ( 'NONE', #786, #6953, #3817 ) ;
#1029 = LINE ( 'NONE', #5481, #5219 ) ;
#1030 = ORIENTED_EDGE ( 'NONE', *, *, #8460, .F. ) ;
#1031 = LINE ( 'NONE', #6904, #2046 ) ;
#1032 = CYLINDRICAL_SURFACE ( 'NONE', #6059, 15.00000000000000178 ) ;
#1033 = DIRECTION ( 'NONE',  ( 1.000000000000000000, 0.000000000000000000, 0.000000000000000000 ) ) ;
#1034 = ORIENTED_EDGE ( 'NONE', *, *, #7953, .F. ) ;
#1035 = CARTESIAN_POINT ( 'NONE',  ( -67.99999999999997158, 37.99999999999995026, 35.00000000000004263 ) ) ;
#1036 = VERTEX_POINT ( 'NONE', #3647 ) ;
#1037 = ORIENTED_EDGE ( 'NONE', *, *, #7146, .T. ) ;
#1038 = AXIS2_PLACEMENT_3D ( 'NONE', #6030, #3868, #9035 ) ;
#1039 = EDGE_CURVE ( 'NONE', #6899, #8939, #8213, .T. ) ;
#1040 = ORIENTED_EDGE ( 'NONE', *, *, #1026, .T. ) ;
#1041 = DIRECTION ( 'NONE',  ( 1.000000000000000000, 1.734723475976805517E-15, 0.000000000000000000 ) ) ;
#1042 = CIRCLE ( 'NONE', #6520, 5.499999999999998224 ) ;
#1043 = DIRECTION ( 'NONE',  ( 4.956352788505163391E-17, 1.000000000000000000, 0.000000000000000000 ) ) ;
#1044 = ORIENTED_EDGE ( 'NONE', *, *, #7720, .T. ) ;
#1045 = VERTEX_POINT ( 'NONE', #5131 ) ;
#1046 = VECTOR ( 'NONE', #9369, 1000.000000000000000 ) ;
#1047 = ORIENTED_EDGE ( 'NONE', *, *, #8136, .F. ) ;
#1048 = DIRECTION ( 'NONE',  ( -1.000000000000000000, 0.000000000000000000, 0.000000000000000000 ) ) ;
#1049 = AXIS2_PLACEMENT_3D ( 'NONE', #3722, #5235, #6660 ) ;
#1050 = CONTEXT_DEPENDENT_SHAPE_REPRESENTATION ( #5148, #5073 ) ;
#1051 = EDGE_CURVE ( 'NONE', #3686, #4669, #2702, .T. ) ;
#1052 = ORIENTED_EDGE ( 'NONE', *, *, #7428, .F. ) ;
#1053 = PLANE ( 'NONE',  #8796 ) ;
#1054 = FACE_OUTER_BOUND ( 'NONE', #1086, .T. ) ;
#1055 = CIRCLE ( 'NONE', #2773, 40.00000000000000000 ) ;
#1056 = MANIFOLD_SOLID_BREP ( 'Boss.-Extru.3', #2781 ) ;
#1057 = CIRCLE ( 'NONE', #590, 4.049999999999999822 ) ;
#1058 = VERTEX_POINT ( 'NONE', #4627 ) ;
#1059 = FACE_OUTER_BOUND ( 'NONE', #9483, .T. ) ;
#1060 = DIRECTION ( 'NONE',  ( -4.956352788505163391E-17, 1.000000000000000000, 0.000000000000000000 ) ) ;
#1061 = DIRECTION ( 'NONE',  ( -1.000000000000000000, 1.734723475976805517E-15, 0.000000000000000000 ) ) ;
#1062 = DIRECTION ( 'NONE',  ( 0.000000000000000000, 0.000000000000000000, 1.000000000000000000 ) ) ;
#1063 = CLOSED_SHELL ( 'NONE', ( #2912, #7228, #8265, #8160 ) ) ;
#1064 = DIRECTION ( 'NONE',  ( -0.3484921755891416395, -4.056661732739351065E-16, 0.9373116896492579286 ) ) ;
#1065 = DIRECTION ( 'NONE',  ( 1.387778780781444689E-15, 1.000000000000000000, 0.000000000000000000 ) ) ;
#1066 = DIRECTION ( 'NONE',  ( 0.000000000000000000, 0.000000000000000000, -1.000000000000000000 ) ) ;
#1067 = CARTESIAN_POINT ( 'NONE',  ( -49.99999999999999289, 169.9999999999999716, 75.00000000000000000 ) ) ;
#1068 = CIRCLE ( 'NONE', #5764, 11.19999999999999396 ) ;
#1069 = DIRECTION ( 'NONE',  ( 1.000000000000000000, 0.000000000000000000, 0.000000000000000000 ) ) ;
#1070 = CARTESIAN_POINT ( 'NONE',  ( -14.14213562373096167, 180.0000000000000000, 20.00000000000000000 ) ) ;
#1071 = CARTESIAN_POINT ( 'NONE',  ( -85.00000000000000000, 15.99999999999995914, 110.0000000000000000 ) ) ;
#1072 = DIRECTION ( 'NONE',  ( -3.494332759616918786E-17, 1.000000000000000000, 1.173735987482968395E-16 ) ) ;
#1073 = EDGE_CURVE ( 'NONE', #3842, #284, #6927, .T. ) ;
#1074 = ORIENTED_EDGE ( 'NONE', *, *, #6718, .T. ) ;
#1075 = CARTESIAN_POINT ( 'NONE',  ( -9.999999999999998224, 1.285879139104720633E-15, 7.000000000000000000 ) ) ;
#1076 = ADVANCED_FACE ( 'NONE', ( #3253 ), #120, .F. ) ;
#1077 = FACE_OUTER_BOUND ( 'NONE', #1925, .T. ) ;
#1078 = DIRECTION ( 'NONE',  ( 1.224646799147353207E-16, 1.000000000000000000, -0.000000000000000000 ) ) ;
#1079 = ORIENTED_EDGE ( 'NONE', *, *, #8082, .F. ) ;
#1080 = CARTESIAN_POINT ( 'NONE',  ( -9.854099216668213757, 169.5474609018585852, 13.67441026290112838 ) ) ;
#1081 = DIRECTION ( 'NONE',  ( 0.000000000000000000, 0.000000000000000000, 1.000000000000000000 ) ) ;
#1082 = CARTESIAN_POINT ( 'NONE',  ( -15.00000000000001421, 168.9999999999999716, 75.14676883630349380 ) ) ;
#1083 = ORIENTED_EDGE ( 'NONE', *, *, #6865, .F. ) ;
#1084 = DIRECTION ( 'NONE',  ( 0.000000000000000000, 0.000000000000000000, 1.000000000000000000 ) ) ;
#1085 = ADVANCED_FACE ( 'NONE', ( #7524 ), #3887, .F. ) ;
#1086 = EDGE_LOOP ( 'NONE', ( #1965, #1298, #9137, #1359 ) ) ;
#1087 = ORIENTED_EDGE ( 'NONE', *, *, #301, .T. ) ;
#1088 = ORIENTED_EDGE ( 'NONE', *, *, #8795, .T. ) ;
#1089 = FACE_BOUND ( 'NONE', #4710, .T. ) ;
#1090 = LINE ( 'NONE', #4072, #8529 ) ;
#1091 = EDGE_LOOP ( 'NONE', ( #2285, #8330, #2785, #7758 ) ) ;
#1092 = VERTEX_POINT ( 'NONE', #6980 ) ;
#1093 = EDGE_CURVE ( 'NONE', #6995, #1952, #6650, .T. ) ;
#1094 =( LENGTH_UNIT ( ) NAMED_UNIT ( * ) SI_UNIT ( .MILLI., .METRE. ) );
#1095 = VERTEX_POINT ( 'NONE', #1734 ) ;
#1096 = CARTESIAN_POINT ( 'NONE',  ( -50.00000000000000000, 25.99999999999995381, 86.20000000000000284 ) ) ;
#1097 = CONTEXT_DEPENDENT_SHAPE_REPRESENTATION ( #3514, #3653 ) ;
#1098 = PRODUCT_DEFINITION_SHAPE ( 'NONE', 'NONE',  #9697 ) ;
#1099 = ORIENTED_EDGE ( 'NONE', *, *, #8321, .F. ) ;
#1100 = FACE_OUTER_BOUND ( 'NONE', #5451, .T. ) ;
#1101 = ORIENTED_EDGE ( 'NONE', *, *, #1263, .F. ) ;
#1102 = DIRECTION ( 'NONE',  ( 0.000000000000000000, 0.2873478855663455511, 0.9578262852211513190 ) ) ;
#1103 = VERTEX_POINT ( 'NONE', #167 ) ;
#1104 = CARTESIAN_POINT ( 'NONE',  ( 8.000000000000000000, 32.00000000000000000, -1.117274028429802674E-13 ) ) ;
#1105 = CIRCLE ( 'NONE', #1409, 9.095538233173709131 ) ;
#1106 = EDGE_CURVE ( 'NONE', #6325, #3433, #3159, .T. ) ;
#1107 = AXIS2_PLACEMENT_3D ( 'NONE', #1108, #7079, #4832 ) ;
#1108 = CARTESIAN_POINT ( 'NONE',  ( 0.000000000000000000, 0.000000000000000000, 19.00000000000000355 ) ) ;
#1109 = DIRECTION ( 'NONE',  ( 0.3527115933322894081, 2.617131902878383189E-16, -0.9357320834133014964 ) ) ;
#1110 = CARTESIAN_POINT ( 'NONE',  ( 10.00000000000000000, 8.499999999999952038, -3.039105521002927751E-14 ) ) ;
#1111 = DIRECTION ( 'NONE',  ( 1.000000000000000000, -0.000000000000000000, -0.000000000000000000 ) ) ;
#1112 = DIRECTION ( 'NONE',  ( 0.000000000000000000, 0.000000000000000000, 1.000000000000000000 ) ) ;
#1113 = AXIS2_PLACEMENT_3D ( 'NONE', #9606, #2090, #2871 ) ;
#1114 = DIRECTION ( 'NONE',  ( 3.323127485761576556E-16, -0.2873478855663457177, 0.9578262852211512079 ) ) ;
#1115 = EDGE_CURVE ( 'NONE', #839, #4847, #709, .T. ) ;
#1116 = AXIS2_PLACEMENT_3D ( 'NONE', #8403, #806, #2410 ) ;
#1117 = DIRECTION ( 'NONE',  ( 0.000000000000000000, 0.000000000000000000, 1.000000000000000000 ) ) ;
#1118 = FACE_OUTER_BOUND ( 'NONE', #8441, .T. ) ;
#1119 = VECTOR ( 'NONE', #7492, 1000.000000000000000 ) ;
#1120 = DIRECTION ( 'NONE',  ( 0.9663782278685860705, 3.588817497735314048E-18, 0.2571247181847192698 ) ) ;
#1121 = ADVANCED_BREP_SHAPE_REPRESENTATION ( '', ( #7738, #6276 ), #651 ) ;
#1122 = VERTEX_POINT ( 'NONE', #3204 ) ;
#1123 = DIRECTION ( 'NONE',  ( 1.000000000000000000, -0.000000000000000000, -0.000000000000000000 ) ) ;
#1124 = CARTESIAN_POINT ( 'NONE',  ( 10.00000000000000000, -8.499999999999952038, -5.499999999999911182 ) ) ;
#1125 = DIRECTION ( 'NONE',  ( 1.000000000000000000, 1.734723475976805517E-15, 0.000000000000000000 ) ) ;
#1126 = VERTEX_POINT ( 'NONE', #218 ) ;
#1127 = AXIS2_PLACEMENT_3D ( 'NONE', #4336, #5906, #3696 ) ;
#1128 = CARTESIAN_POINT ( 'NONE',  ( -8.901729494512336416, 169.1617779240189918, 12.91151513747278479 ) ) ;
#1129 = DIRECTION ( 'NONE',  ( -4.956352788505163391E-17, -1.000000000000000000, 0.000000000000000000 ) ) ;
#1130 = EDGE_CURVE ( 'NONE', #7749, #8252, #8373, .T. ) ;
#1131 = CARTESIAN_POINT ( 'NONE',  ( -67.99999999999997158, 25.99999999999995381, 65.00000000000000000 ) ) ;
#1132 = ORIENTED_EDGE ( 'NONE', *, *, #2521, .T. ) ;
#1133 = CARTESIAN_POINT ( 'NONE',  ( 8.000000000000000000, 14.14213562373094213, 8.642135623730895944 ) ) ;
#1134 = VERTEX_POINT ( 'NONE', #6788 ) ;
#1135 = ORIENTED_EDGE ( 'NONE', *, *, #9484, .T. ) ;
#1136 = DIRECTION ( 'NONE',  ( 0.000000000000000000, -1.000000000000000000, 0.000000000000000000 ) ) ;
#1137 = ORIENTED_EDGE ( 'NONE', *, *, #6744, .F. ) ;
#1138 = FACE_BOUND ( 'NONE', #6033, .T. ) ;
#1139 = DIRECTION ( 'NONE',  ( 0.000000000000000000, 0.000000000000000000, 1.000000000000000000 ) ) ;
#1140 = ORIENTED_EDGE ( 'NONE', *, *, #2655, .F. ) ;
#1141 = EDGE_CURVE ( 'NONE', #5699, #1391, #2888, .T. ) ;
#1142 = ORIENTED_EDGE ( 'NONE', *, *, #3233, .T. ) ;
#1143 = FACE_OUTER_BOUND ( 'NONE', #6773, .T. ) ;
#1144 = EDGE_LOOP ( 'NONE', ( #8804, #3225 ) ) ;
#1145 = DIRECTION ( 'NONE',  ( 0.000000000000000000, 0.000000000000000000, -1.000000000000000000 ) ) ;
#1146 =( REPRESENTATION_RELATIONSHIP ('NONE','NONE', #5518, #3457 ) REPRESENTATION_RELATIONSHIP_WITH_TRANSFORMATION ( #4920 )SHAPE_REPRESENTATION_RELATIONSHIP( ) );
#1147 = ITEM_DEFINED_TRANSFORMATION ( 'NONE', 'NONE', #8018,  #6276 ) ;
#1148 = ORIENTED_EDGE ( 'NONE', *, *, #6918, .F. ) ;
#1149 = CARTESIAN_POINT ( 'NONE',  ( -95.70108697124346975, 166.6820622475025573, 10.58798637295963196 ) ) ;
#1150 = ORIENTED_EDGE ( 'NONE', *, *, #5318, .F. ) ;
#1151 = DIRECTION ( 'NONE',  ( 0.000000000000000000, 0.000000000000000000, -1.000000000000000000 ) ) ;
#1152 = DIRECTION ( 'NONE',  ( 1.000000000000000000, 0.000000000000000000, 0.000000000000000000 ) ) ;
#1153 = DIRECTION ( 'NONE',  ( 0.000000000000000000, 1.000000000000000000, 0.000000000000000000 ) ) ;
#1154 = FACE_OUTER_BOUND ( 'NONE', #944, .T. ) ;
#1155 = CARTESIAN_POINT ( 'NONE',  ( -19.65183254989741712, 39.69838535254831413, 1055.319312845460445 ) ) ;
#1156 = CIRCLE ( 'NONE', #8051, 7.500000000000000000 ) ;
#1157 = DIRECTION ( 'NONE',  ( 0.000000000000000000, 0.000000000000000000, 1.000000000000000000 ) ) ;
#1158 = DIRECTION ( 'NONE',  ( 0.000000000000000000, 0.000000000000000000, 1.000000000000000000 ) ) ;
#1159 = CARTESIAN_POINT ( 'NONE',  ( -15.00000000000000533, 162.4137956343300573, 50.28734788556635493 ) ) ;
#1160 = EDGE_CURVE ( 'NONE', #2691, #3230, #2466, .T. ) ;
#1161 = VECTOR ( 'NONE', #2256, 1000.000000000000227 ) ;
#1162 = AXIS2_PLACEMENT_3D ( 'NONE', #2661, #8658, #1471 ) ;
#1163 = DIRECTION ( 'NONE',  ( 0.000000000000000000, 0.000000000000000000, -1.000000000000000000 ) ) ;
#1164 = DIRECTION ( 'NONE',  ( 1.000000000000000000, 0.000000000000000000, 0.000000000000000000 ) ) ;
#1165 = LINE ( 'NONE', #7831, #2602 ) ;
#1166 = VECTOR ( 'NONE', #8247, 1000.000000000000000 ) ;
#1167 = ORIENTED_EDGE ( 'NONE', *, *, #3334, .F. ) ;
#1168 = DIRECTION ( 'NONE',  ( -4.956352788505163391E-17, 1.000000000000000000, 0.000000000000000000 ) ) ;
#1169 = CARTESIAN_POINT ( 'NONE',  ( -11.00000000000000000, 0.000000000000000000, 1.000000000000000000 ) ) ;
#1170 = EDGE_CURVE ( 'NONE', #6886, #4663, #5412, .T. ) ;
#1171 = AXIS2_PLACEMENT_3D ( 'NONE', #7669, #5956, #2961 ) ;
#1172 = DIRECTION ( 'NONE',  ( 1.000000000000000000, 0.000000000000000000, 0.000000000000000000 ) ) ;
#1173 = VERTEX_POINT ( 'NONE', #2270 ) ;
#1174 = CARTESIAN_POINT ( 'NONE',  ( -12.00000000000000888, 169.9999999999999716, 16.00000000000000000 ) ) ;
#1175 = DIRECTION ( 'NONE',  ( -3.323127485761576556E-16, -0.2873478855663457177, 0.9578262852211512079 ) ) ;
#1176 = DIRECTION ( 'NONE',  ( 0.000000000000000000, -1.000000000000000000, 0.000000000000000000 ) ) ;
#1177 = ORIENTED_EDGE ( 'NONE', *, *, #7864, .F. ) ;
#1178 = AXIS2_PLACEMENT_3D ( 'NONE', #270, #4681, #961 ) ;
#1179 = FACE_OUTER_BOUND ( 'NONE', #255, .T. ) ;
#1180 = ORIENTED_EDGE ( 'NONE', *, *, #7283, .F. ) ;
#1181 = ORIENTED_EDGE ( 'NONE', *, *, #3167, .F. ) ;
#1182 = VECTOR ( 'NONE', #6247, 1000.000000000000000 ) ;
#1183 = EDGE_CURVE ( 'NONE', #3827, #5208, #8411, .T. ) ;
#1184 =( NAMED_UNIT ( * ) SI_UNIT ( $, .STERADIAN. ) SOLID_ANGLE_UNIT ( ) );
#1185 = ORIENTED_EDGE ( 'NONE', *, *, #1160, .F. ) ;
#1186 = VECTOR ( 'NONE', #7531, 1000.000000000000000 ) ;
#1187 = EDGE_CURVE ( 'NONE', #2989, #9332, #9166, .T. ) ;
#1188 = DIRECTION ( 'NONE',  ( -0.000000000000000000, -0.000000000000000000, 1.000000000000000000 ) ) ;
#1189 = CARTESIAN_POINT ( 'NONE',  ( 10.00000000000000000, -8.499999999999952038, 8.974623797036219746E-14 ) ) ;
#1190 = ORIENTED_EDGE ( 'NONE', *, *, #106, .F. ) ;
#1191 = CARTESIAN_POINT ( 'NONE',  ( 4.000000000000000000, 4.898587196589412829E-16, 15.00000000000000000 ) ) ;
#1192 = ORIENTED_EDGE ( 'NONE', *, *, #6307, .T. ) ;
#1193 = CARTESIAN_POINT ( 'NONE',  ( 10.00000000000000000, 0.000000000000000000, 26.50000000000000355 ) ) ;
#1194 = AXIS2_PLACEMENT_3D ( 'NONE', #2701, #9437, #4915 ) ;
#1195 = EDGE_LOOP ( 'NONE', ( #2404, #2747, #6219, #1569 ) ) ;
#1196 = EDGE_CURVE ( 'NONE', #3394, #3346, #1638, .T. ) ;
#1197 = CIRCLE ( 'NONE', #1979, 4.000000000000000000 ) ;
#1198 = ORIENTED_EDGE ( 'NONE', *, *, #3529, .T. ) ;
#1199 = DIRECTION ( 'NONE',  ( 0.000000000000000000, 0.000000000000000000, 1.000000000000000000 ) ) ;
#1200 = EDGE_CURVE ( 'NONE', #7325, #1095, #7435, .T. ) ;
#1201 = DIRECTION ( 'NONE',  ( 0.000000000000000000, 0.000000000000000000, 1.000000000000000000 ) ) ;
#1202 = AXIS2_PLACEMENT_3D ( 'NONE', #3666, #1324, #6610 ) ;
#1203 = VERTEX_POINT ( 'NONE', #522 ) ;
#1204 = CYLINDRICAL_SURFACE ( 'NONE', #8686, 15.00000000000000178 ) ;
#1206 = CYLINDRICAL_SURFACE ( 'NONE', #4340, 11.09553823317371091 ) ;
#1205 = CIRCLE ( 'NONE', #1987, 1.000000000000000000 ) ;
#1207 = FACE_OUTER_BOUND ( 'NONE', #2584, .T. ) ;
#1208 = DIRECTION ( 'NONE',  ( 0.000000000000000000, 0.2873478855663455511, -0.9578262852211513190 ) ) ;
#1209 = EDGE_CURVE ( 'NONE', #6378, #5272, #366, .T. ) ;
#1210 = DIRECTION ( 'NONE',  ( -0.9373116896492565964, -1.449779457286091059E-16, -0.3484921755891448591 ) ) ;
#1211 = AXIS2_PLACEMENT_3D ( 'NONE', #3858, #7490, #9024 ) ;
#1212 = EDGE_CURVE ( 'NONE', #5796, #5884, #1881, .T. ) ;
#1213 = CARTESIAN_POINT ( 'NONE',  ( 8.000000000000000000, -14.14213562373103272, -14.14213562373079291 ) ) ;
#1214 = VECTOR ( 'NONE', #7152, 1000.000000000000000 ) ;
#1215 = CARTESIAN_POINT ( 'NONE',  ( 0.000000000000000000, 0.000000000000000000, 0.000000000000000000 ) ) ;
#1216 = DIRECTION ( 'NONE',  ( 1.000000000000000000, 0.000000000000000000, -0.000000000000000000 ) ) ;
#1217 = CARTESIAN_POINT ( 'NONE',  ( 8.000000000000000000, 12.24586983568289789, 29.56414504036117563 ) ) ;
#1218 = CARTESIAN_POINT ( 'NONE',  ( 10.00000000000000000, 22.62741699796956496, 22.62741699796948325 ) ) ;
#1219 = EDGE_CURVE ( 'NONE', #268, #4312, #7027, .T. ) ;
#1220 = DIRECTION ( 'NONE',  ( -1.000000000000000000, -0.000000000000000000, -0.000000000000000000 ) ) ;
#1221 = EDGE_CURVE ( 'NONE', #6732, #4369, #5721, .T. ) ;
#1222 = DIRECTION ( 'NONE',  ( 0.000000000000000000, -1.000000000000000000, -3.491481338843133355E-15 ) ) ;
#1223 = AXIS2_PLACEMENT_3D ( 'NONE', #5629, #8826, #4111 ) ;
#1224 = EDGE_LOOP ( 'NONE', ( #3871, #6002, #5062, #8201 ) ) ;
#1225 = DIRECTION ( 'NONE',  ( -0.000000000000000000, -0.000000000000000000, -1.000000000000000000 ) ) ;
#1226 = CYLINDRICAL_SURFACE ( 'NONE', #4972, 35.00000000000000000 ) ;
#1227 = CARTESIAN_POINT ( 'NONE',  ( 5.000000000000000000, 0.000000000000000000, 7.000000000000000000 ) ) ;
#1228 = EDGE_LOOP ( 'NONE', ( #8839, #1688, #6322, #3563, #7650 ) ) ;
#1229 = CARTESIAN_POINT ( 'NONE',  ( -50.00000000000000000, 47.99999999999995737, 75.00000000000000000 ) ) ;
#1230 = DIRECTION ( 'NONE',  ( -1.734723475976805862E-16, 1.000000000000000000, 0.000000000000000000 ) ) ;
#1231 = DIRECTION ( 'NONE',  ( 0.000000000000000000, 0.000000000000000000, -1.000000000000000000 ) ) ;
#1232 = ORIENTED_EDGE ( 'NONE', *, *, #6037, .F. ) ;
#1233 = EDGE_CURVE ( 'NONE', #6756, #2459, #4183, .T. ) ;
#1234 = EDGE_CURVE ( 'NONE', #5509, #9186, #3410, .T. ) ;
#1235 = CYLINDRICAL_SURFACE ( 'NONE', #7216, 9.095538233173723341 ) ;
#1236 = ORIENTED_EDGE ( 'NONE', *, *, #8706, .T. ) ;
#1237 = EDGE_LOOP ( 'NONE', ( #9187, #2640 ) ) ;
#1238 = VERTEX_POINT ( 'NONE', #7771 ) ;
#1239 = LINE ( 'NONE', #2698, #2730 ) ;
#1240 = VERTEX_POINT ( 'NONE', #8659 ) ;
#1241 = EDGE_LOOP ( 'NONE', ( #2421, #5597, #4865 ) ) ;
#1242 = CARTESIAN_POINT ( 'NONE',  ( 0.000000000000000000, 22.00000000000000000, 101.0000000000000000 ) ) ;
#1243 = ORIENTED_EDGE ( 'NONE', *, *, #2055, .F. ) ;
#1244 = ADVANCED_FACE ( 'NONE', ( #2712 ), #1206, .T. ) ;
#1245 = PLANE ( 'NONE',  #8393 ) ;
#1246 = ORIENTED_EDGE ( 'NONE', *, *, #5818, .F. ) ;
#1247 = VERTEX_POINT ( 'NONE', #4193 ) ;
#1248 = CARTESIAN_POINT ( 'NONE',  ( -15.00000000000001421, 180.0000000000000000, 75.00000000000000000 ) ) ;
#1249 = CARTESIAN_POINT ( 'NONE',  ( 0.000000000000000000, 0.000000000000000000, 15.00000000000000000 ) ) ;
#1250 = ORIENTED_EDGE ( 'NONE', *, *, #8124, .T. ) ;
#1251 = CARTESIAN_POINT ( 'NONE',  ( -50.00000000000000000, 147.9999999999999716, 110.0000000000000000 ) ) ;
#1252 = ADVANCED_FACE ( 'NONE', ( #4984 ), #4042, .T. ) ;
#1253 = FACE_OUTER_BOUND ( 'NONE', #6977, .T. ) ;
#1254 = ADVANCED_FACE ( 'NONE', ( #9301 ), #466, .F. ) ;
#1255 = PRODUCT_CONTEXT ( 'NONE', #9551, 'mechanical' ) ;
#1256 = DIRECTION ( 'NONE',  ( 1.000000000000000000, 0.000000000000000000, 0.000000000000000000 ) ) ;
#1257 = CARTESIAN_POINT ( 'NONE',  ( -15.00000000000000000, 25.99999999999995381, 35.00000000000001421 ) ) ;
#1258 = DIRECTION ( 'NONE',  ( 1.000000000000000000, -0.000000000000000000, -0.000000000000000000 ) ) ;
#1259 = AXIS2_PLACEMENT_3D ( 'NONE', #3073, #2527, #9115 ) ;
#1260 = AXIS2_PLACEMENT_3D ( 'NONE', #8735, #9324, #6315 ) ;
#1261 = CIRCLE ( 'NONE', #784, 11.09553823317370380 ) ;
#1262 = CARTESIAN_POINT ( 'NONE',  ( -95.70108697124344133, 34.68206224750248623, 10.58798637295962486 ) ) ;
#1263 = EDGE_CURVE ( 'NONE', #1812, #2989, #1057, .T. ) ;
#1264 = LINE ( 'NONE', #5132, #8369 ) ;
#1265 = CARTESIAN_POINT ( 'NONE',  ( -24.24999999999999289, 2.307133138934549366E-13, 92.00000000000001421 ) ) ;
#1266 = CIRCLE ( 'NONE', #9099, 5.500000000000000888 ) ;
#1267 = CIRCLE ( 'NONE', #2826, 4.000000000000000000 ) ;
#1268 = VERTEX_POINT ( 'NONE', #5658 ) ;
#1269 = VECTOR ( 'NONE', #8685, 1000.000000000000114 ) ;
#1270 = LINE ( 'NONE', #1403, #5483 ) ;
#1271 = DIRECTION ( 'NONE',  ( 0.000000000000000000, -1.000000000000000000, 0.000000000000000000 ) ) ;
#1272 = CARTESIAN_POINT ( 'NONE',  ( 8.000000000000000000, 6.735557395310440051E-16, 37.50000000000000000 ) ) ;
#1273 = PLANE ( 'NONE',  #543 ) ;
#1274 = ORIENTED_EDGE ( 'NONE', *, *, #3414, .T. ) ;
#1275 = CARTESIAN_POINT ( 'NONE',  ( -15.00000000000000000, 47.99999999999995737, 25.00000000000000711 ) ) ;
#1276 = LINE ( 'NONE', #1907, #6220 ) ;
#1277 = CARTESIAN_POINT ( 'NONE',  ( 10.00000000000000000, -1.399880114079982575E-13, -19.99999999999995026 ) ) ;
#1278 = ORIENTED_EDGE ( 'NONE', *, *, #3078, .T. ) ;
#1279 = LINE ( 'NONE', #4114, #1269 ) ;
#1280 = ORIENTED_EDGE ( 'NONE', *, *, #5708, .F. ) ;
#1281 = MANIFOLD_SOLID_BREP ( 'Cong\X2\00e9\X0\8', #274 ) ;
#1282 = AXIS2_PLACEMENT_3D ( 'NONE', #2223, #6645, #5220 ) ;
#1283 = ORIENTED_EDGE ( 'NONE', *, *, #9113, .T. ) ;
#1284 = LINE ( 'NONE', #2970, #6480 ) ;
#1285 = EDGE_CURVE ( 'NONE', #733, #1645, #8407, .T. ) ;
#1286 = ORIENTED_EDGE ( 'NONE', *, *, #3370, .F. ) ;
#1287 = ORIENTED_EDGE ( 'NONE', *, *, #7465, .F. ) ;
#1288 = FILL_AREA_STYLE_COLOUR ( '', #86 ) ;
#1289 = VERTEX_POINT ( 'NONE', #8852 ) ;
#1290 = DIRECTION ( 'NONE',  ( 0.000000000000000000, 0.000000000000000000, -1.000000000000000000 ) ) ;
#1291 = VERTEX_POINT ( 'NONE', #6547 ) ;
#1292 = ITEM_DEFINED_TRANSFORMATION ( 'NONE', 'NONE', #182,  #6276 ) ;
#1293 = EDGE_LOOP ( 'NONE', ( #640, #1177, #6083, #5145 ) ) ;
#1294 = DIRECTION ( 'NONE',  ( 0.000000000000000000, 0.000000000000000000, -1.000000000000000000 ) ) ;
#1295 = CARTESIAN_POINT ( 'NONE',  ( 9.999999999999998224, 0.000000000000000000, 7.000000000000000000 ) ) ;
#1296 = ADVANCED_FACE ( 'NONE', ( #9550 ), #570, .F. ) ;
#1297 = AXIS2_PLACEMENT_3D ( 'NONE', #9406, #5724, #7883 ) ;
#1298 = ORIENTED_EDGE ( 'NONE', *, *, #9374, .F. ) ;
#1299 = CARTESIAN_POINT ( 'NONE',  ( -11.61129017279378495, 37.99999999999995737, 15.48172023039172451 ) ) ;
#1300 = LINE ( 'NONE', #4285, #6979 ) ;
#1301 = FACE_BOUND ( 'NONE', #4486, .T. ) ;
#1302 = CONTEXT_DEPENDENT_SHAPE_REPRESENTATION ( #523, #3895 ) ;
#1303 = CARTESIAN_POINT ( 'NONE',  ( 1.734723475976807094E-15, 37.99999999999995737, 25.00000000000000711 ) ) ;
#1304 = DIRECTION ( 'NONE',  ( -0.000000000000000000, -1.000000000000000000, -0.000000000000000000 ) ) ;
#1305 = ADVANCED_FACE ( 'NONE', ( #614 ), #3087, .F. ) ;
#1306 = AXIS2_PLACEMENT_3D ( 'NONE', #7063, #8598, #2451 ) ;
#1307 = DIRECTION ( 'NONE',  ( 1.000000000000000000, 0.000000000000000000, 0.000000000000000000 ) ) ;
#1308 = DIRECTION ( 'NONE',  ( -0.000000000000000000, -0.000000000000000000, -1.000000000000000000 ) ) ;
#1309 = CARTESIAN_POINT ( 'NONE',  ( -50.00000000000000000, 47.99999999999995737, 75.00000000000000000 ) ) ;
#1310 = PRODUCT_DEFINITION_SHAPE ( 'NONE', 'NONE',  #9709 ) ;
#1311 = DIRECTION ( 'NONE',  ( 0.7018140265417314172, 2.252457520800204996E-16, -0.7123602123569799938 ) ) ;
#1312 = ORIENTED_EDGE ( 'NONE', *, *, #5035, .T. ) ;
#1313 = SHAPE_REPRESENTATION ( 'Roulement', ( #6276 ), #2358 ) ;
#1314 = CARTESIAN_POINT ( 'NONE',  ( -100.0000000000000000, 62.99999999999992895, 10.00000000000000000 ) ) ;
#1315 = AXIS2_PLACEMENT_3D ( 'NONE', #2621, #1942, #4199 ) ;
#1316 = CARTESIAN_POINT ( 'NONE',  ( -32.00000000000000000, 37.99999999999995737, 65.00000000000000000 ) ) ;
#1317 = CARTESIAN_POINT ( 'NONE',  ( -59.09553823317371268, 47.99999999999995737, 75.00000000000000000 ) ) ;
#1318 = ADVANCED_FACE ( 'NONE', ( #2811 ), #3550, .T. ) ;
#1319 = PRODUCT_DEFINITION_SHAPE ( 'NONE', 'NONE',  #9648 ) ;
#1320 = DIRECTION ( 'NONE',  ( 0.000000000000000000, 0.000000000000000000, -1.000000000000000000 ) ) ;
#1321 = SURFACE_STYLE_USAGE ( .BOTH. , #8040 ) ;
#1322 = DIRECTION ( 'NONE',  ( 1.000000000000000000, 0.000000000000000000, 0.000000000000000000 ) ) ;
#1323 = AXIS2_PLACEMENT_3D ( 'NONE', #4776, #4727, #7919 ) ;
#1324 = DIRECTION ( 'NONE',  ( 1.000000000000000000, 0.000000000000000000, 0.000000000000000000 ) ) ;
#1325 = ORIENTED_EDGE ( 'NONE', *, *, #1601, .T. ) ;
#1326 = CARTESIAN_POINT ( 'NONE',  ( 8.000000000000000000, 8.499999999999952038, -3.039105521002927751E-14 ) ) ;
#1327 = ADVANCED_FACE ( 'NONE', ( #8107 ), #5027, .T. ) ;
#1328 = ORIENTED_EDGE ( 'NONE', *, *, #540, .F. ) ;
#1329 = EDGE_CURVE ( 'NONE', #1962, #8695, #7326, .T. ) ;
#1330 = CARTESIAN_POINT ( 'NONE',  ( -67.99999999999997158, 25.99999999999995737, 35.00000000000000711 ) ) ;
#1331 = ORIENTED_EDGE ( 'NONE', *, *, #6108, .F. ) ;
#1332 =( REPRESENTATION_RELATIONSHIP ('NONE','NONE', #5518, #3457 ) REPRESENTATION_RELATIONSHIP_WITH_TRANSFORMATION ( #4278 )SHAPE_REPRESENTATION_RELATIONSHIP( ) );
#1333 = AXIS2_PLACEMENT_3D ( 'NONE', #7703, #6964, #993 ) ;
#1334 = VERTEX_POINT ( 'NONE', #7368 ) ;
#1335 = DIRECTION ( 'NONE',  ( -0.000000000000000000, -0.2873478855663455511, 0.9578262852211513190 ) ) ;
#1336 = VERTEX_POINT ( 'NONE', #9078 ) ;
#1337 = CARTESIAN_POINT ( 'NONE',  ( 0.000000000000000000, 1.500000000000000000, -5.000000000000000888 ) ) ;
#1338 = AXIS2_PLACEMENT_3D ( 'NONE', #3367, #1117, #7730 ) ;
#1339 = ADVANCED_FACE ( 'NONE', ( #6631 ), #5335, .F. ) ;
#1340 = ORIENTED_EDGE ( 'NONE', *, *, #4334, .T. ) ;
#1341 = AXIS2_PLACEMENT_3D ( 'NONE', #817, #5362, #4487 ) ;
#1342 = ORIENTED_EDGE ( 'NONE', *, *, #5694, .T. ) ;
#1343 = DIRECTION ( 'NONE',  ( 1.000000000000000000, -0.000000000000000000, -0.000000000000000000 ) ) ;
#1344 = CARTESIAN_POINT ( 'NONE',  ( -84.99999999999997158, 157.9999999999999716, 35.00000000000000711 ) ) ;
#1345 = ORIENTED_EDGE ( 'NONE', *, *, #611, .T. ) ;
#1346 = VECTOR ( 'NONE', #7400, 1000.000000000000000 ) ;
#1347 = FACE_OUTER_BOUND ( 'NONE', #2802, .T. ) ;
#1348 = CIRCLE ( 'NONE', #6821, 5.000000000000000888 ) ;
#1349 = EDGE_CURVE ( 'NONE', #3027, #5539, #9577, .T. ) ;
#1350 = APPLICATION_PROTOCOL_DEFINITION ( 'draft international standard', 'automotive_design', 1998, #2017 ) ;
#1351 = CARTESIAN_POINT ( 'NONE',  ( -7.500000000000000000, 0.000000000000000000, 35.00000000000000000 ) ) ;
#1352 = AXIS2_PLACEMENT_3D ( 'NONE', #1082, #7846, #7160 ) ;
#1353 = DIRECTION ( 'NONE',  ( 0.000000000000000000, 0.000000000000000000, 1.000000000000000000 ) ) ;
#1354 = CARTESIAN_POINT ( 'NONE',  ( -15.00010146020797208, 157.9999999999999432, 75.09757976844217353 ) ) ;
#1355 = CARTESIAN_POINT ( 'NONE',  ( 10.00000000000000000, 0.000000000000000000, 0.000000000000000000 ) ) ;
#1356 = AXIS2_PLACEMENT_3D ( 'NONE', #4154, #8670, #8520 ) ;
#1357 = CARTESIAN_POINT ( 'NONE',  ( 8.000000000000000000, 29.56414504036120761, 12.24586983568279486 ) ) ;
#1358 = CARTESIAN_POINT ( 'NONE',  ( -50.89611595085548856, -20.57544454745024254, 1091.048574920896954 ) ) ;
#1359 = ORIENTED_EDGE ( 'NONE', *, *, #9051, .T. ) ;
#1360 = PLANE ( 'NONE',  #4871 ) ;
#1361 = LINE ( 'NONE', #2050, #9047 ) ;
#1362 = B_SPLINE_CURVE_WITH_KNOTS ( 'NONE', 3,
 ( #1174, #5628, #3272, #9471, #1080, #1128, #2687, #8634, #2537, #4804, #493, #1858, #7003, #5680, #2008, #7992, #7158, #8679 ),
 .UNSPECIFIED., .F., .F.,
 ( 4, 2, 2, 2, 2, 2, 2, 2, 4 ),
 ( 0.000000000000000000, 0.001914773784993048034, 0.003829547569986096068, 0.005744321354979143451, 0.007659095139972192136, 0.01148864270995829037, 0.01340341649495133819, 0.01436080338744784302, 0.01531819027994434611 ),
 .UNSPECIFIED. ) ;
#1363 = DIRECTION ( 'NONE',  ( 0.000000000000000000, 0.000000000000000000, -1.000000000000000000 ) ) ;
#1364 = CIRCLE ( 'NONE', #6681, 9.095538233173716236 ) ;
#1365 = LINE ( 'NONE', #1456, #5169 ) ;
#1366 = DIRECTION ( 'NONE',  ( 1.000000000000000000, 0.000000000000000000, 0.000000000000000000 ) ) ;
#1367 = CARTESIAN_POINT ( 'NONE',  ( 10.00000000000000000, 1.002313593804319044E-15, 25.49999999999995381 ) ) ;
#1368 = EDGE_CURVE ( 'NONE', #6054, #7985, #4811, .T. ) ;
#1369 = FACE_OUTER_BOUND ( 'NONE', #8057, .T. ) ;
#1370 = VERTEX_POINT ( 'NONE', #5159 ) ;
#1371 = LINE ( 'NONE', #775, #2985 ) ;
#1372 = EDGE_CURVE ( 'NONE', #5674, #3136, #4716, .T. ) ;
#1373 = ORIENTED_EDGE ( 'NONE', *, *, #3942, .F. ) ;
#1374 = LINE ( 'NONE', #638, #7777 ) ;
#1375 = ORIENTED_EDGE ( 'NONE', *, *, #2354, .F. ) ;
#1376 = AXIS2_PLACEMENT_3D ( 'NONE', #1752, #6856, #929 ) ;
#1377 = DIRECTION ( 'NONE',  ( 1.000000000000000000, 0.000000000000000000, 0.000000000000000000 ) ) ;
#1378 =( NAMED_UNIT ( * ) SI_UNIT ( $, .STERADIAN. ) SOLID_ANGLE_UNIT ( ) );
#1379 = EDGE_CURVE ( 'NONE', #6070, #3883, #7596, .T. ) ;
#1380 = ORIENTED_EDGE ( 'NONE', *, *, #2229, .T. ) ;
#1381 = CARTESIAN_POINT ( 'NONE',  ( -15.00000000000000888, 164.9578262852211310, 58.19275428407048878 ) ) ;
#1382 = PRODUCT_DEFINITION_CONTEXT ( 'detailed design', #2314, 'design' ) ;
#1383 = EDGE_LOOP ( 'NONE', ( #6661, #5603, #5915, #8137 ) ) ;
#1384 = ITEM_DEFINED_TRANSFORMATION ( 'NONE', 'NONE', #4100,  #6276 ) ;
#1385 = EDGE_LOOP ( 'NONE', ( #1135, #457, #7813, #1980 ) ) ;
#1386 = FACE_OUTER_BOUND ( 'NONE', #8308, .T. ) ;
#1387 = DIRECTION ( 'NONE',  ( 0.000000000000000000, -1.000000000000000000, 0.000000000000000000 ) ) ;
#1388 = PRODUCT_DEFINITION_SHAPE ( 'NONE', 'NONE',  #9665 ) ;
#1389 = ORIENTED_EDGE ( 'NONE', *, *, #293, .T. ) ;
#1390 = DIRECTION ( 'NONE',  ( -0.000000000000000000, -1.000000000000000000, -0.000000000000000000 ) ) ;
#1391 = VERTEX_POINT ( 'NONE', #8064 ) ;
#1392 = DIRECTION ( 'NONE',  ( 1.000000000000000000, 0.000000000000000000, 0.000000000000000000 ) ) ;
#1393 = PRODUCT_CONTEXT ( 'NONE', #323, 'mechanical' ) ;
#1394 = PRODUCT_DEFINITION_SHAPE ( 'NONE', 'NONE',  #9655 ) ;
#1395 = DIRECTION ( 'NONE',  ( 0.000000000000000000, 0.000000000000000000, -1.000000000000000000 ) ) ;
#1396 = PLANE ( 'NONE',  #7889 ) ;
#1397 = ADVANCED_FACE ( 'NONE', ( #1347 ), #4332, .F. ) ;
#1398 = CARTESIAN_POINT ( 'NONE',  ( 0.000000000000000000, 0.000000000000000000, 0.000000000000000000 ) ) ;
#1399 = CARTESIAN_POINT ( 'NONE',  ( -40.90446176682628021, 148.9999999999999716, 75.00000000000000000 ) ) ;
#1400 = CARTESIAN_POINT ( 'NONE',  ( -10.00000000000000000, 0.000000000000000000, -15.00000000000000000 ) ) ;
#1401 = DIRECTION ( 'NONE',  ( -0.7018140265417289747, -1.439536428685785066E-16, 0.7123602123569824363 ) ) ;
#1402 = ORIENTED_EDGE ( 'NONE', *, *, #1234, .T. ) ;
#1403 = CARTESIAN_POINT ( 'NONE',  ( -61.09553823317370558, 46.99999999999995737, 75.00000000000000000 ) ) ;
#1404 = CARTESIAN_POINT ( 'NONE',  ( -84.99999999999997158, 25.99999999999995381, 75.00000000000000000 ) ) ;
#1405 = CARTESIAN_POINT ( 'NONE',  ( -61.09553823317370558, 25.99999999999995737, 75.00000000000000000 ) ) ;
#1406 = EDGE_CURVE ( 'NONE', #3883, #4509, #8928, .T. ) ;
#1407 = CARTESIAN_POINT ( 'NONE',  ( -100.0000000000000000, 157.9999999999999716, 16.00000000000000000 ) ) ;
#1408 = CARTESIAN_POINT ( 'NONE',  ( 0.000000000000000000, 0.000000000000000000, 15.00000000000000000 ) ) ;
#1409 = AXIS2_PLACEMENT_3D ( 'NONE', #2727, #8573, #6406 ) ;
#1410 = CARTESIAN_POINT ( 'NONE',  ( -50.00000000000000000, -28.00000000000010658, 63.79999999999999716 ) ) ;
#1411 = ORIENTED_EDGE ( 'NONE', *, *, #5759, .T. ) ;
#1412 = VECTOR ( 'NONE', #2618, 1000.000000000000000 ) ;
#1413 = CYLINDRICAL_SURFACE ( 'NONE', #333, 5.500000000000000888 ) ;
#1414 = DIRECTION ( 'NONE',  ( 1.000000000000000000, -0.000000000000000000, -0.000000000000000000 ) ) ;
#1415 = ORIENTED_EDGE ( 'NONE', *, *, #4673, .T. ) ;
#1416 = DIRECTION ( 'NONE',  ( 1.000000000000000000, 0.000000000000000000, 0.000000000000000000 ) ) ;
#1417 = EDGE_LOOP ( 'NONE', ( #2544, #9202 ) ) ;
#1418 = VECTOR ( 'NONE', #3850, 1000.000000000000000 ) ;
#1419 = AXIS2_PLACEMENT_3D ( 'NONE', #4168, #1084, #9330 ) ;
#1420 = DIRECTION ( 'NONE',  ( 0.000000000000000000, 0.000000000000000000, -1.000000000000000000 ) ) ;
#1421 = EDGE_CURVE ( 'NONE', #6623, #2190, #3273, .T. ) ;
#1422 = EDGE_CURVE ( 'NONE', #5539, #4500, #6901, .T. ) ;
#1423 = CARTESIAN_POINT ( 'NONE',  ( 10.00000000000000000, -3.477039065829496377E-16, 13.99999999999995204 ) ) ;
#1424 = CARTESIAN_POINT ( 'NONE',  ( -15.00000000000000533, 163.0421737147788406, 41.80724571592951122 ) ) ;
#1425 = ORIENTED_EDGE ( 'NONE', *, *, #7811, .F. ) ;
#1426 = CARTESIAN_POINT ( 'NONE',  ( -10.32090999171383139, 26.29080267542638794, 14.09704775012368572 ) ) ;
#1427 = EDGE_LOOP ( 'NONE', ( #3693, #442, #347, #6540, #2011, #3054, #3280, #5244, #2218, #410 ) ) ;
#1428 = CONTEXT_DEPENDENT_SHAPE_REPRESENTATION ( #3083, #7746 ) ;
#1429 = ORIENTED_EDGE ( 'NONE', *, *, #9610, .T. ) ;
#1430 = CARTESIAN_POINT ( 'NONE',  ( 10.00000000000000000, -12.24586983568310572, -29.56414504036107971 ) ) ;
#1431 = CYLINDRICAL_SURFACE ( 'NONE', #7417, 4.000000000000000000 ) ;
#1432 = ADVANCED_FACE ( 'NONE', ( #342 ), #1032, .F. ) ;
#1433 = AXIS2_PLACEMENT_3D ( 'NONE', #6135, #57, #7407 ) ;
#1434 = VERTEX_POINT ( 'NONE', #9325 ) ;
#1435 = CARTESIAN_POINT ( 'NONE',  ( -9.854099216668199546, 37.54746090185854968, 13.67441026290112305 ) ) ;
#1436 = AXIS2_PLACEMENT_3D ( 'NONE', #6934, #6745, #2469 ) ;
#1437 = ORIENTED_EDGE ( 'NONE', *, *, #6865, .T. ) ;
#1438 = DIRECTION ( 'NONE',  ( 0.000000000000000000, 1.000000000000000000, 0.000000000000000000 ) ) ;
#1439 = AXIS2_PLACEMENT_3D ( 'NONE', #5285, #2936, #8932 ) ;
#1440 = APPLICATION_PROTOCOL_DEFINITION ( 'draft international standard', 'automotive_design', 1998, #6838 ) ;
#1441 = ADVANCED_FACE ( 'NONE', ( #6905 ), #6125, .T. ) ;
#1442 = DIRECTION ( 'NONE',  ( 1.000000000000000000, 0.000000000000000000, 0.000000000000000000 ) ) ;
#1443 = CARTESIAN_POINT ( 'NONE',  ( 8.000000000000000000, 1.002313593804319241E-15, 25.49999999999995381 ) ) ;
#1444 = ORIENTED_EDGE ( 'NONE', *, *, #1899, .F. ) ;
#1445 = DIRECTION ( 'NONE',  ( -1.000000000000000000, 0.000000000000000000, 0.000000000000000000 ) ) ;
#1446 = CYLINDRICAL_SURFACE ( 'NONE', #1797, 40.00000000000000000 ) ;
#1447 = CARTESIAN_POINT ( 'NONE',  ( 0.000000000000000000, 0.000000000000000000, 10.00000000000000000 ) ) ;
#1448 = MECHANICAL_DESIGN_GEOMETRIC_PRESENTATION_REPRESENTATION (  '', ( #8506 ), #4420 ) ;
#1449 = DIRECTION ( 'NONE',  ( 0.007457279505624366846, 0.000000000000000000, 0.9999721941046034734 ) ) ;
#1450 =( REPRESENTATION_RELATIONSHIP ('NONE','NONE', #5518, #3457 ) REPRESENTATION_RELATIONSHIP_WITH_TRANSFORMATION ( #9492 )SHAPE_REPRESENTATION_RELATIONSHIP( ) );
#1451 = ORIENTED_EDGE ( 'NONE', *, *, #7272, .T. ) ;
#1452 = EDGE_CURVE ( 'NONE', #2951, #8484, #2387, .T. ) ;
#1453 = FACE_OUTER_BOUND ( 'NONE', #6424, .T. ) ;
#1454 = DIRECTION ( 'NONE',  ( -4.956352788505163391E-17, 1.000000000000000000, 0.000000000000000000 ) ) ;
#1455 = PLANE ( 'NONE',  #4287 ) ;
#1456 = CARTESIAN_POINT ( 'NONE',  ( -15.00000000000000000, 147.9999999999999716, 25.00000000000000711 ) ) ;
#1457 = CARTESIAN_POINT ( 'NONE',  ( -50.00000000000000000, 25.99999999999995381, 110.0000000000000000 ) ) ;
#1458 = DIRECTION ( 'NONE',  ( -1.000000000000000000, 0.000000000000000000, 0.000000000000000000 ) ) ;
#1459 = ORIENTED_EDGE ( 'NONE', *, *, #3875, .F. ) ;
#1460 = DIRECTION ( 'NONE',  ( 1.000000000000000000, -0.000000000000000000, -0.000000000000000000 ) ) ;
#1461 = TOROIDAL_SURFACE ( 'NONE', #539, 9.999999999999998224, 1.000000000000000000 ) ;
#1462 = EDGE_LOOP ( 'NONE', ( #9392, #6362, #7015, #8657, #8776, #7807, #7945, #520, #5754, #1766, #9531, #3620, #1389, #3891, #7609, #5984, #300, #3288, #5781, #2174, #3593 ) ) ;
#1463 = ADVANCED_FACE ( 'NONE', ( #5486 ), #5381, .T. ) ;
#1464 = CIRCLE ( 'NONE', #1002, 9.095538233173709131 ) ;
#1465 = PRODUCT_DEFINITION_SHAPE ( 'NONE', 'NONE',  #9707 ) ;
#1466 = DIRECTION ( 'NONE',  ( 1.000000000000000000, -0.000000000000000000, -0.000000000000000000 ) ) ;
#1467 = ORIENTED_EDGE ( 'NONE', *, *, #7737, .T. ) ;
#1468 = CIRCLE ( 'NONE', #2719, 11.20000000000000107 ) ;
#1469 = AXIS2_PLACEMENT_3D ( 'NONE', #1576, #749, #7558 ) ;
#1470 = LINE ( 'NONE', #2243, #8654 ) ;
#1471 = DIRECTION ( 'NONE',  ( 0.000000000000000000, 0.2873478855663457177, -0.9578262852211512079 ) ) ;
#1472 = VECTOR ( 'NONE', #1258, 1000.000000000000000 ) ;
#1473 = CARTESIAN_POINT ( 'NONE',  ( -67.99999999999997158, 158.9999999999999716, 24.85323116369660212 ) ) ;
#1474 = ORIENTED_EDGE ( 'NONE', *, *, #8906, .T. ) ;
#1475 = CARTESIAN_POINT ( 'NONE',  ( -67.99999999999997158, 25.99999999999995381, 65.00000000000000000 ) ) ;
#1476 = VERTEX_POINT ( 'NONE', #8482 ) ;
#1477 = EDGE_LOOP ( 'NONE', ( #3135, #3147, #5634, #6617 ) ) ;
#1478 = PLANE ( 'NONE',  #6449 ) ;
#1479 = CARTESIAN_POINT ( 'NONE',  ( -32.00000000000001421, 165.5862043656698575, 50.28734788556635493 ) ) ;
#1480 = MECHANICAL_DESIGN_GEOMETRIC_PRESENTATION_REPRESENTATION (  '', ( #5718 ), #6500 ) ;
#1481 = EDGE_LOOP ( 'NONE', ( #4063, #1167, #5291, #7555 ) ) ;
#1482 = ORIENTED_EDGE ( 'NONE', *, *, #4503, .F. ) ;
#1483 = CARTESIAN_POINT ( 'NONE',  ( -85.00071805356371613, 169.9999999999999716, 24.85323116369650265 ) ) ;
#1484 = EDGE_CURVE ( 'NONE', #1247, #1775, #4850, .T. ) ;
#1485 = EDGE_CURVE ( 'NONE', #2366, #6009, #5271, .T. ) ;
#1486 = PLANE ( 'NONE',  #4298 ) ;
#1487 = CARTESIAN_POINT ( 'NONE',  ( 10.00000000000000000, 0.000000000000000000, 32.00000000000000000 ) ) ;
#1488 = DIRECTION ( 'NONE',  ( 1.000000000000000000, 1.734723475976805862E-16, 0.000000000000000000 ) ) ;
#1489 = AXIS2_PLACEMENT_3D ( 'NONE', #4506, #9539, #7499 ) ;
#1490 = VERTEX_POINT ( 'NONE', #1665 ) ;
#1491 = CARTESIAN_POINT ( 'NONE',  ( 8.000000000000000000, -29.56414504036129998, -6.745869835682578142 ) ) ;
#1492 = EDGE_CURVE ( 'NONE', #7587, #268, #4645, .T. ) ;
#1493 = DIRECTION ( 'NONE',  ( 4.956352788505163391E-17, 1.000000000000000000, 0.000000000000000000 ) ) ;
#1494 = CARTESIAN_POINT ( 'NONE',  ( -84.99999999999997158, 25.99999999999995381, 25.00000000000000711 ) ) ;
#1495 = ADVANCED_FACE ( 'NONE', ( #193 ), #4656, .F. ) ;
#1496 = CARTESIAN_POINT ( 'NONE',  ( -40.51434919138326052, -20.57544454745024254, 1085.030359325563268 ) ) ;
#1497 = ORIENTED_EDGE ( 'NONE', *, *, #4709, .T. ) ;
#1498 = DIRECTION ( 'NONE',  ( 0.000000000000000000, 0.000000000000000000, -1.000000000000000000 ) ) ;
#1499 = AXIS2_PLACEMENT_3D ( 'NONE', #5349, #1627, #8298 ) ;
#1500 = DIRECTION ( 'NONE',  ( 1.000000000000000000, 0.000000000000000000, 0.000000000000000000 ) ) ;
#1501 = DIRECTION ( 'NONE',  ( 0.000000000000000000, -0.000000000000000000, -1.000000000000000000 ) ) ;
#1502 = VECTOR ( 'NONE', #5472, 1000.000000000000000 ) ;
#1503 = CYLINDRICAL_SURFACE ( 'NONE', #5487, 1.000000000000000888 ) ;
#1504 = EDGE_CURVE ( 'NONE', #3749, #3301, #1834, .T. ) ;
#1505 = PRESENTATION_STYLE_ASSIGNMENT (( #5427 ) ) ;
#1506 = VECTOR ( 'NONE', #7495, 1000.000000000000000 ) ;
#1507 = APPLICATION_CONTEXT ( 'automotive_design' ) ;
#1508 = LINE ( 'NONE', #5370, #5261 ) ;
#1509 = VERTEX_POINT ( 'NONE', #934 ) ;
#1510 = FACE_OUTER_BOUND ( 'NONE', #334, .T. ) ;
#1511 = ORIENTED_EDGE ( 'NONE', *, *, #454, .F. ) ;
#1512 = CIRCLE ( 'NONE', #2287, 7.500000000000000000 ) ;
#1513 = CARTESIAN_POINT ( 'NONE',  ( 0.000000000000000000, 189.9999999999998863, 10.00000000000000000 ) ) ;
#1514 = VERTEX_POINT ( 'NONE', #5438 ) ;
#1515 = AXIS2_PLACEMENT_3D ( 'NONE', #2830, #4488, #6561 ) ;
#1516 = DIRECTION ( 'NONE',  ( 0.000000000000000000, -1.000000000000000000, 0.000000000000000000 ) ) ;
#1517 = EDGE_CURVE ( 'NONE', #4368, #1701, #1526, .T. ) ;
#1518 = CARTESIAN_POINT ( 'NONE',  ( -99.73028672475660983, 31.82941840788805621, 10.00000000000000533 ) ) ;
#1519 = CARTESIAN_POINT ( 'NONE',  ( -15.00000000000000000, 15.99999999999995914, 25.00000000000000711 ) ) ;
#1520 = EDGE_LOOP ( 'NONE', ( #3093, #5197 ) ) ;
#1521 = AXIS2_PLACEMENT_3D ( 'NONE', #3579, #6571, #3487 ) ;
#1522 = CARTESIAN_POINT ( 'NONE',  ( -20.00000000000000000, 0.000000000000000000, 0.000000000000000000 ) ) ;
#1523 = ORIENTED_EDGE ( 'NONE', *, *, #4685, .F. ) ;
#1524 = VERTEX_POINT ( 'NONE', #3908 ) ;
#1525 = ITEM_DEFINED_TRANSFORMATION ( 'NONE', 'NONE', #4723,  #6276 ) ;
#1526 = CIRCLE ( 'NONE', #4654, 5.000000000000000000 ) ;
#1527 = ORIENTED_EDGE ( 'NONE', *, *, #3099, .F. ) ;
#1528 = DIRECTION ( 'NONE',  ( 0.000000000000000000, 0.000000000000000000, -1.000000000000000000 ) ) ;
#1529 = FACE_OUTER_BOUND ( 'NONE', #6472, .T. ) ;
#1530 = EDGE_CURVE ( 'NONE', #4847, #8794, #279, .T. ) ;
#1531 = ORIENTED_EDGE ( 'NONE', *, *, #1969, .T. ) ;
#1532 = VERTEX_POINT ( 'NONE', #139 ) ;
#1533 = CARTESIAN_POINT ( 'NONE',  ( 0.000000000000000000, 0.000000000000000000, 80.00000000000000000 ) ) ;
#1534 = CONTEXT_DEPENDENT_SHAPE_REPRESENTATION ( #5647, #4366 ) ;
#1535 = CARTESIAN_POINT ( 'NONE',  ( -32.00000000000000000, 37.99999999999995737, 25.00000000000000711 ) ) ;
#1536 = VERTEX_POINT ( 'NONE', #7692 ) ;
#1537 = DIRECTION ( 'NONE',  ( 1.000000000000000000, -0.000000000000000000, -0.000000000000000000 ) ) ;
#1538 = LINE ( 'NONE', #3885, #6938 ) ;
#1539 = EDGE_CURVE ( 'NONE', #646, #8648, #3177, .T. ) ;
#1540 = ORIENTED_EDGE ( 'NONE', *, *, #6024, .F. ) ;
#1541 = DIRECTION ( 'NONE',  ( 0.000000000000000000, 0.000000000000000000, 1.000000000000000000 ) ) ;
#1542 = EDGE_CURVE ( 'NONE', #3637, #9049, #242, .T. ) ;
#1543 = DIRECTION ( 'NONE',  ( 0.000000000000000000, 0.000000000000000000, -1.000000000000000000 ) ) ;
#1544 = FACE_OUTER_BOUND ( 'NONE', #2977, .T. ) ;
#1545 = CARTESIAN_POINT ( 'NONE',  ( -42.53896914963451081, -20.57544454745024254, 1069.857505636312681 ) ) ;
#1546 = ORIENTED_EDGE ( 'NONE', *, *, #3795, .T. ) ;
#1547 = DIRECTION ( 'NONE',  ( 0.000000000000000000, 0.000000000000000000, 1.000000000000000000 ) ) ;
#1548 = DIRECTION ( 'NONE',  ( 0.000000000000000000, 1.000000000000000000, 0.000000000000000000 ) ) ;
#1549 = DIRECTION ( 'NONE',  ( 0.000000000000000000, 1.000000000000000000, 0.000000000000000000 ) ) ;
#1550 = EDGE_CURVE ( 'NONE', #6816, #2561, #494, .T. ) ;
#1551 = PRODUCT_DEFINITION_SHAPE ( 'NONE', 'NONE',  #847 ) ;
#1552 = DIRECTION ( 'NONE',  ( 0.000000000000000000, 0.000000000000000000, 1.000000000000000000 ) ) ;
#1553 = FACE_OUTER_BOUND ( 'NONE', #3495, .T. ) ;
#1554 = LINE ( 'NONE', #3120, #2443 ) ;
#1555 = ORIENTED_EDGE ( 'NONE', *, *, #8604, .T. ) ;
#1556 = DIRECTION ( 'NONE',  ( 0.000000000000000000, 0.000000000000000000, 1.000000000000000000 ) ) ;
#1557 = PRODUCT_DEFINITION ( 'UNKNOWN', '', #3625, #2155 ) ;
#1558 = CARTESIAN_POINT ( 'NONE',  ( -15.00000000000000000, 47.99999999999995737, 75.00000000000000000 ) ) ;
#1559 = ORIENTED_EDGE ( 'NONE', *, *, #4493, .F. ) ;
#1560 = AXIS2_PLACEMENT_3D ( 'NONE', #6015, #7583, #924 ) ;
#1561 = LINE ( 'NONE', #2193, #5974 ) ;
#1562 = CIRCLE ( 'NONE', #5638, 1.000000000000000888 ) ;
#1563 = AXIS2_PLACEMENT_3D ( 'NONE', #1692, #33, #4683 ) ;
#1564 = CYLINDRICAL_SURFACE ( 'NONE', #5322, 1.000000000000000888 ) ;
#1565 = SURFACE_SIDE_STYLE ('',( #890 ) ) ;
#1566 = ORIENTED_EDGE ( 'NONE', *, *, #7695, .F. ) ;
#1567 = CARTESIAN_POINT ( 'NONE',  ( 3.200496338333794100, -2.481798377852634907, 7.000000000000000888 ) ) ;
#1568 = ORIENTED_EDGE ( 'NONE', *, *, #5926, .F. ) ;
#1569 = ORIENTED_EDGE ( 'NONE', *, *, #3621, .F. ) ;
#1570 = ITEM_DEFINED_TRANSFORMATION ( 'NONE', 'NONE', #6286,  #6276 ) ;
#1571 = VECTOR ( 'NONE', #1953, 1000.000000000000000 ) ;
#1572 = EDGE_CURVE ( 'NONE', #3192, #4177, #2097, .T. ) ;
#1573 = AXIS2_PLACEMENT_3D ( 'NONE', #8760, #7974, #7456 ) ;
#1574 = ORIENTED_EDGE ( 'NONE', *, *, #3607, .T. ) ;
#1575 = CARTESIAN_POINT ( 'NONE',  ( -20.00000000000000000, 0.000000000000000000, 0.000000000000000000 ) ) ;
#1576 = CARTESIAN_POINT ( 'NONE',  ( -50.00000000000000000, 15.99999999999995914, 75.00000000000000000 ) ) ;
#1577 = CIRCLE ( 'NONE', #6282, 9.095538233173716236 ) ;
#1578 = EDGE_LOOP ( 'NONE', ( #3488, #9549 ) ) ;
#1579 = VERTEX_POINT ( 'NONE', #8680 ) ;
#1580 = DIRECTION ( 'NONE',  ( -0.000000000000000000, -1.000000000000000000, -0.000000000000000000 ) ) ;
#1581 = ADVANCED_FACE ( 'NONE', ( #4901, #3479, #1960 ), #6470, .F. ) ;
#1582 = AXIS2_PLACEMENT_3D ( 'NONE', #1430, #2946, #8342 ) ;
#1583 = DIRECTION ( 'NONE',  ( 0.000000000000000000, 0.000000000000000000, -1.000000000000000000 ) ) ;
#1584 = ORIENTED_EDGE ( 'NONE', *, *, #836, .T. ) ;
#1585 = CARTESIAN_POINT ( 'NONE',  ( -67.99999999999995737, 169.9999999999999432, 75.00000000000000000 ) ) ;
#1586 = UNCERTAINTY_MEASURE_WITH_UNIT (LENGTH_MEASURE( 1.000000000000000082E-05 ), #4311, 'distance_accuracy_value', 'NONE');
#1587 = CARTESIAN_POINT ( 'NONE',  ( 8.000000000000000000, 12.24586983568269183, -29.56414504036126090 ) ) ;
#1588 = AXIS2_PLACEMENT_3D ( 'NONE', #3064, #7628, #1693 ) ;
#1589 = ORIENTED_EDGE ( 'NONE', *, *, #860, .F. ) ;
#1590 = CARTESIAN_POINT ( 'NONE',  ( -85.00000000000000000, 15.99999999999995914, 25.00000000000000711 ) ) ;
#1591 = FACE_OUTER_BOUND ( 'NONE', #2335, .T. ) ;
#1592 = DIRECTION ( 'NONE',  ( 0.000000000000000000, 0.000000000000000000, 1.000000000000000000 ) ) ;
#1593 = DIRECTION ( 'NONE',  ( 0.9699955968923819061, 0.000000000000000000, 0.2431224835538504658 ) ) ;
#1594 = VERTEX_POINT ( 'NONE', #7300 ) ;
#1595 = DIRECTION ( 'NONE',  ( 0.000000000000000000, 0.000000000000000000, 1.000000000000000000 ) ) ;
#1596 = EDGE_CURVE ( 'NONE', #7748, #5155, #1068, .T. ) ;
#1597 = CARTESIAN_POINT ( 'NONE',  ( -50.00000000000001421, 169.9999999999999716, 110.0000000000000000 ) ) ;
#1598 = DIRECTION ( 'NONE',  ( 0.000000000000000000, -1.000000000000000000, 0.000000000000000000 ) ) ;
#1599 = CARTESIAN_POINT ( 'NONE',  ( 10.00000000000000000, 14.14213562373084088, -8.642135623730988314 ) ) ;
#1600 = DIRECTION ( 'NONE',  ( 1.000000000000000000, -9.912705577010326782E-17, 0.000000000000000000 ) ) ;
#1601 = EDGE_CURVE ( 'NONE', #8048, #6280, #3092, .T. ) ;
#1602 = ORIENTED_EDGE ( 'NONE', *, *, #4279, .F. ) ;
#1603 = EDGE_CURVE ( 'NONE', #8740, #2703, #1276, .T. ) ;
#1604 = CARTESIAN_POINT ( 'NONE',  ( -15.00000000000001421, 163.9999999999999716, 58.48010216963683661 ) ) ;
#1605 = DIRECTION ( 'NONE',  ( 0.000000000000000000, -0.000000000000000000, -1.000000000000000000 ) ) ;
#1606 = ORIENTED_EDGE ( 'NONE', *, *, #8372, .F. ) ;
#1607 = DIRECTION ( 'NONE',  ( 0.000000000000000000, -0.2873478855663456066, 0.9578262852211513190 ) ) ;
#1608 = FACE_OUTER_BOUND ( 'NONE', #8395, .T. ) ;
#1609 = DIRECTION ( 'NONE',  ( -1.000000000000000000, 1.734723475976805517E-15, 0.000000000000000000 ) ) ;
#1610 = VECTOR ( 'NONE', #67, 1000.000000000000000 ) ;
#1611 = CARTESIAN_POINT ( 'NONE',  ( -67.99999999999997158, 157.9999999999999432, 35.00000000000000711 ) ) ;
#1612 = EDGE_CURVE ( 'NONE', #8191, #919, #7948, .T. ) ;
#1613 = ORIENTED_EDGE ( 'NONE', *, *, #4404, .T. ) ;
#1615 = VECTOR ( 'NONE', #2324, 1000.000000000000000 ) ;
#1614 = CARTESIAN_POINT ( 'NONE',  ( -67.99999999999995737, 169.9999999999999432, 65.00000000000000000 ) ) ;
#1616 = EDGE_CURVE ( 'NONE', #3543, #8989, #7002, .T. ) ;
#1617 = ORIENTED_EDGE ( 'NONE', *, *, #4211, .F. ) ;
#1618 = ORIENTED_EDGE ( 'NONE', *, *, #6201, .F. ) ;
#1619 = EDGE_LOOP ( 'NONE', ( #2805, #2482 ) ) ;
#1620 = CARTESIAN_POINT ( 'NONE',  ( 4.000000000000000000, 4.898587196589412829E-16, 101.0000000000000000 ) ) ;
#1621 = AXIS2_PLACEMENT_3D ( 'NONE', #4788, #9457, #472 ) ;
#1622 = DIRECTION ( 'NONE',  ( 0.000000000000000000, 0.000000000000000000, -1.000000000000000000 ) ) ;
#1623 = CIRCLE ( 'NONE', #5856, 5.000000000000000000 ) ;
#1624 = EDGE_LOOP ( 'NONE', ( #1444, #16, #5695, #7530, #5750, #6393, #552, #3018, #6021, #1566, #7630, #4952, #3971, #7851, #5373, #3494, #6695, #2613, #3040 ) ) ;
#1625 = EDGE_LOOP ( 'NONE', ( #6381, #6324 ) ) ;
#1626 = EDGE_CURVE ( 'NONE', #1509, #4365, #4264, .T. ) ;
#1627 = DIRECTION ( 'NONE',  ( 0.07008418085106088435, -0.9975410806550454312, 0.000000000000000000 ) ) ;
#1628 = AXIS2_PLACEMENT_3D ( 'NONE', #6291, #1003, #7712 ) ;
#1629 = CONTEXT_DEPENDENT_SHAPE_REPRESENTATION ( #4643, #8055 ) ;
#1630 = PRODUCT_DEFINITION_SHAPE ( 'NONE', 'NONE',  #8444 ) ;
#1631 = CARTESIAN_POINT ( 'NONE',  ( 10.00000000000000000, 32.00000000000000000, -5.500000000000108358 ) ) ;
#1632 = ORIENTED_EDGE ( 'NONE', *, *, #2195, .T. ) ;
#1633 = LINE ( 'NONE', #1585, #3613 ) ;
#1634 = CARTESIAN_POINT ( 'NONE',  ( -28.99999999999999645, 3.551475717527324030E-15, 100.0000000000000000 ) ) ;
#1635 = AXIS2_PLACEMENT_3D ( 'NONE', #2780, #669, #3512 ) ;
#1636 =( REPRESENTATION_RELATIONSHIP ('NONE','NONE', #5518, #3457 ) REPRESENTATION_RELATIONSHIP_WITH_TRANSFORMATION ( #3342 )SHAPE_REPRESENTATION_RELATIONSHIP( ) );
#1637 = EDGE_LOOP ( 'NONE', ( #7624, #2707, #927, #8452 ) ) ;
#1638 = LINE ( 'NONE', #5461, #5873 ) ;
#1639 = AXIS2_PLACEMENT_3D ( 'NONE', #5307, #3107, #9149 ) ;
#1640 = EDGE_CURVE ( 'NONE', #1334, #8632, #2739, .T. ) ;
#1641 = CARTESIAN_POINT ( 'NONE',  ( -32.00000000000000000, 25.99999999999995381, 65.00000000000000000 ) ) ;
#1642 = CARTESIAN_POINT ( 'NONE',  ( -3.142677150939514163, 2.474586899860803157, 111.0000000000000142 ) ) ;
#1643 = PRESENTATION_LAYER_ASSIGNMENT (  '', '', ( #237 ) ) ;
#1644 = DIRECTION ( 'NONE',  ( 0.9699955968923841265, -2.339773389766858308E-16, 0.2431224835538402240 ) ) ;
#1645 = VERTEX_POINT ( 'NONE', #591 ) ;
#1646 = CARTESIAN_POINT ( 'NONE',  ( 4.000000000000000000, 4.898587196589412829E-16, 7.000000000000000000 ) ) ;
#1647 = CIRCLE ( 'NONE', #1341, 15.00000000000000000 ) ;
#1648 = LINE ( 'NONE', #6155, #7316 ) ;
#1649 = DIRECTION ( 'NONE',  ( 1.000000000000000000, -0.000000000000000000, -0.000000000000000000 ) ) ;
#1650 = FACE_OUTER_BOUND ( 'NONE', #5015, .T. ) ;
#1651 = EDGE_CURVE ( 'NONE', #8502, #1095, #6519, .T. ) ;
#1652 = LINE ( 'NONE', #4641, #5475 ) ;
#1653 = PRESENTATION_LAYER_ASSIGNMENT (  '', '', ( #2120 ) ) ;
#1654 = DIRECTION ( 'NONE',  ( 1.000000000000000000, -0.000000000000000000, -0.000000000000000000 ) ) ;
#1655 = CIRCLE ( 'NONE', #8081, 5.500000000000001776 ) ;
#1656 = ORIENTED_EDGE ( 'NONE', *, *, #4061, .F. ) ;
#1657 = DIRECTION ( 'NONE',  ( -1.000000000000000000, 0.000000000000000000, 0.000000000000000000 ) ) ;
#1658 = DIRECTION ( 'NONE',  ( 1.000000000000000000, 0.000000000000000000, 0.000000000000000000 ) ) ;
#1659 = ORIENTED_EDGE ( 'NONE', *, *, #4446, .F. ) ;
#1660 = AXIS2_PLACEMENT_3D ( 'NONE', #8683, #4956, #4903 ) ;
#1661 = AXIS2_PLACEMENT_3D ( 'NONE', #6217, #6167, #930 ) ;
#1662 = DIRECTION ( 'NONE',  ( 0.000000000000000000, 1.000000000000000000, 0.000000000000000000 ) ) ;
#1663 = EDGE_CURVE ( 'NONE', #455, #7394, #5055, .T. ) ;
#1664 = CARTESIAN_POINT ( 'NONE',  ( 8.000000000000000000, 0.000000000000000000, 32.00000000000000000 ) ) ;
#1665 = CARTESIAN_POINT ( 'NONE',  ( -20.00000000000000000, 0.000000000000000000, 5.000000000000000000 ) ) ;
#1666 = EDGE_CURVE ( 'NONE', #2072, #2346, #7638, .T. ) ;
#1667 = CARTESIAN_POINT ( 'NONE',  ( -15.00000000000000533, 163.0421737147788406, 41.80724571592951833 ) ) ;
#1668 = VERTEX_POINT ( 'NONE', #8779 ) ;
#1669 = DIRECTION ( 'NONE',  ( 1.000000000000000000, -0.000000000000000000, -0.000000000000000000 ) ) ;
#1670 = VECTOR ( 'NONE', #1220, 1000.000000000000000 ) ;
#1671 = ORIENTED_EDGE ( 'NONE', *, *, #4624, .F. ) ;
#1672 = ORIENTED_EDGE ( 'NONE', *, *, #4381, .T. ) ;
#1673 = AXIS2_PLACEMENT_3D ( 'NONE', #5274, #8271, #1548 ) ;
#1674 = AXIS2_PLACEMENT_3D ( 'NONE', #9276, #5532, #7646 ) ;
#1675 = ORIENTED_EDGE ( 'NONE', *, *, #7476, .F. ) ;
#1676 = DIRECTION ( 'NONE',  ( 0.000000000000000000, 0.2873478855663455511, 0.9578262852211513190 ) ) ;
#1677 = CARTESIAN_POINT ( 'NONE',  ( 8.000000000000000000, 29.56414504036120761, 6.745869835682794857 ) ) ;
#1678 = ORIENTED_EDGE ( 'NONE', *, *, #612, .F. ) ;
#1679 = ORIENTED_EDGE ( 'NONE', *, *, #2228, .T. ) ;
#1680 = EDGE_LOOP ( 'NONE', ( #6807, #3979 ) ) ;
#1681 = DIRECTION ( 'NONE',  ( 0.000000000000000000, -1.000000000000000000, 0.000000000000000000 ) ) ;
#1682 = AXIS2_PLACEMENT_3D ( 'NONE', #6316, #2587, #4702 ) ;
#1683 = FACE_OUTER_BOUND ( 'NONE', #7130, .T. ) ;
#1684 = ORIENTED_EDGE ( 'NONE', *, *, #2625, .F. ) ;
#1685 = CYLINDRICAL_SURFACE ( 'NONE', #3774, 4.000000000000000000 ) ;
#1686 = PRODUCT_DEFINITION ( 'UNKNOWN', '', #6603, #697 ) ;
#1687 = CARTESIAN_POINT ( 'NONE',  ( -49.99999999999999289, 170.4999999999999716, 84.09553823317371268 ) ) ;
#1688 = ORIENTED_EDGE ( 'NONE', *, *, #7480, .F. ) ;
#1689 = DIRECTION ( 'NONE',  ( 1.000000000000000000, -1.387778780781444689E-15, 0.000000000000000000 ) ) ;
#1690 = DIRECTION ( 'NONE',  ( -1.000000000000000000, -1.734723475976805517E-15, 0.000000000000000000 ) ) ;
#1691 = DIRECTION ( 'NONE',  ( 1.000000000000000000, 0.000000000000000000, 0.000000000000000000 ) ) ;
#1692 = CARTESIAN_POINT ( 'NONE',  ( 10.00000000000000000, 12.24586983568269183, -29.56414504036126090 ) ) ;
#1693 = DIRECTION ( 'NONE',  ( -0.6554295208624905111, 1.690655578473642650E-16, -0.7552563426956219184 ) ) ;
#1694 = DIRECTION ( 'NONE',  ( -0.000000000000000000, -0.000000000000000000, -1.000000000000000000 ) ) ;
#1695 = CARTESIAN_POINT ( 'NONE',  ( -50.00000000000000711, 25.99999999999995737, 75.00000000000000000 ) ) ;
#1696 = CYLINDRICAL_SURFACE ( 'NONE', #9145, 4.049999999999999822 ) ;
#1697 = EDGE_CURVE ( 'NONE', #2880, #9244, #4465, .T. ) ;
#1698 = CARTESIAN_POINT ( 'NONE',  ( 0.000000000000000000, 0.000000000000000000, 10.00000000000000000 ) ) ;
#1699 = CARTESIAN_POINT ( 'NONE',  ( 8.000000000000000000, -14.14213562373074495, 14.14213562373108779 ) ) ;
#1700 = DIRECTION ( 'NONE',  ( 1.000000000000000000, 0.000000000000000000, 0.000000000000000000 ) ) ;
#1701 = VERTEX_POINT ( 'NONE', #6416 ) ;
#1702 = LINE ( 'NONE', #4695, #6548 ) ;
#1703 = DIRECTION ( 'NONE',  ( 0.000000000000000000, -1.000000000000000000, 0.000000000000000000 ) ) ;
#1704 = ADVANCED_FACE ( 'NONE', ( #2057, #4307 ), #5832, .F. ) ;
#1705 = DIRECTION ( 'NONE',  ( 0.000000000000000000, 0.000000000000000000, -1.000000000000000000 ) ) ;
#1706 = CARTESIAN_POINT ( 'NONE',  ( 8.000000000000000000, 14.14213562373094213, 14.14213562373089417 ) ) ;
#1707 = CARTESIAN_POINT ( 'NONE',  ( -67.99999999999997158, 31.99999999999995737, 45.00000000000000711 ) ) ;
#1708 = CARTESIAN_POINT ( 'NONE',  ( -59.09553823317371979, 25.49999999999995737, 75.00000000000000000 ) ) ;
#1709 = VERTEX_POINT ( 'NONE', #7099 ) ;
#1710 = PRODUCT_DEFINITION_SHAPE ( 'NONE', 'NONE',  #9672 ) ;
#1711 = CYLINDRICAL_SURFACE ( 'NONE', #5484, 11.09553823317370380 ) ;
#1712 = ORIENTED_EDGE ( 'NONE', *, *, #918, .F. ) ;
#1713 = EDGE_LOOP ( 'NONE', ( #3331, #6523, #3047, #9498 ) ) ;
#1714 = ITEM_DEFINED_TRANSFORMATION ( 'NONE', 'NONE', #7690,  #6276 ) ;
#1715 = ORIENTED_EDGE ( 'NONE', *, *, #5063, .F. ) ;
#1716 = DIRECTION ( 'NONE',  ( 0.000000000000000000, 0.000000000000000000, -1.000000000000000000 ) ) ;
#1717 = EDGE_CURVE ( 'NONE', #4961, #5838, #3379, .T. ) ;
#1718 = DIRECTION ( 'NONE',  ( -0.000000000000000000, -0.000000000000000000, -1.000000000000000000 ) ) ;
#1719 = AXIS2_PLACEMENT_3D ( 'NONE', #1736, #4933, #1062 ) ;
#1720 = ORIENTED_EDGE ( 'NONE', *, *, #1542, .T. ) ;
#1721 = ORIENTED_EDGE ( 'NONE', *, *, #8958, .T. ) ;
#1722 = ORIENTED_EDGE ( 'NONE', *, *, #1008, .F. ) ;
#1723 = CYLINDRICAL_SURFACE ( 'NONE', #4470, 5.500000000000000888 ) ;
#1724 = CIRCLE ( 'NONE', #2818, 2.249999999999999556 ) ;
#1725 = VECTOR ( 'NONE', #7849, 1000.000000000000000 ) ;
#1726 = DIRECTION ( 'NONE',  ( 0.000000000000000000, 0.000000000000000000, 1.000000000000000000 ) ) ;
#1727 = EDGE_CURVE ( 'NONE', #1476, #2799, #8744, .T. ) ;
#1728 = ORIENTED_EDGE ( 'NONE', *, *, #4135, .T. ) ;
#1729 = PLANE ( 'NONE',  #7687 ) ;
#1730 = DIRECTION ( 'NONE',  ( -1.000000000000000000, 0.000000000000000000, 0.000000000000000000 ) ) ;
#1731 = AXIS2_PLACEMENT_3D ( 'NONE', #8963, #2173, #6694 ) ;
#1732 = ORIENTED_EDGE ( 'NONE', *, *, #8751, .T. ) ;
#1733 = CARTESIAN_POINT ( 'NONE',  ( -21.99999999999999645, 2.304377683636468267E-13, 92.00000000000001421 ) ) ;
#1734 = CARTESIAN_POINT ( 'NONE',  ( -4.875000000000000000, 5.970153145843347347E-16, 35.00000000000000000 ) ) ;
#1735 = DIRECTION ( 'NONE',  ( -1.000000000000000000, 0.000000000000000000, 0.000000000000000000 ) ) ;
#1736 = CARTESIAN_POINT ( 'NONE',  ( 0.000000000000000000, 0.000000000000000000, 10.00000000000000000 ) ) ;
#1737 = EDGE_CURVE ( 'NONE', #8362, #7962, #4498, .T. ) ;
#1738 = AXIS2_PLACEMENT_3D ( 'NONE', #9553, #8857, #9503 ) ;
#1739 = CARTESIAN_POINT ( 'NONE',  ( -40.52354645794608956, 39.69838535254829992, 1101.912631681478388 ) ) ;
#1740 = AXIS2_PLACEMENT_3D ( 'NONE', #5575, #1222, #4840 ) ;
#1741 = FACE_OUTER_BOUND ( 'NONE', #8388, .T. ) ;
#1742 = CARTESIAN_POINT ( 'NONE',  ( -94.65371790397341556, 160.6912736459005657, 10.93817218284273629 ) ) ;
#1743 = DIRECTION ( 'NONE',  ( 1.000000000000000000, 0.000000000000000000, -0.000000000000000000 ) ) ;
#1744 = AXIS2_PLACEMENT_3D ( 'NONE', #9063, #3208, #6008 ) ;
#1745 = DIRECTION ( 'NONE',  ( -0.000000000000000000, -0.000000000000000000, -1.000000000000000000 ) ) ;
#1746 = DIRECTION ( 'NONE',  ( 1.000000000000000000, 0.000000000000000000, 0.000000000000000000 ) ) ;
#1747 = CARTESIAN_POINT ( 'NONE',  ( 8.000000000000000000, -14.14213562373074495, 14.14213562373108779 ) ) ;
#1748 = VERTEX_POINT ( 'NONE', #8044 ) ;
#1749 = EDGE_CURVE ( 'NONE', #4646, #6995, #7169, .T. ) ;
#1750 =( LENGTH_UNIT ( ) NAMED_UNIT ( * ) SI_UNIT ( .MILLI., .METRE. ) );
#1751 = ORIENTED_EDGE ( 'NONE', *, *, #1170, .T. ) ;
#1752 = CARTESIAN_POINT ( 'NONE',  ( 8.000000000000000000, -19.99999999999994671, 2.098176381848607732E-13 ) ) ;
#1753 = DIRECTION ( 'NONE',  ( 1.000000000000000000, 0.000000000000000000, 0.000000000000000000 ) ) ;
#1754 = AXIS2_PLACEMENT_3D ( 'NONE', #1848, #7085, #2725 ) ;
#1755 = LINE ( 'NONE', #5379, #6915 ) ;
#1756 = ORIENTED_EDGE ( 'NONE', *, *, #7864, .T. ) ;
#1757 = CARTESIAN_POINT ( 'NONE',  ( -32.00000000000000000, 157.9999999999999432, 75.14676883630339432 ) ) ;
#1758 = DIRECTION ( 'NONE',  ( -1.000000000000000000, 0.000000000000000000, 0.000000000000000000 ) ) ;
#1759 = DIRECTION ( 'NONE',  ( 0.000000000000000000, 0.000000000000000000, -1.000000000000000000 ) ) ;
#1760 = VERTEX_POINT ( 'NONE', #1367 ) ;
#1761 = EDGE_CURVE ( 'NONE', #2307, #1952, #8262, .T. ) ;
#1762 = LINE ( 'NONE', #1614, #2048 ) ;
#1763 = CIRCLE ( 'NONE', #3016, 30.00000000000000000 ) ;
#1764 = ORIENTED_EDGE ( 'NONE', *, *, #7792, .T. ) ;
#1765 = VERTEX_POINT ( 'NONE', #3028 ) ;
#1766 = ORIENTED_EDGE ( 'NONE', *, *, #4313, .T. ) ;
#1767 = DIRECTION ( 'NONE',  ( -1.000000000000000000, -0.000000000000000000, -5.782411586589345411E-15 ) ) ;
#1768 = CYLINDRICAL_SURFACE ( 'NONE', #5231, 5.000000000000000888 ) ;
#1769 = ORIENTED_EDGE ( 'NONE', *, *, #474, .T. ) ;
#1770 = ORIENTED_EDGE ( 'NONE', *, *, #8970, .T. ) ;
#1771 = ORIENTED_EDGE ( 'NONE', *, *, #7488, .T. ) ;
#1772 = CARTESIAN_POINT ( 'NONE',  ( 0.000000000000000000, 0.000000000000000000, 7.000000000000000000 ) ) ;
#1773 = ITEM_DEFINED_TRANSFORMATION ( 'NONE', 'NONE', #1282,  #6276 ) ;
#1774 = AXIS2_PLACEMENT_3D ( 'NONE', #1587, #4926, #362 ) ;
#1775 = VERTEX_POINT ( 'NONE', #8375 ) ;
#1776 = FACE_OUTER_BOUND ( 'NONE', #1624, .T. ) ;
#1777 = AXIS2_PLACEMENT_3D ( 'NONE', #2924, #6649, #1363 ) ;
#1778 = ORIENTED_EDGE ( 'NONE', *, *, #2229, .F. ) ;
#1779 = LINE ( 'NONE', #8555, #8845 ) ;
#1780 = EDGE_CURVE ( 'NONE', #5340, #4262, #4034, .T. ) ;
#1781 = VERTEX_POINT ( 'NONE', #6166 ) ;
#1783 = DIRECTION ( 'NONE',  ( -0.000000000000000000, -0.2873478855663454956, -0.9578262852211513190 ) ) ;
#1782 = CIRCLE ( 'NONE', #9474, 17.00000000000000000 ) ;
#1784 = DIRECTION ( 'NONE',  ( 0.000000000000000000, 0.000000000000000000, -1.000000000000000000 ) ) ;
#1785 = CARTESIAN_POINT ( 'NONE',  ( -1.085421957672170867, 163.3135130784930595, 10.02942948634752085 ) ) ;
#1786 = FACE_OUTER_BOUND ( 'NONE', #2806, .T. ) ;
#1787 = ADVANCED_FACE ( 'NONE', ( #89 ), #9121, .F. ) ;
#1788 = CARTESIAN_POINT ( 'NONE',  ( -42.89209174681296588, 39.69838535254829992, 1071.440427957639258 ) ) ;
#1789 = DIRECTION ( 'NONE',  ( 1.000000000000000000, 1.156482317317870344E-15, -0.000000000000000000 ) ) ;
#1790 = CIRCLE ( 'NONE', #71, 4.875000000000000000 ) ;
#1791 = DIRECTION ( 'NONE',  ( 0.000000000000000000, 0.000000000000000000, 1.000000000000000000 ) ) ;
#1792 = DIRECTION ( 'NONE',  ( -1.000000000000000000, 0.000000000000000000, 0.000000000000000000 ) ) ;
#1793 = PRODUCT_DEFINITION_SHAPE ( 'NONE', 'NONE',  #9668 ) ;
#1794 = DIRECTION ( 'NONE',  ( -1.000000000000000000, -4.956352788505163391E-17, 0.000000000000000000 ) ) ;
#1795 = EDGE_CURVE ( 'NONE', #4325, #5049, #1702, .T. ) ;
#1796 =( NAMED_UNIT ( * ) SI_UNIT ( $, .STERADIAN. ) SOLID_ANGLE_UNIT ( ) );
#1797 = AXIS2_PLACEMENT_3D ( 'NONE', #1355, #2132, #7426 ) ;
#1798 = CARTESIAN_POINT ( 'NONE',  ( 10.00000000000000000, 12.24586983568289789, 29.56414504036117563 ) ) ;
#1799 = VECTOR ( 'NONE', #9017, 1000.000000000000000 ) ;
#1800 = EDGE_LOOP ( 'NONE', ( #6792, #3582 ) ) ;
#1801 = CYLINDRICAL_SURFACE ( 'NONE', #4387, 5.499999999999998224 ) ;
#1802 = DIRECTION ( 'NONE',  ( -0.000000000000000000, -0.000000000000000000, -1.000000000000000000 ) ) ;
#1803 = AXIS2_PLACEMENT_3D ( 'NONE', #5697, #3396, #1974 ) ;
#1804 = LINE ( 'NONE', #441, #4918 ) ;
#1805 = ORIENTED_EDGE ( 'NONE', *, *, #5308, .T. ) ;
#1806 = CARTESIAN_POINT ( 'NONE',  ( 10.00000000000000000, -19.99999999999994671, 5.500000000000209610 ) ) ;
#1807 = DIRECTION ( 'NONE',  ( -0.000000000000000000, -0.000000000000000000, -1.000000000000000000 ) ) ;
#1808 = LINE ( 'NONE', #5738, #6671 ) ;
#1809 = ORIENTED_EDGE ( 'NONE', *, *, #872, .F. ) ;
#1810 = DIRECTION ( 'NONE',  ( 0.000000000000000000, 0.000000000000000000, -1.000000000000000000 ) ) ;
#1811 = VERTEX_POINT ( 'NONE', #6761 ) ;
#1812 = VERTEX_POINT ( 'NONE', #7685 ) ;
#1813 = VERTEX_POINT ( 'NONE', #3219 ) ;
#1814 = FACE_BOUND ( 'NONE', #5482, .T. ) ;
#1815 = CIRCLE ( 'NONE', #5569, 1.000000000000000888 ) ;
#1816 = DIRECTION ( 'NONE',  ( -1.000000000000000000, 0.000000000000000000, 0.000000000000000000 ) ) ;
#1817 = EDGE_CURVE ( 'NONE', #780, #9390, #2433, .T. ) ;
#1818 = ORIENTED_EDGE ( 'NONE', *, *, #8594, .F. ) ;
#1819 = EDGE_LOOP ( 'NONE', ( #5289, #6488, #7576 ) ) ;
#1820 = CIRCLE ( 'NONE', #9359, 35.00000000000000000 ) ;
#1821 = PLANE ( 'NONE',  #4623 ) ;
#1822 = ORIENTED_EDGE ( 'NONE', *, *, #6243, .F. ) ;
#1823 = DIRECTION ( 'NONE',  ( 0.000000000000000000, 0.000000000000000000, -1.000000000000000000 ) ) ;
#1824 = AXIS2_PLACEMENT_3D ( 'NONE', #4359, #3623, #5954 ) ;
#1825 =( REPRESENTATION_RELATIONSHIP ('NONE','NONE', #5518, #3457 ) REPRESENTATION_RELATIONSHIP_WITH_TRANSFORMATION ( #5755 )SHAPE_REPRESENTATION_RELATIONSHIP( ) );
#1826 = CONTEXT_DEPENDENT_SHAPE_REPRESENTATION ( #5713, #5146 ) ;
#1827 = VERTEX_POINT ( 'NONE', #5432 ) ;
#1828 = ORIENTED_EDGE ( 'NONE', *, *, #628, .F. ) ;
#1829 = CARTESIAN_POINT ( 'NONE',  ( -90.14588030765042959, 169.5474682450656871, 13.67442833713973194 ) ) ;
#1830 = ORIENTED_EDGE ( 'NONE', *, *, #9314, .F. ) ;
#1831 = DIRECTION ( 'NONE',  ( 1.000000000000000000, -0.000000000000000000, -0.000000000000000000 ) ) ;
#1832 = ADVANCED_FACE ( 'NONE', ( #978 ), #3079, .F. ) ;
#1833 = VECTOR ( 'NONE', #5466, 1000.000000000000000 ) ;
#1834 = CIRCLE ( 'NONE', #1674, 5.500000000000000888 ) ;
#1835 = ORIENTED_EDGE ( 'NONE', *, *, #4912, .F. ) ;
#1836 = CARTESIAN_POINT ( 'NONE',  ( 2.249999999999999112, 22.00000000000000000, 92.00000000000001421 ) ) ;
#1837 = PRESENTATION_STYLE_ASSIGNMENT (( #4881 ) ) ;
#1838 = CARTESIAN_POINT ( 'NONE',  ( 8.000000000000000000, 22.62741699796940154, -22.62741699796964312 ) ) ;
#1839 = CARTESIAN_POINT ( 'NONE',  ( 8.000000000000000000, -1.021259646113993889E-15, 8.499999999999952038 ) ) ;
#1840 = CLOSED_SHELL ( 'NONE', ( #4064, #6697, #9357, #4822, #3737, #6235 ) ) ;
#1841 = DIRECTION ( 'NONE',  ( -0.4122577421069864023, -5.925114611597613590E-17, -0.9110672610037361396 ) ) ;
#1842 = CARTESIAN_POINT ( 'NONE',  ( -100.0000000000000000, 180.0000000000000284, 25.00000000000000711 ) ) ;
#1843 = EDGE_CURVE ( 'NONE', #6816, #736, #2300, .T. ) ;
#1844 = DIRECTION ( 'NONE',  ( 1.000000000000000000, 0.000000000000000000, -0.000000000000000000 ) ) ;
#1845 = DIRECTION ( 'NONE',  ( 1.000000000000000000, 0.000000000000000000, 0.000000000000000000 ) ) ;
#1846 = VECTOR ( 'NONE', #7494, 1000.000000000000227 ) ;
#1847 = ADVANCED_FACE ( 'NONE', ( #234 ), #6117, .F. ) ;
#1848 = CARTESIAN_POINT ( 'NONE',  ( 0.000000000000000000, 1.500000000000000000, 0.000000000000000000 ) ) ;
#1849 = DIRECTION ( 'NONE',  ( 0.000000000000000000, 0.000000000000000000, -1.000000000000000000 ) ) ;
#1850 = LINE ( 'NONE', #1950, #1670 ) ;
#1851 = DIRECTION ( 'NONE',  ( 0.2097202010975367514, -1.074350574617421235E-16, 0.9777614418924531758 ) ) ;
#1852 = VERTEX_POINT ( 'NONE', #6216 ) ;
#1853 = DIRECTION ( 'NONE',  ( -1.000000000000000000, 0.000000000000000000, 0.000000000000000000 ) ) ;
#1854 = CARTESIAN_POINT ( 'NONE',  ( -32.00000000000001421, 163.0421737147788122, 58.19275428407049588 ) ) ;
#1855 = EDGE_CURVE ( 'NONE', #9534, #704, #8474, .T. ) ;
#1856 = DIRECTION ( 'NONE',  ( -1.000000000000000000, 0.000000000000000000, 0.000000000000000000 ) ) ;
#1857 = ORIENTED_EDGE ( 'NONE', *, *, #8207, .F. ) ;
#1858 = CARTESIAN_POINT ( 'NONE',  ( -2.703184496152642335, 165.7005162324179253, 10.23553265404355805 ) ) ;
#1859 = CARTESIAN_POINT ( 'NONE',  ( -15.00000000000001421, 169.9963903044867948, 75.04865681833686608 ) ) ;
#1860 = DIRECTION ( 'NONE',  ( -0.000000000000000000, -0.000000000000000000, -1.000000000000000000 ) ) ;
#1861 = ORIENTED_EDGE ( 'NONE', *, *, #9154, .T. ) ;
#1862 = PLANE ( 'NONE',  #8307 ) ;
#1863 = VERTEX_POINT ( 'NONE', #9072 ) ;
#1864 = ORIENTED_EDGE ( 'NONE', *, *, #5648, .T. ) ;
#1865 = CARTESIAN_POINT ( 'NONE',  ( 0.000000000000000000, 0.000000000000000000, 35.00000000000000000 ) ) ;
#1866 = EDGE_LOOP ( 'NONE', ( #8179, #1425, #1000, #3234 ) ) ;
#1867 = FACE_BOUND ( 'NONE', #505, .T. ) ;
#1868 = DIRECTION ( 'NONE',  ( -0.000000000000000000, -1.000000000000000000, -0.000000000000000000 ) ) ;
#1869 = ORIENTED_EDGE ( 'NONE', *, *, #4426, .F. ) ;
#1870 = ORIENTED_EDGE ( 'NONE', *, *, #6464, .T. ) ;
#1871 = VERTEX_POINT ( 'NONE', #9218 ) ;
#1872 = PLANE ( 'NONE',  #9507 ) ;
#1873 = ADVANCED_FACE ( 'NONE', ( #3765 ), #2479, .F. ) ;
#1874 = PRODUCT_DEFINITION_SHAPE ( 'NONE', 'NONE',  #9673 ) ;
#1875 = ORIENTED_EDGE ( 'NONE', *, *, #4012, .T. ) ;
#1876 = DIRECTION ( 'NONE',  ( -0.000000000000000000, -1.000000000000000000, -0.000000000000000000 ) ) ;
#1877 = VERTEX_POINT ( 'NONE', #186 ) ;
#1878 = FACE_OUTER_BOUND ( 'NONE', #751, .T. ) ;
#1879 = ORIENTED_EDGE ( 'NONE', *, *, #6884, .T. ) ;
#1880 = DIRECTION ( 'NONE',  ( 0.000000000000000000, -1.000000000000000000, 0.000000000000000000 ) ) ;
#1881 = LINE ( 'NONE', #3303, #8702 ) ;
#1882 = AXIS2_PLACEMENT_3D ( 'NONE', #5782, #8224, #1366 ) ;
#1883 = CIRCLE ( 'NONE', #8942, 2.249999999999998668 ) ;
#1884 = DIRECTION ( 'NONE',  ( 1.000000000000000000, -0.000000000000000000, -0.000000000000000000 ) ) ;
#1885 = CARTESIAN_POINT ( 'NONE',  ( -85.00000000000000000, 25.99999999999995737, 110.0000000000000000 ) ) ;
#1886 = EDGE_CURVE ( 'NONE', #9235, #6038, #3719, .T. ) ;
#1887 = DIRECTION ( 'NONE',  ( -0.9110672610037331420, -1.430449205393404586E-16, 0.4122577421069927306 ) ) ;
#1888 = CARTESIAN_POINT ( 'NONE',  ( 8.000000000000000000, 14.14213562373094213, 19.64213562373089061 ) ) ;
#1889 = AXIS2_PLACEMENT_3D ( 'NONE', #7691, #3130, #8429 ) ;
#1890 = CARTESIAN_POINT ( 'NONE',  ( 8.000000000000000000, 32.00000000000000000, -1.117274028429802674E-13 ) ) ;
#1891 = LINE ( 'NONE', #5720, #6636 ) ;
#1892 = CIRCLE ( 'NONE', #4238, 11.19999999999999396 ) ;
#1893 = CARTESIAN_POINT ( 'NONE',  ( -23.21140459226321795, 256.1983853525483710, 1075.000000000007503 ) ) ;
#1894 = CARTESIAN_POINT ( 'NONE',  ( -91.58559491250207429, 36.93779353250831576, 12.56848423767466194 ) ) ;
#1895 = CIRCLE ( 'NONE', #3146, 5.000000000000000000 ) ;
#1896 = LINE ( 'NONE', #6458, #230 ) ;
#1897 = EDGE_CURVE ( 'NONE', #3192, #8231, #9213, .T. ) ;
#1898 = FACE_OUTER_BOUND ( 'NONE', #1481, .T. ) ;
#1899 = EDGE_CURVE ( 'NONE', #9334, #5693, #6022, .T. ) ;
#1900 = EDGE_LOOP ( 'NONE', ( #4357, #7804, #6854, #1764 ) ) ;
#1901 = LINE ( 'NONE', #7888, #8789 ) ;
#1902 = FACE_OUTER_BOUND ( 'NONE', #3937, .T. ) ;
#1903 = PLANE ( 'NONE',  #9468 ) ;
#1904 = ORIENTED_EDGE ( 'NONE', *, *, #3642, .T. ) ;
#1905 = DIRECTION ( 'NONE',  ( 0.000000000000000000, 0.000000000000000000, 1.000000000000000000 ) ) ;
#1906 = PLANE ( 'NONE',  #3604 ) ;
#1907 = CARTESIAN_POINT ( 'NONE',  ( 8.000000000000000000, 19.99999999999995026, -5.500000000000070166 ) ) ;
#1908 = ADVANCED_FACE ( 'NONE', ( #2286 ), #6897, .F. ) ;
#1909 = DIRECTION ( 'NONE',  ( 1.000000000000000000, 0.000000000000000000, 0.000000000000000000 ) ) ;
#1910 = VERTEX_POINT ( 'NONE', #828 ) ;
#1911 = CARTESIAN_POINT ( 'NONE',  ( -32.00000000000000000, 37.99999999999995737, 35.00000000000000000 ) ) ;
#1912 = ADVANCED_FACE ( 'NONE', ( #3809 ), #2630, .T. ) ;
#1913 = VERTEX_POINT ( 'NONE', #7091 ) ;
#1914 = ORIENTED_EDGE ( 'NONE', *, *, #4012, .F. ) ;
#1915 = LINE ( 'NONE', #2458, #5266 ) ;
#1916 = VERTEX_POINT ( 'NONE', #285 ) ;
#1917 = DIRECTION ( 'NONE',  ( -1.000000000000000000, 0.000000000000000000, 0.000000000000000000 ) ) ;
#1918 = CYLINDRICAL_SURFACE ( 'NONE', #8741, 1.000000000000000888 ) ;
#1919 = ADVANCED_FACE ( 'NONE', ( #4896 ), #7790, .F. ) ;
#1920 = VERTEX_POINT ( 'NONE', #6261 ) ;
#1921 = SURFACE_STYLE_FILL_AREA ( #7269 ) ;
#1922 = EDGE_CURVE ( 'NONE', #7938, #1709, #5527, .T. ) ;
#1923 = ORIENTED_EDGE ( 'NONE', *, *, #2262, .F. ) ;
#1924 = PLANE ( 'NONE',  #4165 ) ;
#1925 = EDGE_LOOP ( 'NONE', ( #4825, #4173, #4078, #6078 ) ) ;
#1926 = EDGE_LOOP ( 'NONE', ( #160, #6630 ) ) ;
#1927 = FACE_OUTER_BOUND ( 'NONE', #8883, .T. ) ;
#1928 = ORIENTED_EDGE ( 'NONE', *, *, #918, .T. ) ;
#1929 = FACE_OUTER_BOUND ( 'NONE', #5853, .T. ) ;
#1930 = ADVANCED_FACE ( 'NONE', ( #2580 ), #1801, .F. ) ;
#1931 = EDGE_CURVE ( 'NONE', #2595, #7124, #3373, .T. ) ;
#1932 = ORIENTED_EDGE ( 'NONE', *, *, #7405, .T. ) ;
#1933 = CARTESIAN_POINT ( 'NONE',  ( 8.000000000000000000, -14.14213562373074495, 19.64213562373108957 ) ) ;
#1934 = DIRECTION ( 'NONE',  ( 0.000000000000000000, 0.000000000000000000, 1.000000000000000000 ) ) ;
#1935 = CARTESIAN_POINT ( 'NONE',  ( 8.000000000000000000, 3.287578542732749400E-16, 19.99999999999995026 ) ) ;
#1936 = AXIS2_PLACEMENT_3D ( 'NONE', #8261, #162, #957 ) ;
#1937 = DIRECTION ( 'NONE',  ( 1.000000000000000000, -4.956352788505163391E-17, 0.000000000000000000 ) ) ;
#1938 = CARTESIAN_POINT ( 'NONE',  ( 3.701227089205172405, 39.69838535254830703, 1092.312141865688091 ) ) ;
#1939 = VECTOR ( 'NONE', #6063, 1000.000000000000000 ) ;
#1940 = AXIS2_PLACEMENT_3D ( 'NONE', #2535, #5529, #6902 ) ;
#1941 = CARTESIAN_POINT ( 'NONE',  ( 4.000000000000000000, 4.898587196589412829E-16, 80.00000000000000000 ) ) ;
#1942 = DIRECTION ( 'NONE',  ( 0.000000000000000000, 1.000000000000000000, 0.000000000000000000 ) ) ;
#1943 = CARTESIAN_POINT ( 'NONE',  ( -50.00000000000000000, 15.99999999999995914, 63.79999999999999716 ) ) ;
#1944 = AXIS2_PLACEMENT_3D ( 'NONE', #4419, #6677, #6583 ) ;
#1945 = EDGE_CURVE ( 'NONE', #7967, #5688, #2532, .T. ) ;
#1946 = ADVANCED_FACE ( 'NONE', ( #439 ), #9372, .T. ) ;
#1947 = CIRCLE ( 'NONE', #7573, 5.500000000000000888 ) ;
#1948 = CARTESIAN_POINT ( 'NONE',  ( 8.000000000000000000, 32.00000000000000000, -1.117274028429802674E-13 ) ) ;
#1949 = CARTESIAN_POINT ( 'NONE',  ( 8.000000000000000000, 22.62741699796940154, -22.62741699796964312 ) ) ;
#1950 = CARTESIAN_POINT ( 'NONE',  ( -4.000000000000000000, 6.123233995736766282E-16, -5.000000000000000000 ) ) ;
#1951 = SHAPE_REPRESENTATION_RELATIONSHIP ( 'NONE' , 'NONE' ,  #3457, #3333 ) ;
#1952 = VERTEX_POINT ( 'NONE', #1075 ) ;
#1953 = DIRECTION ( 'NONE',  ( 1.000000000000000000, -0.000000000000000000, -0.000000000000000000 ) ) ;
#1954 = DIRECTION ( 'NONE',  ( 0.000000000000000000, 0.000000000000000000, -1.000000000000000000 ) ) ;
#1955 = EDGE_CURVE ( 'NONE', #9054, #2795, #2978, .T. ) ;
#1956 =( REPRESENTATION_RELATIONSHIP ('NONE','NONE', #5518, #3457 ) REPRESENTATION_RELATIONSHIP_WITH_TRANSFORMATION ( #7459 )SHAPE_REPRESENTATION_RELATIONSHIP( ) );
#1957 = FACE_OUTER_BOUND ( 'NONE', #6724, .T. ) ;
#1958 = ORIENTED_EDGE ( 'NONE', *, *, #7980, .F. ) ;
#1959 = LINE ( 'NONE', #5531, #5164 ) ;
#1960 = FACE_BOUND ( 'NONE', #1978, .T. ) ;
#1961 = DIRECTION ( 'NONE',  ( 1.000000000000000000, 0.000000000000000000, 0.000000000000000000 ) ) ;
#1962 = VERTEX_POINT ( 'NONE', #6463 ) ;
#1963 = AXIS2_PLACEMENT_3D ( 'NONE', #811, #1541, #3939 ) ;
#1964 = DIRECTION ( 'NONE',  ( 1.000000000000000000, 0.000000000000000000, 0.000000000000000000 ) ) ;
#1965 = ORIENTED_EDGE ( 'NONE', *, *, #7333, .F. ) ;
#1966 = ORIENTED_EDGE ( 'NONE', *, *, #7453, .T. ) ;
#1967 = PRESENTATION_LAYER_ASSIGNMENT (  '', '', ( #2111 ) ) ;
#1968 = ORIENTED_EDGE ( 'NONE', *, *, #4602, .F. ) ;
#1969 = EDGE_CURVE ( 'NONE', #4074, #2346, #6363, .T. ) ;
#1970 = CARTESIAN_POINT ( 'NONE',  ( 10.00000000000000000, 22.62741699796956496, 28.12741699796947970 ) ) ;
#1971 = FACE_OUTER_BOUND ( 'NONE', #8355, .T. ) ;
#1972 = ADVANCED_FACE ( 'NONE', ( #7197 ), #6996, .F. ) ;
#1973 = ORIENTED_EDGE ( 'NONE', *, *, #2041, .F. ) ;
#1974 = DIRECTION ( 'NONE',  ( 0.000000000000000000, -0.2873478855663455511, -0.9578262852211513190 ) ) ;
#1975 = ORIENTED_EDGE ( 'NONE', *, *, #8873, .F. ) ;
#1976 = CARTESIAN_POINT ( 'NONE',  ( 10.00000000000000000, -14.14213562373074495, 14.14213562373108779 ) ) ;
#1977 = CIRCLE ( 'NONE', #7604, 2.249999999999999556 ) ;
#1978 = EDGE_LOOP ( 'NONE', ( #7704, #2841, #9083, #4957, #6093 ) ) ;
#1979 = AXIS2_PLACEMENT_3D ( 'NONE', #7615, #2405, #754 ) ;
#1980 = ORIENTED_EDGE ( 'NONE', *, *, #2922, .T. ) ;
#1981 = CARTESIAN_POINT ( 'NONE',  ( -32.00000000000001421, 169.9999999999999432, 75.00000000000000000 ) ) ;
#1982 = DIRECTION ( 'NONE',  ( 0.000000000000000000, -1.000000000000000000, 0.000000000000000000 ) ) ;
#1983 = ADVANCED_FACE ( 'NONE', ( #3472 ), #5675, .F. ) ;
#1984 = AXIS2_PLACEMENT_3D ( 'NONE', #7744, #3771, #6766 ) ;
#1985 = ORIENTED_EDGE ( 'NONE', *, *, #3345, .T. ) ;
#1986 = CARTESIAN_POINT ( 'NONE',  ( 8.000000000000000000, -12.24586983568247156, 29.56414504036134261 ) ) ;
#1988 = DIRECTION ( 'NONE',  ( 0.000000000000000000, 0.000000000000000000, -1.000000000000000000 ) ) ;
#1987 = AXIS2_PLACEMENT_3D ( 'NONE', #979, #3124, #9073 ) ;
#1989 = CARTESIAN_POINT ( 'NONE',  ( 0.000000000000000000, 22.00000000000000000, 92.00000000000001421 ) ) ;
#1990 = PRODUCT_CONTEXT ( 'NONE', #6147, 'mechanical' ) ;
#1991 = PRODUCT_RELATED_PRODUCT_CATEGORY ( 'part', '', ( #7420 ) ) ;
#1992 = CARTESIAN_POINT ( 'NONE',  ( 0.000000000000000000, 0.000000000000000000, -9.000000000000000000 ) ) ;
#1993 = AXIS2_PLACEMENT_3D ( 'NONE', #7093, #1802, #6410 ) ;
#1994 = CARTESIAN_POINT ( 'NONE',  ( -50.00000000000000000, -28.00000000000010658, 75.00000000000000000 ) ) ;
#1995 = CYLINDRICAL_SURFACE ( 'NONE', #4593, 17.00000000000000000 ) ;
#1996 = PLANE ( 'NONE',  #3792 ) ;
#1997 = CARTESIAN_POINT ( 'NONE',  ( 0.000000000000000000, 0.000000000000000000, 1.000000000000000000 ) ) ;
#1998 = CIRCLE ( 'NONE', #6456, 4.000000000000000000 ) ;
#1999 = DIRECTION ( 'NONE',  ( 1.000000000000000000, 0.000000000000000000, 0.000000000000000000 ) ) ;
#2000 = DIRECTION ( 'NONE',  ( 3.494332759618433646E-17, -0.9999999999999998890, -1.173735987482886797E-16 ) ) ;
#2001 = VECTOR ( 'NONE', #1322, 1000.000000000000000 ) ;
#2002 = ORIENTED_EDGE ( 'NONE', *, *, #7634, .F. ) ;
#2003 = EDGE_CURVE ( 'NONE', #2249, #6081, #1901, .T. ) ;
#2004 = CARTESIAN_POINT ( 'NONE',  ( -67.99999999999997158, 162.4137956343300289, 50.28734788556635493 ) ) ;
#2005 = CYLINDRICAL_SURFACE ( 'NONE', #5270, 5.500000000000000000 ) ;
#2006 = DIRECTION ( 'NONE',  ( -1.000000000000000000, 0.000000000000000000, -0.000000000000000000 ) ) ;
#2007 = ORIENTED_EDGE ( 'NONE', *, *, #1196, .F. ) ;
#2008 = CARTESIAN_POINT ( 'NONE',  ( -1.084584592456345087, 164.6853827770686109, 10.03679988130735268 ) ) ;
#2009 = CARTESIAN_POINT ( 'NONE',  ( -91.21320343559641231, 54.21320343559637678, 10.00000000000001776 ) ) ;
#2010 = CARTESIAN_POINT ( 'NONE',  ( -84.99999999999951683, 157.9999999999999716, 24.85323116369650265 ) ) ;
#2011 = ORIENTED_EDGE ( 'NONE', *, *, #1212, .T. ) ;
#2012 = DIRECTION ( 'NONE',  ( 0.000000000000000000, -0.2873478855663457177, 0.9578262852211512079 ) ) ;
#2013 = ORIENTED_EDGE ( 'NONE', *, *, #1780, .T. ) ;
#2014 = EDGE_CURVE ( 'NONE', #2072, #8756, #3423, .T. ) ;
#2015 = CARTESIAN_POINT ( 'NONE',  ( -50.00000000000000000, 157.9999999999999716, 75.00000000000000000 ) ) ;
#2016 = ORIENTED_EDGE ( 'NONE', *, *, #2763, .T. ) ;
#2017 = APPLICATION_CONTEXT ( 'automotive_design' ) ;
#2018 = ORIENTED_EDGE ( 'NONE', *, *, #1233, .F. ) ;
#2019 = VERTEX_POINT ( 'NONE', #9412 ) ;
#2020 = CYLINDRICAL_SURFACE ( 'NONE', #5108, 30.00000000000000000 ) ;
#2021 = ORIENTED_EDGE ( 'NONE', *, *, #4685, .T. ) ;
#2022 = DIRECTION ( 'NONE',  ( 0.000000000000000000, 0.000000000000000000, -1.000000000000000000 ) ) ;
#2023 = ORIENTED_EDGE ( 'NONE', *, *, #5165, .F. ) ;
#2024 = EDGE_CURVE ( 'NONE', #1536, #5125, #2680, .T. ) ;
#2025 = EDGE_LOOP ( 'NONE', ( #1675, #42, #396, #3986 ) ) ;
#2026 = LINE ( 'NONE', #609, #7535 ) ;
#2027 = CARTESIAN_POINT ( 'NONE',  ( 8.000000000000000000, -31.99999999999999289, 3.351822085289408021E-13 ) ) ;
#2028 = VERTEX_POINT ( 'NONE', #4947 ) ;
#2029 = CARTESIAN_POINT ( 'NONE',  ( 8.000000000000000000, 29.56414504036120761, 12.24586983568279486 ) ) ;
#2030 = CARTESIAN_POINT ( 'NONE',  ( -0.2697132752435936198, 32.17058159211160273, 10.00000000000000000 ) ) ;
#2031 = CARTESIAN_POINT ( 'NONE',  ( -87.40919012322997617, 180.5063471548782559, 16.83574153089335113 ) ) ;
#2032 = CYLINDRICAL_SURFACE ( 'NONE', #6737, 2.249999999999999112 ) ;
#2033 = EDGE_CURVE ( 'NONE', #5882, #3827, #2733, .T. ) ;
#2034 = CARTESIAN_POINT ( 'NONE',  ( 8.000000000000000000, 22.62741699796940154, -17.12741699796964312 ) ) ;
#2035 = CYLINDRICAL_SURFACE ( 'NONE', #2715, 11.20000000000000107 ) ;
#2036 = LINE ( 'NONE', #5769, #9478 ) ;
#2037 = AXIS2_PLACEMENT_3D ( 'NONE', #8420, #5425, #4586 ) ;
#2038 = CIRCLE ( 'NONE', #9409, 9.999999999999998224 ) ;
#2039 = AXIS2_PLACEMENT_3D ( 'NONE', #7574, #5416, #6056 ) ;
#2040 = CARTESIAN_POINT ( 'NONE',  ( -15.00000000000000000, 158.0421737147788406, 74.85942095073713176 ) ) ;
#2041 = EDGE_CURVE ( 'NONE', #4573, #7367, #8728, .T. ) ;
#2042 = DIRECTION ( 'NONE',  ( 0.000000000000000000, 0.000000000000000000, -1.000000000000000000 ) ) ;
#2043 = DIRECTION ( 'NONE',  ( 4.956352788505163391E-17, 1.000000000000000000, 0.000000000000000000 ) ) ;
#2044 = EDGE_CURVE ( 'NONE', #8362, #1920, #1270, .T. ) ;
#2045 = CARTESIAN_POINT ( 'NONE',  ( -39.25997951315252266, -20.57544454745023899, 1047.315288641415009 ) ) ;
#2046 = VECTOR ( 'NONE', #3226, 1000.000000000000000 ) ;
#2047 = ORIENTED_EDGE ( 'NONE', *, *, #6931, .T. ) ;
#2048 = VECTOR ( 'NONE', #6814, 1000.000000000000000 ) ;
#2049 = DIRECTION ( 'NONE',  ( 3.323127485761577049E-16, 0.2873478855663457177, -0.9578262852211512079 ) ) ;
#2050 = CARTESIAN_POINT ( 'NONE',  ( 0.000000000000000000, 0.000000000000000000, 10.00000000000000000 ) ) ;
#2051 = DIRECTION ( 'NONE',  ( 0.000000000000000000, 1.000000000000000000, 0.000000000000000000 ) ) ;
#2052 = DIRECTION ( 'NONE',  ( -1.000000000000000000, 0.000000000000000000, 0.000000000000000000 ) ) ;
#2053 = DIRECTION ( 'NONE',  ( -0.000000000000000000, -0.000000000000000000, -1.000000000000000000 ) ) ;
#2054 = ORIENTED_EDGE ( 'NONE', *, *, #350, .T. ) ;
#2055 = EDGE_CURVE ( 'NONE', #1291, #7967, #3711, .T. ) ;
#2056 = PLANE ( 'NONE',  #4861 ) ;
#2057 = FACE_OUTER_BOUND ( 'NONE', #1680, .T. ) ;
#2058 = DIRECTION ( 'NONE',  ( 1.000000000000000000, 0.000000000000000000, 0.000000000000000000 ) ) ;
#2059 = EDGE_LOOP ( 'NONE', ( #1331, #1190, #5577, #8988 ) ) ;
#2060 = CARTESIAN_POINT ( 'NONE',  ( -67.99999999999995737, 164.9578262852211026, 41.80724571592951833 ) ) ;
#2061 = EDGE_LOOP ( 'NONE', ( #3153, #7161, #6950, #6738 ) ) ;
#2062 = VECTOR ( 'NONE', #2608, 1000.000000000000000 ) ;
#2063 = DIRECTION ( 'NONE',  ( 0.000000000000000000, -0.2873478855663457177, 0.9578262852211512079 ) ) ;
#2064 = ORIENTED_EDGE ( 'NONE', *, *, #1612, .F. ) ;
#2065 = AXIS2_PLACEMENT_3D ( 'NONE', #9252, #3456, #3415 ) ;
#2066 = ORIENTED_EDGE ( 'NONE', *, *, #4123, .T. ) ;
#2067 = EDGE_CURVE ( 'NONE', #4221, #720, #1892, .T. ) ;
#2068 = CYLINDRICAL_SURFACE ( 'NONE', #1489, 11.20000000000000107 ) ;
#2069 = EDGE_LOOP ( 'NONE', ( #3382, #7306, #9339, #4322, #1345, #5147, #1732, #4605, #5690, #9058, #3535, #7150, #2054, #6103, #9338, #8439 ) ) ;
#2070 = DIRECTION ( 'NONE',  ( 1.000000000000000000, -0.000000000000000000, -0.000000000000000000 ) ) ;
#2071 = VERTEX_POINT ( 'NONE', #6696 ) ;
#2072 = VERTEX_POINT ( 'NONE', #1314 ) ;
#2073 = CYLINDRICAL_SURFACE ( 'NONE', #6598, 5.500000000000000888 ) ;
#2074 = CARTESIAN_POINT ( 'NONE',  ( 8.000000000000000000, 22.62741699796940154, -17.12741699796964312 ) ) ;
#2075 = AXIS2_PLACEMENT_3D ( 'NONE', #2960, #2913, #1445 ) ;
#2076 = VERTEX_POINT ( 'NONE', #5870 ) ;
#2077 = CARTESIAN_POINT ( 'NONE',  ( 0.000000000000000000, 31.99999999999992539, 10.00000000000000000 ) ) ;
#2078 = CARTESIAN_POINT ( 'NONE',  ( -67.99999999999997158, 25.99999999999995381, 25.00000000000000711 ) ) ;
#2079 = APPLICATION_PROTOCOL_DEFINITION ( 'draft international standard', 'automotive_design', 1998, #6147 ) ;
#2080 = DIRECTION ( 'NONE',  ( -1.000000000000000000, -1.734723475976805517E-15, 0.000000000000000000 ) ) ;
#2081 = CARTESIAN_POINT ( 'NONE',  ( -85.00000000000000000, 31.99999999999995381, 16.00000000000000000 ) ) ;
#2082 = EDGE_CURVE ( 'NONE', #461, #3144, #1267, .T. ) ;
#2083 = CIRCLE ( 'NONE', #3515, 1.000000000000000888 ) ;
#2084 = DIRECTION ( 'NONE',  ( 1.000000000000000000, 0.000000000000000000, 0.000000000000000000 ) ) ;
#2085 = EDGE_CURVE ( 'NONE', #5155, #7748, #6587, .T. ) ;
#2086 = CARTESIAN_POINT ( 'NONE',  ( 10.00000000000000000, -19.99999999999994671, 2.098176381848607732E-13 ) ) ;
#2087 = CARTESIAN_POINT ( 'NONE',  ( 8.000000000000000000, 19.99999999999995026, -5.500000000000070166 ) ) ;
#2088 = CARTESIAN_POINT ( 'NONE',  ( -7.162829671373716067, -20.57544454745023899, 1102.684711358599770 ) ) ;
#2089 = ORIENTED_EDGE ( 'NONE', *, *, #3648, .T. ) ;
#2090 = DIRECTION ( 'NONE',  ( -0.000000000000000000, -0.000000000000000000, -1.000000000000000000 ) ) ;
#2091 = LINE ( 'NONE', #723, #6992 ) ;
#2092 = DIRECTION ( 'NONE',  ( -3.323127485761577049E-16, 0.2873478855663457177, 0.9578262852211512079 ) ) ;
#2093 = AXIS2_PLACEMENT_3D ( 'NONE', #8320, #1598, #4583 ) ;
#2094 = ADVANCED_FACE ( 'NONE', ( #4257 ), #7340, .T. ) ;
#2095 = DIRECTION ( 'NONE',  ( -0.000000000000000000, 1.000000000000000000, -0.000000000000000000 ) ) ;
#2096 = PLANE ( 'NONE',  #949 ) ;
#2097 = LINE ( 'NONE', #7257, #600 ) ;
#2098 = VECTOR ( 'NONE', #3497, 1000.000000000000227 ) ;
#2099 = CARTESIAN_POINT ( 'NONE',  ( 8.000000000000000000, -14.14213562373074495, 14.14213562373108779 ) ) ;
#2100 = ORIENTED_EDGE ( 'NONE', *, *, #2726, .F. ) ;
#2101 = CARTESIAN_POINT ( 'NONE',  ( -84.99969226877132655, 157.9999999999999716, 75.14676883630350801 ) ) ;
#2102 = ORIENTED_EDGE ( 'NONE', *, *, #8146, .F. ) ;
#2103 = CARTESIAN_POINT ( 'NONE',  ( 8.000000000000000000, -8.499999999999952038, -5.499999999999911182 ) ) ;
#2104 = ORIENTED_EDGE ( 'NONE', *, *, #5194, .T. ) ;
#2105 = AXIS2_PLACEMENT_3D ( 'NONE', #2086, #4250, #2042 ) ;
#2106 = CIRCLE ( 'NONE', #8830, 35.00000000000000000 ) ;
#2107 = CARTESIAN_POINT ( 'NONE',  ( -12.82382187480386548, 180.3901775887946712, 17.20640972903234100 ) ) ;
#2108 = CARTESIAN_POINT ( 'NONE',  ( -50.00000000000000000, 25.99999999999995381, 63.79999999999999716 ) ) ;
#2109 = ORIENTED_EDGE ( 'NONE', *, *, #113, .T. ) ;
#2110 = DIRECTION ( 'NONE',  ( -1.661563742880786749E-15, -0.9578262852211513190, -0.2873478855663457732 ) ) ;
#2111 = STYLED_ITEM ( 'NONE', ( #2368 ), #4826 ) ;
#2112 = ORIENTED_EDGE ( 'NONE', *, *, #8082, .T. ) ;
#2113 = CONTEXT_DEPENDENT_SHAPE_REPRESENTATION ( #822, #685 ) ;
#2114 = AXIS2_PLACEMENT_3D ( 'NONE', #7485, #1595, #3892 ) ;
#2115 = EDGE_CURVE ( 'NONE', #4573, #2163, #6267, .T. ) ;
#2116 = ORIENTED_EDGE ( 'NONE', *, *, #2376, .F. ) ;
#2117 = PLANE ( 'NONE',  #8803 ) ;
#2118 = LINE ( 'NONE', #5802, #2098 ) ;
#2119 = VERTEX_POINT ( 'NONE', #5050 ) ;
#2120 = STYLED_ITEM ( 'NONE', ( #5547 ), #7738 ) ;
#2121 = DIRECTION ( 'NONE',  ( -0.000000000000000000, -0.000000000000000000, 1.000000000000000000 ) ) ;
#2122 = ORIENTED_EDGE ( 'NONE', *, *, #7135, .T. ) ;
#2123 = CARTESIAN_POINT ( 'NONE',  ( -85.85786437626904899, 180.0000000000000000, 20.00000000000000355 ) ) ;
#2124 = VECTOR ( 'NONE', #5700, 1000.000000000000000 ) ;
#2125 = APPLICATION_PROTOCOL_DEFINITION ( 'draft international standard', 'automotive_design', 1998, #9220 ) ;
#2126 = EDGE_CURVE ( 'NONE', #8748, #4124, #6736, .T. ) ;
#2127 = CARTESIAN_POINT ( 'NONE',  ( -85.00000000000000000, 147.9999999999999716, 25.00000000000000711 ) ) ;
#2128 = VECTOR ( 'NONE', #7799, 1000.000000000000000 ) ;
#2129 = CYLINDRICAL_SURFACE ( 'NONE', #3963, 4.000000000000000000 ) ;
#2130 = VECTOR ( 'NONE', #4314, 1000.000000000000000 ) ;
#2131 = DIRECTION ( 'NONE',  ( 1.000000000000000000, -0.000000000000000000, -0.000000000000000000 ) ) ;
#2132 = DIRECTION ( 'NONE',  ( -1.000000000000000000, -0.000000000000000000, -0.000000000000000000 ) ) ;
#2133 = VECTOR ( 'NONE', #6256, 1000.000000000000114 ) ;
#2134 = DIRECTION ( 'NONE',  ( -1.000000000000000000, 4.956352788505163391E-17, 0.000000000000000000 ) ) ;
#2135 = CARTESIAN_POINT ( 'NONE',  ( 8.507457330717283384, -20.57544454745023899, 1070.767530471366399 ) ) ;
#2136 = CIRCLE ( 'NONE', #429, 4.000000000000000000 ) ;
#2137 =( REPRESENTATION_RELATIONSHIP ('NONE','NONE', #5518, #3457 ) REPRESENTATION_RELATIONSHIP_WITH_TRANSFORMATION ( #9292 )SHAPE_REPRESENTATION_RELATIONSHIP( ) );
#2138 = ORIENTED_EDGE ( 'NONE', *, *, #1697, .T. ) ;
#2139 = DIRECTION ( 'NONE',  ( -1.000000000000000000, 1.156482317317870344E-15, -0.000000000000000000 ) ) ;
#2140 = EDGE_CURVE ( 'NONE', #5983, #2501, #5960, .T. ) ;
#2141 = PLANE ( 'NONE',  #8250 ) ;
#2142 = DIRECTION ( 'NONE',  ( 0.000000000000000000, 0.000000000000000000, 1.000000000000000000 ) ) ;
#2143 = CARTESIAN_POINT ( 'NONE',  ( 10.00000000000000000, -19.99999999999994671, 2.098176381848607732E-13 ) ) ;
#2144 = DIRECTION ( 'NONE',  ( 1.000000000000000000, 0.000000000000000000, 0.000000000000000000 ) ) ;
#2145 = DIRECTION ( 'NONE',  ( 1.000000000000000000, 0.000000000000000000, 0.000000000000000000 ) ) ;
#2146 = ORIENTED_EDGE ( 'NONE', *, *, #3899, .F. ) ;
#2147 = VERTEX_POINT ( 'NONE', #3517 ) ;
#2148 = ADVANCED_FACE ( 'NONE', ( #7432 ), #6512, .F. ) ;
#2149 = DIRECTION ( 'NONE',  ( 1.000000000000000000, 0.000000000000000000, 0.000000000000000000 ) ) ;
#2150 = ORIENTED_EDGE ( 'NONE', *, *, #5343, .F. ) ;
#2151 = FACE_OUTER_BOUND ( 'NONE', #3785, .T. ) ;
#2152 = DIRECTION ( 'NONE',  ( 0.000000000000000000, 0.000000000000000000, -1.000000000000000000 ) ) ;
#2153 = VERTEX_POINT ( 'NONE', #8080 ) ;
#2154 = DIRECTION ( 'NONE',  ( -0.000000000000000000, -0.000000000000000000, -1.000000000000000000 ) ) ;
#2155 = PRODUCT_DEFINITION_CONTEXT ( 'detailed design', #6838, 'design' ) ;
#2156 = ORIENTED_EDGE ( 'NONE', *, *, #4123, .F. ) ;
#2157 = ORIENTED_EDGE ( 'NONE', *, *, #1106, .F. ) ;
#2158 = FACE_OUTER_BOUND ( 'NONE', #5170, .T. ) ;
#2159 = LINE ( 'NONE', #3589, #4763 ) ;
#2160 = PRODUCT_DEFINITION_SHAPE ( 'NONE', 'NONE',  #9666 ) ;
#2161 = VERTEX_POINT ( 'NONE', #4300 ) ;
#2162 = DIRECTION ( 'NONE',  ( 0.000000000000000000, 0.000000000000000000, 1.000000000000000000 ) ) ;
#2163 = VERTEX_POINT ( 'NONE', #4390 ) ;
#2164 = ADVANCED_FACE ( 'NONE', ( #3564 ), #1360, .T. ) ;
#2165 = CARTESIAN_POINT ( 'NONE',  ( -100.0000000000000000, 190.0000000000000000, 10.00000000000000000 ) ) ;
#2166 = SHAPE_DEFINITION_REPRESENTATION ( #4603, #2302 ) ;
#2167 = CARTESIAN_POINT ( 'NONE',  ( -14.99928194643630519, 157.9999999999999716, 24.85323116369649910 ) ) ;
#2168 = CARTESIAN_POINT ( 'NONE',  ( -32.00000000000000711, 162.4137956343300289, 49.71265211443365217 ) ) ;
#2169 = CARTESIAN_POINT ( 'NONE',  ( -32.00000000000001421, 166.5440306508910169, 50.00000000000000000 ) ) ;
#2170 = EDGE_CURVE ( 'NONE', #1334, #8528, #5137, .T. ) ;
#2171 = DIRECTION ( 'NONE',  ( 0.000000000000000000, 0.000000000000000000, 1.000000000000000000 ) ) ;
#2172 = CARTESIAN_POINT ( 'NONE',  ( -32.00000000000000000, 37.99999999999995737, 65.00000000000000000 ) ) ;
#2173 = DIRECTION ( 'NONE',  ( 0.000000000000000000, -1.000000000000000000, -3.491481338843133355E-15 ) ) ;
#2174 = ORIENTED_EDGE ( 'NONE', *, *, #227, .T. ) ;
#2175 = DIRECTION ( 'NONE',  ( -1.000000000000000000, 0.000000000000000000, 5.782411586589345411E-15 ) ) ;
#2176 = CARTESIAN_POINT ( 'NONE',  ( -7.500000000000000000, 0.000000000000000000, 0.000000000000000000 ) ) ;
#2177 = CARTESIAN_POINT ( 'NONE',  ( 8.000000000000000000, -1.021259646113993889E-15, 8.499999999999952038 ) ) ;
#2178 = CARTESIAN_POINT ( 'NONE',  ( -32.00000000000000000, 31.99999999999994671, 55.00000000000004263 ) ) ;
#2179 = LINE ( 'NONE', #8922, #8941 ) ;
#2180 = VECTOR ( 'NONE', #3856, 1000.000000000000000 ) ;
#2181 = ADVANCED_FACE ( 'NONE', ( #7386 ), #7525, .F. ) ;
#2182 = FACE_OUTER_BOUND ( 'NONE', #7259, .T. ) ;
#2183 = ORIENTED_EDGE ( 'NONE', *, *, #5439, .T. ) ;
#2184 = AXIS2_PLACEMENT_3D ( 'NONE', #2962, #7482, #9152 ) ;
#2185 = DIRECTION ( 'NONE',  ( 0.000000000000000000, 0.000000000000000000, -1.000000000000000000 ) ) ;
#2186 = CIRCLE ( 'NONE', #5036, 5.000000000000000000 ) ;
#2187 = LINE ( 'NONE', #576, #4742 ) ;
#2188 = ORIENTED_EDGE ( 'NONE', *, *, #8809, .T. ) ;
#2189 = FACE_OUTER_BOUND ( 'NONE', #5880, .T. ) ;
#2190 = VERTEX_POINT ( 'NONE', #8917 ) ;
#2191 = VECTOR ( 'NONE', #2391, 1000.000000000000000 ) ;
#2192 = ADVANCED_FACE ( 'NONE', ( #1453 ), #4999, .F. ) ;
#2193 = CARTESIAN_POINT ( 'NONE',  ( -32.00000000000000000, 31.99999999999995737, 45.00000000000000711 ) ) ;
#2194 = CARTESIAN_POINT ( 'NONE',  ( -91.09827050548767602, 26.83822207598099041, 12.91151513747278656 ) ) ;
#2195 = EDGE_CURVE ( 'NONE', #9390, #4967, #4437, .T. ) ;
#2196 = DIRECTION ( 'NONE',  ( 1.000000000000000000, 0.000000000000000000, 0.000000000000000000 ) ) ;
#2197 = EDGE_LOOP ( 'NONE', ( #3781, #7357 ) ) ;
#2198 = VECTOR ( 'NONE', #5455, 1000.000000000000000 ) ;
#2199 = DIRECTION ( 'NONE',  ( 0.000000000000000000, 0.000000000000000000, -1.000000000000000000 ) ) ;
#2200 = AXIS2_PLACEMENT_3D ( 'NONE', #9604, #5914, #8865 ) ;
#2201 = ORIENTED_EDGE ( 'NONE', *, *, #2195, .F. ) ;
#2202 = ORIENTED_EDGE ( 'NONE', *, *, #8328, .F. ) ;
#2203 = CARTESIAN_POINT ( 'NONE',  ( -67.99999999999995737, 164.9578262852211026, 58.19275428407048878 ) ) ;
#2204 = DIRECTION ( 'NONE',  ( -0.000000000000000000, -0.000000000000000000, -1.000000000000000000 ) ) ;
#2205 = CIRCLE ( 'NONE', #5662, 5.499999999999998224 ) ;
#2206 = ADVANCED_FACE ( 'NONE', ( #3019 ), #3068, .F. ) ;
#2207 = ORIENTED_EDGE ( 'NONE', *, *, #2044, .F. ) ;
#2208 = VERTEX_POINT ( 'NONE', #2060 ) ;
#2209 = ORIENTED_EDGE ( 'NONE', *, *, #577, .T. ) ;
#2210 = DIRECTION ( 'NONE',  ( -0.000000000000000000, -0.000000000000000000, 1.000000000000000000 ) ) ;
#2211 = CIRCLE ( 'NONE', #1439, 4.875000000000000000 ) ;
#2212 = CONTEXT_DEPENDENT_SHAPE_REPRESENTATION ( #130, #3738 ) ;
#2213 = CARTESIAN_POINT ( 'NONE',  ( -40.90446176682628021, 47.99999999999995737, 75.00000000000000000 ) ) ;
#2214 = DIRECTION ( 'NONE',  ( -1.000000000000000000, 0.000000000000000000, 0.000000000000000000 ) ) ;
#2215 = EDGE_CURVE ( 'NONE', #5942, #2951, #5878, .T. ) ;
#2216 = DIRECTION ( 'NONE',  ( -0.000000000000000000, -0.000000000000000000, 1.000000000000000000 ) ) ;
#2217 = EDGE_CURVE ( 'NONE', #5152, #3136, #4634, .T. ) ;
#2218 = ORIENTED_EDGE ( 'NONE', *, *, #715, .T. ) ;
#2219 = CARTESIAN_POINT ( 'NONE',  ( -4.000000000000000000, 0.000000000000000000, 15.00000000000000000 ) ) ;
#2220 = LINE ( 'NONE', #6742, #3046 ) ;
#2221 = FACE_OUTER_BOUND ( 'NONE', #4448, .T. ) ;
#2222 = AXIS2_PLACEMENT_3D ( 'NONE', #2169, #29, #8027 ) ;
#2223 = CARTESIAN_POINT ( 'NONE',  ( -27.44387412090409839, -20.57544454745023543, 1043.281138077026753 ) ) ;
#2224 = EDGE_LOOP ( 'NONE', ( #7602, #416, #8688, #2002, #4450 ) ) ;
#2225 = CYLINDRICAL_SURFACE ( 'NONE', #4781, 2.249999999999999556 ) ;
#2226 = DIRECTION ( 'NONE',  ( -4.956352788505163391E-17, -1.000000000000000000, 0.000000000000000000 ) ) ;
#2227 = DIRECTION ( 'NONE',  ( 0.000000000000000000, 0.000000000000000000, 1.000000000000000000 ) ) ;
#2228 = EDGE_CURVE ( 'NONE', #5679, #4913, #3944, .T. ) ;
#2229 = EDGE_CURVE ( 'NONE', #2444, #2795, #2322, .T. ) ;
#2230 = DIRECTION ( 'NONE',  ( 1.000000000000000000, 1.734723475976805517E-15, 0.000000000000000000 ) ) ;
#2231 = FILL_AREA_STYLE_COLOUR ( '', #7833 ) ;
#2232 = CARTESIAN_POINT ( 'NONE',  ( -67.99999999999997158, 157.9999999999999432, 65.00000000000000000 ) ) ;
#2233 = ORIENTED_EDGE ( 'NONE', *, *, #2215, .F. ) ;
#2234 = CYLINDRICAL_SURFACE ( 'NONE', #8154, 4.000000000000000000 ) ;
#2235 = CIRCLE ( 'NONE', #1936, 4.000000000000000000 ) ;
#2236 = ORIENTED_EDGE ( 'NONE', *, *, #1717, .T. ) ;
#2237 = VECTOR ( 'NONE', #3713, 1000.000000000000114 ) ;
#2238 = LINE ( 'NONE', #7352, #5421 ) ;
#2240 = ORIENTED_EDGE ( 'NONE', *, *, #6593, .T. ) ;
#2239 = EDGE_CURVE ( 'NONE', #5441, #8297, #4617, .T. ) ;
#2241 = VECTOR ( 'NONE', #7254, 1000.000000000000000 ) ;
#2242 = VECTOR ( 'NONE', #7179, 1000.000000000000000 ) ;
#2243 = CARTESIAN_POINT ( 'NONE',  ( -32.00000000000000000, 25.99999999999995381, 65.00000000000000000 ) ) ;
#2244 = CARTESIAN_POINT ( 'NONE',  ( -90.14590078333181111, 26.45253909814137216, 13.67441026290111949 ) ) ;
#2245 = DIRECTION ( 'NONE',  ( 0.000000000000000000, 1.000000000000000000, 0.000000000000000000 ) ) ;
#2246 = ORIENTED_EDGE ( 'NONE', *, *, #4638, .F. ) ;
#2247 = CARTESIAN_POINT ( 'NONE',  ( -85.85786437626904899, 180.0000000000000000, 20.00000000000000355 ) ) ;
#2248 = ORIENTED_EDGE ( 'NONE', *, *, #1697, .F. ) ;
#2249 = VERTEX_POINT ( 'NONE', #3800 ) ;
#2250 = CONTEXT_DEPENDENT_SHAPE_REPRESENTATION ( #4973, #3277 ) ;
#2251 = EDGE_CURVE ( 'NONE', #1370, #265, #4532, .T. ) ;
#2252 = AXIS2_PLACEMENT_3D ( 'NONE', #452, #5691, #3435 ) ;
#2253 = ORIENTED_EDGE ( 'NONE', *, *, #4724, .F. ) ;
#2254 = CARTESIAN_POINT ( 'NONE',  ( -5.947623346206197302E-16, 37.99999999999995737, 16.00000000000000000 ) ) ;
#2255 = EDGE_CURVE ( 'NONE', #4325, #5492, #125, .T. ) ;
#2256 = DIRECTION ( 'NONE',  ( -0.000000000000000000, -0.2873478855663455511, 0.9578262852211513190 ) ) ;
#2257 = ORIENTED_EDGE ( 'NONE', *, *, #2067, .F. ) ;
#2258 =( REPRESENTATION_RELATIONSHIP ('NONE','NONE', #5518, #3457 ) REPRESENTATION_RELATIONSHIP_WITH_TRANSFORMATION ( #8800 )SHAPE_REPRESENTATION_RELATIONSHIP( ) );
#2259 = ORIENTED_EDGE ( 'NONE', *, *, #5775, .F. ) ;
#2260 = DIRECTION ( 'NONE',  ( -1.000000000000000000, 0.000000000000000000, 0.000000000000000000 ) ) ;
#2261 = CIRCLE ( 'NONE', #9173, 1.000000000000000888 ) ;
#2262 = EDGE_CURVE ( 'NONE', #7006, #4189, #1647, .T. ) ;
#2263 = DIRECTION ( 'NONE',  ( 0.000000000000000000, 0.000000000000000000, -1.000000000000000000 ) ) ;
#2264 = ORIENTED_EDGE ( 'NONE', *, *, #7084, .T. ) ;
#2265 = LINE ( 'NONE', #757, #5180 ) ;
#2266 = UNCERTAINTY_MEASURE_WITH_UNIT (LENGTH_MEASURE( 1.000000000000000082E-05 ), #5372, 'distance_accuracy_value', 'NONE');
#2267 = CARTESIAN_POINT ( 'NONE',  ( -67.99999999999995737, 169.9999999999999432, 65.00000000000000000 ) ) ;
#2268 = VECTOR ( 'NONE', #95, 1000.000000000000227 ) ;
#2269 = ORIENTED_EDGE ( 'NONE', *, *, #5091, .F. ) ;
#2270 = CARTESIAN_POINT ( 'NONE',  ( 10.00000000000000000, 29.56414504036120761, 17.74586983568279308 ) ) ;
#2271 = FACE_OUTER_BOUND ( 'NONE', #2609, .T. ) ;
#2272 = CARTESIAN_POINT ( 'NONE',  ( -11.99999999999999467, 157.9999999999999716, 16.00000000000000000 ) ) ;
#2273 = CARTESIAN_POINT ( 'NONE',  ( -25.39696469683372371, -20.57544454745024254, 1083.214214936890130 ) ) ;
#2274 = CIRCLE ( 'NONE', #4792, 4.000000000000000000 ) ;
#2275 = VERTEX_POINT ( 'NONE', #2422 ) ;
#2276 = CARTESIAN_POINT ( 'NONE',  ( -32.00000000000000000, 25.99999999999995381, 75.00000000000000000 ) ) ;
#2277 = AXIS2_PLACEMENT_3D ( 'NONE', #9489, #7911, #1290 ) ;
#2278 = CARTESIAN_POINT ( 'NONE',  ( -32.00000000000000000, 157.9999999999999716, 64.99999999999987210 ) ) ;
#2279 = FACE_OUTER_BOUND ( 'NONE', #6131, .T. ) ;
#2280 = AXIS2_PLACEMENT_3D ( 'NONE', #8042, #1458, #4444 ) ;
#2281 = LINE ( 'NONE', #1272, #486 ) ;
#2282 = AXIS2_PLACEMENT_3D ( 'NONE', #1104, #2614, #315 ) ;
#2283 = CARTESIAN_POINT ( 'NONE',  ( -15.00000000000000000, 47.99999999999995737, 25.00000000000000711 ) ) ;
#2284 = EDGE_CURVE ( 'NONE', #104, #6086, #3164, .T. ) ;
#2285 = ORIENTED_EDGE ( 'NONE', *, *, #313, .F. ) ;
#2286 = FACE_OUTER_BOUND ( 'NONE', #5154, .T. ) ;
#2287 = AXIS2_PLACEMENT_3D ( 'NONE', #1865, #2798, #4117 ) ;
#2288 = DIRECTION ( 'NONE',  ( 0.000000000000000000, 0.000000000000000000, -1.000000000000000000 ) ) ;
#2289 = VERTEX_POINT ( 'NONE', #5273 ) ;
#2290 = CIRCLE ( 'NONE', #2606, 5.499999999999998224 ) ;
#2291 = VECTOR ( 'NONE', #3962, 1000.000000000000000 ) ;
#2292 = CARTESIAN_POINT ( 'NONE',  ( -1.381696647285532986, 188.8723563687476883, 10.05978069699579613 ) ) ;
#2293 = DIRECTION ( 'NONE',  ( -0.000000000000000000, -0.000000000000000000, 1.000000000000000000 ) ) ;
#2294 = CARTESIAN_POINT ( 'NONE',  ( -67.99999999999997158, 166.5440306508910169, 50.00000000000000000 ) ) ;
#2295 = ORIENTED_EDGE ( 'NONE', *, *, #7146, .F. ) ;
#2296 = EDGE_CURVE ( 'NONE', #8013, #910, #9018, .T. ) ;
#2297 = CARTESIAN_POINT ( 'NONE',  ( -15.00000000000000000, 15.99999999999995737, 16.21320343559643717 ) ) ;
#2298 = VERTEX_POINT ( 'NONE', #6793 ) ;
#2299 = ORIENTED_EDGE ( 'NONE', *, *, #6189, .T. ) ;
#2300 = CIRCLE ( 'NONE', #3562, 40.00000000000000000 ) ;
#2301 = ORIENTED_EDGE ( 'NONE', *, *, #8385, .F. ) ;
#2302 = SHAPE_REPRESENTATION ( 'Axial_1', ( #6276 ), #3615 ) ;
#2303 = DIRECTION ( 'NONE',  ( 1.000000000000000000, 0.000000000000000000, 0.000000000000000000 ) ) ;
#2304 = DIRECTION ( 'NONE',  ( 0.000000000000000000, 0.000000000000000000, -1.000000000000000000 ) ) ;
#2305 = ORIENTED_EDGE ( 'NONE', *, *, #4418, .F. ) ;
#2306 = EDGE_CURVE ( 'NONE', #4220, #9544, #80, .T. ) ;
#2307 = VERTEX_POINT ( 'NONE', #3113 ) ;
#2308 = CARTESIAN_POINT ( 'NONE',  ( 8.000000000000000000, -1.021259646113993889E-15, 2.999999999999952482 ) ) ;
#2309 = EDGE_CURVE ( 'NONE', #9183, #1514, #4581, .T. ) ;
#2310 = FACE_OUTER_BOUND ( 'NONE', #2758, .T. ) ;
#2311 = ORIENTED_EDGE ( 'NONE', *, *, #5449, .F. ) ;
#2312 = DIRECTION ( 'NONE',  ( 1.000000000000000000, 0.000000000000000000, 0.000000000000000000 ) ) ;
#2313 = DIRECTION ( 'NONE',  ( 1.000000000000000000, 0.000000000000000000, 0.000000000000000000 ) ) ;
#2314 = APPLICATION_CONTEXT ( 'automotive_design' ) ;
#2315 = EDGE_CURVE ( 'NONE', #5652, #3394, #7132, .T. ) ;
#2316 = EDGE_LOOP ( 'NONE', ( #1568, #344, #5312, #6477 ) ) ;
#2317 = EDGE_CURVE ( 'NONE', #6375, #4755, #7673, .T. ) ;
#2318 = DIRECTION ( 'NONE',  ( 0.000000000000000000, 0.000000000000000000, -1.000000000000000000 ) ) ;
#2319 = CARTESIAN_POINT ( 'NONE',  ( -67.99999999999995737, 169.9999999999999432, 24.85323116369640672 ) ) ;
#2320 = DIRECTION ( 'NONE',  ( 0.9357320834133002752, 0.000000000000000000, 0.3527115933322926833 ) ) ;
#2321 = EDGE_LOOP ( 'NONE', ( #6763, #5959, #3042, #8880 ) ) ;
#2322 = LINE ( 'NONE', #1646, #6028 ) ;
#2323 = CARTESIAN_POINT ( 'NONE',  ( -95.70116070668507291, 161.3179821042842264, 10.58796369521406078 ) ) ;
#2324 = DIRECTION ( 'NONE',  ( -1.000000000000000000, 0.000000000000000000, 5.782411586589345411E-15 ) ) ;
#2325 = ADVANCED_FACE ( 'NONE', ( #6153 ), #6655, .F. ) ;
#2326 = PRODUCT_DEFINITION_SHAPE ( 'NONE', 'NONE',  #9643 ) ;
#2327 = CARTESIAN_POINT ( 'NONE',  ( -67.99999999999997158, 30.49999999999995737, 50.00000000000004263 ) ) ;
#2328 = ADVANCED_FACE ( 'NONE', ( #8966 ), #2225, .F. ) ;
#2329 = CARTESIAN_POINT ( 'NONE',  ( -67.99999999999995737, 169.9999999999999432, 25.00000000000000711 ) ) ;
#2330 = LINE ( 'NONE', #8370, #3232 ) ;
#2331 =( NAMED_UNIT ( * ) PLANE_ANGLE_UNIT ( ) SI_UNIT ( $, .RADIAN. ) );
#2332 = ORIENTED_EDGE ( 'NONE', *, *, #7366, .F. ) ;
#2333 = DIRECTION ( 'NONE',  ( 0.000000000000000000, -1.000000000000000000, 0.000000000000000000 ) ) ;
#2334 = LINE ( 'NONE', #1025, #885 ) ;
#2335 = EDGE_LOOP ( 'NONE', ( #2498, #9004 ) ) ;
#2336 = EDGE_CURVE ( 'NONE', #4266, #5049, #2578, .T. ) ;
#2337 = DIRECTION ( 'NONE',  ( 1.000000000000000000, -0.000000000000000000, 5.782411586589345411E-15 ) ) ;
#2338 = VECTOR ( 'NONE', #8177, 1000.000000000000000 ) ;
#2339 = AXIS2_PLACEMENT_3D ( 'NONE', #7236, #3502, #3728 ) ;
#2340 = LINE ( 'NONE', #241, #7840 ) ;
#2341 = CARTESIAN_POINT ( 'NONE',  ( -11.19736356704221514, 37.93419781234064914, 14.99926968785988635 ) ) ;
#2342 = DIRECTION ( 'NONE',  ( 1.000000000000000000, -0.000000000000000000, -0.000000000000000000 ) ) ;
#2343 = VERTEX_POINT ( 'NONE', #9307 ) ;
#2344 = CARTESIAN_POINT ( 'NONE',  ( 4.049999999999999822, 4.959819536546779614E-16, 16.00000000000000000 ) ) ;
#2345 = VERTEX_POINT ( 'NONE', #5565 ) ;
#2346 = VERTEX_POINT ( 'NONE', #7928 ) ;
#2347 = ITEM_DEFINED_TRANSFORMATION ( 'NONE', 'NONE', #9274,  #6276 ) ;
#2348 = AXIS2_PLACEMENT_3D ( 'NONE', #5777, #5090, #4347 ) ;
#2349 = AXIS2_PLACEMENT_3D ( 'NONE', #7282, #7185, #5715 ) ;
#2350 = EDGE_LOOP ( 'NONE', ( #7001, #5501 ) ) ;
#2351 = CARTESIAN_POINT ( 'NONE',  ( 10.00000000000000000, -12.24586983568247156, 29.56414504036134261 ) ) ;
#2352 = DIRECTION ( 'NONE',  ( 1.000000000000000000, 0.000000000000000000, 0.000000000000000000 ) ) ;
#2353 = CARTESIAN_POINT ( 'NONE',  ( -50.00000000000000000, -28.00000000000010658, 75.00000000000000000 ) ) ;
#2354 = EDGE_CURVE ( 'NONE', #8740, #5281, #8542, .T. ) ;
#2355 = AXIS2_PLACEMENT_3D ( 'NONE', #9243, #1876, #8503 ) ;
#2356 = VERTEX_POINT ( 'NONE', #2620 ) ;
#2357 = ORIENTED_EDGE ( 'NONE', *, *, #2859, .T. ) ;
#2358 =( GEOMETRIC_REPRESENTATION_CONTEXT ( 3 ) GLOBAL_UNCERTAINTY_ASSIGNED_CONTEXT ( ( #807 ) ) GLOBAL_UNIT_ASSIGNED_CONTEXT ( ( #1750, #8471, #2430 ) ) REPRESENTATION_CONTEXT ( 'NONE', 'WORKASPACE' ) );
#2359 = CARTESIAN_POINT ( 'NONE',  ( -15.00000000000000000, 25.99999999999995381, 75.00000000000000000 ) ) ;
#2360 = CIRCLE ( 'NONE', #3929, 11.20000000000000107 ) ;
#2361 = LINE ( 'NONE', #114, #6779 ) ;
#2362 = ORIENTED_EDGE ( 'NONE', *, *, #2543, .T. ) ;
#2363 = DIRECTION ( 'NONE',  ( 1.000000000000000000, 0.000000000000000000, 0.000000000000000000 ) ) ;
#2364 = FACE_BOUND ( 'NONE', #1619, .T. ) ;
#2365 = AXIS2_PLACEMENT_3D ( 'NONE', #6399, #9401, #7080 ) ;
#2366 = VERTEX_POINT ( 'NONE', #1941 ) ;
#2367 = SURFACE_STYLE_USAGE ( .BOTH. , #6640 ) ;
#2368 = PRESENTATION_STYLE_ASSIGNMENT (( #4575 ) ) ;
#2369 = DIRECTION ( 'NONE',  ( 0.000000000000000000, 0.000000000000000000, -1.000000000000000000 ) ) ;
#2370 = DIRECTION ( 'NONE',  ( -0.2431224835538436935, -4.893895302642951618E-16, 0.9699955968923835714 ) ) ;
#2371 = ORIENTED_EDGE ( 'NONE', *, *, #2003, .T. ) ;
#2372 = CARTESIAN_POINT ( 'NONE',  ( -10.00000000000000000, 0.000000000000000000, 0.000000000000000000 ) ) ;
#2373 = ADVANCED_FACE ( 'NONE', ( #428 ), #4786, .F. ) ;
#2374 = DIRECTION ( 'NONE',  ( 0.000000000000000000, 0.000000000000000000, 1.000000000000000000 ) ) ;
#2375 = CYLINDRICAL_SURFACE ( 'NONE', #371, 5.499999999999998224 ) ;
#2376 = EDGE_CURVE ( 'NONE', #2679, #5557, #3835, .T. ) ;
#2377 = DIRECTION ( 'NONE',  ( 1.000000000000000000, -0.000000000000000000, -0.000000000000000000 ) ) ;
#2378 = DIRECTION ( 'NONE',  ( 1.000000000000000000, -0.000000000000000000, -0.000000000000000000 ) ) ;
#2379 = DIRECTION ( 'NONE',  ( 0.000000000000000000, -1.000000000000000000, 0.000000000000000000 ) ) ;
#2380 = ORIENTED_EDGE ( 'NONE', *, *, #1666, .T. ) ;
#2381 = DIRECTION ( 'NONE',  ( 1.000000000000000000, 0.000000000000000000, 0.000000000000000000 ) ) ;
#2382 = EDGE_CURVE ( 'NONE', #8009, #2459, #7032, .T. ) ;
#2383 = CARTESIAN_POINT ( 'NONE',  ( 0.000000000000000000, 0.000000000000000000, -9.000000000000000000 ) ) ;
#2384 = ORIENTED_EDGE ( 'NONE', *, *, #1897, .F. ) ;
#2385 = LINE ( 'NONE', #7045, #5192 ) ;
#2386 = DIRECTION ( 'NONE',  ( 0.000000000000000000, 0.000000000000000000, 1.000000000000000000 ) ) ;
#2387 = LINE ( 'NONE', #2484, #2291 ) ;
#2388 = CIRCLE ( 'NONE', #7100, 5.499999999999998224 ) ;
#2389 = CARTESIAN_POINT ( 'NONE',  ( -24.24999999999999289, 2.307133138934549366E-13, 92.00000000000001421 ) ) ;
#2390 = ORIENTED_EDGE ( 'NONE', *, *, #1626, .F. ) ;
#2392 = CIRCLE ( 'NONE', #60, 5.500000000000000888 ) ;
#2391 = DIRECTION ( 'NONE',  ( -0.000000000000000000, -1.000000000000000000, -0.000000000000000000 ) ) ;
#2393 = PRODUCT_RELATED_PRODUCT_CATEGORY ( 'part', '', ( #6798 ) ) ;
#2394 = VERTEX_POINT ( 'NONE', #6250 ) ;
#2395 = ORIENTED_EDGE ( 'NONE', *, *, #8207, .T. ) ;
#2396 = CONTEXT_DEPENDENT_SHAPE_REPRESENTATION ( #2774, #8913 ) ;
#2397 = ORIENTED_EDGE ( 'NONE', *, *, #5944, .F. ) ;
#2398 = FACE_BOUND ( 'NONE', #3251, .T. ) ;
#2399 = TOROIDAL_SURFACE ( 'NONE', #5543, 9.999999999999998224, 1.000000000000000000 ) ;
#2400 = CARTESIAN_POINT ( 'NONE',  ( -15.00000000000000000, 25.99999999999995381, 75.00000000000000000 ) ) ;
#2401 = VECTOR ( 'NONE', #4836, 1000.000000000000000 ) ;
#2402 = ORIENTED_EDGE ( 'NONE', *, *, #313, .T. ) ;
#2403 = ORIENTED_EDGE ( 'NONE', *, *, #3484, .F. ) ;
#2404 = ORIENTED_EDGE ( 'NONE', *, *, #293, .F. ) ;
#2405 = DIRECTION ( 'NONE',  ( 0.000000000000000000, 0.000000000000000000, 1.000000000000000000 ) ) ;
#2406 = VECTOR ( 'NONE', #8198, 1000.000000000000000 ) ;
#2407 = EDGE_CURVE ( 'NONE', #3077, #3541, #6346, .T. ) ;
#2408 = FACE_OUTER_BOUND ( 'NONE', #3808, .T. ) ;
#2409 = ORIENTED_EDGE ( 'NONE', *, *, #8861, .T. ) ;
#2410 = DIRECTION ( 'NONE',  ( 0.000000000000000000, -0.2873478855663457177, -0.9578262852211512079 ) ) ;
#2411 = FACE_OUTER_BOUND ( 'NONE', #5810, .T. ) ;
#2412 = CIRCLE ( 'NONE', #4608, 5.500000000000000000 ) ;
#2413 = ORIENTED_EDGE ( 'NONE', *, *, #6307, .F. ) ;
#2414 = DIRECTION ( 'NONE',  ( 0.000000000000000000, 0.000000000000000000, -1.000000000000000000 ) ) ;
#2415 = VECTOR ( 'NONE', #6098, 1000.000000000000000 ) ;
#2416 = CARTESIAN_POINT ( 'NONE',  ( -10.00000000000000000, 0.000000000000000000, 0.000000000000000000 ) ) ;
#2417 = CARTESIAN_POINT ( 'NONE',  ( 8.000000000000000000, 19.99999999999995026, -7.015838463113577974E-14 ) ) ;
#2418 = EDGE_CURVE ( 'NONE', #5631, #6624, #1022, .T. ) ;
#2419 = AXIS2_PLACEMENT_3D ( 'NONE', #1935, #423, #4883 ) ;
#2420 = DIRECTION ( 'NONE',  ( 0.9092006323859496142, 0.000000000000000000, -0.4163582712868679203 ) ) ;
#2421 = ORIENTED_EDGE ( 'NONE', *, *, #9207, .F. ) ;
#2422 = CARTESIAN_POINT ( 'NONE',  ( -14.99928194643630519, 157.9999999999999716, 24.85323116369649910 ) ) ;
#2423 = AXIS2_PLACEMENT_3D ( 'NONE', #6847, #79, #9065 ) ;
#2424 = LINE ( 'NONE', #9066, #7154 ) ;
#2425 = DIRECTION ( 'NONE',  ( 0.000000000000000000, 0.000000000000000000, -1.000000000000000000 ) ) ;
#2426 = CARTESIAN_POINT ( 'NONE',  ( -49.99999999999999289, 47.99999999999995737, 75.00000000000000000 ) ) ;
#2427 = CYLINDRICAL_SURFACE ( 'NONE', #7994, 5.499999999999999112 ) ;
#2428 = CIRCLE ( 'NONE', #7448, 1.000000000000000888 ) ;
#2429 = DIRECTION ( 'NONE',  ( 4.956352788505163391E-17, 1.000000000000000000, -0.000000000000000000 ) ) ;
#2430 =( NAMED_UNIT ( * ) SI_UNIT ( $, .STERADIAN. ) SOLID_ANGLE_UNIT ( ) );
#2431 = EDGE_CURVE ( 'NONE', #2153, #6130, #7593, .T. ) ;
#2432 = ORIENTED_EDGE ( 'NONE', *, *, #1452, .F. ) ;
#2433 = LINE ( 'NONE', #879, #1846 ) ;
#2434 = CARTESIAN_POINT ( 'NONE',  ( 0.000000000000000000, 0.000000000000000000, 0.000000000000000000 ) ) ;
#2435 =( GEOMETRIC_REPRESENTATION_CONTEXT ( 3 ) GLOBAL_UNCERTAINTY_ASSIGNED_CONTEXT ( ( #24 ) ) GLOBAL_UNIT_ASSIGNED_CONTEXT ( ( #834, #6812, #6077 ) ) REPRESENTATION_CONTEXT ( 'NONE', 'WORKASPACE' ) );
#2436 = CIRCLE ( 'NONE', #8878, 9.095538233173716236 ) ;
#2437 = DIRECTION ( 'NONE',  ( 0.000000000000000000, -1.000000000000000000, 0.000000000000000000 ) ) ;
#2438 = DIRECTION ( 'NONE',  ( 0.000000000000000000, 0.000000000000000000, -1.000000000000000000 ) ) ;
#2439 = DIRECTION ( 'NONE',  ( 0.000000000000000000, -1.000000000000000000, 0.000000000000000000 ) ) ;
#2440 = EDGE_LOOP ( 'NONE', ( #6421, #2236, #881, #8974 ) ) ;
#2441 = EDGE_CURVE ( 'NONE', #151, #8484, #6503, .T. ) ;
#2442 = DIRECTION ( 'NONE',  ( -1.000000000000000000, 0.000000000000000000, 0.000000000000000000 ) ) ;
#2443 = VECTOR ( 'NONE', #4644, 1000.000000000000227 ) ;
#2444 = VERTEX_POINT ( 'NONE', #9253 ) ;
#2445 = VERTEX_POINT ( 'NONE', #6985 ) ;
#2446 = VECTOR ( 'NONE', #4391, 1000.000000000000227 ) ;
#2447 =( REPRESENTATION_RELATIONSHIP ('NONE','NONE', #5518, #3457 ) REPRESENTATION_RELATIONSHIP_WITH_TRANSFORMATION ( #2756 )SHAPE_REPRESENTATION_RELATIONSHIP( ) );
#2448 = AXIS2_PLACEMENT_3D ( 'NONE', #8382, #1807, #1758 ) ;
#2449 = VERTEX_POINT ( 'NONE', #5664 ) ;
#2450 = FACE_BOUND ( 'NONE', #4864, .T. ) ;
#2451 = DIRECTION ( 'NONE',  ( 0.000000000000000000, 0.000000000000000000, -1.000000000000000000 ) ) ;
#2452 = ORIENTED_EDGE ( 'NONE', *, *, #8184, .T. ) ;
#2453 = ADVANCED_FACE ( 'NONE', ( #7138 ), #2470, .F. ) ;
#2454 = ORIENTED_EDGE ( 'NONE', *, *, #8682, .F. ) ;
#2455 = ORIENTED_EDGE ( 'NONE', *, *, #4866, .F. ) ;
#2456 = CARTESIAN_POINT ( 'NONE',  ( -40.90446176682628021, 46.99999999999995737, 75.00000000000000000 ) ) ;
#2457 = VECTOR ( 'NONE', #7993, 1000.000000000000000 ) ;
#2458 = CARTESIAN_POINT ( 'NONE',  ( 8.000000000000000000, -14.14213562373074495, 8.642135623731086014 ) ) ;
#2459 = VERTEX_POINT ( 'NONE', #6400 ) ;
#2460 = DIRECTION ( 'NONE',  ( -9.912705577010326782E-17, 1.000000000000000000, 0.000000000000000000 ) ) ;
#2461 = EDGE_LOOP ( 'NONE', ( #3106, #1474 ) ) ;
#2462 = CARTESIAN_POINT ( 'NONE',  ( 10.00000000000000000, 8.499999999999952038, -5.500000000000031086 ) ) ;
#2463 = EDGE_CURVE ( 'NONE', #3965, #2929, #2261, .T. ) ;
#2464 = ORIENTED_EDGE ( 'NONE', *, *, #3899, .T. ) ;
#2465 = DIRECTION ( 'NONE',  ( -0.000000000000000000, -0.000000000000000000, 1.000000000000000000 ) ) ;
#2466 = LINE ( 'NONE', #8309, #4150 ) ;
#2467 = CARTESIAN_POINT ( 'NONE',  ( -8.901759102342682084, 158.8382091368229965, 12.91153718268551920 ) ) ;
#2468 = FACE_OUTER_BOUND ( 'NONE', #2440, .T. ) ;
#2469 = DIRECTION ( 'NONE',  ( 0.9975055402459416243, 1.298922605400627435E-16, 0.07058822266251368882 ) ) ;
#2470 = CYLINDRICAL_SURFACE ( 'NONE', #8946, 5.500000000000001776 ) ;
#2471 = CARTESIAN_POINT ( 'NONE',  ( -98.64419874165861302, 163.1436544591915663, 10.05892122736386973 ) ) ;
#2472 = CARTESIAN_POINT ( 'NONE',  ( 8.000000000000000000, -2.234548056859605347E-13, -37.50000000000000000 ) ) ;
#2473 = EDGE_CURVE ( 'NONE', #6081, #5250, #7824, .T. ) ;
#2474 = CARTESIAN_POINT ( 'NONE',  ( -15.00000000000001421, 169.9999999999999716, 75.00000000000000000 ) ) ;
#2475 = DIRECTION ( 'NONE',  ( 1.000000000000000000, 1.156482317317870344E-15, -0.000000000000000000 ) ) ;
#2476 = DIRECTION ( 'NONE',  ( 1.000000000000000000, 0.000000000000000000, 0.000000000000000000 ) ) ;
#2477 =( NAMED_UNIT ( * ) PLANE_ANGLE_UNIT ( ) SI_UNIT ( $, .RADIAN. ) );
#2478 = VERTEX_POINT ( 'NONE', #4144 ) ;
#2479 = CYLINDRICAL_SURFACE ( 'NONE', #6689, 5.500000000000000888 ) ;
#2480 = FACE_BOUND ( 'NONE', #6178, .T. ) ;
#2481 = CARTESIAN_POINT ( 'NONE',  ( -49.99999999999999289, 47.99999999999995737, 75.00000000000000000 ) ) ;
#2482 = ORIENTED_EDGE ( 'NONE', *, *, #4101, .F. ) ;
#2483 = DIRECTION ( 'NONE',  ( 1.000000000000000000, -0.000000000000000000, -0.000000000000000000 ) ) ;
#2484 = CARTESIAN_POINT ( 'NONE',  ( 8.000000000000000000, 29.56414504036113655, -6.745869835683006244 ) ) ;
#2485 = DIRECTION ( 'NONE',  ( -0.000000000000000000, -1.000000000000000000, -0.000000000000000000 ) ) ;
#2486 = ORIENTED_EDGE ( 'NONE', *, *, #6634, .F. ) ;
#2487 = PRODUCT_DEFINITION_SHAPE ( 'NONE', 'NONE',  #9679 ) ;
#2488 = FACE_OUTER_BOUND ( 'NONE', #1224, .T. ) ;
#2489 = ORIENTED_EDGE ( 'NONE', *, *, #4373, .T. ) ;
#2490 = ORIENTED_EDGE ( 'NONE', *, *, #1406, .T. ) ;
#2491 = TOROIDAL_SURFACE ( 'NONE', #3748, 28.99999999999999645, 1.000000000000000000 ) ;
#2492 = VERTEX_POINT ( 'NONE', #4834 ) ;
#2493 = CARTESIAN_POINT ( 'NONE',  ( -50.00000000000000711, 25.99999999999995737, 75.00000000000000000 ) ) ;
#2494 = ADVANCED_FACE ( 'NONE', ( #1741 ), #7776, .F. ) ;
#2495 = CIRCLE ( 'NONE', #5797, 5.500000000000000000 ) ;
#2496 = FACE_OUTER_BOUND ( 'NONE', #6428, .T. ) ;
#2497 = AXIS2_PLACEMENT_3D ( 'NONE', #8359, #3161, #3015 ) ;
#2498 = ORIENTED_EDGE ( 'NONE', *, *, #236, .F. ) ;
#2499 = EDGE_CURVE ( 'NONE', #2850, #2880, #3994, .T. ) ;
#2500 = ORIENTED_EDGE ( 'NONE', *, *, #5722, .T. ) ;
#2501 = VERTEX_POINT ( 'NONE', #9360 ) ;
#2502 = CARTESIAN_POINT ( 'NONE',  ( -49.99999999999999289, 170.4999999999999716, 75.00000000000000000 ) ) ;
#2503 = APPLICATION_CONTEXT ( 'automotive_design' ) ;
#2504 = AXIS2_PLACEMENT_3D ( 'NONE', #2987, #5977, #3961 ) ;
#2505 = AXIS2_PLACEMENT_3D ( 'NONE', #4106, #485, #8579 ) ;
#2506 = CIRCLE ( 'NONE', #8004, 5.500000000000001776 ) ;
#2507 = CONTEXT_DEPENDENT_SHAPE_REPRESENTATION ( #7651, #7410 ) ;
#2508 = VECTOR ( 'NONE', #1125, 1000.000000000000000 ) ;
#2509 = ORIENTED_EDGE ( 'NONE', *, *, #454, .T. ) ;
#2510 = CARTESIAN_POINT ( 'NONE',  ( -15.00000000000001421, 169.9891708187618917, 25.00000000000000711 ) ) ;
#2511 = ORIENTED_EDGE ( 'NONE', *, *, #4279, .T. ) ;
#2512 = DIRECTION ( 'NONE',  ( 1.000000000000000000, 1.156482317317870344E-15, -0.000000000000000000 ) ) ;
#2513 = ADVANCED_FACE ( 'NONE', ( #3416 ), #9402, .T. ) ;
#2514 = ORIENTED_EDGE ( 'NONE', *, *, #2726, .T. ) ;
#2515 = FACE_OUTER_BOUND ( 'NONE', #141, .T. ) ;
#2516 = FILL_AREA_STYLE_COLOUR ( '', #7623 ) ;
#2517 = DIRECTION ( 'NONE',  ( 1.000000000000000000, -0.000000000000000000, -0.000000000000000000 ) ) ;
#2518 = CARTESIAN_POINT ( 'NONE',  ( -67.99999999999997158, 37.99999999999995026, 75.00000000000000000 ) ) ;
#2519 = AXIS2_PLACEMENT_3D ( 'NONE', #6595, #5128, #4990 ) ;
#2520 = DIRECTION ( 'NONE',  ( -0.7326009037436851390, -7.575077831304446555E-17, -0.6806584428580431112 ) ) ;
#2521 = EDGE_CURVE ( 'NONE', #9542, #6756, #3596, .T. ) ;
#2522 = AXIS2_PLACEMENT_3D ( 'NONE', #9558, #5173, #8915 ) ;
#2523 = DIRECTION ( 'NONE',  ( 0.000000000000000000, 0.000000000000000000, 1.000000000000000000 ) ) ;
#2524 = CARTESIAN_POINT ( 'NONE',  ( -59.09553823317371268, 46.99999999999995737, 75.00000000000000000 ) ) ;
#2525 = FACE_OUTER_BOUND ( 'NONE', #1926, .T. ) ;
#2526 = AXIS2_PLACEMENT_3D ( 'NONE', #8615, #1109, #7136 ) ;
#2527 = DIRECTION ( 'NONE',  ( -9.912705577010326782E-17, 1.000000000000000000, 0.000000000000000000 ) ) ;
#2528 = DIRECTION ( 'NONE',  ( 1.000000000000000000, -0.000000000000000000, -0.000000000000000000 ) ) ;
#2529 = DIRECTION ( 'NONE',  ( 0.000000000000000000, -1.000000000000000000, 0.000000000000000000 ) ) ;
#2530 = ORIENTED_EDGE ( 'NONE', *, *, #1640, .T. ) ;
#2531 = EDGE_CURVE ( 'NONE', #1476, #5631, #6452, .T. ) ;
#2532 = LINE ( 'NONE', #5578, #327 ) ;
#2533 = LINE ( 'NONE', #5377, #737 ) ;
#2534 = AXIS2_PLACEMENT_3D ( 'NONE', #5041, #5168, #2084 ) ;
#2535 = CARTESIAN_POINT ( 'NONE',  ( 9.999999999999998224, 0.000000000000000000, 1.000000000000000000 ) ) ;
#2536 = ORIENTED_EDGE ( 'NONE', *, *, #9113, .F. ) ;
#2537 = CARTESIAN_POINT ( 'NONE',  ( -6.904384010594225352, 168.1717241016912965, 11.67112477038407725 ) ) ;
#2538 = CARTESIAN_POINT ( 'NONE',  ( 8.000000000000000000, -22.62741699796971773, -28.12741699796931272 ) ) ;
#2539 = DIRECTION ( 'NONE',  ( 0.000000000000000000, 0.9578262852211514300, 0.2873478855663456621 ) ) ;
#2540 = ORIENTED_EDGE ( 'NONE', *, *, #236, .T. ) ;
#2541 = DIRECTION ( 'NONE',  ( 1.000000000000000000, 0.000000000000000000, 0.000000000000000000 ) ) ;
#2542 = VERTEX_POINT ( 'NONE', #7331 ) ;
#2543 = EDGE_CURVE ( 'NONE', #2275, #4365, #6515, .T. ) ;
#2544 = ORIENTED_EDGE ( 'NONE', *, *, #1843, .T. ) ;
#2545 = EDGE_LOOP ( 'NONE', ( #8128, #8303, #4563, #940 ) ) ;
#2546 = DIRECTION ( 'NONE',  ( 0.000000000000000000, 0.000000000000000000, -1.000000000000000000 ) ) ;
#2547 = CARTESIAN_POINT ( 'NONE',  ( -15.00000000000000000, 25.99999999999995381, 110.0000000000000000 ) ) ;
#2548 = MECHANICAL_DESIGN_GEOMETRIC_PRESENTATION_REPRESENTATION (  '', ( #5868 ), #859 ) ;
#2549 = VERTEX_POINT ( 'NONE', #2127 ) ;
#2550 = ORIENTED_EDGE ( 'NONE', *, *, #2085, .F. ) ;
#2551 = SURFACE_STYLE_USAGE ( .BOTH. , #559 ) ;
#2552 = ORIENTED_EDGE ( 'NONE', *, *, #8318, .F. ) ;
#2553 = CARTESIAN_POINT ( 'NONE',  ( -2.822041761738065535, -2.904923457684609911, 7.000000000000000888 ) ) ;
#2554 = ADVANCED_FACE ( 'NONE', ( #4427 ), #8811, .T. ) ;
#2555 = ADVANCED_FACE ( 'NONE', ( #617 ), #2907, .T. ) ;
#2556 = ORIENTED_EDGE ( 'NONE', *, *, #7313, .T. ) ;
#2557 = CARTESIAN_POINT ( 'NONE',  ( -21.99999999999999645, 2.304377683636468267E-13, 101.0000000000000000 ) ) ;
#2558 = AXIS2_PLACEMENT_3D ( 'NONE', #8944, #149, #3141 ) ;
#2559 = ORIENTED_EDGE ( 'NONE', *, *, #8604, .F. ) ;
#2560 = LINE ( 'NONE', #2610, #2562 ) ;
#2561 = VERTEX_POINT ( 'NONE', #7421 ) ;
#2563 = DIRECTION ( 'NONE',  ( 1.000000000000000000, 0.000000000000000000, 0.000000000000000000 ) ) ;
#2562 = VECTOR ( 'NONE', #1102, 1000.000000000000227 ) ;
#2564 = CARTESIAN_POINT ( 'NONE',  ( 0.000000000000000000, 0.000000000000000000, 16.00000000000000000 ) ) ;
#2565 = DIRECTION ( 'NONE',  ( 4.956352788505163391E-17, 1.000000000000000000, 0.000000000000000000 ) ) ;
#2566 = CARTESIAN_POINT ( 'NONE',  ( -49.99999999999999289, 169.9999999999999716, 75.00000000000000000 ) ) ;
#2567 = ADVANCED_FACE ( 'NONE', ( #5717 ), #8112, .T. ) ;
#2568 = DIRECTION ( 'NONE',  ( 0.03672886632376365368, -3.933018767655836696E-16, 0.9993252675573508492 ) ) ;
#2569 = CARTESIAN_POINT ( 'NONE',  ( 0.000000000000000000, 22.00000000000000000, 101.0000000000000000 ) ) ;
#2570 = AXIS2_PLACEMENT_3D ( 'NONE', #2832, #9142, #5258 ) ;
#2571 = CARTESIAN_POINT ( 'NONE',  ( -1.536251789090978676E-13, -22.00000000000000000, 92.00000000000001421 ) ) ;
#2572 = DIRECTION ( 'NONE',  ( 0.000000000000000000, -1.000000000000000000, 0.000000000000000000 ) ) ;
#2573 = PRODUCT_DEFINITION_SHAPE ( 'NONE', 'NONE',  #9692 ) ;
#2574 = LINE ( 'NONE', #4102, #8030 ) ;
#2575 = CIRCLE ( 'NONE', #6179, 1.000000000000000888 ) ;
#2576 = LINE ( 'NONE', #9313, #5899 ) ;
#2577 = DIRECTION ( 'NONE',  ( 0.000000000000000000, 0.000000000000000000, 1.000000000000000000 ) ) ;
#2578 = CIRCLE ( 'NONE', #5099, 35.00000000000000000 ) ;
#2579 = ORIENTED_EDGE ( 'NONE', *, *, #939, .F. ) ;
#2580 = FACE_OUTER_BOUND ( 'NONE', #4517, .T. ) ;
#2581 = DIRECTION ( 'NONE',  ( -0.000000000000000000, 0.000000000000000000, -1.000000000000000000 ) ) ;
#2582 = CIRCLE ( 'NONE', #7441, 9.999999999999998224 ) ;
#2583 = CARTESIAN_POINT ( 'NONE',  ( -59.09553823317372689, 148.9999999999999716, 75.00000000000000000 ) ) ;
#2584 = EDGE_LOOP ( 'NONE', ( #489, #2599, #914, #3090 ) ) ;
#2585 = ADVANCED_FACE ( 'NONE', ( #9456 ), #5908, .T. ) ;
#2586 = CARTESIAN_POINT ( 'NONE',  ( -49.99999999999999289, 170.4999999999999716, 75.00000000000000000 ) ) ;
#2587 = DIRECTION ( 'NONE',  ( -1.000000000000000000, -0.000000000000000000, -0.000000000000000000 ) ) ;
#2588 = CIRCLE ( 'NONE', #7770, 5.500000000000000000 ) ;
#2589 = DIRECTION ( 'NONE',  ( 0.000000000000000000, 0.000000000000000000, -1.000000000000000000 ) ) ;
#2590 = ORIENTED_EDGE ( 'NONE', *, *, #283, .T. ) ;
#2591 = CARTESIAN_POINT ( 'NONE',  ( -32.00000000000001421, 169.9999999999999432, 25.00000000000000711 ) ) ;
#2592 = ORIENTED_EDGE ( 'NONE', *, *, #2740, .T. ) ;
#2593 = ORIENTED_EDGE ( 'NONE', *, *, #7416, .T. ) ;
#2594 = CIRCLE ( 'NONE', #7612, 5.500000000000001776 ) ;
#2595 = VERTEX_POINT ( 'NONE', #4337 ) ;
#2596 = DIRECTION ( 'NONE',  ( 4.956352788505163391E-17, 1.000000000000000000, 0.000000000000000000 ) ) ;
#2597 = AXIS2_PLACEMENT_3D ( 'NONE', #5460, #1006, #6344 ) ;
#2598 = DIRECTION ( 'NONE',  ( -1.000000000000000000, 0.000000000000000000, 0.000000000000000000 ) ) ;
#2599 = ORIENTED_EDGE ( 'NONE', *, *, #899, .F. ) ;
#2600 = EDGE_CURVE ( 'NONE', #1871, #2549, #6637, .T. ) ;
#2601 = ORIENTED_EDGE ( 'NONE', *, *, #2085, .T. ) ;
#2602 = VECTOR ( 'NONE', #3315, 1000.000000000000000 ) ;
#2603 = CARTESIAN_POINT ( 'NONE',  ( 0.000000000000000000, 0.000000000000000000, 0.000000000000000000 ) ) ;
#2604 = ORIENTED_EDGE ( 'NONE', *, *, #6884, .F. ) ;
#2605 = CARTESIAN_POINT ( 'NONE',  ( -14.99999999999999822, 158.0421737147788406, 74.85942095073713176 ) ) ;
#2606 = AXIS2_PLACEMENT_3D ( 'NONE', #8773, #7296, #8220 ) ;
#2607 = VERTEX_POINT ( 'NONE', #3458 ) ;
#2608 = DIRECTION ( 'NONE',  ( -0.000000000000000000, -0.000000000000000000, 1.000000000000000000 ) ) ;
#2609 = EDGE_LOOP ( 'NONE', ( #1373, #4773, #6034, #7639 ) ) ;
#2610 = CARTESIAN_POINT ( 'NONE',  ( -15.00000000000000000, 25.99999999999995381, 25.00000000000000711 ) ) ;
#2611 = TOROIDAL_SURFACE ( 'NONE', #3709, 9.999999999999998224, 1.000000000000000000 ) ;
#2612 = ADVANCED_FACE ( 'NONE', ( #4379 ), #8714, .F. ) ;
#2613 = ORIENTED_EDGE ( 'NONE', *, *, #4415, .T. ) ;
#2614 = DIRECTION ( 'NONE',  ( 1.000000000000000000, -0.000000000000000000, -0.000000000000000000 ) ) ;
#2615 = DIRECTION ( 'NONE',  ( -1.000000000000000000, 0.000000000000000000, 0.000000000000000000 ) ) ;
#2616 = EDGE_CURVE ( 'NONE', #6917, #5535, #6442, .T. ) ;
#2617 = CARTESIAN_POINT ( 'NONE',  ( -11.99999999999999467, 157.9999999999999716, 16.00000000000000000 ) ) ;
#2618 = DIRECTION ( 'NONE',  ( 0.000000000000000000, -1.000000000000000000, 0.000000000000000000 ) ) ;
#2619 = DIRECTION ( 'NONE',  ( 0.7326009037436898019, -2.929180486325591130E-16, 0.6806584428580378932 ) ) ;
#2620 = CARTESIAN_POINT ( 'NONE',  ( -84.99999999999997158, 31.99999999999996447, 55.00000000000002842 ) ) ;
#2621 = CARTESIAN_POINT ( 'NONE',  ( -100.0000000000000000, 47.99999999999995737, 25.00000000000000711 ) ) ;
#2622 = CARTESIAN_POINT ( 'NONE',  ( 8.000000000000000000, -29.56414504036104773, 17.74586983568319454 ) ) ;
#2623 = EDGE_CURVE ( 'NONE', #5557, #461, #3507, .T. ) ;
#2624 = FACE_OUTER_BOUND ( 'NONE', #4810, .T. ) ;
#2625 = EDGE_CURVE ( 'NONE', #1916, #6732, #5767, .T. ) ;
#2626 = DIRECTION ( 'NONE',  ( -1.000000000000000000, 1.734723475976805517E-15, 0.000000000000000000 ) ) ;
#2627 = CARTESIAN_POINT ( 'NONE',  ( -67.99999999999995737, 163.9999999999999432, 41.51989783036317050 ) ) ;
#2628 = VERTEX_POINT ( 'NONE', #2034 ) ;
#2629 = ITEM_DEFINED_TRANSFORMATION ( 'NONE', 'NONE', #7867,  #6276 ) ;
#2630 = CYLINDRICAL_SURFACE ( 'NONE', #4541, 11.09553823317371091 ) ;
#2631 = DIRECTION ( 'NONE',  ( 1.000000000000000000, 0.000000000000000000, 0.000000000000000000 ) ) ;
#2632 = EDGE_CURVE ( 'NONE', #2366, #1852, #2815, .T. ) ;
#2633 = EDGE_CURVE ( 'NONE', #5674, #1579, #7229, .T. ) ;
#2634 =( REPRESENTATION_RELATIONSHIP ('NONE','NONE', #5518, #2302 ) REPRESENTATION_RELATIONSHIP_WITH_TRANSFORMATION ( #5256 )SHAPE_REPRESENTATION_RELATIONSHIP( ) );
#2635 = LINE ( 'NONE', #5780, #6484 ) ;
#2636 = VERTEX_POINT ( 'NONE', #7285 ) ;
#2637 = DIRECTION ( 'NONE',  ( 0.000000000000000000, 0.2873478855663456066, -0.9578262852211513190 ) ) ;
#2638 = DIRECTION ( 'NONE',  ( 0.000000000000000000, 0.000000000000000000, -1.000000000000000000 ) ) ;
#2639 = PLANE ( 'NONE',  #8874 ) ;
#2640 = ORIENTED_EDGE ( 'NONE', *, *, #7860, .T. ) ;
#2641 = DIRECTION ( 'NONE',  ( 1.000000000000000000, 0.000000000000000000, 0.000000000000000000 ) ) ;
#2642 = EDGE_LOOP ( 'NONE', ( #7835, #9238, #6872, #8292 ) ) ;
#2643 = ORIENTED_EDGE ( 'NONE', *, *, #1263, .T. ) ;
#2644 = EDGE_CURVE ( 'NONE', #1913, #6088, #573, .T. ) ;
#2645 = FACE_OUTER_BOUND ( 'NONE', #7171, .T. ) ;
#2646 = EDGE_CURVE ( 'NONE', #5293, #5327, #5655, .T. ) ;
#2647 = EDGE_LOOP ( 'NONE', ( #3538, #6290, #5306, #9346, #7874 ) ) ;
#2648 = DIRECTION ( 'NONE',  ( 1.000000000000000000, 0.000000000000000000, 0.000000000000000000 ) ) ;
#2649 = CARTESIAN_POINT ( 'NONE',  ( -100.0000000000000000, 190.0000000000000000, 0.000000000000000000 ) ) ;
#2650 = EDGE_LOOP ( 'NONE', ( #3574, #4401, #6, #8132, #981, #3430, #8916, #798, #1280, #7404, #7423, #9350, #4807, #8959, #1142, #63, #8289, #4919, #9540 ) ) ;
#2651 = FACE_OUTER_BOUND ( 'NONE', #3718, .T. ) ;
#2652 = ORIENTED_EDGE ( 'NONE', *, *, #2899, .F. ) ;
#2653 = CARTESIAN_POINT ( 'NONE',  ( 10.00000000000000000, 14.14213562373094213, 14.14213562373089417 ) ) ;
#2654 = ORIENTED_EDGE ( 'NONE', *, *, #7385, .F. ) ;
#2655 = EDGE_CURVE ( 'NONE', #646, #5116, #5302, .T. ) ;
#2656 = PRODUCT_DEFINITION_SHAPE ( 'NONE', 'NONE',  #9708 ) ;
#2657 = ORIENTED_EDGE ( 'NONE', *, *, #8428, .T. ) ;
#2658 = CARTESIAN_POINT ( 'NONE',  ( -97.83265183599306170, 165.3661789118851289, 10.14743374812239907 ) ) ;
#2659 = CYLINDRICAL_SURFACE ( 'NONE', #548, 35.00000000000000000 ) ;
#2660 = VERTEX_POINT ( 'NONE', #161 ) ;
#2661 = CARTESIAN_POINT ( 'NONE',  ( -32.00000000000001421, 169.9999999999999432, 35.00000000000000711 ) ) ;
#2662 = DIRECTION ( 'NONE',  ( -1.000000000000000000, 0.000000000000000000, 0.000000000000000000 ) ) ;
#2663 = MECHANICAL_DESIGN_GEOMETRIC_PRESENTATION_REPRESENTATION (  '', ( #4230 ), #9093 ) ;
#2664 = CIRCLE ( 'NONE', #8142, 15.00000000000000178 ) ;
#2665 = LINE ( 'NONE', #8662, #475 ) ;
#2666 = CARTESIAN_POINT ( 'NONE',  ( -67.99999999999995737, 169.9999999999999432, 25.00000000000000711 ) ) ;
#2667 = DIRECTION ( 'NONE',  ( -0.9092006323859481709, -3.456143419081557415E-16, 0.4163582712868710844 ) ) ;
#2668 = EDGE_CURVE ( 'NONE', #6535, #8887, #4621, .T. ) ;
#2669 = DIRECTION ( 'NONE',  ( 0.000000000000000000, 0.000000000000000000, -1.000000000000000000 ) ) ;
#2670 = DIRECTION ( 'NONE',  ( -0.000000000000000000, 1.000000000000000000, -0.000000000000000000 ) ) ;
#2671 = DIRECTION ( 'NONE',  ( 1.000000000000000000, 0.000000000000000000, 0.000000000000000000 ) ) ;
#2672 = AXIS2_PLACEMENT_3D ( 'NONE', #9267, #4055, #1853 ) ;
#2673 = PLANE ( 'NONE',  #5982 ) ;
#2674 = VECTOR ( 'NONE', #7375, 1000.000000000000000 ) ;
#2675 =( NAMED_UNIT ( * ) PLANE_ANGLE_UNIT ( ) SI_UNIT ( $, .RADIAN. ) );
#2676 = DIRECTION ( 'NONE',  ( 0.000000000000000000, 0.000000000000000000, -1.000000000000000000 ) ) ;
#2677 =( GEOMETRIC_REPRESENTATION_CONTEXT ( 3 ) GLOBAL_UNCERTAINTY_ASSIGNED_CONTEXT ( ( #7567 ) ) GLOBAL_UNIT_ASSIGNED_CONTEXT ( ( #5474, #2477, #6853 ) ) REPRESENTATION_CONTEXT ( 'NONE', 'WORKASPACE' ) );
#2678 = EDGE_CURVE ( 'NONE', #455, #2660, #5813, .T. ) ;
#2679 = VERTEX_POINT ( 'NONE', #6094 ) ;
#2680 = LINE ( 'NONE', #9464, #1571 ) ;
#2681 = ADVANCED_FACE ( 'NONE', ( #23 ), #2957, .F. ) ;
#2682 = LINE ( 'NONE', #2734, #8406 ) ;
#2683 = VECTOR ( 'NONE', #9495, 1000.000000000000000 ) ;
#2684 = LINE ( 'NONE', #7944, #2241 ) ;
#2685 = EDGE_LOOP ( 'NONE', ( #9576, #5259, #2209, #8548 ) ) ;
#2686 = AXIS2_PLACEMENT_3D ( 'NONE', #9358, #2717, #8458 ) ;
#2687 = CARTESIAN_POINT ( 'NONE',  ( -8.414370715957723235, 168.9377774397608221, 12.56846074963342730 ) ) ;
#2688 = CARTESIAN_POINT ( 'NONE',  ( -85.00000000000000000, 47.99999999999995737, 25.00000000000000711 ) ) ;
#2689 = AXIS2_PLACEMENT_3D ( 'NONE', #7794, #4748, #1705 ) ;
#2690 = PLANE ( 'NONE',  #7145 ) ;
#2691 = VERTEX_POINT ( 'NONE', #5406 ) ;
#2692 = CARTESIAN_POINT ( 'NONE',  ( -50.00000000000000000, -28.00000000000010658, 75.00000000000000000 ) ) ;
#2693 = ORIENTED_EDGE ( 'NONE', *, *, #1187, .T. ) ;
#2694 = ADVANCED_FACE ( 'NONE', ( #3007 ), #116, .F. ) ;
#2695 = EDGE_LOOP ( 'NONE', ( #2742, #3372 ) ) ;
#2696 = CARTESIAN_POINT ( 'NONE',  ( 8.000000000000000000, -5.833392311421893986E-14, -13.99999999999995204 ) ) ;
#2697 = VERTEX_POINT ( 'NONE', #856 ) ;
#2698 = CARTESIAN_POINT ( 'NONE',  ( -67.99999999999994316, 169.5782628522114805, 73.59420950737171552 ) ) ;
#2699 = CARTESIAN_POINT ( 'NONE',  ( 19.75000000000000000, -7.653704392474077342E-14, 92.00000000000001421 ) ) ;
#2700 = ORIENTED_EDGE ( 'NONE', *, *, #8982, .F. ) ;
#2701 = CARTESIAN_POINT ( 'NONE',  ( -50.00000000000001421, 169.9999999999999716, 75.00000000000000000 ) ) ;
#2702 = CIRCLE ( 'NONE', #5677, 1.000000000000000888 ) ;
#2703 = VERTEX_POINT ( 'NONE', #9055 ) ;
#2704 = LINE ( 'NONE', #8101, #6355 ) ;
#2705 = ORIENTED_EDGE ( 'NONE', *, *, #8814, .F. ) ;
#2706 = ITEM_DEFINED_TRANSFORMATION ( 'NONE', 'NONE', #7071,  #6276 ) ;
#2707 = ORIENTED_EDGE ( 'NONE', *, *, #1517, .F. ) ;
#2708 = DIRECTION ( 'NONE',  ( 0.000000000000000000, 0.2873478855663457177, -0.9578262852211512079 ) ) ;
#2709 = CARTESIAN_POINT ( 'NONE',  ( 10.00000000000000000, 14.14213562373094213, 8.642135623730895944 ) ) ;
#2710 = VERTEX_POINT ( 'NONE', #9144 ) ;
#2711 = CARTESIAN_POINT ( 'NONE',  ( -97.29681550384731281, 30.29948376758195749, 10.23553265404355805 ) ) ;
#2712 = FACE_OUTER_BOUND ( 'NONE', #3818, .T. ) ;
#2713 = EDGE_CURVE ( 'NONE', #2298, #6832, #8017, .T. ) ;
#2714 = FACE_OUTER_BOUND ( 'NONE', #2737, .T. ) ;
#2715 = AXIS2_PLACEMENT_3D ( 'NONE', #2353, #7287, #1353 ) ;
#2716 = DIRECTION ( 'NONE',  ( -0.000000000000000000, -0.000000000000000000, 1.000000000000000000 ) ) ;
#2717 = DIRECTION ( 'NONE',  ( 0.9373116896492590389, -1.775819111420942750E-16, 0.3484921755891384199 ) ) ;
#2718 = AXIS2_PLACEMENT_3D ( 'NONE', #5139, #2051, #2142 ) ;
#2719 = AXIS2_PLACEMENT_3D ( 'NONE', #7739, #7592, #3322 ) ;
#2720 = CARTESIAN_POINT ( 'NONE',  ( 0.000000000000000000, 0.000000000000000000, -9.000000000000000000 ) ) ;
#2721 = DIRECTION ( 'NONE',  ( -1.000000000000000000, 0.000000000000000000, -0.000000000000000000 ) ) ;
#2722 = DIRECTION ( 'NONE',  ( 0.000000000000000000, -1.000000000000000000, 0.000000000000000000 ) ) ;
#2723 = VECTOR ( 'NONE', #4666, 1000.000000000000000 ) ;
#2724 = CIRCLE ( 'NONE', #375, 5.499999999999996447 ) ;
#2725 = DIRECTION ( 'NONE',  ( 0.000000000000000000, 0.000000000000000000, 1.000000000000000000 ) ) ;
#2726 = EDGE_CURVE ( 'NONE', #6341, #2161, #5499, .T. ) ;
#2727 = CARTESIAN_POINT ( 'NONE',  ( -50.00000000000000711, 25.99999999999995737, 75.00000000000000000 ) ) ;
#2728 = LINE ( 'NONE', #5726, #3129 ) ;
#2729 = DIRECTION ( 'NONE',  ( 0.9999999859640880118, -2.669257967269186507E-34, -0.0001675464833563976568 ) ) ;
#2730 = VECTOR ( 'NONE', #8692, 1000.000000000000000 ) ;
#2731 = ORIENTED_EDGE ( 'NONE', *, *, #1539, .T. ) ;
#2732 = CONTEXT_DEPENDENT_SHAPE_REPRESENTATION ( #6087, #8046 ) ;
#2733 = LINE ( 'NONE', #7940, #7049 ) ;
#2734 = CARTESIAN_POINT ( 'NONE',  ( -32.00000000000000000, 33.49999999999995737, 50.00000000000000000 ) ) ;
#2735 = CIRCLE ( 'NONE', #4777, 15.00000000000000000 ) ;
#2736 = CARTESIAN_POINT ( 'NONE',  ( -4.000000000000000000, 0.000000000000000000, 101.0000000000000000 ) ) ;
#2737 = EDGE_LOOP ( 'NONE', ( #4775, #9228, #9616, #6720, #8750 ) ) ;
#2738 = LINE ( 'NONE', #9275, #3751 ) ;
#2739 = LINE ( 'NONE', #5736, #7477 ) ;
#2740 = EDGE_CURVE ( 'NONE', #3197, #7740, #1633, .T. ) ;
#2741 = PLANE ( 'NONE',  #5251 ) ;
#2742 = ORIENTED_EDGE ( 'NONE', *, *, #7983, .T. ) ;
#2743 = DIRECTION ( 'NONE',  ( 1.000000000000000000, 0.000000000000000000, -0.000000000000000000 ) ) ;
#2744 = VERTEX_POINT ( 'NONE', #4570 ) ;
#2745 = AXIS2_PLACEMENT_3D ( 'NONE', #9593, #1438, #8711 ) ;
#2746 =( NAMED_UNIT ( * ) SI_UNIT ( $, .STERADIAN. ) SOLID_ANGLE_UNIT ( ) );
#2747 = ORIENTED_EDGE ( 'NONE', *, *, #887, .F. ) ;
#2748 = CIRCLE ( 'NONE', #3691, 11.00000000000000000 ) ;
#2749 = CARTESIAN_POINT ( 'NONE',  ( -3.142677150939514163, 2.474586899860803157, 111.0000000000000142 ) ) ;
#2750 = EDGE_CURVE ( 'NONE', #8595, #1092, #2265, .T. ) ;
#2751 = ORIENTED_EDGE ( 'NONE', *, *, #9222, .T. ) ;
#2752 = CARTESIAN_POINT ( 'NONE',  ( -50.00000000000000000, 157.9999999999999716, 110.0000000000000000 ) ) ;
#2753 = ORIENTED_EDGE ( 'NONE', *, *, #6797, .F. ) ;
#2754 = CARTESIAN_POINT ( 'NONE',  ( -59.09553823317372689, 147.9999999999999716, 75.00000000000000000 ) ) ;
#2755 = VERTEX_POINT ( 'NONE', #6833 ) ;
#2756 = ITEM_DEFINED_TRANSFORMATION ( 'NONE', 'NONE', #8325,  #6276 ) ;
#2757 = AXIS2_PLACEMENT_3D ( 'NONE', #947, #4769, #4128 ) ;
#2758 = EDGE_LOOP ( 'NONE', ( #6910, #5704, #6388, #794 ) ) ;
#2759 = CYLINDRICAL_SURFACE ( 'NONE', #6750, 15.00000000000000000 ) ;
#2760 = CARTESIAN_POINT ( 'NONE',  ( 0.000000000000000000, 0.000000000000000000, 15.00000000000000000 ) ) ;
#2761 = ADVANCED_FACE ( 'NONE', ( #6144 ), #1685, .T. ) ;
#2762 = AXIS2_PLACEMENT_3D ( 'NONE', #5772, #2043, #2134 ) ;
#2763 = EDGE_CURVE ( 'NONE', #9334, #5272, #3104, .T. ) ;
#2764 = ORIENTED_EDGE ( 'NONE', *, *, #8487, .F. ) ;
#2765 = DIRECTION ( 'NONE',  ( 1.000000000000000000, 0.000000000000000000, 0.000000000000000000 ) ) ;
#2767 = DIRECTION ( 'NONE',  ( 0.000000000000000000, -1.000000000000000000, 0.000000000000000000 ) ) ;
#2766 = AXIS2_PLACEMENT_3D ( 'NONE', #3353, #9351, #9300 ) ;
#2768 = CARTESIAN_POINT ( 'NONE',  ( -92.57025083395917875, 184.0374038399009464, 11.94788944195685509 ) ) ;
#2769 = DIRECTION ( 'NONE',  ( 0.000000000000000000, 0.000000000000000000, 1.000000000000000000 ) ) ;
#2770 = SHAPE_DEFINITION_REPRESENTATION ( #5935, #6314 ) ;
#2771 = PRESENTATION_LAYER_ASSIGNMENT (  '', '', ( #9520 ) ) ;
#2772 = DIRECTION ( 'NONE',  ( -0.000000000000000000, -0.000000000000000000, -1.000000000000000000 ) ) ;
#2773 = AXIS2_PLACEMENT_3D ( 'NONE', #8821, #6606, #8036 ) ;
#2774 =( REPRESENTATION_RELATIONSHIP ('NONE','NONE', #5518, #3457 ) REPRESENTATION_RELATIONSHIP_WITH_TRANSFORMATION ( #8389 )SHAPE_REPRESENTATION_RELATIONSHIP( ) );
#2775 = DIRECTION ( 'NONE',  ( -0.000000000000000000, -0.000000000000000000, -1.000000000000000000 ) ) ;
#2776 = VECTOR ( 'NONE', #8020, 1000.000000000000000 ) ;
#2777 = DIRECTION ( 'NONE',  ( 0.000000000000000000, 0.2873478855663457177, 0.9578262852211512079 ) ) ;
#2778 = EDGE_CURVE ( 'NONE', #4767, #5340, #3884, .T. ) ;
#2779 = CARTESIAN_POINT ( 'NONE',  ( 8.000000000000000000, -31.99999999999999289, 5.500000000000333955 ) ) ;
#2780 = CARTESIAN_POINT ( 'NONE',  ( 8.000000000000000000, 22.62741699796956496, 22.62741699796948325 ) ) ;
#2781 = CLOSED_SHELL ( 'NONE', ( #1296, #1441, #1787, #3590, #156, #2094, #9547, #9189, #3118, #9076, #5084, #3537 ) ) ;
#2782 = CARTESIAN_POINT ( 'NONE',  ( 30.00000000000000000, 3.673940397442059178E-15, 100.0000000000000000 ) ) ;
#2783 = DIRECTION ( 'NONE',  ( -0.9210000658963295450, 3.920260278723349468E-17, 0.3895624194130592466 ) ) ;
#2784 = AXIS2_PLACEMENT_3D ( 'NONE', #631, #3172, #6805 ) ;
#2785 = ORIENTED_EDGE ( 'NONE', *, *, #8273, .T. ) ;
#2786 = CARTESIAN_POINT ( 'NONE',  ( 0.000000000000000000, 0.000000000000000000, 101.0000000000000000 ) ) ;
#2787 = DIRECTION ( 'NONE',  ( 0.000000000000000000, 0.000000000000000000, 1.000000000000000000 ) ) ;
#2788 = DIRECTION ( 'NONE',  ( 0.000000000000000000, 0.000000000000000000, -1.000000000000000000 ) ) ;
#2789 = EDGE_CURVE ( 'NONE', #5059, #810, #1577, .T. ) ;
#2790 = LINE ( 'NONE', #6312, #8995 ) ;
#2791 = VERTEX_POINT ( 'NONE', #8954 ) ;
#2792 = CARTESIAN_POINT ( 'NONE',  ( 10.00000000000000000, 29.56414504036120761, 6.745869835682794857 ) ) ;
#2793 = DIRECTION ( 'NONE',  ( 1.000000000000000000, 0.000000000000000000, 0.000000000000000000 ) ) ;
#2794 = FACE_OUTER_BOUND ( 'NONE', #9415, .T. ) ;
#2795 = VERTEX_POINT ( 'NONE', #6782 ) ;
#2796 = LINE ( 'NONE', #3720, #1119 ) ;
#2797 = VERTEX_POINT ( 'NONE', #5212 ) ;
#2798 = DIRECTION ( 'NONE',  ( 0.000000000000000000, 0.000000000000000000, 1.000000000000000000 ) ) ;
#2799 = VERTEX_POINT ( 'NONE', #8209 ) ;
#2800 = DIRECTION ( 'NONE',  ( -0.000000000000000000, -0.000000000000000000, 1.000000000000000000 ) ) ;
#2801 = DIRECTION ( 'NONE',  ( 1.000000000000000000, 1.156482317317870344E-15, -0.000000000000000000 ) ) ;
#2802 = EDGE_LOOP ( 'NONE', ( #9015, #8544, #2550, #9470 ) ) ;
#2803 = PRODUCT ( 'Structure', 'Structure', '', ( #7237 ) ) ;
#2804 = FACE_OUTER_BOUND ( 'NONE', #5635, .T. ) ;
#2805 = ORIENTED_EDGE ( 'NONE', *, *, #2306, .F. ) ;
#2806 = EDGE_LOOP ( 'NONE', ( #346, #204 ) ) ;
#2807 = CARTESIAN_POINT ( 'NONE',  ( -91.21320343559645494, 141.7867965644035166, 9.999999999999996447 ) ) ;
#2808 = EDGE_CURVE ( 'NONE', #1863, #8690, #9270, .T. ) ;
#2809 = LINE ( 'NONE', #5707, #3812 ) ;
#2810 = ORIENTED_EDGE ( 'NONE', *, *, #5103, .T. ) ;
#2811 = FACE_OUTER_BOUND ( 'NONE', #5023, .T. ) ;
#2812 = CARTESIAN_POINT ( 'NONE',  ( -84.99999999999997158, 25.99999999999995381, 75.00000000000000000 ) ) ;
#2813 = PRODUCT_CONTEXT ( 'NONE', #9220, 'mechanical' ) ;
#2814 = EDGE_CURVE ( 'NONE', #4646, #1238, #6389, .T. ) ;
#2815 = LINE ( 'NONE', #5038, #4395 ) ;
#2816 = DIRECTION ( 'NONE',  ( 0.000000000000000000, -1.000000000000000000, 0.000000000000000000 ) ) ;
#2817 = CIRCLE ( 'NONE', #8451, 2.249999999999999556 ) ;
#2818 = AXIS2_PLACEMENT_3D ( 'NONE', #6161, #6016, #129 ) ;
#2819 = AXIS2_PLACEMENT_3D ( 'NONE', #1839, #6982, #9251 ) ;
#2820 = DIRECTION ( 'NONE',  ( 0.000000000000000000, 0.000000000000000000, 1.000000000000000000 ) ) ;
#2821 = DIRECTION ( 'NONE',  ( -1.982541115402065356E-16, -1.000000000000000000, 0.000000000000000000 ) ) ;
#2822 = ADVANCED_FACE ( 'NONE', ( #7022, #6925 ), #1729, .F. ) ;
#2823 = DIRECTION ( 'NONE',  ( -0.000000000000000000, 1.000000000000000000, -0.000000000000000000 ) ) ;
#2824 = DIRECTION ( 'NONE',  ( -0.3757831636061380598, -4.792369690657990550E-18, 0.9267076205309647818 ) ) ;
#2825 = AXIS2_PLACEMENT_3D ( 'NONE', #933, #2483, #7595 ) ;
#2826 = AXIS2_PLACEMENT_3D ( 'NONE', #2786, #1726, #625 ) ;
#2827 = ORIENTED_EDGE ( 'NONE', *, *, #5415, .T. ) ;
#2828 = AXIS2_PLACEMENT_3D ( 'NONE', #2591, #4216, #2012 ) ;
#2829 = DIRECTION ( 'NONE',  ( 1.000000000000000000, 0.000000000000000000, 0.000000000000000000 ) ) ;
#2830 = CARTESIAN_POINT ( 'NONE',  ( -1.536251789090978676E-13, -22.00000000000000000, 101.0000000000000000 ) ) ;
#2831 = FACE_OUTER_BOUND ( 'NONE', #364, .T. ) ;
#2832 = CARTESIAN_POINT ( 'NONE',  ( 0.000000000000000000, 0.000000000000000000, 15.00000000000000000 ) ) ;
#2833 = VECTOR ( 'NONE', #2772, 1000.000000000000000 ) ;
#2834 = CARTESIAN_POINT ( 'NONE',  ( 8.000000000000000000, 0.000000000000000000, 32.00000000000000000 ) ) ;
#2835 = CARTESIAN_POINT ( 'NONE',  ( 0.000000000000000000, 0.000000000000000000, 16.00000000000000000 ) ) ;
#2836 = CARTESIAN_POINT ( 'NONE',  ( -85.00000000000000000, 47.99999999999996447, 16.21320343559643717 ) ) ;
#2837 = DIRECTION ( 'NONE',  ( 0.000000000000000000, 0.000000000000000000, -1.000000000000000000 ) ) ;
#2838 = ORIENTED_EDGE ( 'NONE', *, *, #6451, .F. ) ;
#2839 = EDGE_CURVE ( 'NONE', #5739, #1668, #6240, .T. ) ;
#2840 = DIRECTION ( 'NONE',  ( 0.000000000000000000, -0.2873478855663457177, 0.9578262852211512079 ) ) ;
#2841 = ORIENTED_EDGE ( 'NONE', *, *, #5426, .T. ) ;
#2842 = CIRCLE ( 'NONE', #1582, 5.500000000000001776 ) ;
#2843 = DIRECTION ( 'NONE',  ( 0.000000000000000000, -1.000000000000000000, 0.000000000000000000 ) ) ;
#2844 = ORIENTED_EDGE ( 'NONE', *, *, #6874, .F. ) ;
#2845 = EDGE_LOOP ( 'NONE', ( #3103, #198 ) ) ;
#2846 = DIRECTION ( 'NONE',  ( -1.000000000000000000, 1.156482317317870344E-15, -0.000000000000000000 ) ) ;
#2847 = ORIENTED_EDGE ( 'NONE', *, *, #9441, .T. ) ;
#2848 = ADVANCED_FACE ( 'NONE', ( #1927 ), #1053, .T. ) ;
#2849 = CARTESIAN_POINT ( 'NONE',  ( -4.298913028756575549, 29.31793775249741074, 10.58798637295963019 ) ) ;
#2850 = VERTEX_POINT ( 'NONE', #4875 ) ;
#2851 = CONTEXT_DEPENDENT_SHAPE_REPRESENTATION ( #7785, #2948 ) ;
#2852 = ORIENTED_EDGE ( 'NONE', *, *, #1572, .F. ) ;
#2853 = CARTESIAN_POINT ( 'NONE',  ( 8.000000000000000000, -12.24586983568310572, -29.56414504036107971 ) ) ;
#2854 = LINE ( 'NONE', #7969, #5860 ) ;
#2855 = ORIENTED_EDGE ( 'NONE', *, *, #778, .T. ) ;
#2856 = DIRECTION ( 'NONE',  ( 1.000000000000000000, 0.000000000000000000, 0.000000000000000000 ) ) ;
#2857 = ORIENTED_EDGE ( 'NONE', *, *, #4186, .T. ) ;
#2858 = PRESENTATION_STYLE_ASSIGNMENT (( #9501 ) ) ;
#2859 = EDGE_CURVE ( 'NONE', #1962, #4189, #6262, .T. ) ;
#2860 = APPLICATION_PROTOCOL_DEFINITION ( 'draft international standard', 'automotive_design', 1998, #3138 ) ;
#2861 = CARTESIAN_POINT ( 'NONE',  ( -14.99976325483802064, 157.9999999999999716, 24.90241926521933280 ) ) ;
#2862 = DIRECTION ( 'NONE',  ( 1.000000000000000000, 0.000000000000000000, 0.000000000000000000 ) ) ;
#2863 = CARTESIAN_POINT ( 'NONE',  ( -4.000000000000000000, 0.000000000000000000, 15.00000000000000000 ) ) ;
#2864 = ADVANCED_FACE ( 'NONE', ( #211, #1776 ), #4726, .F. ) ;
#2865 = CARTESIAN_POINT ( 'NONE',  ( 10.00000000000000000, -1.021259646113993889E-15, 8.499999999999952038 ) ) ;
#2866 = CIRCLE ( 'NONE', #6006, 9.095538233173709131 ) ;
#2867 = CARTESIAN_POINT ( 'NONE',  ( -20.00000000000000000, 1.836970198721029589E-15, 15.00000000000000000 ) ) ;
#2868 = PRODUCT_DEFINITION_SHAPE ( 'NONE', 'NONE',  #9656 ) ;
#2869 = DIRECTION ( 'NONE',  ( 0.9267076205309647818, -4.754241798949679570E-17, 0.3757831636061380598 ) ) ;
#2870 = ORIENTED_EDGE ( 'NONE', *, *, #3398, .F. ) ;
#2871 = DIRECTION ( 'NONE',  ( -1.000000000000000000, 0.000000000000000000, 0.000000000000000000 ) ) ;
#2872 = VECTOR ( 'NONE', #667, 1000.000000000000000 ) ;
#2873 = DIRECTION ( 'NONE',  ( 0.000000000000000000, 0.000000000000000000, -1.000000000000000000 ) ) ;
#2874 = CARTESIAN_POINT ( 'NONE',  ( -8.786796564403561050, 141.7867965644035166, 9.999999999999996447 ) ) ;
#2875 = VECTOR ( 'NONE', #8765, 1000.000000000000000 ) ;
#2876 = CARTESIAN_POINT ( 'NONE',  ( 8.000000000000000000, 0.000000000000000000, 26.50000000000000355 ) ) ;
#2877 = CARTESIAN_POINT ( 'NONE',  ( 8.000000000000000000, 8.499999999999952038, -3.039105521002927751E-14 ) ) ;
#2878 = CIRCLE ( 'NONE', #8204, 4.000000000000000000 ) ;
#2879 = CARTESIAN_POINT ( 'NONE',  ( -67.99999999999997158, 159.9999999999999716, 76.46768836303517958 ) ) ;
#2880 = VERTEX_POINT ( 'NONE', #2510 ) ;
#2881 = ORIENTED_EDGE ( 'NONE', *, *, #5400, .F. ) ;
#2882 = CARTESIAN_POINT ( 'NONE',  ( 0.000000000000000000, 0.000000000000000000, 0.000000000000000000 ) ) ;
#2883 = ORIENTED_EDGE ( 'NONE', *, *, #4353, .F. ) ;
#2884 = AXIS2_PLACEMENT_3D ( 'NONE', #6149, #4682, #5265 ) ;
#2885 = AXIS2_PLACEMENT_3D ( 'NONE', #9135, #1043, #1816 ) ;
#2886 = EDGE_CURVE ( 'NONE', #5554, #4220, #3987, .T. ) ;
#2887 = CARTESIAN_POINT ( 'NONE',  ( 0.000000000000000000, 0.000000000000000000, 121.0000000000000142 ) ) ;
#2888 = CIRCLE ( 'NONE', #7122, 5.500000000000000888 ) ;
#2889 = DIRECTION ( 'NONE',  ( 1.000000000000000000, 0.000000000000000000, 0.000000000000000000 ) ) ;
#2890 = ORIENTED_EDGE ( 'NONE', *, *, #8227, .F. ) ;
#2891 = DIRECTION ( 'NONE',  ( 0.000000000000000000, -0.9578262852211514300, -0.2873478855663456621 ) ) ;
#2892 = AXIS2_PLACEMENT_3D ( 'NONE', #219, #2517, #3255 ) ;
#2893 = ORIENTED_EDGE ( 'NONE', *, *, #8861, .F. ) ;
#2894 = CONTEXT_DEPENDENT_SHAPE_REPRESENTATION ( #77, #7035 ) ;
#2895 = AXIS2_PLACEMENT_3D ( 'NONE', #2372, #9156, #5420 ) ;
#2896 = ORIENTED_EDGE ( 'NONE', *, *, #3701, .T. ) ;
#2897 = CARTESIAN_POINT ( 'NONE',  ( 0.000000000000000000, 0.000000000000000000, 0.000000000000000000 ) ) ;
#2898 = LINE ( 'NONE', #8062, #3352 ) ;
#2899 = EDGE_CURVE ( 'NONE', #1579, #4074, #5553, .T. ) ;
#2900 = ORIENTED_EDGE ( 'NONE', *, *, #9222, .F. ) ;
#2901 = VECTOR ( 'NONE', #692, 1000.000000000000000 ) ;
#2902 = CARTESIAN_POINT ( 'NONE',  ( -21.99999999999999645, 2.304377683636468267E-13, 92.00000000000001421 ) ) ;
#2903 = ORIENTED_EDGE ( 'NONE', *, *, #3795, .F. ) ;
#2904 = CARTESIAN_POINT ( 'NONE',  ( -89.50259557985476988, 181.7867122592639930, 14.25594736591947331 ) ) ;
#2905 = VECTOR ( 'NONE', #9627, 1000.000000000000114 ) ;
#2906 = SHAPE_DEFINITION_REPRESENTATION ( #3819, #4317 ) ;
#2907 = PLANE ( 'NONE',  #2519 ) ;
#2908 = AXIS2_PLACEMENT_3D ( 'NONE', #2879, #8127, #8090 ) ;
#2909 = EDGE_CURVE ( 'NONE', #1594, #3171, #7059, .T. ) ;
#2910 = DIRECTION ( 'NONE',  ( 1.000000000000000000, 0.000000000000000000, 0.000000000000000000 ) ) ;
#2911 = VECTOR ( 'NONE', #2154, 1000.000000000000000 ) ;
#2912 = ADVANCED_FACE ( 'NONE', ( #5604 ), #3248, .T. ) ;
#2913 = DIRECTION ( 'NONE',  ( -0.000000000000000000, -0.000000000000000000, -1.000000000000000000 ) ) ;
#2914 = LINE ( 'NONE', #5912, #8850 ) ;
#2915 = CIRCLE ( 'NONE', #9197, 5.500000000000001776 ) ;
#2916 = FACE_OUTER_BOUND ( 'NONE', #4813, .T. ) ;
#2917 = DIRECTION ( 'NONE',  ( -0.6002683038521491321, 5.471660724203297737E-16, -0.7997987017934349296 ) ) ;
#2918 = CIRCLE ( 'NONE', #6376, 11.09553823317369847 ) ;
#2919 = VECTOR ( 'NONE', #4018, 1000.000000000000000 ) ;
#2920 = ORIENTED_EDGE ( 'NONE', *, *, #2407, .T. ) ;
#2921 = CARTESIAN_POINT ( 'NONE',  ( -4.000000000000000000, 0.000000000000000000, 0.000000000000000000 ) ) ;
#2922 = EDGE_CURVE ( 'NONE', #2190, #5445, #7763, .T. ) ;
#2923 = CARTESIAN_POINT ( 'NONE',  ( 8.000000000000000000, -31.99999999999999289, 3.351822085289408021E-13 ) ) ;
#2924 = CARTESIAN_POINT ( 'NONE',  ( 5.000000000000000000, 0.000000000000000000, 6.000000000000000000 ) ) ;
#2925 = ADVANCED_FACE ( 'NONE', ( #1100 ), #4086, .T. ) ;
#2926 = CARTESIAN_POINT ( 'NONE',  ( -100.0000000000000000, 25.99999999999995737, 25.00000000000000711 ) ) ;
#2927 = DIRECTION ( 'NONE',  ( -1.000000000000000000, 0.000000000000000000, 0.000000000000000000 ) ) ;
#2928 = DIRECTION ( 'NONE',  ( 0.000000000000000000, 0.000000000000000000, -1.000000000000000000 ) ) ;
#2929 = VERTEX_POINT ( 'NONE', #3347 ) ;
#2930 = AXIS2_PLACEMENT_3D ( 'NONE', #7203, #5097, #9378 ) ;
#2931 = EDGE_CURVE ( 'NONE', #2703, #7694, #5043, .T. ) ;
#2932 = ORIENTED_EDGE ( 'NONE', *, *, #6040, .F. ) ;
#2933 = ADVANCED_FACE ( 'NONE', ( #4328 ), #2759, .T. ) ;
#2934 = DIRECTION ( 'NONE',  ( 0.000000000000000000, 0.000000000000000000, -1.000000000000000000 ) ) ;
#2935 = ORIENTED_EDGE ( 'NONE', *, *, #178, .F. ) ;
#2936 = DIRECTION ( 'NONE',  ( 0.000000000000000000, 0.000000000000000000, 1.000000000000000000 ) ) ;
#2937 = CARTESIAN_POINT ( 'NONE',  ( -89.67910580021971612, 26.29080745763852178, 14.09703248901363359 ) ) ;
#2938 = CARTESIAN_POINT ( 'NONE',  ( -67.99999999999997158, 157.9999999999999432, 65.00000000000000000 ) ) ;
#2939 = ORIENTED_EDGE ( 'NONE', *, *, #2418, .T. ) ;
#2940 = CARTESIAN_POINT ( 'NONE',  ( -85.00000000000000000, 180.0000000000000000, 110.0000000000000000 ) ) ;
#2941 = EDGE_CURVE ( 'NONE', #8297, #3077, #2026, .T. ) ;
#2942 = EDGE_CURVE ( 'NONE', #352, #8335, #1895, .T. ) ;
#2943 = ORIENTED_EDGE ( 'NONE', *, *, #5694, .F. ) ;
#2944 = ITEM_DEFINED_TRANSFORMATION ( 'NONE', 'NONE', #5342,  #6276 ) ;
#2945 = ORIENTED_EDGE ( 'NONE', *, *, #5435, .F. ) ;
#2946 = DIRECTION ( 'NONE',  ( 1.000000000000000000, 0.000000000000000000, 0.000000000000000000 ) ) ;
#2947 = LINE ( 'NONE', #2400, #1161 ) ;
#2948 = PRODUCT_DEFINITION_SHAPE ( 'NONE', 'NONE',  #9681 ) ;
#2949 = ORIENTED_EDGE ( 'NONE', *, *, #2531, .F. ) ;
#2950 =( REPRESENTATION_RELATIONSHIP ('NONE','NONE', #5518, #3457 ) REPRESENTATION_RELATIONSHIP_WITH_TRANSFORMATION ( #8940 )SHAPE_REPRESENTATION_RELATIONSHIP( ) );
#2951 = VERTEX_POINT ( 'NONE', #5897 ) ;
#2952 = PLANE ( 'NONE',  #1499 ) ;
#2953 = EDGE_CURVE ( 'NONE', #4327, #404, #7528, .T. ) ;
#2954 = EDGE_CURVE ( 'NONE', #8684, #4847, #6541, .T. ) ;
#2955 = PRODUCT ( 'Roulement', 'Roulement', '', ( #5716 ) ) ;
#2956 = FILL_AREA_STYLE_COLOUR ( '', #9323 ) ;
#2957 = PLANE ( 'NONE',  #1116 ) ;
#2958 = CYLINDRICAL_SURFACE ( 'NONE', #9465, 5.999999999999998224 ) ;
#2959 = ORIENTED_EDGE ( 'NONE', *, *, #1233, .T. ) ;
#2960 = CARTESIAN_POINT ( 'NONE',  ( 0.000000000000000000, 0.000000000000000000, 121.0000000000000142 ) ) ;
#2961 = DIRECTION ( 'NONE',  ( 0.000000000000000000, 0.000000000000000000, -1.000000000000000000 ) ) ;
#2962 = CARTESIAN_POINT ( 'NONE',  ( 8.000000000000000000, -22.62741699796971773, -22.62741699796931982 ) ) ;
#2963 = ADVANCED_FACE ( 'NONE', ( #3496 ), #3588, .F. ) ;
#2964 = DIRECTION ( 'NONE',  ( 1.000000000000000000, 0.000000000000000000, 0.000000000000000000 ) ) ;
#2965 = CIRCLE ( 'NONE', #7510, 5.499999999999994671 ) ;
#2966 = ORIENTED_EDGE ( 'NONE', *, *, #7395, .T. ) ;
#2967 = DIRECTION ( 'NONE',  ( 0.000000000000000000, 1.000000000000000000, 0.000000000000000000 ) ) ;
#2968 = AXIS2_PLACEMENT_3D ( 'NONE', #4690, #5471, #3805 ) ;
#2969 = FACE_OUTER_BOUND ( 'NONE', #9278, .T. ) ;
#2970 = CARTESIAN_POINT ( 'NONE',  ( -32.00000000000001421, 169.9999999999999432, 75.00000000000000000 ) ) ;
#2971 = VECTOR ( 'NONE', #7627, 1000.000000000000000 ) ;
#2972 = CYLINDRICAL_SURFACE ( 'NONE', #9260, 9.095538233173723341 ) ;
#2973 = CARTESIAN_POINT ( 'NONE',  ( 10.00000000000000000, -1.393144556684672268E-13, -14.49999999999995204 ) ) ;
#2974 = ADVANCED_FACE ( 'NONE', ( #3446 ), #4554, .T. ) ;
#2975 = CIRCLE ( 'NONE', #1882, 4.000000000000000000 ) ;
#2976 = CARTESIAN_POINT ( 'NONE',  ( -67.99999999999997158, 163.9999999999999432, 58.48010216963683661 ) ) ;
#2977 = EDGE_LOOP ( 'NONE', ( #1618, #4796, #5348, #5387 ) ) ;
#2978 = CIRCLE ( 'NONE', #7522, 4.000000000000000000 ) ;
#2979 = VECTOR ( 'NONE', #8024, 1000.000000000000000 ) ;
#2980 = ADVANCED_FACE ( 'NONE', ( #4370 ), #8061, .F. ) ;
#2981 = VECTOR ( 'NONE', #3568, 1000.000000000000000 ) ;
#2982 = ORIENTED_EDGE ( 'NONE', *, *, #4665, .F. ) ;
#2983 = DIRECTION ( 'NONE',  ( 1.000000000000000000, 0.000000000000000000, 0.000000000000000000 ) ) ;
#2984 = EDGE_LOOP ( 'NONE', ( #5347, #1966 ) ) ;
#2985 = VECTOR ( 'NONE', #5786, 1000.000000000000000 ) ;
#2986 = DIRECTION ( 'NONE',  ( 0.000000000000000000, 0.2873478855663455511, -0.9578262852211513190 ) ) ;
#2987 = CARTESIAN_POINT ( 'NONE',  ( -32.00000000000000711, 166.5440306508910169, 50.00000000000000000 ) ) ;
#2988 = LINE ( 'NONE', #742, #6352 ) ;
#2989 = VERTEX_POINT ( 'NONE', #9446 ) ;
#2990 = EDGE_CURVE ( 'NONE', #8695, #2549, #5574, .T. ) ;
#2991 = AXIS2_PLACEMENT_3D ( 'NONE', #1487, #2312, #3838 ) ;
#2992 = DIRECTION ( 'NONE',  ( 9.912705577010326782E-17, -1.000000000000000000, -0.000000000000000000 ) ) ;
#2993 = AXIS2_PLACEMENT_3D ( 'NONE', #8818, #8076, #5135 ) ;
#2994 = ORIENTED_EDGE ( 'NONE', *, *, #7403, .T. ) ;
#2995 = ITEM_DEFINED_TRANSFORMATION ( 'NONE', 'NONE', #2996,  #6276 ) ;
#2996 = AXIS2_PLACEMENT_3D ( 'NONE', #3257, #1011, #2520 ) ;
#2997 = VERTEX_POINT ( 'NONE', #5801 ) ;
#2998 = DIRECTION ( 'NONE',  ( 0.000000000000000000, 0.000000000000000000, 1.000000000000000000 ) ) ;
#2999 = DIRECTION ( 'NONE',  ( 1.000000000000000000, -0.000000000000000000, -0.000000000000000000 ) ) ;
#3000 = ORIENTED_EDGE ( 'NONE', *, *, #3052, .F. ) ;
#3001 = VERTEX_POINT ( 'NONE', #5705 ) ;
#3002 = CARTESIAN_POINT ( 'NONE',  ( -85.00023674516199890, 169.9999999999999716, 24.90241926521933635 ) ) ;
#3003 = CIRCLE ( 'NONE', #4729, 11.20000000000000107 ) ;
#3004 = CONTEXT_DEPENDENT_SHAPE_REPRESENTATION ( #5321, #3116 ) ;
#3005 = CARTESIAN_POINT ( 'NONE',  ( 28.99999999999999645, 0.000000000000000000, 0.000000000000000000 ) ) ;
#3006 = ORIENTED_EDGE ( 'NONE', *, *, #2713, .F. ) ;
#3007 = FACE_OUTER_BOUND ( 'NONE', #5598, .T. ) ;
#3008 = AXIS2_PLACEMENT_3D ( 'NONE', #4940, #7933, #4201 ) ;
#3009 = DIRECTION ( 'NONE',  ( 0.000000000000000000, 0.000000000000000000, -1.000000000000000000 ) ) ;
#3010 =( REPRESENTATION_RELATIONSHIP ('NONE','NONE', #5518, #3457 ) REPRESENTATION_RELATIONSHIP_WITH_TRANSFORMATION ( #359 )SHAPE_REPRESENTATION_RELATIONSHIP( ) );
#3011 = ADVANCED_FACE ( 'NONE', ( #8899 ), #2073, .F. ) ;
#3012 = EDGE_LOOP ( 'NONE', ( #5825, #6227, #5064, #4759 ) ) ;
#3013 = DIRECTION ( 'NONE',  ( 0.000000000000000000, 0.000000000000000000, 1.000000000000000000 ) ) ;
#3014 = PLANE ( 'NONE',  #9171 ) ;
#3015 = DIRECTION ( 'NONE',  ( 1.000000000000000000, 0.000000000000000000, 0.000000000000000000 ) ) ;
#3016 = AXIS2_PLACEMENT_3D ( 'NONE', #7334, #3013, #1307 ) ;
#3017 = DIRECTION ( 'NONE',  ( 0.6554295208624852931, 3.757702493543578222E-17, 0.7552563426956264703 ) ) ;
#3018 = ORIENTED_EDGE ( 'NONE', *, *, #3949, .T. ) ;
#3019 = FACE_OUTER_BOUND ( 'NONE', #8245, .T. ) ;
#3020 = CYLINDRICAL_SURFACE ( 'NONE', #7622, 9.095538233173716236 ) ;
#3021 = CARTESIAN_POINT ( 'NONE',  ( -15.00000000000000533, 162.4137956343300573, 50.28734788556636204 ) ) ;
#3022 = ADVANCED_FACE ( 'NONE', ( #9586 ), #7968, .F. ) ;
#3023 = DIRECTION ( 'NONE',  ( -0.000000000000000000, -0.000000000000000000, -1.000000000000000000 ) ) ;
#3024 = CARTESIAN_POINT ( 'NONE',  ( -4.875000000000000000, 5.970153145843347347E-16, 19.00000000000000355 ) ) ;
#3025 = EDGE_LOOP ( 'NONE', ( #5937, #878, #2657, #1770 ) ) ;
#3026 = VECTOR ( 'NONE', #9403, 1000.000000000000000 ) ;
#3027 = VERTEX_POINT ( 'NONE', #1248 ) ;
#3028 = CARTESIAN_POINT ( 'NONE',  ( -84.99999999999997158, 169.5782628522114805, 73.59420950737163025 ) ) ;
#3029 = AXIS2_PLACEMENT_3D ( 'NONE', #8122, #9608, #7297 ) ;
#3030 = CARTESIAN_POINT ( 'NONE',  ( 8.000000000000000000, 32.00000000000000000, 5.499999999999884537 ) ) ;
#3031 = ORIENTED_EDGE ( 'NONE', *, *, #6069, .F. ) ;
#3032 = CARTESIAN_POINT ( 'NONE',  ( 10.00000000000000000, -29.56414504036104773, 12.24586983568319454 ) ) ;
#3033 = ADVANCED_FACE ( 'NONE', ( #8847 ), #2117, .F. ) ;
#3034 = DIRECTION ( 'NONE',  ( 1.000000000000000000, -0.000000000000000000, -0.000000000000000000 ) ) ;
#3035 = CARTESIAN_POINT ( 'NONE',  ( -50.00000000000000000, 147.9999999999999716, 75.00000000000000000 ) ) ;
#3036 = ORIENTED_EDGE ( 'NONE', *, *, #2886, .F. ) ;
#3037 = PRODUCT ( 'Moteur_3000', 'Moteur_3000', '', ( #1255 ) ) ;
#3038 = LINE ( 'NONE', #2940, #328 ) ;
#3039 = ORIENTED_EDGE ( 'NONE', *, *, #6024, .T. ) ;
#3040 = ORIENTED_EDGE ( 'NONE', *, *, #9062, .T. ) ;
#3041 = CONTEXT_DEPENDENT_SHAPE_REPRESENTATION ( #3584, #307 ) ;
#3042 = ORIENTED_EDGE ( 'NONE', *, *, #9473, .T. ) ;
#3043 = CYLINDRICAL_SURFACE ( 'NONE', #4095, 4.875000000000000000 ) ;
#3044 = DIRECTION ( 'NONE',  ( -1.000000000000000000, 0.000000000000000000, 0.000000000000000000 ) ) ;
#3045 = ADVANCED_FACE ( 'NONE', ( #1386 ), #517, .F. ) ;
#3046 = VECTOR ( 'NONE', #32, 1000.000000000000227 ) ;
#3047 = ORIENTED_EDGE ( 'NONE', *, *, #4241, .T. ) ;
#3048 = ORIENTED_EDGE ( 'NONE', *, *, #4790, .T. ) ;
#3049 = FACE_OUTER_BOUND ( 'NONE', #8446, .T. ) ;
#3050 = AXIS2_PLACEMENT_3D ( 'NONE', #8415, #921, #6747 ) ;
#3051 = ITEM_DEFINED_TRANSFORMATION ( 'NONE', 'NONE', #2200,  #6276 ) ;
#3052 = EDGE_CURVE ( 'NONE', #563, #6339, #795, .T. ) ;
#3053 = DIRECTION ( 'NONE',  ( 0.000000000000000000, 0.2873478855663455511, -0.9578262852211513190 ) ) ;
#3054 = ORIENTED_EDGE ( 'NONE', *, *, #7953, .T. ) ;
#3055 = CARTESIAN_POINT ( 'NONE',  ( 8.000000000000000000, 22.62741699796956496, 22.62741699796948325 ) ) ;
#3056 = UNCERTAINTY_MEASURE_WITH_UNIT (LENGTH_MEASURE( 1.000000000000000082E-05 ), #377, 'distance_accuracy_value', 'NONE');
#3057 = CARTESIAN_POINT ( 'NONE',  ( 8.000000000000000000, -22.62741699796971773, -22.62741699796931982 ) ) ;
#3058 = EDGE_CURVE ( 'NONE', #1781, #2501, #9114, .T. ) ;
#3059 = AXIS2_PLACEMENT_3D ( 'NONE', #2603, #8747, #509 ) ;
#3060 = ORIENTED_EDGE ( 'NONE', *, *, #9191, .T. ) ;
#3061 = CARTESIAN_POINT ( 'NONE',  ( -59.09553823317371268, 46.99999999999995737, 75.00000000000000000 ) ) ;
#3062 = CARTESIAN_POINT ( 'NONE',  ( -32.00000000000000000, 157.9999999999999432, 25.00000000000000711 ) ) ;
#3063 = CYLINDRICAL_SURFACE ( 'NONE', #2184, 5.499999999999994671 ) ;
#3064 = CARTESIAN_POINT ( 'NONE',  ( -33.24176391781885798, -20.57544454745023899, 1057.697055400887166 ) ) ;
#3065 = CIRCLE ( 'NONE', #5418, 5.500000000000000000 ) ;
#3066 = ORIENTED_EDGE ( 'NONE', *, *, #490, .T. ) ;
#3067 = ADVANCED_FACE ( 'NONE', ( #6774 ), #748, .T. ) ;
#3068 = CYLINDRICAL_SURFACE ( 'NONE', #564, 5.500000000000001776 ) ;
#3069 = VECTOR ( 'NONE', #4671, 1000.000000000000000 ) ;
#3070 = DIRECTION ( 'NONE',  ( -1.000000000000000000, 1.224646799147351482E-16, 0.000000000000000000 ) ) ;
#3071 = DIRECTION ( 'NONE',  ( 0.000000000000000000, 0.000000000000000000, -1.000000000000000000 ) ) ;
#3072 = CIRCLE ( 'NONE', #1211, 40.00000000000000000 ) ;
#3073 = CARTESIAN_POINT ( 'NONE',  ( -50.00000000000000000, 37.99999999999995026, 75.00000000000000000 ) ) ;
#3074 = FACE_OUTER_BOUND ( 'NONE', #154, .T. ) ;
#3075 = AXIS2_PLACEMENT_3D ( 'NONE', #2383, #7686, #4697 ) ;
#3076 = DIRECTION ( 'NONE',  ( 1.000000000000000000, 0.000000000000000000, 0.000000000000000000 ) ) ;
#3077 = VERTEX_POINT ( 'NONE', #5156 ) ;
#3078 = EDGE_CURVE ( 'NONE', #7952, #6086, #2842, .T. ) ;
#3079 = CYLINDRICAL_SURFACE ( 'NONE', #4393, 2.249999999999998668 ) ;
#3080 = PLANE ( 'NONE',  #1661 ) ;
#3081 = ORIENTED_EDGE ( 'NONE', *, *, #2239, .T. ) ;
#3082 = VECTOR ( 'NONE', #9159, 1000.000000000000000 ) ;
#3083 =( REPRESENTATION_RELATIONSHIP ('NONE','NONE', #5518, #3457 ) REPRESENTATION_RELATIONSHIP_WITH_TRANSFORMATION ( #3586 )SHAPE_REPRESENTATION_RELATIONSHIP( ) );
#3084 = VECTOR ( 'NONE', #316, 1000.000000000000000 ) ;
#3085 = CARTESIAN_POINT ( 'NONE',  ( -5.788880431484954237, 185.3206451767271403, 11.15729052979791014 ) ) ;
#3086 = DIRECTION ( 'NONE',  ( 0.000000000000000000, 1.000000000000000000, -0.000000000000000000 ) ) ;
#3087 = CYLINDRICAL_SURFACE ( 'NONE', #8576, 1.000000000000000888 ) ;
#3088 = ORIENTED_EDGE ( 'NONE', *, *, #1329, .F. ) ;
#3089 = CYLINDRICAL_SURFACE ( 'NONE', #644, 5.499999999999998224 ) ;
#3090 = ORIENTED_EDGE ( 'NONE', *, *, #4696, .T. ) ;
#3091 = EDGE_LOOP ( 'NONE', ( #2514, #3247 ) ) ;
#3092 = CIRCLE ( 'NONE', #7327, 5.499999999999998224 ) ;
#3093 = ORIENTED_EDGE ( 'NONE', *, *, #9215, .F. ) ;
#3094 = DIRECTION ( 'NONE',  ( 0.000000000000000000, 0.000000000000000000, -1.000000000000000000 ) ) ;
#3095 = FACE_OUTER_BOUND ( 'NONE', #4058, .T. ) ;
#3096 = ORIENTED_EDGE ( 'NONE', *, *, #7186, .T. ) ;
#3097 = ORIENTED_EDGE ( 'NONE', *, *, #4342, .T. ) ;
#3098 = CYLINDRICAL_SURFACE ( 'NONE', #877, 4.000000000000000000 ) ;
#3099 = EDGE_CURVE ( 'NONE', #8169, #3869, #9435, .T. ) ;
#3100 = ITEM_DEFINED_TRANSFORMATION ( 'NONE', 'NONE', #9430,  #6276 ) ;
#3101 = EDGE_CURVE ( 'NONE', #8540, #4038, #7066, .T. ) ;
#3102 = DIRECTION ( 'NONE',  ( 0.000000000000000000, 1.000000000000000000, 0.000000000000000000 ) ) ;
#3103 = ORIENTED_EDGE ( 'NONE', *, *, #4602, .T. ) ;
#3104 = LINE ( 'NONE', #911, #20 ) ;
#3105 = CARTESIAN_POINT ( 'NONE',  ( -20.00000000000000000, 0.000000000000000000, 0.000000000000000000 ) ) ;
#3106 = ORIENTED_EDGE ( 'NONE', *, *, #1368, .T. ) ;
#3107 = DIRECTION ( 'NONE',  ( 1.000000000000000000, 0.000000000000000000, 0.000000000000000000 ) ) ;
#3108 = FILL_AREA_STYLE ('',( #3888 ) ) ;
#3109 = LINE ( 'NONE', #3797, #157 ) ;
#3110 = EDGE_CURVE ( 'NONE', #2755, #1490, #3151, .T. ) ;
#3111 = CARTESIAN_POINT ( 'NONE',  ( -21.69858647426078946, 39.69838535254830703, 1066.635707959325373 ) ) ;
#3112 = EDGE_LOOP ( 'NONE', ( #9280, #406, #3295, #7809 ) ) ;
#3113 = CARTESIAN_POINT ( 'NONE',  ( -11.00000000000000000, 0.000000000000000000, 6.000000000000000000 ) ) ;
#3114 = CARTESIAN_POINT ( 'NONE',  ( -50.00000000000000000, 37.99999999999995026, 86.20000000000000284 ) ) ;
#3115 = DIRECTION ( 'NONE',  ( 1.000000000000000000, 0.000000000000000000, 0.000000000000000000 ) ) ;
#3116 = PRODUCT_DEFINITION_SHAPE ( 'NONE', 'NONE',  #9646 ) ;
#3117 = PLANE ( 'NONE',  #7040 ) ;
#3118 = ADVANCED_FACE ( 'NONE', ( #8144 ), #3043, .F. ) ;
#3119 = CARTESIAN_POINT ( 'NONE',  ( -32.00000000000000000, 25.99999999999995381, 75.00000000000000000 ) ) ;
#3120 = CARTESIAN_POINT ( 'NONE',  ( -32.00000000000000000, 25.99999999999995381, 25.00000000000000711 ) ) ;
#3121 = SHAPE_REPRESENTATION_RELATIONSHIP ( 'NONE' , 'NONE' ,  #1313, #7320 ) ;
#3122 = ORIENTED_EDGE ( 'NONE', *, *, #9610, .F. ) ;
#3123 = DIRECTION ( 'NONE',  ( -1.000000000000000000, 0.000000000000000000, 0.000000000000000000 ) ) ;
#3124 = DIRECTION ( 'NONE',  ( 1.224646799147353207E-16, 1.000000000000000000, -0.000000000000000000 ) ) ;
#3125 = EDGE_LOOP ( 'NONE', ( #4031, #2371, #3340, #2753 ) ) ;
#3126 = DIRECTION ( 'NONE',  ( 0.000000000000000000, 0.000000000000000000, -1.000000000000000000 ) ) ;
#3127 = AXIS2_PLACEMENT_3D ( 'NONE', #1408, #6518, #9526 ) ;
#3128 = EDGE_CURVE ( 'NONE', #4620, #2691, #2360, .T. ) ;
#3129 = VECTOR ( 'NONE', #8723, 1000.000000000000000 ) ;
#3130 = DIRECTION ( 'NONE',  ( 1.000000000000000000, 0.000000000000000000, 0.000000000000000000 ) ) ;
#3131 = DIRECTION ( 'NONE',  ( 0.000000000000000000, 0.000000000000000000, 1.000000000000000000 ) ) ;
#3132 = CARTESIAN_POINT ( 'NONE',  ( 10.00000000000000000, -2.227812499464295040E-13, -26.50000000000000355 ) ) ;
#3133 = VERTEX_POINT ( 'NONE', #843 ) ;
#3134 = DIRECTION ( 'NONE',  ( 1.000000000000000000, 0.000000000000000000, 0.000000000000000000 ) ) ;
#3135 = ORIENTED_EDGE ( 'NONE', *, *, #9306, .F. ) ;
#3136 = VERTEX_POINT ( 'NONE', #4417 ) ;
#3137 = CONTEXT_DEPENDENT_SHAPE_REPRESENTATION ( #398, #8620 ) ;
#3138 = APPLICATION_CONTEXT ( 'automotive_design' ) ;
#3139 = VECTOR ( 'NONE', #4905, 1000.000000000000000 ) ;
#3140 = ORIENTED_EDGE ( 'NONE', *, *, #9487, .F. ) ;
#3141 = DIRECTION ( 'NONE',  ( 0.000000000000000000, 0.000000000000000000, -1.000000000000000000 ) ) ;
#3142 = CARTESIAN_POINT ( 'NONE',  ( 10.00000000000000000, -5.833392311421893986E-14, -8.499999999999952038 ) ) ;
#3143 = EDGE_CURVE ( 'NONE', #8678, #3445, #1371, .T. ) ;
#3144 = VERTEX_POINT ( 'NONE', #1620 ) ;
#3145 = EDGE_CURVE ( 'NONE', #910, #5674, #3828, .T. ) ;
#3146 = AXIS2_PLACEMENT_3D ( 'NONE', #2897, #1199, #8104 ) ;
#3147 = ORIENTED_EDGE ( 'NONE', *, *, #8958, .F. ) ;
#3148 = ORIENTED_EDGE ( 'NONE', *, *, #7726, .T. ) ;
#3149 = FACE_OUTER_BOUND ( 'NONE', #4595, .T. ) ;
#3150 = CONTEXT_DEPENDENT_SHAPE_REPRESENTATION ( #4146, #2326 ) ;
#3151 = CIRCLE ( 'NONE', #9588, 5.000000000000000000 ) ;
#3152 = CARTESIAN_POINT ( 'NONE',  ( -32.00000000000000000, 158.0421737147788406, 25.14057904926294640 ) ) ;
#3153 = ORIENTED_EDGE ( 'NONE', *, *, #9132, .F. ) ;
#3154 = DIRECTION ( 'NONE',  ( 1.000000000000000000, 0.000000000000000000, 0.000000000000000000 ) ) ;
#3155 = DIRECTION ( 'NONE',  ( 1.387778780781444689E-15, 1.000000000000000000, -0.000000000000000000 ) ) ;
#3156 = PRODUCT_DEFINITION_FORMATION_WITH_SPECIFIED_SOURCE ( 'ANY', '', #2803, .NOT_KNOWN. ) ;
#3157 = CIRCLE ( 'NONE', #4407, 1.000000000000000888 ) ;
#3158 = ORIENTED_EDGE ( 'NONE', *, *, #8795, .F. ) ;
#3159 = LINE ( 'NONE', #3061, #2415 ) ;
#3160 = ADVANCED_FACE ( 'NONE', ( #5248 ), #1478, .T. ) ;
#3161 = DIRECTION ( 'NONE',  ( 0.000000000000000000, 0.000000000000000000, 1.000000000000000000 ) ) ;
#3162 = DIRECTION ( 'NONE',  ( -0.9975055402459414022, -9.231523560462546987E-17, -0.07058822266251707500 ) ) ;
#3163 = ORIENTED_EDGE ( 'NONE', *, *, #5975, .F. ) ;
#3164 = LINE ( 'NONE', #8317, #9493 ) ;
#3165 = DIRECTION ( 'NONE',  ( -0.000000000000000000, -0.2873478855663454956, -0.9578262852211513190 ) ) ;
#3166 = FACE_OUTER_BOUND ( 'NONE', #450, .T. ) ;
#3167 = EDGE_CURVE ( 'NONE', #4913, #2394, #2205, .T. ) ;
#3168 = DIRECTION ( 'NONE',  ( 1.000000000000000000, 0.000000000000000000, 0.000000000000000000 ) ) ;
#3169 = DIRECTION ( 'NONE',  ( -0.000000000000000000, -1.000000000000000000, -0.000000000000000000 ) ) ;
#3170 = DIRECTION ( 'NONE',  ( 1.000000000000000000, 0.000000000000000000, 0.000000000000000000 ) ) ;
#3171 = VERTEX_POINT ( 'NONE', #6676 ) ;
#3172 = DIRECTION ( 'NONE',  ( 1.224646799147353207E-16, 1.000000000000000000, -0.000000000000000000 ) ) ;
#3173 = LINE ( 'NONE', #6857, #6361 ) ;
#3174 = ADVANCED_FACE ( 'NONE', ( #2158 ), #4611, .F. ) ;
#3175 = FACE_OUTER_BOUND ( 'NONE', #5454, .T. ) ;
#3176 = DIRECTION ( 'NONE',  ( 1.000000000000000000, 0.000000000000000000, -0.000000000000000000 ) ) ;
#3177 = LINE ( 'NONE', #1707, #5436 ) ;
#3178 = VECTOR ( 'NONE', #8354, 1000.000000000000000 ) ;
#3179 = ORIENTED_EDGE ( 'NONE', *, *, #739, .T. ) ;
#3181 = AXIS2_PLACEMENT_3D ( 'NONE', #5446, #3972, #1676 ) ;
#3180 = CARTESIAN_POINT ( 'NONE',  ( 8.000000000000000000, 14.14213562373094213, 14.14213562373089417 ) ) ;
#3182 = ORIENTED_EDGE ( 'NONE', *, *, #2909, .F. ) ;
#3183 = ORIENTED_EDGE ( 'NONE', *, *, #3675, .F. ) ;
#3184 = AXIS2_PLACEMENT_3D ( 'NONE', #4802, #6218, #9221 ) ;
#3185 = EDGE_CURVE ( 'NONE', #6899, #5739, #3622, .T. ) ;
#3186 = ORIENTED_EDGE ( 'NONE', *, *, #5861, .F. ) ;
#3187 = FACE_BOUND ( 'NONE', #8738, .T. ) ;
#3188 = CIRCLE ( 'NONE', #8681, 4.000000000000000000 ) ;
#3189 = DIRECTION ( 'NONE',  ( 0.000000000000000000, 0.000000000000000000, -1.000000000000000000 ) ) ;
#3190 = ORIENTED_EDGE ( 'NONE', *, *, #3975, .T. ) ;
#3191 = VERTEX_POINT ( 'NONE', #5345 ) ;
#3192 = VERTEX_POINT ( 'NONE', #3911 ) ;
#3193 = FACE_OUTER_BOUND ( 'NONE', #8391, .T. ) ;
#3194 = AXIS2_PLACEMENT_3D ( 'NONE', #7508, #14, #5393 ) ;
#3195 = CONTEXT_DEPENDENT_SHAPE_REPRESENTATION ( #641, #1388 ) ;
#3196 = EDGE_CURVE ( 'NONE', #8484, #151, #6128, .T. ) ;
#3197 = VERTEX_POINT ( 'NONE', #2203 ) ;
#3198 = DIRECTION ( 'NONE',  ( 0.000000000000000000, 0.000000000000000000, -1.000000000000000000 ) ) ;
#3199 = ORIENTED_EDGE ( 'NONE', *, *, #3730, .T. ) ;
#3200 = CYLINDRICAL_SURFACE ( 'NONE', #8673, 11.09553823317370380 ) ;
#3201 = VECTOR ( 'NONE', #3558, 1000.000000000000000 ) ;
#3202 = ORIENTED_EDGE ( 'NONE', *, *, #3319, .T. ) ;
#3203 = FACE_OUTER_BOUND ( 'NONE', #2461, .T. ) ;
#3204 = CARTESIAN_POINT ( 'NONE',  ( -4.000000000000000000, 0.000000000000000000, 0.000000000000000000 ) ) ;
#3205 = AXIS2_PLACEMENT_3D ( 'NONE', #7233, #1934, #4931 ) ;
#3206 = FACE_OUTER_BOUND ( 'NONE', #7264, .T. ) ;
#3207 = LINE ( 'NONE', #9356, #6579 ) ;
#3208 = DIRECTION ( 'NONE',  ( -0.1541383984086381331, 1.632022974111233557E-16, -0.9880492670590977911 ) ) ;
#3209 = DIRECTION ( 'NONE',  ( 0.000000000000000000, 1.000000000000000000, 0.000000000000000000 ) ) ;
#3210 = AXIS2_PLACEMENT_3D ( 'NONE', #1, #8236, #8838 ) ;
#3211 = CARTESIAN_POINT ( 'NONE',  ( -93.09561598940580041, 159.8282758983086751, 11.67112477038407903 ) ) ;
#3212 = CARTESIAN_POINT ( 'NONE',  ( -67.99999999999997158, 31.99999999999995737, 55.00000000000004263 ) ) ;
#3213 = LINE ( 'NONE', #6850, #5473 ) ;
#3214 =( LENGTH_UNIT ( ) NAMED_UNIT ( * ) SI_UNIT ( .MILLI., .METRE. ) );
#3215 = CARTESIAN_POINT ( 'NONE',  ( -8.786796564403580589, 54.21320343559637678, 10.00000000000001954 ) ) ;
#3216 = EDGE_CURVE ( 'NONE', #7643, #3491, #5203, .T. ) ;
#3217 = AXIS2_PLACEMENT_3D ( 'NONE', #2502, #8549, #7070 ) ;
#3218 = ORIENTED_EDGE ( 'NONE', *, *, #4624, .T. ) ;
#3219 = CARTESIAN_POINT ( 'NONE',  ( 7.500000000000000000, 9.184850993605147944E-16, 35.00000000000000000 ) ) ;
#3220 = EDGE_CURVE ( 'NONE', #1645, #733, #4757, .T. ) ;
#3221 = DIRECTION ( 'NONE',  ( 0.000000000000000000, 1.000000000000000000, 0.000000000000000000 ) ) ;
#3222 = AXIS2_PLACEMENT_3D ( 'NONE', #5100, #9613, #8781 ) ;
#3223 = CIRCLE ( 'NONE', #1824, 15.00000000000000000 ) ;
#3224 = DIRECTION ( 'NONE',  ( 1.000000000000000000, 1.156482317317870344E-15, -0.000000000000000000 ) ) ;
#3225 = ORIENTED_EDGE ( 'NONE', *, *, #2126, .T. ) ;
#3226 = DIRECTION ( 'NONE',  ( 4.956352788505163391E-17, 1.000000000000000000, 0.000000000000000000 ) ) ;
#3227 = CARTESIAN_POINT ( 'NONE',  ( -67.99999999999997158, 37.99999999999995737, 65.00000000000000000 ) ) ;
#3228 = CARTESIAN_POINT ( 'NONE',  ( 10.00000000000000000, -12.24586983568310572, -35.06414504036108326 ) ) ;
#3229 = ADVANCED_FACE ( 'NONE', ( #8597 ), #8541, .F. ) ;
#3230 = VERTEX_POINT ( 'NONE', #3919 ) ;
#3231 = CARTESIAN_POINT ( 'NONE',  ( -32.00000000000001421, 169.9999999999999432, 65.00000000000000000 ) ) ;
#3232 = VECTOR ( 'NONE', #974, 1000.000000000000000 ) ;
#3233 = EDGE_CURVE ( 'NONE', #3793, #3965, #7857, .T. ) ;
#3234 = ORIENTED_EDGE ( 'NONE', *, *, #3689, .F. ) ;
#3235 = ORIENTED_EDGE ( 'NONE', *, *, #8487, .T. ) ;
#3236 = AXIS2_PLACEMENT_3D ( 'NONE', #7941, #2581, #487 ) ;
#3237 = ORIENTED_EDGE ( 'NONE', *, *, #132, .T. ) ;
#3238 = FACE_BOUND ( 'NONE', #99, .T. ) ;
#3239 = DIRECTION ( 'NONE',  ( 0.000000000000000000, 0.000000000000000000, -1.000000000000000000 ) ) ;
#3240 = ORIENTED_EDGE ( 'NONE', *, *, #5376, .T. ) ;
#3241 = CLOSED_SHELL ( 'NONE', ( #6461, #1832, #83, #8437, #3704, #6403, #5625, #928, #5496, #7729, #6612, #2822, #7263, #9521, #7439, #5955, #766, #8625, #2567, #5723, #5514, #5563, #2328, #6437, #4248, #3547, #9258, #9571 ) ) ;
#3242 = ORIENTED_EDGE ( 'NONE', *, *, #350, .F. ) ;
#3243 = EDGE_CURVE ( 'NONE', #1709, #1877, #1464, .T. ) ;
#3244 = ORIENTED_EDGE ( 'NONE', *, *, #3875, .T. ) ;
#3245 = PLANE ( 'NONE',  #2277 ) ;
#3246 = VECTOR ( 'NONE', #4213, 1000.000000000000000 ) ;
#3247 = ORIENTED_EDGE ( 'NONE', *, *, #4301, .T. ) ;
#3248 = CYLINDRICAL_SURFACE ( 'NONE', #2355, 5.000000000000000888 ) ;
#3249 = ORIENTED_EDGE ( 'NONE', *, *, #9600, .T. ) ;
#3250 = DIRECTION ( 'NONE',  ( 1.000000000000000000, 0.000000000000000000, 0.000000000000000000 ) ) ;
#3251 = EDGE_LOOP ( 'NONE', ( #8344, #5202 ) ) ;
#3252 = CARTESIAN_POINT ( 'NONE',  ( -15.00000000000000000, 47.99999999999995737, 110.0000000000000000 ) ) ;
#3253 = FACE_OUTER_BOUND ( 'NONE', #1195, .T. ) ;
#3254 = ADVANCED_FACE ( 'NONE', ( #5542, #992, #7701, #9233, #1867, #942, #1814, #7653, #6963, #2398, #4664, #8392, #5495, #4762, #3332, #1089, #6914, #1138, #251, #3187, #6181, #9134, #3238, #9184, #5392, #298, #2450, #4814, #8490 ), #8436, .T. ) ;
#3255 = DIRECTION ( 'NONE',  ( 0.000000000000000000, 0.000000000000000000, -1.000000000000000000 ) ) ;
#3256 = DIRECTION ( 'NONE',  ( -5.551115123125785858E-15, 0.000000000000000000, 1.000000000000000000 ) ) ;
#3257 = CARTESIAN_POINT ( 'NONE',  ( -16.42283314080805923, 39.69838535254829992, 1106.271637271637701 ) ) ;
#3258 = DIRECTION ( 'NONE',  ( -1.000000000000000000, 1.850371707708594366E-15, 0.000000000000000000 ) ) ;
#3259 = DIRECTION ( 'NONE',  ( 0.000000000000000000, 0.000000000000000000, -1.000000000000000000 ) ) ;
#3260 = DIRECTION ( 'NONE',  ( -0.000000000000000000, -0.000000000000000000, 1.000000000000000000 ) ) ;
#3261 = CARTESIAN_POINT ( 'NONE',  ( -67.99999999999995737, 169.9999999999999432, 75.00000000000000000 ) ) ;
#3262 = EDGE_CURVE ( 'NONE', #8989, #3543, #8675, .T. ) ;
#3263 =( REPRESENTATION_RELATIONSHIP ('NONE','NONE', #5518, #3457 ) REPRESENTATION_RELATIONSHIP_WITH_TRANSFORMATION ( #6673 )SHAPE_REPRESENTATION_RELATIONSHIP( ) );
#3264 = CARTESIAN_POINT ( 'NONE',  ( -85.00000000000001421, 169.9999999999999716, 25.00000000000000711 ) ) ;
#3265 = CARTESIAN_POINT ( 'NONE',  ( -23.21140459226324282, 133.1983853525482857, 1075.000000000007503 ) ) ;
#3266 = ORIENTED_EDGE ( 'NONE', *, *, #7028, .T. ) ;
#3267 = DIRECTION ( 'NONE',  ( 3.323127485761577049E-16, 0.2873478855663457177, 0.9578262852211512079 ) ) ;
#3268 = DIRECTION ( 'NONE',  ( -1.000000000000000000, 0.000000000000000000, 5.782411586589345411E-15 ) ) ;
#3269 = LINE ( 'NONE', #9075, #7411 ) ;
#3270 = EDGE_CURVE ( 'NONE', #4967, #646, #6278, .T. ) ;
#3271 = ORIENTED_EDGE ( 'NONE', *, *, #4902, .T. ) ;
#3272 = CARTESIAN_POINT ( 'NONE',  ( -11.19736356704222935, 169.9341978123406705, 14.99926968785988990 ) ) ;
#3273 = LINE ( 'NONE', #3867, #8251 ) ;
#3274 = ADVANCED_FACE ( 'NONE', ( #400 ), #4070, .T. ) ;
#3275 = CYLINDRICAL_SURFACE ( 'NONE', #1660, 9.095538233173716236 ) ;
#3276 = ORIENTED_EDGE ( 'NONE', *, *, #7453, .F. ) ;
#3277 = PRODUCT_DEFINITION_SHAPE ( 'NONE', 'NONE',  #9699 ) ;
#3278 = DIRECTION ( 'NONE',  ( 0.000000000000000000, 0.000000000000000000, -1.000000000000000000 ) ) ;
#3279 = VERTEX_POINT ( 'NONE', #6326 ) ;
#3280 = ORIENTED_EDGE ( 'NONE', *, *, #6582, .T. ) ;
#3281 = VECTOR ( 'NONE', #3715, 1000.000000000000000 ) ;
#3282 = EDGE_LOOP ( 'NONE', ( #6436, #2896, #8949, #5741 ) ) ;
#3283 = DIRECTION ( 'NONE',  ( 1.000000000000000000, 0.000000000000000000, 0.000000000000000000 ) ) ;
#3284 = CIRCLE ( 'NONE', #7513, 2.249999999999998668 ) ;
#3285 = FACE_OUTER_BOUND ( 'NONE', #1091, .T. ) ;
#3286 = ORIENTED_EDGE ( 'NONE', *, *, #9487, .T. ) ;
#3287 = EDGE_CURVE ( 'NONE', #5011, #7938, #2866, .T. ) ;
#3288 = ORIENTED_EDGE ( 'NONE', *, *, #6874, .T. ) ;
#3289 = ORIENTED_EDGE ( 'NONE', *, *, #1187, .F. ) ;
#3290 = DIRECTION ( 'NONE',  ( 1.000000000000000000, -0.000000000000000000, -0.000000000000000000 ) ) ;
#3291 = VECTOR ( 'NONE', #690, 1000.000000000000000 ) ;
#3292 = AXIS2_PLACEMENT_3D ( 'NONE', #5623, #335, #8628 ) ;
#3293 = AXIS2_PLACEMENT_3D ( 'NONE', #5490, #7007, #5384 ) ;
#3294 = APPLICATION_PROTOCOL_DEFINITION ( 'draft international standard', 'automotive_design', 1998, #1507 ) ;
#3295 = ORIENTED_EDGE ( 'NONE', *, *, #6368, .T. ) ;
#3296 = CARTESIAN_POINT ( 'NONE',  ( -85.00000000000000000, 37.99999999999995026, 110.0000000000000000 ) ) ;
#3297 = ORIENTED_EDGE ( 'NONE', *, *, #7642, .T. ) ;
#3298 = DIRECTION ( 'NONE',  ( 0.000000000000000000, 0.000000000000000000, 1.000000000000000000 ) ) ;
#3299 = AXIS2_PLACEMENT_3D ( 'NONE', #3544, #462, #566 ) ;
#3300 = AXIS2_PLACEMENT_3D ( 'NONE', #4052, #7089, #3561 ) ;
#3301 = VERTEX_POINT ( 'NONE', #8221 ) ;
#3302 = CARTESIAN_POINT ( 'NONE',  ( -84.99999999999997158, 30.49999999999995737, 50.00000000000001421 ) ) ;
#3303 = CARTESIAN_POINT ( 'NONE',  ( -15.00000000000000000, 37.99999999999995737, 75.00000000000000000 ) ) ;
#3304 = CARTESIAN_POINT ( 'NONE',  ( 0.000000000000000000, 0.000000000000000000, 6.000000000000000000 ) ) ;
#3305 = CARTESIAN_POINT ( 'NONE',  ( -40.90446176682628021, 148.9999999999999716, 75.00000000000000000 ) ) ;
#3306 = VECTOR ( 'NONE', #5814, 1000.000000000000000 ) ;
#3307 = DIRECTION ( 'NONE',  ( 0.4122577421069927306, -4.293694892729658775E-16, 0.9110672610037331420 ) ) ;
#3308 = CARTESIAN_POINT ( 'NONE',  ( 8.000000000000000000, -29.56414504036129998, -12.24586983568257459 ) ) ;
#3309 = PLANE ( 'NONE',  #7725 ) ;
#3310 = DIRECTION ( 'NONE',  ( 1.000000000000000000, 0.000000000000000000, 0.000000000000000000 ) ) ;
#3311 = DIRECTION ( 'NONE',  ( -1.000000000000000000, 0.000000000000000000, 0.000000000000000000 ) ) ;
#3312 = ADVANCED_FACE ( 'NONE', ( #2831 ), #768, .T. ) ;
#3313 = CARTESIAN_POINT ( 'NONE',  ( -97.29672650238926224, 33.70057147973287925, 10.23554911617713614 ) ) ;
#3314 = DIRECTION ( 'NONE',  ( -1.000000000000000000, 0.000000000000000000, 0.000000000000000000 ) ) ;
#3315 = DIRECTION ( 'NONE',  ( 1.000000000000000000, -0.000000000000000000, -0.000000000000000000 ) ) ;
#3316 = ORIENTED_EDGE ( 'NONE', *, *, #6281, .F. ) ;
#3317 = CARTESIAN_POINT ( 'NONE',  ( -85.00000000000000000, 47.99999999999995737, 25.00000000000000711 ) ) ;
#3318 = CARTESIAN_POINT ( 'NONE',  ( -40.90446176682628021, 46.99999999999995737, 75.00000000000000000 ) ) ;
#3319 = EDGE_CURVE ( 'NONE', #404, #2444, #7891, .T. ) ;
#3320 = CIRCLE ( 'NONE', #5060, 5.500000000000000888 ) ;
#3321 =( REPRESENTATION_RELATIONSHIP ('NONE','NONE', #5518, #3457 ) REPRESENTATION_RELATIONSHIP_WITH_TRANSFORMATION ( #9543 )SHAPE_REPRESENTATION_RELATIONSHIP( ) );
#3322 = DIRECTION ( 'NONE',  ( 0.000000000000000000, 0.000000000000000000, 1.000000000000000000 ) ) ;
#3323 = ORIENTED_EDGE ( 'NONE', *, *, #3357, .T. ) ;
#3324 = CARTESIAN_POINT ( 'NONE',  ( 22.00000000000000000, -7.681258945454893382E-14, 101.0000000000000000 ) ) ;
#3325 = CARTESIAN_POINT ( 'NONE',  ( 0.000000000000000000, 0.000000000000000000, 80.00000000000000000 ) ) ;
#3326 = CARTESIAN_POINT ( 'NONE',  ( 10.00000000000000000, 22.62741699796956496, 22.62741699796948325 ) ) ;
#3327 = ORIENTED_EDGE ( 'NONE', *, *, #3652, .T. ) ;
#3328 = CARTESIAN_POINT ( 'NONE',  ( 19.75000000000000000, -7.653704392474077342E-14, 101.0000000000000000 ) ) ;
#3329 = EDGE_LOOP ( 'NONE', ( #9448, #7009, #2943, #2700 ) ) ;
#3330 = ORIENTED_EDGE ( 'NONE', *, *, #5029, .T. ) ;
#3331 = ORIENTED_EDGE ( 'NONE', *, *, #1651, .F. ) ;
#3332 = FACE_BOUND ( 'NONE', #6031, .T. ) ;
#3333 = ADVANCED_BREP_SHAPE_REPRESENTATION ( '', ( #7613, #6276 ), #6122 ) ;
#3334 = EDGE_CURVE ( 'NONE', #7859, #3799, #7268, .T. ) ;
#3335 = CYLINDRICAL_SURFACE ( 'NONE', #7741, 5.500000000000001776 ) ;
#3336 = AXIS2_PLACEMENT_3D ( 'NONE', #8438, #4121, #6279 ) ;
#3337 = ORIENTED_EDGE ( 'NONE', *, *, #9623, .T. ) ;
#3338 = ORIENTED_EDGE ( 'NONE', *, *, #189, .F. ) ;
#3339 = VECTOR ( 'NONE', #1649, 1000.000000000000000 ) ;
#3340 = ORIENTED_EDGE ( 'NONE', *, *, #8730, .T. ) ;
#3341 = FACE_BOUND ( 'NONE', #4916, .T. ) ;
#3342 = ITEM_DEFINED_TRANSFORMATION ( 'NONE', 'NONE', #8477,  #6276 ) ;
#3343 = EDGE_CURVE ( 'NONE', #4038, #8540, #4585, .T. ) ;
#3344 = CIRCLE ( 'NONE', #58, 5.499999999999994671 ) ;
#3345 = EDGE_CURVE ( 'NONE', #9384, #5214, #8517, .T. ) ;
#3346 = VERTEX_POINT ( 'NONE', #4489 ) ;
#3347 = CARTESIAN_POINT ( 'NONE',  ( -32.00000000000000000, 158.0421737147788406, 74.85942095073704650 ) ) ;
#3348 = CIRCLE ( 'NONE', #5706, 11.09553823317371091 ) ;
#3349 = EDGE_LOOP ( 'NONE', ( #8434, #3097, #6968, #9418 ) ) ;
#3350 = DIRECTION ( 'NONE',  ( 0.000000000000000000, 0.000000000000000000, -1.000000000000000000 ) ) ;
#3351 = ORIENTED_EDGE ( 'NONE', *, *, #7065, .T. ) ;
#3353 = CARTESIAN_POINT ( 'NONE',  ( -49.99999999999999289, 46.99999999999995737, 75.00000000000000000 ) ) ;
#3352 = VECTOR ( 'NONE', #6490, 1000.000000000000227 ) ;
#3354 = DIRECTION ( 'NONE',  ( 1.000000000000000000, -1.734723475976805517E-15, 0.000000000000000000 ) ) ;
#3355 = CARTESIAN_POINT ( 'NONE',  ( -6.904433935076163209, 159.8282490978631643, 11.67115080839658958 ) ) ;
#3356 = CARTESIAN_POINT ( 'NONE',  ( -85.00000000000000000, 158.0036096955131484, 75.04865681833686608 ) ) ;
#3357 = EDGE_CURVE ( 'NONE', #5069, #731, #9467, .T. ) ;
#3358 = DIRECTION ( 'NONE',  ( 0.7326009037436918003, -2.698635635951085026E-16, 0.6806584428580356727 ) ) ;
#3359 = EDGE_CURVE ( 'NONE', #8528, #8189, #3611, .T. ) ;
#3360 = DIRECTION ( 'NONE',  ( 1.000000000000000000, 0.000000000000000000, 0.000000000000000000 ) ) ;
#3361 = VECTOR ( 'NONE', #7193, 1000.000000000000000 ) ;
#3362 = VECTOR ( 'NONE', #4965, 1000.000000000000114 ) ;
#3363 = LINE ( 'NONE', #1215, #3026 ) ;
#3364 = PLANE ( 'NONE',  #3977 ) ;
#3365 = PRODUCT_DEFINITION_SHAPE ( 'NONE', 'NONE',  #9690 ) ;
#3366 = DIRECTION ( 'NONE',  ( -1.000000000000000000, -1.734723475976805517E-15, -0.000000000000000000 ) ) ;
#3367 = CARTESIAN_POINT ( 'NONE',  ( 0.000000000000000000, 0.000000000000000000, 0.000000000000000000 ) ) ;
#3368 = COLOUR_RGB ( '',0.7921568627450980005, 0.8196078431372548767, 0.9333333333333333481 ) ;
#3369 = DIRECTION ( 'NONE',  ( 1.000000000000000000, 0.000000000000000000, 0.000000000000000000 ) ) ;
#3370 = EDGE_CURVE ( 'NONE', #764, #6140, #6699, .T. ) ;
#3371 =( NAMED_UNIT ( * ) SI_UNIT ( $, .STERADIAN. ) SOLID_ANGLE_UNIT ( ) );
#3372 = ORIENTED_EDGE ( 'NONE', *, *, #9328, .T. ) ;
#3373 = LINE ( 'NONE', #7151, #8003 ) ;
#3374 = CARTESIAN_POINT ( 'NONE',  ( -32.00000000000000000, 37.99999999999995737, 25.00000000000000711 ) ) ;
#3375 = AXIS2_PLACEMENT_3D ( 'NONE', #4224, #9289, #8547 ) ;
#3376 = CYLINDRICAL_SURFACE ( 'NONE', #4760, 35.00000000000000000 ) ;
#3377 = ORIENTED_EDGE ( 'NONE', *, *, #6707, .T. ) ;
#3378 = CARTESIAN_POINT ( 'NONE',  ( -2.822041761738065535, -2.904923457684609911, 7.000000000000000888 ) ) ;
#3379 = LINE ( 'NONE', #8635, #4821 ) ;
#3380 = CIRCLE ( 'NONE', #9032, 28.99999999999999645 ) ;
#3381 = DIRECTION ( 'NONE',  ( 0.9999668787804681935, 0.008138878426939326338, 0.000000000000000000 ) ) ;
#3382 = ORIENTED_EDGE ( 'NONE', *, *, #8682, .T. ) ;
#3383 = ADVANCED_FACE ( 'NONE', ( #7219 ), #4349, .F. ) ;
#3384 = DIRECTION ( 'NONE',  ( 0.000000000000000000, 0.000000000000000000, 1.000000000000000000 ) ) ;
#3385 = ORIENTED_EDGE ( 'NONE', *, *, #6392, .F. ) ;
#3386 = ORIENTED_EDGE ( 'NONE', *, *, #9497, .F. ) ;
#3387 = CIRCLE ( 'NONE', #9504, 4.049999999999999822 ) ;
#3388 = SURFACE_STYLE_USAGE ( .BOTH. , #6377 ) ;
#3389 = ORIENTED_EDGE ( 'NONE', *, *, #353, .T. ) ;
#3390 = CARTESIAN_POINT ( 'NONE',  ( 8.000000000000000000, 3.287578542732749400E-16, 19.99999999999995026 ) ) ;
#3391 = VECTOR ( 'NONE', #779, 1000.000000000000000 ) ;
#3392 = CARTESIAN_POINT ( 'NONE',  ( -67.99999999999997158, 163.0421737147788122, 58.19275428407050299 ) ) ;
#3393 = DIRECTION ( 'NONE',  ( -4.956352788505163391E-17, 1.000000000000000000, 0.000000000000000000 ) ) ;
#3394 = VERTEX_POINT ( 'NONE', #5052 ) ;
#3395 = TOROIDAL_SURFACE ( 'NONE', #4013, 28.99999999999999645, 1.000000000000000000 ) ;
#3396 = DIRECTION ( 'NONE',  ( 0.000000000000000000, -0.9578262852211514300, 0.2873478855663456066 ) ) ;
#3397 = ORIENTED_EDGE ( 'NONE', *, *, #8806, .T. ) ;
#3398 = EDGE_CURVE ( 'NONE', #2071, #205, #7409, .T. ) ;
#3399 = CARTESIAN_POINT ( 'NONE',  ( 8.000000000000000000, 22.62741699796940154, -22.62741699796964312 ) ) ;
#3400 = AXIS2_PLACEMENT_3D ( 'NONE', #5778, #2787, #6698 ) ;
#3401 = AXIS2_PLACEMENT_3D ( 'NONE', #7052, #7844, #6171 ) ;
#3402 = VERTEX_POINT ( 'NONE', #627 ) ;
#3403 = ORIENTED_EDGE ( 'NONE', *, *, #8459, .F. ) ;
#3404 = CARTESIAN_POINT ( 'NONE',  ( -91.09824089765737654, 169.1617908631769467, 12.91153718268552453 ) ) ;
#3405 = ORIENTED_EDGE ( 'NONE', *, *, #1727, .T. ) ;
#3406 = CARTESIAN_POINT ( 'NONE',  ( -50.00000000000000000, 0.000000000000000000, 75.00000000000000000 ) ) ;
#3407 = AXIS2_PLACEMENT_3D ( 'NONE', #4148, #6987, #6251 ) ;
#3408 = ORIENTED_EDGE ( 'NONE', *, *, #5775, .T. ) ;
#3409 = FACE_OUTER_BOUND ( 'NONE', #7815, .T. ) ;
#3410 = LINE ( 'NONE', #9399, #3084 ) ;
#3411 = ADVANCED_FACE ( 'NONE', ( #8037 ), #1455, .T. ) ;
#3412 = DIRECTION ( 'NONE',  ( 1.000000000000000000, -0.000000000000000000, -0.000000000000000000 ) ) ;
#3413 = PLANE ( 'NONE',  #5317 ) ;
#3414 = EDGE_CURVE ( 'NONE', #2710, #7447, #6628, .T. ) ;
#3415 = DIRECTION ( 'NONE',  ( -0.6806584428580404467, -4.038793644098881461E-16, 0.7326009037436875815 ) ) ;
#3416 = FACE_OUTER_BOUND ( 'NONE', #6228, .T. ) ;
#3417 = CARTESIAN_POINT ( 'NONE',  ( 10.00000000000000000, -12.24586983568310572, -29.56414504036107971 ) ) ;
#3418 = CARTESIAN_POINT ( 'NONE',  ( -49.99999999999999289, 169.9999999999999716, 75.00000000000000000 ) ) ;
#3419 = LINE ( 'NONE', #4891, #7245 ) ;
#3420 = PRESENTATION_STYLE_ASSIGNMENT (( #8622 ) ) ;
#3421 = CARTESIAN_POINT ( 'NONE',  ( -2.250000000000152767, -22.00000000000000000, 92.00000000000001421 ) ) ;
#3422 = EDGE_LOOP ( 'NONE', ( #8486, #8600 ) ) ;
#3423 = LINE ( 'NONE', #8672, #5806 ) ;
#3424 = DIRECTION ( 'NONE',  ( -1.000000000000000000, 0.000000000000000000, 0.000000000000000000 ) ) ;
#3425 = FACE_OUTER_BOUND ( 'NONE', #2224, .T. ) ;
#3426 = ORIENTED_EDGE ( 'NONE', *, *, #5371, .F. ) ;
#3427 = DIRECTION ( 'NONE',  ( 0.9975410806550453202, 0.07008418085106087048, 0.000000000000000000 ) ) ;
#3428 = CARTESIAN_POINT ( 'NONE',  ( -15.00000000000001421, 169.9963904447875791, 24.95134223608460999 ) ) ;
#3429 = FACE_OUTER_BOUND ( 'NONE', #9082, .T. ) ;
#3430 = ORIENTED_EDGE ( 'NONE', *, *, #8146, .T. ) ;
#3431 = PLANE ( 'NONE',  #2828 ) ;
#3432 = ORIENTED_EDGE ( 'NONE', *, *, #6931, .F. ) ;
#3433 = VERTEX_POINT ( 'NONE', #1317 ) ;
#3434 = ORIENTED_EDGE ( 'NONE', *, *, #7720, .F. ) ;
#3435 = DIRECTION ( 'NONE',  ( -1.000000000000000000, 0.000000000000000000, 0.000000000000000000 ) ) ;
#3436 = EDGE_CURVE ( 'NONE', #6573, #1509, #7577, .T. ) ;
#3437 = PLANE ( 'NONE',  #4491 ) ;
#3438 = EDGE_LOOP ( 'NONE', ( #997, #4911, #6767, #7491 ) ) ;
#3439 = DIRECTION ( 'NONE',  ( 1.000000000000000000, 0.000000000000000000, -0.000000000000000000 ) ) ;
#3440 = ORIENTED_EDGE ( 'NONE', *, *, #7366, .T. ) ;
#3441 = DIRECTION ( 'NONE',  ( 0.000000000000000000, 0.2873478855663457177, -0.9578262852211512079 ) ) ;
#3442 = B_SPLINE_CURVE_WITH_KNOTS ( 'NONE', 3,
 ( #863, #8661, #1785, #8562, #4783, #3995, #6296, #3355, #4932, #5611, #2467, #7718, #7876, #7820, #9355, #2617 ),
 .UNSPECIFIED., .F., .F.,
 ( 4, 2, 2, 2, 2, 2, 2, 4 ),
 ( -2.449490159362811733E-05, 0.001900814969288442064, 0.003826124840170512346, 0.007676744581934694112, 0.009602054452816786295, 0.01152736432369887154, 0.01345267419458096025, 0.01537798406546304723 ),
 .UNSPECIFIED. ) ;
#3443 = ORIENTED_EDGE ( 'NONE', *, *, #7333, .T. ) ;
#3444 = CONTEXT_DEPENDENT_SHAPE_REPRESENTATION ( #8282, #6254 ) ;
#3445 = VERTEX_POINT ( 'NONE', #1405 ) ;
#3446 = FACE_OUTER_BOUND ( 'NONE', #7960, .T. ) ;
#3447 = CARTESIAN_POINT ( 'NONE',  ( 0.000000000000000000, 0.000000000000000000, 0.000000000000000000 ) ) ;
#3448 = EDGE_CURVE ( 'NONE', #2190, #6525, #1284, .T. ) ;
#3449 = ORIENTED_EDGE ( 'NONE', *, *, #9594, .T. ) ;
#3450 = DIRECTION ( 'NONE',  ( 1.734723475976805862E-16, -1.000000000000000000, 0.000000000000000000 ) ) ;
#3451 =( LENGTH_UNIT ( ) NAMED_UNIT ( * ) SI_UNIT ( .MILLI., .METRE. ) );
#3452 = VECTOR ( 'NONE', #7256, 1000.000000000000114 ) ;
#3453 = CIRCLE ( 'NONE', #2497, 4.000000000000000000 ) ;
#3454 = DIRECTION ( 'NONE',  ( 1.000000000000000000, 0.000000000000000000, 0.000000000000000000 ) ) ;
#3455 = ORIENTED_EDGE ( 'NONE', *, *, #413, .T. ) ;
#3456 = DIRECTION ( 'NONE',  ( -0.7326009037436875815, -5.269629327559523571E-17, -0.6806584428580404467 ) ) ;
#3457 = SHAPE_REPRESENTATION ( 'Aimant', ( #6276 ), #6122 ) ;
#3458 = CARTESIAN_POINT ( 'NONE',  ( 8.000000000000000000, -12.24586983568310572, -35.06414504036108326 ) ) ;
#3459 =( REPRESENTATION_RELATIONSHIP ('NONE','NONE', #5518, #3457 ) REPRESENTATION_RELATIONSHIP_WITH_TRANSFORMATION ( #8243 )SHAPE_REPRESENTATION_RELATIONSHIP( ) );
#3460 = CARTESIAN_POINT ( 'NONE',  ( 0.000000000000000000, 0.000000000000000000, 80.00000000000000000 ) ) ;
#3461 = LINE ( 'NONE', #1015, #8206 ) ;
#3462 = VECTOR ( 'NONE', #4267, 1000.000000000000114 ) ;
#3463 = EDGE_CURVE ( 'NONE', #1813, #1913, #1156, .T. ) ;
#3464 = DIRECTION ( 'NONE',  ( 0.000000000000000000, 0.000000000000000000, -1.000000000000000000 ) ) ;
#3465 = AXIS2_PLACEMENT_3D ( 'NONE', #1213, #1442, #3553 ) ;
#3466 = CARTESIAN_POINT ( 'NONE',  ( -50.00000000000000000, 15.99999999999995914, 86.20000000000000284 ) ) ;
#3467 = DIRECTION ( 'NONE',  ( 0.000000000000000000, 0.000000000000000000, 1.000000000000000000 ) ) ;
#3468 = AXIS2_PLACEMENT_3D ( 'NONE', #1358, #1449, #8118 ) ;
#3469 =( NAMED_UNIT ( * ) SI_UNIT ( $, .STERADIAN. ) SOLID_ANGLE_UNIT ( ) );
#3470 = PRODUCT_DEFINITION_FORMATION_WITH_SPECIFIED_SOURCE ( 'ANY', '', #4441, .NOT_KNOWN. ) ;
#3471 = ORIENTED_EDGE ( 'NONE', *, *, #3648, .F. ) ;
#3472 = FACE_OUTER_BOUND ( 'NONE', #7055, .T. ) ;
#3473 = DIRECTION ( 'NONE',  ( 0.000000000000000000, 0.000000000000000000, -1.000000000000000000 ) ) ;
#3474 = EDGE_CURVE ( 'NONE', #867, #5643, #2392, .T. ) ;
#3475 = DIRECTION ( 'NONE',  ( 3.323127485761577049E-16, 0.2873478855663457177, 0.9578262852211512079 ) ) ;
#3476 = VERTEX_POINT ( 'NONE', #6562 ) ;
#3477 = DIRECTION ( 'NONE',  ( 0.000000000000000000, 0.000000000000000000, -1.000000000000000000 ) ) ;
#3478 = DIRECTION ( 'NONE',  ( 0.000000000000000000, 0.000000000000000000, 1.000000000000000000 ) ) ;
#3479 = FACE_BOUND ( 'NONE', #5970, .T. ) ;
#3480 = CIRCLE ( 'NONE', #514, 1.000000000000000000 ) ;
#3481 = DIRECTION ( 'NONE',  ( 0.000000000000000000, 0.000000000000000000, 1.000000000000000000 ) ) ;
#3482 = ORIENTED_EDGE ( 'NONE', *, *, #913, .F. ) ;
#3483 = CARTESIAN_POINT ( 'NONE',  ( 10.00000000000000000, 19.99999999999995026, -7.015838463113577974E-14 ) ) ;
#3484 = EDGE_CURVE ( 'NONE', #8887, #7006, #9563, .T. ) ;
#3485 = ORIENTED_EDGE ( 'NONE', *, *, #171, .T. ) ;
#3486 = ORIENTED_EDGE ( 'NONE', *, *, #3220, .T. ) ;
#3487 = DIRECTION ( 'NONE',  ( 0.000000000000000000, 0.000000000000000000, -1.000000000000000000 ) ) ;
#3488 = ORIENTED_EDGE ( 'NONE', *, *, #9236, .T. ) ;
#3489 = DIRECTION ( 'NONE',  ( 0.000000000000000000, 0.000000000000000000, 1.000000000000000000 ) ) ;
#3490 = CIRCLE ( 'NONE', #5990, 1.000000000000000888 ) ;
#3491 = VERTEX_POINT ( 'NONE', #6890 ) ;
#3492 = CARTESIAN_POINT ( 'NONE',  ( -0.5423947572336810241, 31.65695955766942404, 10.00000000000000711 ) ) ;
#3493 = ADVANCED_FACE ( 'NONE', ( #7534 ), #9020, .T. ) ;
#3494 = ORIENTED_EDGE ( 'NONE', *, *, #8428, .F. ) ;
#3495 = EDGE_LOOP ( 'NONE', ( #4768, #7956 ) ) ;
#3496 = FACE_OUTER_BOUND ( 'NONE', #3779, .T. ) ;
#3497 = DIRECTION ( 'NONE',  ( 0.000000000000000000, 0.2873478855663455511, -0.9578262852211513190 ) ) ;
#3498 = ORIENTED_EDGE ( 'NONE', *, *, #2644, .F. ) ;
#3499 = CARTESIAN_POINT ( 'NONE',  ( -99.45750319535882511, 31.65689470606660549, 10.00735584537565970 ) ) ;
#3500 = DIRECTION ( 'NONE',  ( -1.000000000000000000, 1.156482317317870344E-15, -0.000000000000000000 ) ) ;
#3501 = VECTOR ( 'NONE', #3699, 1000.000000000000000 ) ;
#3502 = DIRECTION ( 'NONE',  ( 4.956352788505163391E-17, 1.000000000000000000, 0.000000000000000000 ) ) ;
#3503 = EDGE_CURVE ( 'NONE', #9579, #2019, #7727, .T. ) ;
#3504 = SHAPE_DEFINITION_REPRESENTATION ( #1551, #6001 ) ;
#3505 = AXIS2_PLACEMENT_3D ( 'NONE', #7676, #5365, #2425 ) ;
#3506 = AXIS2_PLACEMENT_3D ( 'NONE', #8478, #3904, #4015 ) ;
#3507 = LINE ( 'NONE', #6499, #2833 ) ;
#3508 = DIRECTION ( 'NONE',  ( 0.000000000000000000, 0.000000000000000000, -1.000000000000000000 ) ) ;
#3509 = DIRECTION ( 'NONE',  ( -0.000000000000000000, -0.000000000000000000, -1.000000000000000000 ) ) ;
#3510 = CIRCLE ( 'NONE', #3657, 7.500000000000000000 ) ;
#3511 = DIRECTION ( 'NONE',  ( 1.000000000000000000, -0.000000000000000000, -0.000000000000000000 ) ) ;
#3512 = DIRECTION ( 'NONE',  ( 0.000000000000000000, 0.000000000000000000, -1.000000000000000000 ) ) ;
#3513 = DIRECTION ( 'NONE',  ( -0.7123602123569824363, 1.745919545899152793E-16, -0.7018140265417289747 ) ) ;
#3514 =( REPRESENTATION_RELATIONSHIP ('NONE','NONE', #5518, #3457 ) REPRESENTATION_RELATIONSHIP_WITH_TRANSFORMATION ( #1773 )SHAPE_REPRESENTATION_RELATIONSHIP( ) );
#3515 = AXIS2_PLACEMENT_3D ( 'NONE', #4674, #9003, #6731 ) ;
#3516 = ORIENTED_EDGE ( 'NONE', *, *, #2678, .T. ) ;
#3517 = CARTESIAN_POINT ( 'NONE',  ( -32.00000000000001421, 169.9999999999999432, 24.85323116369641383 ) ) ;
#3518 = DIRECTION ( 'NONE',  ( 1.000000000000000000, -0.000000000000000000, -0.000000000000000000 ) ) ;
#3519 = AXIS2_PLACEMENT_3D ( 'NONE', #621, #5725, #4294 ) ;
#3520 = CYLINDRICAL_SURFACE ( 'NONE', #5701, 5.500000000000000000 ) ;
#3521 = ORIENTED_EDGE ( 'NONE', *, *, #9584, .T. ) ;
#3522 = DIRECTION ( 'NONE',  ( 1.000000000000000000, 0.000000000000000000, 0.000000000000000000 ) ) ;
#3523 = CARTESIAN_POINT ( 'NONE',  ( -50.00000000000000000, 25.99999999999995381, 75.00000000000000000 ) ) ;
#3524 = EDGE_CURVE ( 'NONE', #7493, #2710, #5079, .T. ) ;
#3525 = AXIS2_PLACEMENT_3D ( 'NONE', #3308, #4935, #6300 ) ;
#3526 = CARTESIAN_POINT ( 'NONE',  ( -67.99999999999997158, 25.99999999999995381, 75.00000000000000000 ) ) ;
#3527 = EDGE_LOOP ( 'NONE', ( #3921, #3577, #7196, #6726 ) ) ;
#3528 = DIRECTION ( 'NONE',  ( 0.000000000000000000, 0.000000000000000000, 1.000000000000000000 ) ) ;
#3529 = EDGE_CURVE ( 'NONE', #4038, #6444, #6013, .T. ) ;
#3530 = ORIENTED_EDGE ( 'NONE', *, *, #5305, .F. ) ;
#3531 = CYLINDRICAL_SURFACE ( 'NONE', #6533, 1.000000000000000888 ) ;
#3532 = ORIENTED_EDGE ( 'NONE', *, *, #8982, .T. ) ;
#3533 = VECTOR ( 'NONE', #5842, 1000.000000000000000 ) ;
#3534 = ORIENTED_EDGE ( 'NONE', *, *, #4696, .F. ) ;
#3535 = ORIENTED_EDGE ( 'NONE', *, *, #303, .T. ) ;
#3536 = CARTESIAN_POINT ( 'NONE',  ( -32.00000000000000711, 165.5862043656698575, 50.28734788556635493 ) ) ;
#3537 = ADVANCED_FACE ( 'NONE', ( #2279 ), #3852, .F. ) ;
#3538 = ORIENTED_EDGE ( 'NONE', *, *, #4709, .F. ) ;
#3539 = CARTESIAN_POINT ( 'NONE',  ( -67.99999999999997158, 25.99999999999995381, 75.00000000000000000 ) ) ;
#3540 = AXIS2_PLACEMENT_3D ( 'NONE', #3326, #1909, #1231 ) ;
#3541 = VERTEX_POINT ( 'NONE', #5467 ) ;
#3542 = AXIS2_PLACEMENT_3D ( 'NONE', #9581, #2070, #5067 ) ;
#3543 = VERTEX_POINT ( 'NONE', #2472 ) ;
#3544 = CARTESIAN_POINT ( 'NONE',  ( 0.000000000000000000, 0.000000000000000000, 7.000000000000000000 ) ) ;
#3545 = DIRECTION ( 'NONE',  ( -0.000000000000000000, -0.000000000000000000, -1.000000000000000000 ) ) ;
#3546 = AXIS2_PLACEMENT_3D ( 'NONE', #7538, #6113, #3170 ) ;
#3547 = ADVANCED_FACE ( 'NONE', ( #3166 ), #7633, .T. ) ;
#3548 = ORIENTED_EDGE ( 'NONE', *, *, #8068, .F. ) ;
#3550 = PLANE ( 'NONE',  #8889 ) ;
#3549 = VECTOR ( 'NONE', #9170, 1000.000000000000000 ) ;
#3551 = CARTESIAN_POINT ( 'NONE',  ( -88.14929329087249243, 180.9199917372614834, 15.79499168018008426 ) ) ;
#3552 = AXIS2_PLACEMENT_3D ( 'NONE', #9533, #8644, #9429 ) ;
#3553 = DIRECTION ( 'NONE',  ( 0.000000000000000000, 0.000000000000000000, -1.000000000000000000 ) ) ;
#3554 = CIRCLE ( 'NONE', #4024, 5.000000000000000000 ) ;
#3555 = FACE_OUTER_BOUND ( 'NONE', #146, .T. ) ;
#3556 = ADVANCED_FACE ( 'NONE', ( #6749 ), #2375, .F. ) ;
#3557 = CARTESIAN_POINT ( 'NONE',  ( -84.96921347226746946, 169.9999999999999716, 76.46768836303508010 ) ) ;
#3558 = DIRECTION ( 'NONE',  ( -0.000000000000000000, 1.000000000000000000, -0.000000000000000000 ) ) ;
#3559 = VECTOR ( 'NONE', #602, 1000.000000000000000 ) ;
#3560 = LINE ( 'NONE', #670, #6526 ) ;
#3561 = DIRECTION ( 'NONE',  ( 6.988665519236845104E-17, -1.000000000000000000, -2.347471974965783948E-16 ) ) ;
#3562 = AXIS2_PLACEMENT_3D ( 'NONE', #777, #6945, #3860 ) ;
#3563 = ORIENTED_EDGE ( 'NONE', *, *, #2543, .F. ) ;
#3564 = FACE_OUTER_BOUND ( 'NONE', #7090, .T. ) ;
#3565 = FACE_OUTER_BOUND ( 'NONE', #7414, .T. ) ;
#3566 = CARTESIAN_POINT ( 'NONE',  ( -28.99999999999999645, 3.551475717527324030E-15, 1.000000000000000888 ) ) ;
#3567 = EDGE_CURVE ( 'NONE', #8269, #4217, #3946, .T. ) ;
#3568 = DIRECTION ( 'NONE',  ( 1.000000000000000000, -0.000000000000000000, -0.000000000000000000 ) ) ;
#3569 =( LENGTH_UNIT ( ) NAMED_UNIT ( * ) SI_UNIT ( .MILLI., .METRE. ) );
#3570 = CARTESIAN_POINT ( 'NONE',  ( -15.00000000000001421, 169.9891708187618917, 25.00000000000000711 ) ) ;
#3571 = CARTESIAN_POINT ( 'NONE',  ( 5.000000000000000000, 0.000000000000000000, 0.000000000000000000 ) ) ;
#3572 = VERTEX_POINT ( 'NONE', #3212 ) ;
#3573 = DIRECTION ( 'NONE',  ( 1.000000000000000000, 0.000000000000000000, 0.000000000000000000 ) ) ;
#3574 = ORIENTED_EDGE ( 'NONE', *, *, #1421, .F. ) ;
#3575 = PRODUCT_DEFINITION_SHAPE ( 'NONE', 'NONE',  #9711 ) ;
#3576 = CARTESIAN_POINT ( 'NONE',  ( -11.99999999999999467, 37.99999999999995737, 16.00000000000000000 ) ) ;
#3577 = ORIENTED_EDGE ( 'NONE', *, *, #1183, .F. ) ;
#3578 = ADVANCED_FACE ( 'NONE', ( #8366 ), #4740, .F. ) ;
#3579 = CARTESIAN_POINT ( 'NONE',  ( 8.000000000000000000, 29.56414504036120761, 12.24586983568279486 ) ) ;
#3580 = EDGE_CURVE ( 'NONE', #1668, #8939, #4125, .T. ) ;
#3581 = LINE ( 'NONE', #5979, #1346 ) ;
#3582 = ORIENTED_EDGE ( 'NONE', *, *, #3463, .T. ) ;
#3583 = DIRECTION ( 'NONE',  ( -1.000000000000000000, -1.156482317317870344E-15, 0.000000000000000000 ) ) ;
#3584 =( REPRESENTATION_RELATIONSHIP ('NONE','NONE', #5518, #3457 ) REPRESENTATION_RELATIONSHIP_WITH_TRANSFORMATION ( #7504 )SHAPE_REPRESENTATION_RELATIONSHIP( ) );
#3585 = ORIENTED_EDGE ( 'NONE', *, *, #6830, .F. ) ;
#3586 = ITEM_DEFINED_TRANSFORMATION ( 'NONE', 'NONE', #970,  #6276 ) ;
#3587 = ORIENTED_EDGE ( 'NONE', *, *, #5103, .F. ) ;
#3588 = PLANE ( 'NONE',  #4885 ) ;
#3589 = CARTESIAN_POINT ( 'NONE',  ( -85.00000000000000000, 25.99999999999995737, 75.00000000000000000 ) ) ;
#3590 = ADVANCED_FACE ( 'NONE', ( #4637 ), #1696, .F. ) ;
#3591 = ORIENTED_EDGE ( 'NONE', *, *, #7792, .F. ) ;
#3592 = CARTESIAN_POINT ( 'NONE',  ( -32.00000000000000000, 25.99999999999995737, 35.00000000000000711 ) ) ;
#3593 = ORIENTED_EDGE ( 'NONE', *, *, #7046, .T. ) ;
#3594 = CARTESIAN_POINT ( 'NONE',  ( -87.17617160089142203, 180.3901745012103390, 17.20642056397984732 ) ) ;
#3595 = PRODUCT_DEFINITION ( 'UNKNOWN', '', #3470, #1382 ) ;
#3596 = LINE ( 'NONE', #8908, #3306 ) ;
#3597 = DIRECTION ( 'NONE',  ( 0.000000000000000000, -0.000000000000000000, 1.000000000000000000 ) ) ;
#3598 = AXIS2_PLACEMENT_3D ( 'NONE', #1229, #4059, #7843 ) ;
#3599 = AXIS2_PLACEMENT_3D ( 'NONE', #3746, #1592, #6100 ) ;
#3600 = LINE ( 'NONE', #2863, #9455 ) ;
#3601 = CARTESIAN_POINT ( 'NONE',  ( -50.00000000000000000, 169.9999999999999716, 63.79999999999999716 ) ) ;
#3602 = FACE_OUTER_BOUND ( 'NONE', #3763, .T. ) ;
#3603 = DIRECTION ( 'NONE',  ( 0.7123602123569849898, -9.329984537847268226E-17, 0.7018140265417265322 ) ) ;
#3604 = AXIS2_PLACEMENT_3D ( 'NONE', #5735, #5584, #2637 ) ;
#3605 = VECTOR ( 'NONE', #8772, 1000.000000000000000 ) ;
#3606 = VERTEX_POINT ( 'NONE', #969 ) ;
#3607 = EDGE_CURVE ( 'NONE', #5136, #7278, #9617, .T. ) ;
#3608 = CIRCLE ( 'NONE', #5032, 17.00000000000000000 ) ;
#3609 = DIRECTION ( 'NONE',  ( 0.000000000000000000, -0.2873478855663457177, -0.9578262852211512079 ) ) ;
#3610 = CARTESIAN_POINT ( 'NONE',  ( -85.00000000000000000, 180.0000000000000000, 25.00000000000000711 ) ) ;
#3611 = LINE ( 'NONE', #8822, #2237 ) ;
#3612 = EDGE_LOOP ( 'NONE', ( #1721, #6911 ) ) ;
#3613 = VECTOR ( 'NONE', #3791, 1000.000000000000114 ) ;
#3614 = CARTESIAN_POINT ( 'NONE',  ( -32.00000000000000711, 163.9999999999999432, 41.51989783036317050 ) ) ;
#3615 =( GEOMETRIC_REPRESENTATION_CONTEXT ( 3 ) GLOBAL_UNCERTAINTY_ASSIGNED_CONTEXT ( ( #2266 ) ) GLOBAL_UNIT_ASSIGNED_CONTEXT ( ( #5372, #2331, #5325 ) ) REPRESENTATION_CONTEXT ( 'NONE', 'WORKASPACE' ) );
#3616 = DIRECTION ( 'NONE',  ( 0.000000000000000000, -1.000000000000000000, 0.000000000000000000 ) ) ;
#3617 = CARTESIAN_POINT ( 'NONE',  ( 8.000000000000000000, -1.021259646113993889E-15, 8.499999999999952038 ) ) ;
#3618 = ORIENTED_EDGE ( 'NONE', *, *, #4566, .T. ) ;
#3619 = FACE_OUTER_BOUND ( 'NONE', #8103, .T. ) ;
#3620 = ORIENTED_EDGE ( 'NONE', *, *, #3448, .T. ) ;
#3621 = EDGE_CURVE ( 'NONE', #2697, #3686, #38, .T. ) ;
#3622 = CIRCLE ( 'NONE', #658, 5.499999999999994671 ) ;
#3623 = DIRECTION ( 'NONE',  ( -1.000000000000000000, 0.000000000000000000, 0.000000000000000000 ) ) ;
#3624 = ORIENTED_EDGE ( 'NONE', *, *, #6440, .F. ) ;
#3625 = PRODUCT_DEFINITION_FORMATION_WITH_SPECIFIED_SOURCE ( 'ANY', '', #3037, .NOT_KNOWN. ) ;
#3626 = DIRECTION ( 'NONE',  ( 1.000000000000000000, 0.000000000000000000, 0.000000000000000000 ) ) ;
#3627 = DIRECTION ( 'NONE',  ( 0.000000000000000000, 1.000000000000000000, 0.000000000000000000 ) ) ;
#3628 = EDGE_LOOP ( 'NONE', ( #7200, #8752, #5748, #1722 ) ) ;
#3629 = LINE ( 'NONE', #6622, #2905 ) ;
#3630 = UNCERTAINTY_MEASURE_WITH_UNIT (LENGTH_MEASURE( 1.000000000000000082E-05 ), #7886, 'distance_accuracy_value', 'NONE');
#3631 = EDGE_LOOP ( 'NONE', ( #5845, #1198, #6862, #5728 ) ) ;
#3632 = CONTEXT_DEPENDENT_SHAPE_REPRESENTATION ( #3321, #6955 ) ;
#3633 = ADVANCED_FACE ( 'NONE', ( #9067 ), #5316, .F. ) ;
#3634 = ORIENTED_EDGE ( 'NONE', *, *, #7830, .T. ) ;
#3635 = DIRECTION ( 'NONE',  ( 1.661563742880786749E-15, -0.9578262852211513190, -0.2873478855663457732 ) ) ;
#3636 = LINE ( 'NONE', #2074, #8999 ) ;
#3637 = VERTEX_POINT ( 'NONE', #7581 ) ;
#3638 = CARTESIAN_POINT ( 'NONE',  ( -100.0000000000000000, 0.000000000000000000, 10.00000000000000000 ) ) ;
#3639 =( REPRESENTATION_RELATIONSHIP ('NONE','NONE', #5518, #3457 ) REPRESENTATION_RELATIONSHIP_WITH_TRANSFORMATION ( #9240 )SHAPE_REPRESENTATION_RELATIONSHIP( ) );
#3640 = ORIENTED_EDGE ( 'NONE', *, *, #3058, .F. ) ;
#3641 = CARTESIAN_POINT ( 'NONE',  ( -99.65332060189713559, 189.7169374972932872, 10.00300885970404252 ) ) ;
#3642 = EDGE_CURVE ( 'NONE', #6668, #810, #1891, .T. ) ;
#3643 = ADVANCED_FACE ( 'NONE', ( #8666 ), #8569, .T. ) ;
#3644 = CARTESIAN_POINT ( 'NONE',  ( -85.00000000000000000, 147.9999999999999716, 110.0000000000000000 ) ) ;
#3645 = CARTESIAN_POINT ( 'NONE',  ( 10.00000000000000000, 12.24586983568289789, 35.06414504036117563 ) ) ;
#3646 = AXIS2_PLACEMENT_3D ( 'NONE', #4572, #3933, #9057 ) ;
#3647 = CARTESIAN_POINT ( 'NONE',  ( -28.99999999999999645, 3.612708057484691604E-15, 101.0000000000000000 ) ) ;
#3648 = EDGE_CURVE ( 'NONE', #1240, #5923, #1947, .T. ) ;
#3649 = LINE ( 'NONE', #9556, #7585 ) ;
#3650 = AXIS2_PLACEMENT_3D ( 'NONE', #5423, #5275, #1743 ) ;
#3651 = DIRECTION ( 'NONE',  ( 0.000000000000000000, 0.000000000000000000, 1.000000000000000000 ) ) ;
#3652 = EDGE_CURVE ( 'NONE', #810, #5059, #4440, .T. ) ;
#3653 = PRODUCT_DEFINITION_SHAPE ( 'NONE', 'NONE',  #9661 ) ;
#3654 = CARTESIAN_POINT ( 'NONE',  ( -23.21140459226323571, 132.1983853525482857, 1075.000000000007503 ) ) ;
#3655 = ORIENTED_EDGE ( 'NONE', *, *, #2740, .F. ) ;
#3656 = DIRECTION ( 'NONE',  ( -4.956352788505163391E-17, 1.000000000000000000, 0.000000000000000000 ) ) ;
#3657 = AXIS2_PLACEMENT_3D ( 'NONE', #3780, #4234, #5121 ) ;
#3658 = DIRECTION ( 'NONE',  ( -0.000000000000000000, -0.000000000000000000, -1.000000000000000000 ) ) ;
#3659 = CARTESIAN_POINT ( 'NONE',  ( -32.00000000000000000, 30.49999999999995737, 50.00000000000000000 ) ) ;
#3660 = AXIS2_PLACEMENT_3D ( 'NONE', #5667, #7034, #1112 ) ;
#3661 = DIRECTION ( 'NONE',  ( 4.956352788505163391E-17, 1.000000000000000000, 0.000000000000000000 ) ) ;
#3662 = EDGE_CURVE ( 'NONE', #4270, #1173, #5375, .T. ) ;
#3663 = EDGE_CURVE ( 'NONE', #5791, #7544, #2724, .T. ) ;
#3664 = DIRECTION ( 'NONE',  ( -0.000000000000000000, -0.2873478855663454956, -0.9578262852211513190 ) ) ;
#3665 = VECTOR ( 'NONE', #107, 1000.000000000000000 ) ;
#3666 = CARTESIAN_POINT ( 'NONE',  ( 10.00000000000000000, -2.234548056859605347E-13, -32.00000000000000000 ) ) ;
#3667 = ORIENTED_EDGE ( 'NONE', *, *, #3776, .T. ) ;
#3668 = DIRECTION ( 'NONE',  ( 1.000000000000000000, 0.000000000000000000, 0.000000000000000000 ) ) ;
#3669 = ORIENTED_EDGE ( 'NONE', *, *, #2041, .T. ) ;
#3670 = LINE ( 'NONE', #1330, #3391 ) ;
#3671 = EDGE_LOOP ( 'NONE', ( #7565, #197 ) ) ;
#3672 = AXIS2_PLACEMENT_3D ( 'NONE', #5309, #7481, #2318 ) ;
#3673 = CARTESIAN_POINT ( 'NONE',  ( -0.8649726172374431199, 189.2938799233656368, 10.02396474419300709 ) ) ;
#3674 = VECTOR ( 'NONE', #6246, 1000.000000000000000 ) ;
#3675 = EDGE_CURVE ( 'NONE', #5281, #7694, #3461, .T. ) ;
#3676 = DIRECTION ( 'NONE',  ( -1.000000000000000000, 1.156482317317870344E-15, -0.000000000000000000 ) ) ;
#3677 = ADVANCED_FACE ( 'NONE', ( #9309 ), #6252, .T. ) ;
#3678 = DIRECTION ( 'NONE',  ( -0.000000000000000000, 1.000000000000000000, -0.000000000000000000 ) ) ;
#3679 = ORIENTED_EDGE ( 'NONE', *, *, #7505, .F. ) ;
#3680 = CARTESIAN_POINT ( 'NONE',  ( -9.854119692349588178, 26.45253175493423825, 13.67442833713973016 ) ) ;
#3681 = AXIS2_PLACEMENT_3D ( 'NONE', #3304, #7133, #1392 ) ;
#3682 = FACE_OUTER_BOUND ( 'NONE', #6786, .T. ) ;
#3683 = EDGE_LOOP ( 'NONE', ( #9039, #8249 ) ) ;
#3684 = CONTEXT_DEPENDENT_SHAPE_REPRESENTATION ( #9298, #5551 ) ;
#3685 = AXIS2_PLACEMENT_3D ( 'NONE', #2569, #471, #4738 ) ;
#3686 = VERTEX_POINT ( 'NONE', #1159 ) ;
#3687 = CARTESIAN_POINT ( 'NONE',  ( -15.00000000000000000, 25.99999999999995381, 110.0000000000000000 ) ) ;
#3688 = DIRECTION ( 'NONE',  ( -0.000000000000000000, -0.000000000000000000, -1.000000000000000000 ) ) ;
#3689 = EDGE_CURVE ( 'NONE', #5152, #2289, #4149, .T. ) ;
#3690 = EDGE_LOOP ( 'NONE', ( #7455, #5353 ) ) ;
#3691 = AXIS2_PLACEMENT_3D ( 'NONE', #8649, #7068, #405 ) ;
#3692 = CARTESIAN_POINT ( 'NONE',  ( -1.084584592456328878, 32.68538277706863227, 10.03679988130734912 ) ) ;
#3693 = ORIENTED_EDGE ( 'NONE', *, *, #1183, .T. ) ;
#3694 = CARTESIAN_POINT ( 'NONE',  ( -40.90446176682630153, 25.49999999999995737, 75.00000000000000000 ) ) ;
#3695 = AXIS2_PLACEMENT_3D ( 'NONE', #155, #1580, #6827 ) ;
#3696 = DIRECTION ( 'NONE',  ( 1.000000000000000000, 0.000000000000000000, 0.000000000000000000 ) ) ;
#3697 = DIRECTION ( 'NONE',  ( 0.000000000000000000, -0.2873478855663455511, 0.9578262852211513190 ) ) ;
#3698 = AXIS2_PLACEMENT_3D ( 'NONE', #953, #730, #4354 ) ;
#3699 = DIRECTION ( 'NONE',  ( 1.000000000000000000, -0.000000000000000000, -0.000000000000000000 ) ) ;
#3700 = AXIS2_PLACEMENT_3D ( 'NONE', #45, #735, #1416 ) ;
#3701 = EDGE_CURVE ( 'NONE', #7962, #8362, #3348, .T. ) ;
#3702 = ORIENTED_EDGE ( 'NONE', *, *, #3580, .T. ) ;
#3703 = CARTESIAN_POINT ( 'NONE',  ( 0.000000000000000000, 190.0000000000000000, 0.000000000000000000 ) ) ;
#3704 = ADVANCED_FACE ( 'NONE', ( #7083 ), #1995, .T. ) ;
#3705 = CARTESIAN_POINT ( 'NONE',  ( 4.049999999999999822, 4.959819536546779614E-16, 0.000000000000000000 ) ) ;
#3706 = AXIS2_PLACEMENT_3D ( 'NONE', #7336, #6507, #8117 ) ;
#3707 = FACE_OUTER_BOUND ( 'NONE', #4091, .T. ) ;
#3708 = DIRECTION ( 'NONE',  ( -0.7018140265417265322, 8.973753739072091507E-18, 0.7123602123569849898 ) ) ;
#3709 = AXIS2_PLACEMENT_3D ( 'NONE', #6748, #8918, #5224 ) ;
#3710 = EDGE_LOOP ( 'NONE', ( #545, #7220 ) ) ;
#3711 = LINE ( 'NONE', #6648, #5031 ) ;
#3712 = CARTESIAN_POINT ( 'NONE',  ( -32.00000000000001421, 169.9999999999999432, 75.14676883630357906 ) ) ;
#3713 = DIRECTION ( 'NONE',  ( -3.323127485761576556E-16, -0.2873478855663457177, 0.9578262852211512079 ) ) ;
#3714 = ADVANCED_FACE ( 'NONE', ( #432 ), #7826, .F. ) ;
#3715 = DIRECTION ( 'NONE',  ( 1.000000000000000000, -0.000000000000000000, -0.000000000000000000 ) ) ;
#3716 = DIRECTION ( 'NONE',  ( 0.000000000000000000, 0.000000000000000000, -1.000000000000000000 ) ) ;
#3717 = CARTESIAN_POINT ( 'NONE',  ( -50.00000000000000000, 148.9999999999999716, 75.00000000000000000 ) ) ;
#3718 = EDGE_LOOP ( 'NONE', ( #4859, #1034, #7599, #7745 ) ) ;
#3719 = CIRCLE ( 'NONE', #5602, 15.00000000000000178 ) ;
#3720 = CARTESIAN_POINT ( 'NONE',  ( 4.875000000000000000, 0.000000000000000000, 19.00000000000000355 ) ) ;
#3721 = ORIENTED_EDGE ( 'NONE', *, *, #9538, .F. ) ;
#3722 = CARTESIAN_POINT ( 'NONE',  ( 10.00000000000000000, -1.399880114079982575E-13, -19.99999999999995026 ) ) ;
#3723 = ORIENTED_EDGE ( 'NONE', *, *, #9473, .F. ) ;
#3724 = CARTESIAN_POINT ( 'NONE',  ( -0.6924108634725465450, 189.4347125031105179, 10.01499091316414081 ) ) ;
#3725 = DIRECTION ( 'NONE',  ( 1.000000000000000000, -0.000000000000000000, -0.000000000000000000 ) ) ;
#3726 = CARTESIAN_POINT ( 'NONE',  ( -67.99999999999997158, 161.4559693491088979, 50.00000000000000000 ) ) ;
#3727 = VERTEX_POINT ( 'NONE', #1943 ) ;
#3728 = DIRECTION ( 'NONE',  ( -1.000000000000000000, 0.000000000000000000, 0.000000000000000000 ) ) ;
#3729 = ORIENTED_EDGE ( 'NONE', *, *, #6820, .F. ) ;
#3730 = EDGE_CURVE ( 'NONE', #8936, #7124, #1623, .T. ) ;
#3731 = ORIENTED_EDGE ( 'NONE', *, *, #488, .F. ) ;
#3732 = CARTESIAN_POINT ( 'NONE',  ( 8.000000000000000000, 12.24586983568289789, 29.56414504036117563 ) ) ;
#3733 = CARTESIAN_POINT ( 'NONE',  ( 0.000000000000000000, 0.000000000000000000, -9.000000000000000000 ) ) ;
#3734 = ORIENTED_EDGE ( 'NONE', *, *, #5917, .T. ) ;
#3735 = ORIENTED_EDGE ( 'NONE', *, *, #3642, .F. ) ;
#3736 = DIRECTION ( 'NONE',  ( 0.000000000000000000, 1.000000000000000000, 0.000000000000000000 ) ) ;
#3737 = ADVANCED_FACE ( 'NONE', ( #9256, #2525 ), #8515, .T. ) ;
#3738 = PRODUCT_DEFINITION_SHAPE ( 'NONE', 'NONE',  #9641 ) ;
#3739 = DIRECTION ( 'NONE',  ( -1.000000000000000000, 1.972152263052529076E-31, 5.782411586589345411E-15 ) ) ;
#3740 = ORIENTED_EDGE ( 'NONE', *, *, #619, .T. ) ;
#3741 = CARTESIAN_POINT ( 'NONE',  ( -49.99999999999999289, 169.9999999999999716, 75.00000000000000000 ) ) ;
#3742 = DIRECTION ( 'NONE',  ( 0.000000000000000000, 0.000000000000000000, -1.000000000000000000 ) ) ;
#3743 = EDGE_LOOP ( 'NONE', ( #7069, #210 ) ) ;
#3744 = FACE_OUTER_BOUND ( 'NONE', #4036, .T. ) ;
#3745 = DIRECTION ( 'NONE',  ( -1.000000000000000000, 0.000000000000000000, 0.000000000000000000 ) ) ;
#3746 = CARTESIAN_POINT ( 'NONE',  ( -21.99999999999999645, 2.304377683636468267E-13, 92.00000000000001421 ) ) ;
#3747 = DIRECTION ( 'NONE',  ( 0.1541383984086415748, 0.000000000000000000, 0.9880492670590972359 ) ) ;
#3748 = AXIS2_PLACEMENT_3D ( 'NONE', #6255, #7680, #972 ) ;
#3749 = VERTEX_POINT ( 'NONE', #2622 ) ;
#3750 = DIRECTION ( 'NONE',  ( -0.000000000000000000, -0.000000000000000000, 1.000000000000000000 ) ) ;
#3751 = VECTOR ( 'NONE', #289, 1000.000000000000000 ) ;
#3752 = ADVANCED_FACE ( 'NONE', ( #4937, #7931 ), #3364, .T. ) ;
#3753 = CARTESIAN_POINT ( 'NONE',  ( -15.00000000000000000, 30.49999999999996092, 50.00000000000001421 ) ) ;
#3754 = DIRECTION ( 'NONE',  ( 1.000000000000000000, -0.000000000000000000, -0.000000000000000000 ) ) ;
#3755 = AXIS2_PLACEMENT_3D ( 'NONE', #7719, #1010, #469 ) ;
#3756 = DIRECTION ( 'NONE',  ( 1.000000000000000000, 0.000000000000000000, 0.000000000000000000 ) ) ;
#3757 = CARTESIAN_POINT ( 'NONE',  ( 0.000000000000000000, 0.000000000000000000, 10.00000000000000000 ) ) ;
#3758 = AXIS2_PLACEMENT_3D ( 'NONE', #9125, #3034, #6221 ) ;
#3759 = DIRECTION ( 'NONE',  ( 0.000000000000000000, 0.000000000000000000, -1.000000000000000000 ) ) ;
#3760 = ORIENTED_EDGE ( 'NONE', *, *, #9366, .F. ) ;
#3761 = CARTESIAN_POINT ( 'NONE',  ( 0.000000000000000000, 0.000000000000000000, 7.000000000000000000 ) ) ;
#3762 = AXIS2_PLACEMENT_3D ( 'NONE', #7096, #3661, #4537 ) ;
#3763 = EDGE_LOOP ( 'NONE', ( #8584, #3679, #9294, #3199 ) ) ;
#3764 = ADVANCED_FACE ( 'NONE', ( #8619 ), #7141, .T. ) ;
#3765 = FACE_OUTER_BOUND ( 'NONE', #8831, .T. ) ;
#3766 = DIRECTION ( 'NONE',  ( 1.000000000000000000, 0.000000000000000000, 0.000000000000000000 ) ) ;
#3767 = ORIENTED_EDGE ( 'NONE', *, *, #3262, .F. ) ;
#3768 =( REPRESENTATION_RELATIONSHIP ('NONE','NONE', #5518, #3457 ) REPRESENTATION_RELATIONSHIP_WITH_TRANSFORMATION ( #2995 )SHAPE_REPRESENTATION_RELATIONSHIP( ) );
#3769 = DIRECTION ( 'NONE',  ( 0.000000000000000000, 0.2873478855663455511, -0.9578262852211513190 ) ) ;
#3770 = FACE_OUTER_BOUND ( 'NONE', #8929, .T. ) ;
#3771 = DIRECTION ( 'NONE',  ( -0.000000000000000000, -1.000000000000000000, -0.000000000000000000 ) ) ;
#3772 = EDGE_CURVE ( 'NONE', #9102, #8794, #7978, .T. ) ;
#3773 = EDGE_LOOP ( 'NONE', ( #6772, #3240 ) ) ;
#3774 = AXIS2_PLACEMENT_3D ( 'NONE', #7566, #7619, #2214 ) ;
#3775 = DIRECTION ( 'NONE',  ( -1.982541115402065356E-16, -1.000000000000000000, 0.000000000000000000 ) ) ;
#3776 = EDGE_CURVE ( 'NONE', #2119, #2997, #2036, .T. ) ;
#3777 = ORIENTED_EDGE ( 'NONE', *, *, #6158, .T. ) ;
#3778 = AXIS2_PLACEMENT_3D ( 'NONE', #2135, #718, #5773 ) ;
#3779 = EDGE_LOOP ( 'NONE', ( #6580, #8263, #9423, #3734 ) ) ;
#3780 = CARTESIAN_POINT ( 'NONE',  ( 0.000000000000000000, 0.000000000000000000, 0.000000000000000000 ) ) ;
#3781 = ORIENTED_EDGE ( 'NONE', *, *, #603, .F. ) ;
#3782 = DIRECTION ( 'NONE',  ( 0.000000000000000000, -1.000000000000000000, 0.000000000000000000 ) ) ;
#3783 = CARTESIAN_POINT ( 'NONE',  ( 8.000000000000000000, 0.000000000000000000, 32.00000000000000000 ) ) ;
#3784 = EDGE_LOOP ( 'NONE', ( #3163, #1074, #5621, #3735 ) ) ;
#3785 = EDGE_LOOP ( 'NONE', ( #2643, #2693, #5793, #1559 ) ) ;
#3786 = EDGE_CURVE ( 'NONE', #8756, #2289, #6502, .T. ) ;
#3787 = DIRECTION ( 'NONE',  ( -0.000000000000000000, -0.000000000000000000, -1.000000000000000000 ) ) ;
#3788 = CONTEXT_DEPENDENT_SHAPE_REPRESENTATION ( #8033, #5857 ) ;
#3789 = LINE ( 'NONE', #1535, #556 ) ;
#3790 = ORIENTED_EDGE ( 'NONE', *, *, #2067, .T. ) ;
#3791 = DIRECTION ( 'NONE',  ( 3.323127485761577049E-16, 0.2873478855663457177, 0.9578262852211512079 ) ) ;
#3792 = AXIS2_PLACEMENT_3D ( 'NONE', #1948, #4247, #1163 ) ;
#3793 = VERTEX_POINT ( 'NONE', #6765 ) ;
#3794 = CARTESIAN_POINT ( 'NONE',  ( -10.00000000000000000, 3.061616997868383043E-15, 25.00000000000000000 ) ) ;
#3795 = EDGE_CURVE ( 'NONE', #3197, #7367, #4133, .T. ) ;
#3796 = CYLINDRICAL_SURFACE ( 'NONE', #7129, 9.095538233173709131 ) ;
#3797 = CARTESIAN_POINT ( 'NONE',  ( -84.99999999999997158, 169.9999999999999716, 25.00000000000000711 ) ) ;
#3798 = CARTESIAN_POINT ( 'NONE',  ( -24.72422271027095775, 39.69838535254830703, 1083.364292040689861 ) ) ;
#3799 = VERTEX_POINT ( 'NONE', #1933 ) ;
#3800 = CARTESIAN_POINT ( 'NONE',  ( -32.00000000000000000, 33.49999999999994316, 50.00000000000002842 ) ) ;
#3801 = CARTESIAN_POINT ( 'NONE',  ( 10.00000000000000000, 0.000000000000000000, 0.000000000000000000 ) ) ;
#3802 = CARTESIAN_POINT ( 'NONE',  ( 10.00000000000000000, -29.56414504036129998, -12.24586983568257459 ) ) ;
#3803 = VECTOR ( 'NONE', #4862, 1000.000000000000000 ) ;
#3804 = CARTESIAN_POINT ( 'NONE',  ( -32.00000000000000000, 30.49999999999994316, 50.00000000000004263 ) ) ;
#3805 = DIRECTION ( 'NONE',  ( 0.000000000000000000, 0.000000000000000000, -1.000000000000000000 ) ) ;
#3806 = FACE_OUTER_BOUND ( 'NONE', #8671, .T. ) ;
#3807 = TOROIDAL_SURFACE ( 'NONE', #8991, 28.99999999999999645, 1.000000000000000000 ) ;
#3808 = EDGE_LOOP ( 'NONE', ( #5174, #4105, #9491, #6576, #1715, #2259, #6781, #6675, #8493, #8746, #2590, #7360, #492, #7789, #1482, #8898, #8108, #5119, #901 ) ) ;
#3809 = FACE_OUTER_BOUND ( 'NONE', #3282, .T. ) ;
#3810 = CARTESIAN_POINT ( 'NONE',  ( -85.00000000000049738, 158.9999999999999716, 24.85323116369690766 ) ) ;
#3811 = ORIENTED_EDGE ( 'NONE', *, *, #5007, .F. ) ;
#3812 = VECTOR ( 'NONE', #518, 1000.000000000000000 ) ;
#3813 = CARTESIAN_POINT ( 'NONE',  ( -2.751030355172804587, 187.7578389697151238, 10.23826345797419179 ) ) ;
#3814 = EDGE_CURVE ( 'NONE', #1811, #8756, #30, .T. ) ;
#3815 = DIRECTION ( 'NONE',  ( 0.000000000000000000, 0.000000000000000000, 1.000000000000000000 ) ) ;
#3816 = ADVANCED_FACE ( 'NONE', ( #785 ), #8187, .F. ) ;
#3817 = DIRECTION ( 'NONE',  ( 0.000000000000000000, 1.000000000000000000, 0.000000000000000000 ) ) ;
#3818 = EDGE_LOOP ( 'NONE', ( #6479, #5104, #6958, #2207 ) ) ;
#3819 = PRODUCT_DEFINITION_SHAPE ( 'NONE', 'NONE',  #3595 ) ;
#3820 = DIRECTION ( 'NONE',  ( 1.000000000000000000, 0.000000000000000000, 0.000000000000000000 ) ) ;
#3821 = ORIENTED_EDGE ( 'NONE', *, *, #3580, .F. ) ;
#3822 = ORIENTED_EDGE ( 'NONE', *, *, #7966, .F. ) ;
#3824 = CIRCLE ( 'NONE', #6334, 35.00000000000000000 ) ;
#3823 = ITEM_DEFINED_TRANSFORMATION ( 'NONE', 'NONE', #5185,  #6276 ) ;
#3825 =( REPRESENTATION_RELATIONSHIP ('NONE','NONE', #5518, #3457 ) REPRESENTATION_RELATIONSHIP_WITH_TRANSFORMATION ( #5117 )SHAPE_REPRESENTATION_RELATIONSHIP( ) );
#3826 = CIRCLE ( 'NONE', #9008, 5.499999999999998224 ) ;
#3827 = VERTEX_POINT ( 'NONE', #4930 ) ;
#3828 = LINE ( 'NONE', #2254, #8322 ) ;
#3829 = CARTESIAN_POINT ( 'NONE',  ( 8.000000000000000000, 3.287578542732749400E-16, 19.99999999999995026 ) ) ;
#3830 = EDGE_CURVE ( 'NONE', #6771, #3191, #9499, .T. ) ;
#3831 = VECTOR ( 'NONE', #6991, 1000.000000000000114 ) ;
#3832 = ORIENTED_EDGE ( 'NONE', *, *, #2953, .T. ) ;
#3833 = EDGE_LOOP ( 'NONE', ( #4022, #3777, #1822, #4122 ) ) ;
#3834 = CARTESIAN_POINT ( 'NONE',  ( -85.00000000000000000, 25.99999999999995737, 110.0000000000000000 ) ) ;
#3835 = CIRCLE ( 'NONE', #9336, 4.000000000000000000 ) ;
#3836 = CARTESIAN_POINT ( 'NONE',  ( -50.00000000000000000, 0.000000000000000000, 75.00000000000000000 ) ) ;
#3837 = VERTEX_POINT ( 'NONE', #4455 ) ;
#3838 = DIRECTION ( 'NONE',  ( 0.000000000000000000, 0.000000000000000000, -1.000000000000000000 ) ) ;
#3839 = UNCERTAINTY_MEASURE_WITH_UNIT (LENGTH_MEASURE( 1.000000000000000082E-05 ), #5689, 'distance_accuracy_value', 'NONE');
#3840 = EDGE_CURVE ( 'NONE', #3476, #7023, #7452, .T. ) ;
#3841 = DIRECTION ( 'NONE',  ( -1.000000000000000000, 1.224646799147349509E-16, 0.000000000000000000 ) ) ;
#3842 = VERTEX_POINT ( 'NONE', #5711 ) ;
#3844 = DIRECTION ( 'NONE',  ( 1.000000000000000000, 0.000000000000000000, 0.000000000000000000 ) ) ;
#3843 = CIRCLE ( 'NONE', #4626, 15.00000000000000178 ) ;
#3845 = SURFACE_SIDE_STYLE ('',( #6932 ) ) ;
#3846 = DIRECTION ( 'NONE',  ( -0.000000000000000000, -0.000000000000000000, 1.000000000000000000 ) ) ;
#3847 = DIRECTION ( 'NONE',  ( -0.4163582712868679203, 0.000000000000000000, -0.9092006323859496142 ) ) ;
#3848 = AXIS2_PLACEMENT_3D ( 'NONE', #3617, #5833, #8879 ) ;
#3849 = EDGE_LOOP ( 'NONE', ( #9570, #1531, #3822, #7989, #2188 ) ) ;
#3850 = DIRECTION ( 'NONE',  ( 0.000000000000000000, -3.469446951953613696E-16, -1.000000000000000000 ) ) ;
#3851 = CARTESIAN_POINT ( 'NONE',  ( 0.000000000000000000, 0.000000000000000000, -25.00000000000000000 ) ) ;
#3852 = PLANE ( 'NONE',  #6311 ) ;
#3853 = ADVANCED_FACE ( 'NONE', ( #3770 ), #1204, .F. ) ;
#3854 = VECTOR ( 'NONE', #6852, 1000.000000000000114 ) ;
#3855 = CARTESIAN_POINT ( 'NONE',  ( -85.00000000000000000, 25.99999999999995737, 110.0000000000000000 ) ) ;
#3856 = DIRECTION ( 'NONE',  ( -0.000000000000000000, -0.000000000000000000, -1.000000000000000000 ) ) ;
#3857 = CIRCLE ( 'NONE', #8888, 4.049999999999999822 ) ;
#3858 = CARTESIAN_POINT ( 'NONE',  ( 10.00000000000000000, 0.000000000000000000, 0.000000000000000000 ) ) ;
#3859 = ORIENTED_EDGE ( 'NONE', *, *, #1329, .T. ) ;
#3860 = DIRECTION ( 'NONE',  ( 0.000000000000000000, 0.000000000000000000, -1.000000000000000000 ) ) ;
#3861 = DIRECTION ( 'NONE',  ( 0.000000000000000000, 1.000000000000000000, 0.000000000000000000 ) ) ;
#3863 = ORIENTED_EDGE ( 'NONE', *, *, #1666, .F. ) ;
#3862 = ADVANCED_FACE ( 'NONE', ( #9449 ), #8709, .F. ) ;
#3864 = VECTOR ( 'NONE', #4936, 1000.000000000000114 ) ;
#3865 = DIRECTION ( 'NONE',  ( -4.956352788505163391E-17, 1.000000000000000000, 0.000000000000000000 ) ) ;
#3866 = CARTESIAN_POINT ( 'NONE',  ( -50.00000000000001421, 180.0000000000000000, 110.0000000000000000 ) ) ;
#3867 = CARTESIAN_POINT ( 'NONE',  ( -32.00000000000000000, 157.9999999999999432, 35.00000000000000711 ) ) ;
#3868 = DIRECTION ( 'NONE',  ( 1.000000000000000000, 0.000000000000000000, 0.000000000000000000 ) ) ;
#3869 = VERTEX_POINT ( 'NONE', #1251 ) ;
#3870 = DIRECTION ( 'NONE',  ( -1.000000000000000000, 0.000000000000000000, -5.782411586589345411E-15 ) ) ;
#3871 = ORIENTED_EDGE ( 'NONE', *, *, #3567, .F. ) ;
#3872 = EDGE_LOOP ( 'NONE', ( #4661, #1181 ) ) ;
#3873 = ORIENTED_EDGE ( 'NONE', *, *, #7553, .F. ) ;
#3874 = DIRECTION ( 'NONE',  ( 0.000000000000000000, 0.000000000000000000, -1.000000000000000000 ) ) ;
#3875 = EDGE_CURVE ( 'NONE', #1391, #5699, #1266, .T. ) ;
#3876 = FACE_OUTER_BOUND ( 'NONE', #6173, .T. ) ;
#3877 = ORIENTED_EDGE ( 'NONE', *, *, #8068, .T. ) ;
#3878 = VERTEX_POINT ( 'NONE', #6666 ) ;
#3879 = ORIENTED_EDGE ( 'NONE', *, *, #7016, .T. ) ;
#3880 = DIRECTION ( 'NONE',  ( -0.000000000000000000, -0.000000000000000000, -1.000000000000000000 ) ) ;
#3881 = EDGE_CURVE ( 'NONE', #2951, #5942, #5805, .T. ) ;
#3882 = CARTESIAN_POINT ( 'NONE',  ( -3.142677150939514163, 2.474586899860803157, 111.0000000000000142 ) ) ;
#3883 = VERTEX_POINT ( 'NONE', #8135 ) ;
#3884 = LINE ( 'NONE', #5997, #6594 ) ;
#3885 = CARTESIAN_POINT ( 'NONE',  ( -85.00000000000000000, 180.0000000000000000, 75.00000000000000000 ) ) ;
#3886 = VERTEX_POINT ( 'NONE', #1423 ) ;
#3887 = CYLINDRICAL_SURFACE ( 'NONE', #1178, 5.999999999999998224 ) ;
#3888 = FILL_AREA_STYLE_COLOUR ( '', #3368 ) ;
#3889 = DIRECTION ( 'NONE',  ( 0.000000000000000000, -0.2873478855663454956, -0.9578262852211513190 ) ) ;
#3890 = DIRECTION ( 'NONE',  ( 0.6554295208624878466, -1.314885329119277432E-16, 0.7552563426956241388 ) ) ;
#3891 = ORIENTED_EDGE ( 'NONE', *, *, #540, .T. ) ;
#3892 = DIRECTION ( 'NONE',  ( 1.000000000000000000, 0.000000000000000000, 0.000000000000000000 ) ) ;
#3893 = DIRECTION ( 'NONE',  ( 1.000000000000000000, 0.000000000000000000, 0.000000000000000000 ) ) ;
#3894 = CARTESIAN_POINT ( 'NONE',  ( -32.00000000000000000, 163.9999999999999432, 58.48010216963683661 ) ) ;
#3895 = PRODUCT_DEFINITION_SHAPE ( 'NONE', 'NONE',  #9639 ) ;
#3896 = DIRECTION ( 'NONE',  ( -4.956352788505163391E-17, 1.000000000000000000, 0.000000000000000000 ) ) ;
#3897 = DIRECTION ( 'NONE',  ( 0.000000000000000000, 1.000000000000000000, 0.000000000000000000 ) ) ;
#3898 = PLANE ( 'NONE',  #8240 ) ;
#3899 = EDGE_CURVE ( 'NONE', #9186, #233, #4409, .T. ) ;
#3900 = ORIENTED_EDGE ( 'NONE', *, *, #2296, .F. ) ;
#3901 = DIRECTION ( 'NONE',  ( -1.000000000000000000, 0.000000000000000000, 0.000000000000000000 ) ) ;
#3902 = CARTESIAN_POINT ( 'NONE',  ( 10.00000000000000000, 29.56414504036120761, 12.24586983568279486 ) ) ;
#3903 = ORIENTED_EDGE ( 'NONE', *, *, #4186, .F. ) ;
#3904 = DIRECTION ( 'NONE',  ( 1.000000000000000000, 0.000000000000000000, 0.000000000000000000 ) ) ;
#3905 = AXIS2_PLACEMENT_3D ( 'NONE', #6357, #7884, #1164 ) ;
#3906 = VECTOR ( 'NONE', #7381, 1000.000000000000000 ) ;
#3907 = CARTESIAN_POINT ( 'NONE',  ( 8.000000000000000000, 12.24586983568289789, 35.06414504036117563 ) ) ;
#3908 = CARTESIAN_POINT ( 'NONE',  ( -67.99999999999995737, 165.5440306508910169, 50.00000000000000000 ) ) ;
#3909 = CARTESIAN_POINT ( 'NONE',  ( 8.000000000000000000, -12.24586983568310572, -29.56414504036107971 ) ) ;
#3910 = ORIENTED_EDGE ( 'NONE', *, *, #4782, .F. ) ;
#3911 = CARTESIAN_POINT ( 'NONE',  ( 8.000000000000000000, -19.99999999999994671, 5.500000000000209610 ) ) ;
#3912 = ADVANCED_FACE ( 'NONE', ( #6713 ), #9638, .F. ) ;
#3913 = CARTESIAN_POINT ( 'NONE',  ( 8.000000000000000000, -29.56414504036129998, -12.24586983568257459 ) ) ;
#3914 = ORIENTED_EDGE ( 'NONE', *, *, #3343, .T. ) ;
#3915 = ORIENTED_EDGE ( 'NONE', *, *, #694, .F. ) ;
#3916 = AXIS2_PLACEMENT_3D ( 'NONE', #7986, #2175, #5176 ) ;
#3917 = CIRCLE ( 'NONE', #7842, 11.20000000000000107 ) ;
#3918 = ORIENTED_EDGE ( 'NONE', *, *, #3436, .T. ) ;
#3919 = CARTESIAN_POINT ( 'NONE',  ( -50.00000000000000000, 180.0000000000000000, 86.20000000000000284 ) ) ;
#3920 = LINE ( 'NONE', #8945, #2406 ) ;
#3921 = ORIENTED_EDGE ( 'NONE', *, *, #171, .F. ) ;
#3922 = VECTOR ( 'NONE', #9097, 1000.000000000000000 ) ;
#3923 = ORIENTED_EDGE ( 'NONE', *, *, #5029, .F. ) ;
#3924 = ORIENTED_EDGE ( 'NONE', *, *, #5745, .F. ) ;
#3925 = AXIS2_PLACEMENT_3D ( 'NONE', #8724, #4205, #480 ) ;
#3926 = CARTESIAN_POINT ( 'NONE',  ( 28.99999999999999645, 0.000000000000000000, 1.000000000000000888 ) ) ;
#3927 = EDGE_CURVE ( 'NONE', #7166, #8169, #6951, .T. ) ;
#3928 = AXIS2_PLACEMENT_3D ( 'NONE', #3943, #6151, #3017 ) ;
#3929 = AXIS2_PLACEMENT_3D ( 'NONE', #5986, #5294, #4561 ) ;
#3930 = PRESENTATION_STYLE_ASSIGNMENT (( #554 ) ) ;
#3931 = EDGE_LOOP ( 'NONE', ( #7898, #4521 ) ) ;
#3932 = CARTESIAN_POINT ( 'NONE',  ( -97.29672650238929066, 165.7005714797329006, 10.23554911617713792 ) ) ;
#3933 = DIRECTION ( 'NONE',  ( -1.000000000000000000, 0.000000000000000000, 0.000000000000000000 ) ) ;
#3934 =( GEOMETRIC_REPRESENTATION_CONTEXT ( 3 ) GLOBAL_UNCERTAINTY_ASSIGNED_CONTEXT ( ( #4413 ) ) GLOBAL_UNIT_ASSIGNED_CONTEXT ( ( #8810, #5037, #6592 ) ) REPRESENTATION_CONTEXT ( 'NONE', 'WORKASPACE' ) );
#3935 = AXIS2_PLACEMENT_3D ( 'NONE', #4319, #239, #3126 ) ;
#3936 = ADVANCED_FACE ( 'NONE', ( #8332 ), #5437, .F. ) ;
#3937 = EDGE_LOOP ( 'NONE', ( #145, #2047 ) ) ;
#3938 = CARTESIAN_POINT ( 'NONE',  ( -4.000000000000000000, 0.000000000000000000, 121.0000000000000142 ) ) ;
#3939 = DIRECTION ( 'NONE',  ( 1.000000000000000000, 0.000000000000000000, 0.000000000000000000 ) ) ;
#3940 = CARTESIAN_POINT ( 'NONE',  ( -49.99999999999999289, 170.4999999999999716, 75.00000000000000000 ) ) ;
#3941 = DIRECTION ( 'NONE',  ( 0.000000000000000000, 0.000000000000000000, -1.000000000000000000 ) ) ;
#3942 = EDGE_CURVE ( 'NONE', #5011, #1877, #4017, .T. ) ;
#3943 = CARTESIAN_POINT ( 'NONE',  ( -13.18104526670738075, -20.57544454745023899, 1092.302944599127386 ) ) ;
#3944 = LINE ( 'NONE', #8363, #1799 ) ;
#3945 = CARTESIAN_POINT ( 'NONE',  ( -98.91541540754369066, 163.3146172229313038, 10.03679988130735090 ) ) ;
#3946 = LINE ( 'NONE', #923, #3339 ) ;
#3947 = ADVANCED_FACE ( 'NONE', ( #1608 ), #5334, .F. ) ;
#3948 = CYLINDRICAL_SURFACE ( 'NONE', #5018, 35.00000000000000000 ) ;
#3949 = EDGE_CURVE ( 'NONE', #5967, #9534, #4598, .T. ) ;
#3950 = DIRECTION ( 'NONE',  ( -3.323127485761576556E-16, -0.2873478855663457177, 0.9578262852211512079 ) ) ;
#3951 =( REPRESENTATION_RELATIONSHIP ('NONE','NONE', #5518, #3457 ) REPRESENTATION_RELATIONSHIP_WITH_TRANSFORMATION ( #1525 )SHAPE_REPRESENTATION_RELATIONSHIP( ) );
#3952 = FACE_OUTER_BOUND ( 'NONE', #4109, .T. ) ;
#3953 = SHAPE_REPRESENTATION_RELATIONSHIP ( 'NONE' , 'NONE' ,  #4317, #8609 ) ;
#3954 = EDGE_LOOP ( 'NONE', ( #7443, #1679, #4658, #9436 ) ) ;
#3955 = DIRECTION ( 'NONE',  ( -0.000000000000000000, -0.000000000000000000, 1.000000000000000000 ) ) ;
#3956 = CARTESIAN_POINT ( 'NONE',  ( 10.00000000000000000, 32.00000000000000000, 5.499999999999884537 ) ) ;
#3957 = ADVANCED_FACE ( 'NONE', ( #192 ), #1564, .F. ) ;
#3958 = EDGE_CURVE ( 'NONE', #7544, #5791, #324, .T. ) ;
#3959 = DIRECTION ( 'NONE',  ( -1.000000000000000000, 1.224646799147353454E-16, 0.000000000000000000 ) ) ;
#3960 = ORIENTED_EDGE ( 'NONE', *, *, #8629, .F. ) ;
#3961 = DIRECTION ( 'NONE',  ( 0.000000000000000000, -1.000000000000000000, 0.000000000000000000 ) ) ;
#3962 = DIRECTION ( 'NONE',  ( 1.000000000000000000, -0.000000000000000000, -0.000000000000000000 ) ) ;
#3963 = AXIS2_PLACEMENT_3D ( 'NONE', #5859, #8909, #7239 ) ;
#3964 = DIRECTION ( 'NONE',  ( -0.000000000000000000, -0.000000000000000000, -1.000000000000000000 ) ) ;
#3965 = VERTEX_POINT ( 'NONE', #1757 ) ;
#3967 = AXIS2_PLACEMENT_3D ( 'NONE', #5178, #586, #8173 ) ;
#3966 = LINE ( 'NONE', #5442, #4389 ) ;
#3968 = ORIENTED_EDGE ( 'NONE', *, *, #3958, .T. ) ;
#3969 = ORIENTED_EDGE ( 'NONE', *, *, #6214, .F. ) ;
#3970 = VECTOR ( 'NONE', #589, 1000.000000000000000 ) ;
#3971 = ORIENTED_EDGE ( 'NONE', *, *, #4750, .T. ) ;
#3972 = DIRECTION ( 'NONE',  ( 0.000000000000000000, 0.9578262852211514300, -0.2873478855663456066 ) ) ;
#3973 = AXIS2_PLACEMENT_3D ( 'NONE', #6391, #7075, #1730 ) ;
#3974 = FACE_OUTER_BOUND ( 'NONE', #2059, .T. ) ;
#3975 = EDGE_CURVE ( 'NONE', #8252, #7749, #6735, .T. ) ;
#3976 = ADVANCED_FACE ( 'NONE', ( #8381 ), #983, .F. ) ;
#3977 = AXIS2_PLACEMENT_3D ( 'NONE', #9458, #9364, #1216 ) ;
#3978 = ORIENTED_EDGE ( 'NONE', *, *, #3128, .T. ) ;
#3979 = ORIENTED_EDGE ( 'NONE', *, *, #5722, .F. ) ;
#3980 = ORIENTED_EDGE ( 'NONE', *, *, #224, .T. ) ;
#3981 = DIRECTION ( 'NONE',  ( 1.000000000000000000, -1.972152263052529076E-31, 5.782411586589345411E-15 ) ) ;
#3982 = UNCERTAINTY_MEASURE_WITH_UNIT (LENGTH_MEASURE( 1.000000000000000082E-05 ), #3569, 'distance_accuracy_value', 'NONE');
#3983 = CIRCLE ( 'NONE', #8371, 5.500000000000001776 ) ;
#3984 = CONTEXT_DEPENDENT_SHAPE_REPRESENTATION ( #5839, #7662 ) ;
#3985 = PRODUCT_DEFINITION_SHAPE ( 'NONE', 'NONE',  #9676 ) ;
#3986 = ORIENTED_EDGE ( 'NONE', *, *, #4241, .F. ) ;
#3987 = LINE ( 'NONE', #8606, #2062 ) ;
#3988 = DIRECTION ( 'NONE',  ( 1.000000000000000000, -1.972152263052529076E-31, 5.782411586589345411E-15 ) ) ;
#3989 = EDGE_CURVE ( 'NONE', #8009, #9542, #6586, .T. ) ;
#3990 = PRESENTATION_LAYER_ASSIGNMENT (  '', '', ( #5718 ) ) ;
#3991 = ORIENTED_EDGE ( 'NONE', *, *, #2306, .T. ) ;
#3992 = FACE_OUTER_BOUND ( 'NONE', #9273, .T. ) ;
#3993 = DIRECTION ( 'NONE',  ( 0.000000000000000000, 1.000000000000000000, -1.224646799147353207E-16 ) ) ;
#3994 = CIRCLE ( 'NONE', #8152, 1.000000000000000888 ) ;
#3995 = CARTESIAN_POINT ( 'NONE',  ( -4.298913028756572885, 161.3179377524974143, 10.58798637295963552 ) ) ;
#3996 = DIRECTION ( 'NONE',  ( 0.000000000000000000, -1.000000000000000000, 0.000000000000000000 ) ) ;
#3997 = DIRECTION ( 'NONE',  ( -0.3484921755891448591, -4.287206583113850266E-16, 0.9373116896492565964 ) ) ;
#3998 = CARTESIAN_POINT ( 'NONE',  ( -50.00000000000000000, 25.99999999999995381, 75.00000000000000000 ) ) ;
#3999 = VECTOR ( 'NONE', #7863, 1000.000000000000000 ) ;
#4000 = ADVANCED_FACE ( 'NONE', ( #6124 ), #4701, .F. ) ;
#4001 = FACE_OUTER_BOUND ( 'NONE', #8552, .T. ) ;
#4002 = DIRECTION ( 'NONE',  ( 1.000000000000000000, -0.000000000000000000, -0.000000000000000000 ) ) ;
#4003 = EDGE_CURVE ( 'NONE', #5643, #5923, #2340, .T. ) ;
#4004 = FACE_OUTER_BOUND ( 'NONE', #3628, .T. ) ;
#4005 = CARTESIAN_POINT ( 'NONE',  ( 8.000000000000000000, -29.56414504036104773, 6.745869835683193649 ) ) ;
#4006 = MECHANICAL_DESIGN_GEOMETRIC_PRESENTATION_REPRESENTATION (  '', ( #4467 ), #2435 ) ;
#4007 = CARTESIAN_POINT ( 'NONE',  ( 8.000000000000000000, 22.62741699796956496, 17.12741699796948325 ) ) ;
#4008 = AXIS2_PLACEMENT_3D ( 'NONE', #1772, #9342, #1048 ) ;
#4009 = EDGE_LOOP ( 'NONE', ( #4466, #4606 ) ) ;
#4010 = DIRECTION ( 'NONE',  ( -1.000000000000000000, 0.000000000000000000, 0.000000000000000000 ) ) ;
#4011 = FACE_OUTER_BOUND ( 'NONE', #1228, .T. ) ;
#4012 = EDGE_CURVE ( 'NONE', #1238, #5929, #9254, .T. ) ;
#4013 = AXIS2_PLACEMENT_3D ( 'NONE', #6459, #5573, #2476 ) ;
#4014 =( REPRESENTATION_RELATIONSHIP ('NONE','NONE', #5518, #3457 ) REPRESENTATION_RELATIONSHIP_WITH_TRANSFORMATION ( #8603 )SHAPE_REPRESENTATION_RELATIONSHIP( ) );
#4015 = DIRECTION ( 'NONE',  ( 0.000000000000000000, 0.000000000000000000, -1.000000000000000000 ) ) ;
#4016 = ORIENTED_EDGE ( 'NONE', *, *, #3989, .T. ) ;
#4017 = LINE ( 'NONE', #4655, #6265 ) ;
#4018 = DIRECTION ( 'NONE',  ( 1.000000000000000000, -0.000000000000000000, -0.000000000000000000 ) ) ;
#4019 = FACE_OUTER_BOUND ( 'NONE', #7920, .T. ) ;
#4020 = ORIENTED_EDGE ( 'NONE', *, *, #4678, .F. ) ;
#4021 = CARTESIAN_POINT ( 'NONE',  ( -49.99999999999999289, 170.4999999999999716, 75.00000000000000000 ) ) ;
#4022 = ORIENTED_EDGE ( 'NONE', *, *, #4120, .T. ) ;
#4023 = ORIENTED_EDGE ( 'NONE', *, *, #4902, .F. ) ;
#4024 = AXIS2_PLACEMENT_3D ( 'NONE', #5051, #8121, #8871 ) ;
#4025 = VECTOR ( 'NONE', #1390, 1000.000000000000000 ) ;
#4026 = ORIENTED_EDGE ( 'NONE', *, *, #7975, .T. ) ;
#4027 = CARTESIAN_POINT ( 'NONE',  ( -32.00000000000000000, 157.9999999999999716, 75.14676883630339432 ) ) ;
#4028 = CARTESIAN_POINT ( 'NONE',  ( -50.00000000000000000, 15.99999999999995914, 75.00000000000000000 ) ) ;
#4029 = EDGE_LOOP ( 'NONE', ( #4531, #897, #3249, #5605 ) ) ;
#4030 = CLOSED_SHELL ( 'NONE', ( #1972, #4882, #7215, #8762, #5205, #4812 ) ) ;
#4031 = ORIENTED_EDGE ( 'NONE', *, *, #5978, .F. ) ;
#4032 = ORIENTED_EDGE ( 'NONE', *, *, #8321, .T. ) ;
#4033 = LINE ( 'NONE', #2456, #7301 ) ;
#4034 = CIRCLE ( 'NONE', #9536, 1.000000000000000888 ) ;
#4035 = ADVANCED_FACE ( 'NONE', ( #5380 ), #7742, .T. ) ;
#4036 = EDGE_LOOP ( 'NONE', ( #2893, #4054, #9290, #9476, #2116, #6683, #7262, #1451 ) ) ;
#4037 = DIRECTION ( 'NONE',  ( 0.000000000000000000, 0.000000000000000000, 1.000000000000000000 ) ) ;
#4038 = VERTEX_POINT ( 'NONE', #3907 ) ;
#4039 = CYLINDRICAL_SURFACE ( 'NONE', #9316, 35.00000000000000000 ) ;
#4040 = ORIENTED_EDGE ( 'NONE', *, *, #7778, .T. ) ;
#4041 = CYLINDRICAL_SURFACE ( 'NONE', #2282, 5.499999999999996447 ) ;
#4042 = PLANE ( 'NONE',  #4485 ) ;
#4043 = CARTESIAN_POINT ( 'NONE',  ( 0.000000000000000000, 22.00000000000000000, 92.00000000000001421 ) ) ;
#4044 = EDGE_CURVE ( 'NONE', #4564, #1532, #1031, .T. ) ;
#4045 = DIRECTION ( 'NONE',  ( 0.9373116896492579286, -2.006363961795450579E-16, 0.3484921755891416395 ) ) ;
#4046 = DIRECTION ( 'NONE',  ( 1.000000000000000000, 0.000000000000000000, 0.000000000000000000 ) ) ;
#4047 = CARTESIAN_POINT ( 'NONE',  ( 0.000000000000000000, 0.000000000000000000, 100.0000000000000000 ) ) ;
#4048 = DIRECTION ( 'NONE',  ( 0.000000000000000000, 0.000000000000000000, -1.000000000000000000 ) ) ;
#4049 = FACE_OUTER_BOUND ( 'NONE', #8637, .T. ) ;
#4050 = DIRECTION ( 'NONE',  ( 1.000000000000000000, 0.000000000000000000, 0.000000000000000000 ) ) ;
#4051 = DIRECTION ( 'NONE',  ( 1.000000000000000000, 0.000000000000000000, 0.000000000000000000 ) ) ;
#4052 = CARTESIAN_POINT ( 'NONE',  ( -23.21140459226584696, 49.19838535254830703, 1075.000000000007503 ) ) ;
#4053 = EDGE_CURVE ( 'NONE', #6306, #2797, #94, .T. ) ;
#4054 = ORIENTED_EDGE ( 'NONE', *, *, #6108, .T. ) ;
#4055 = DIRECTION ( 'NONE',  ( 4.956352788505163391E-17, 1.000000000000000000, 0.000000000000000000 ) ) ;
#4056 = DIRECTION ( 'NONE',  ( 1.000000000000000000, -1.387778780781444689E-15, 0.000000000000000000 ) ) ;
#4057 = LINE ( 'NONE', #5434, #7702 ) ;
#4058 = EDGE_LOOP ( 'NONE', ( #449, #4023, #747, #2847 ) ) ;
#4059 = DIRECTION ( 'NONE',  ( 0.000000000000000000, -1.000000000000000000, 0.000000000000000000 ) ) ;
#4060 = DIRECTION ( 'NONE',  ( 1.661563742880786749E-15, 0.9578262852211513190, 0.2873478855663457732 ) ) ;
#4061 = EDGE_CURVE ( 'NONE', #895, #5687, #6075, .T. ) ;
#4062 = FACE_OUTER_BOUND ( 'NONE', #7647, .T. ) ;
#4063 = ORIENTED_EDGE ( 'NONE', *, *, #4373, .F. ) ;
#4064 = ADVANCED_FACE ( 'NONE', ( #7895 ), #9377, .F. ) ;
#4065 = PRODUCT_DEFINITION_SHAPE ( 'NONE', 'NONE',  #9693 ) ;
#4066 = CARTESIAN_POINT ( 'NONE',  ( 8.000000000000000000, 29.56414504036120761, 17.74586983568279308 ) ) ;
#4067 = ORIENTED_EDGE ( 'NONE', *, *, #2886, .T. ) ;
#4068 = ORIENTED_EDGE ( 'NONE', *, *, #1749, .F. ) ;
#4069 = ORIENTED_EDGE ( 'NONE', *, *, #8927, .T. ) ;
#4070 = PLANE ( 'NONE',  #4914 ) ;
#4071 = CIRCLE ( 'NONE', #5314, 5.499999999999998224 ) ;
#4072 = CARTESIAN_POINT ( 'NONE',  ( -67.99999999999997158, 157.9999999999999432, 25.00000000000000711 ) ) ;
#4073 = CIRCLE ( 'NONE', #9094, 9.095538233173723341 ) ;
#4074 = VERTEX_POINT ( 'NONE', #1275 ) ;
#4075 = EDGE_CURVE ( 'NONE', #2289, #4663, #8596, .T. ) ;
#4076 = ORIENTED_EDGE ( 'NONE', *, *, #1219, .T. ) ;
#4077 = ADVANCED_FACE ( 'NONE', ( #4163 ), #1906, .T. ) ;
#4078 = ORIENTED_EDGE ( 'NONE', *, *, #750, .F. ) ;
#4079 = PLANE ( 'NONE',  #722 ) ;
#4080 = VECTOR ( 'NONE', #3086, 1000.000000000000000 ) ;
#4081 = VECTOR ( 'NONE', #3901, 1000.000000000000000 ) ;
#4082 = CIRCLE ( 'NONE', #6589, 30.00000000000000000 ) ;
#4083 = CONTEXT_DEPENDENT_SHAPE_REPRESENTATION ( #3010, #6338 ) ;
#4084 = EDGE_LOOP ( 'NONE', ( #3721, #1437, #3218, #4416 ) ) ;
#4085 = EDGE_LOOP ( 'NONE', ( #5869, #2883, #6177, #842 ) ) ;
#4086 = PLANE ( 'NONE',  #6120 ) ;
#4087 = CARTESIAN_POINT ( 'NONE',  ( 8.000000000000000000, -14.14213562373103272, -14.14213562373079291 ) ) ;
#4088 = VECTOR ( 'NONE', #7814, 1000.000000000000000 ) ;
#4089 = EDGE_CURVE ( 'NONE', #5214, #9384, #341, .T. ) ;
#4090 = VECTOR ( 'NONE', #6613, 1000.000000000000000 ) ;
#4091 = EDGE_LOOP ( 'NONE', ( #2332, #7913 ) ) ;
#4092 = CYLINDRICAL_SURFACE ( 'NONE', #9514, 30.00000000000000000 ) ;
#4093 = CARTESIAN_POINT ( 'NONE',  ( -67.99999999999997158, 33.49999999999995737, 50.00000000000000000 ) ) ;
#4094 = PLANE ( 'NONE',  #2819 ) ;
#4095 = AXIS2_PLACEMENT_3D ( 'NONE', #898, #12, #7507 ) ;
#4096 = CARTESIAN_POINT ( 'NONE',  ( 8.277694855010064856, 39.69838535254831413, 1080.695315267798605 ) ) ;
#4097 = CARTESIAN_POINT ( 'NONE',  ( -15.00000000000001421, 168.9999999999999716, 24.85323116369650975 ) ) ;
#4098 = DIRECTION ( 'NONE',  ( 1.000000000000000000, 0.000000000000000000, -0.000000000000000000 ) ) ;
#4099 = DIRECTION ( 'NONE',  ( -0.000000000000000000, -0.000000000000000000, -1.000000000000000000 ) ) ;
#4100 = AXIS2_PLACEMENT_3D ( 'NONE', #7575, #2420, #3847 ) ;
#4101 = EDGE_CURVE ( 'NONE', #9544, #4220, #3284, .T. ) ;
#4102 = CARTESIAN_POINT ( 'NONE',  ( -67.99999999999972999, 158.0421737147788406, 74.85942095073706071 ) ) ;
#4103 = DIRECTION ( 'NONE',  ( -1.982541115402065356E-16, -1.000000000000000000, 0.000000000000000000 ) ) ;
#4104 = LINE ( 'NONE', #436, #2133 ) ;
#4105 = ORIENTED_EDGE ( 'NONE', *, *, #9354, .T. ) ;
#4106 = CARTESIAN_POINT ( 'NONE',  ( 8.000000000000000000, 12.24586983568269183, -29.56414504036126090 ) ) ;
#4107 = CARTESIAN_POINT ( 'NONE',  ( -15.00000000000000000, 37.99999999999995737, 75.00000000000000000 ) ) ;
#4108 = CARTESIAN_POINT ( 'NONE',  ( -14.99999999999999822, 147.9999999999999716, 110.0000000000000000 ) ) ;
#4109 = EDGE_LOOP ( 'NONE', ( #6867, #1088, #9286, #6870 ) ) ;
#4110 = DIRECTION ( 'NONE',  ( 0.000000000000000000, -1.000000000000000000, 0.000000000000000000 ) ) ;
#4111 = DIRECTION ( 'NONE',  ( 1.000000000000000000, 0.000000000000000000, -0.000000000000000000 ) ) ;
#4112 = DIRECTION ( 'NONE',  ( -1.661563742880786749E-15, -0.9578262852211513190, -0.2873478855663457732 ) ) ;
#4113 = VERTEX_POINT ( 'NONE', #8586 ) ;
#4114 = CARTESIAN_POINT ( 'NONE',  ( -15.00000000000001421, 169.9999999999999716, 35.00000000000000711 ) ) ;
#4115 = ORIENTED_EDGE ( 'NONE', *, *, #1843, .F. ) ;
#4116 = VERTEX_POINT ( 'NONE', #6415 ) ;
#4117 = DIRECTION ( 'NONE',  ( 1.000000000000000000, 0.000000000000000000, 0.000000000000000000 ) ) ;
#4118 = ORIENTED_EDGE ( 'NONE', *, *, #6040, .T. ) ;
#4119 = DIRECTION ( 'NONE',  ( 1.000000000000000000, 0.000000000000000000, 0.000000000000000000 ) ) ;
#4120 = EDGE_CURVE ( 'NONE', #990, #7697, #6425, .T. ) ;
#4121 = DIRECTION ( 'NONE',  ( 4.956352788505163391E-17, 1.000000000000000000, 0.000000000000000000 ) ) ;
#4122 = ORIENTED_EDGE ( 'NONE', *, *, #1027, .F. ) ;
#4123 = EDGE_CURVE ( 'NONE', #4473, #6339, #2738, .T. ) ;
#4124 = VERTEX_POINT ( 'NONE', #4900 ) ;
#4125 = CIRCLE ( 'NONE', #7095, 5.499999999999994671 ) ;
#4126 = LINE ( 'NONE', #8010, #4787 ) ;
#4127 = ORIENTED_EDGE ( 'NONE', *, *, #3927, .F. ) ;
#4128 = DIRECTION ( 'NONE',  ( 0.000000000000000000, 0.000000000000000000, -1.000000000000000000 ) ) ;
#4129 = CONTEXT_DEPENDENT_SHAPE_REPRESENTATION ( #4014, #1710 ) ;
#4130 = AXIS2_PLACEMENT_3D ( 'NONE', #5163, #2862, #4339 ) ;
#4131 = VERTEX_POINT ( 'NONE', #9420 ) ;
#4132 = CARTESIAN_POINT ( 'NONE',  ( -99.45760524276295200, 164.3430404423251048, 10.00000000000000533 ) ) ;
#4133 = CIRCLE ( 'NONE', #9624, 1.000000000000000888 ) ;
#4134 = LINE ( 'NONE', #5606, #7265 ) ;
#4135 = EDGE_CURVE ( 'NONE', #2744, #895, #1362, .T. ) ;
#4136 = ORIENTED_EDGE ( 'NONE', *, *, #7183, .F. ) ;
#4138 = DIRECTION ( 'NONE',  ( 1.000000000000000000, 0.000000000000000000, 0.000000000000000000 ) ) ;
#4137 = VECTOR ( 'NONE', #5555, 1000.000000000000114 ) ;
#4139 =( NAMED_UNIT ( * ) SI_UNIT ( $, .STERADIAN. ) SOLID_ANGLE_UNIT ( ) );
#4140 = DIRECTION ( 'NONE',  ( 0.000000000000000000, 0.000000000000000000, 1.000000000000000000 ) ) ;
#4141 = FACE_OUTER_BOUND ( 'NONE', #7700, .T. ) ;
#4142 = DIRECTION ( 'NONE',  ( -0.9373116896492554861, -1.680324307660582864E-16, -0.3484921755891482453 ) ) ;
#4143 = PRODUCT_DEFINITION ( 'UNKNOWN', '', #8807, #9628 ) ;
#4144 = CARTESIAN_POINT ( 'NONE',  ( 28.99999999999999645, 0.000000000000000000, 101.0000000000000000 ) ) ;
#4145 = VECTOR ( 'NONE', #2171, 1000.000000000000000 ) ;
#4146 =( REPRESENTATION_RELATIONSHIP ('NONE','NONE', #5518, #1313 ) REPRESENTATION_RELATIONSHIP_WITH_TRANSFORMATION ( #3100 )SHAPE_REPRESENTATION_RELATIONSHIP( ) );
#4147 = CIRCLE ( 'NONE', #7119, 11.09553823317369847 ) ;
#4148 = CARTESIAN_POINT ( 'NONE',  ( 10.00000000000000000, -22.62741699796971773, -22.62741699796931982 ) ) ;
#4149 = LINE ( 'NONE', #6454, #2401 ) ;
#4150 = VECTOR ( 'NONE', #8357, 1000.000000000000000 ) ;
#4151 = PRODUCT_DEFINITION_SHAPE ( 'NONE', 'NONE',  #9706 ) ;
#4152 = CARTESIAN_POINT ( 'NONE',  ( -49.99999999999999289, 169.9999999999999716, 65.90446176682628732 ) ) ;
#4153 = CARTESIAN_POINT ( 'NONE',  ( -2.822041761738065535, -2.904923457684609911, 16.00000000000000000 ) ) ;
#4154 = CARTESIAN_POINT ( 'NONE',  ( 8.000000000000000000, -22.62741699796924522, 22.62741699796980299 ) ) ;
#4155 = DIRECTION ( 'NONE',  ( 0.000000000000000000, 0.000000000000000000, 1.000000000000000000 ) ) ;
#4156 = EDGE_LOOP ( 'NONE', ( #3534, #5356 ) ) ;
#4157 = EDGE_CURVE ( 'NONE', #2119, #5152, #1959, .T. ) ;
#4158 = DIRECTION ( 'NONE',  ( 0.000000000000000000, 0.2873478855663455511, 0.9578262852211513190 ) ) ;
#4159 = CARTESIAN_POINT ( 'NONE',  ( -5.000000000000000000, 0.000000000000000000, 15.00000000000000000 ) ) ;
#4160 = CIRCLE ( 'NONE', #8390, 9.095538233173723341 ) ;
#4161 = DIRECTION ( 'NONE',  ( -0.000000000000000000, -3.469446951953613696E-16, -1.000000000000000000 ) ) ;
#4162 = ORIENTED_EDGE ( 'NONE', *, *, #4844, .T. ) ;
#4163 = FACE_OUTER_BOUND ( 'NONE', #8149, .T. ) ;
#4164 = DIRECTION ( 'NONE',  ( -1.000000000000000000, -0.000000000000000000, -0.000000000000000000 ) ) ;
#4165 = AXIS2_PLACEMENT_3D ( 'NONE', #458, #2110, #3441 ) ;
#4166 = CARTESIAN_POINT ( 'NONE',  ( 0.000000000000000000, 0.000000000000000000, 0.000000000000000000 ) ) ;
#4167 = ORIENTED_EDGE ( 'NONE', *, *, #603, .T. ) ;
#4168 = CARTESIAN_POINT ( 'NONE',  ( 0.000000000000000000, 0.000000000000000000, 121.0000000000000142 ) ) ;
#4169 = ORIENTED_EDGE ( 'NONE', *, *, #2431, .F. ) ;
#4170 = EDGE_CURVE ( 'NONE', #6832, #2298, #2495, .T. ) ;
#4171 = ORIENTED_EDGE ( 'NONE', *, *, #5413, .T. ) ;
#4172 = CIRCLE ( 'NONE', #9188, 5.500000000000001776 ) ;
#4173 = ORIENTED_EDGE ( 'NONE', *, *, #3776, .F. ) ;
#4174 = AXIS2_PLACEMENT_3D ( 'NONE', #7641, #135, #9122 ) ;
#4175 = CYLINDRICAL_SURFACE ( 'NONE', #1306, 5.499999999999998224 ) ;
#4176 = DIRECTION ( 'NONE',  ( 0.000000000000000000, 0.000000000000000000, -1.000000000000000000 ) ) ;
#4177 = VERTEX_POINT ( 'NONE', #1806 ) ;
#4178 = VECTOR ( 'NONE', #2528, 1000.000000000000000 ) ;
#4179 = FACE_OUTER_BOUND ( 'NONE', #6438, .T. ) ;
#4180 = VERTEX_POINT ( 'NONE', #7797 ) ;
#4181 = DIRECTION ( 'NONE',  ( 1.000000000000000000, 0.000000000000000000, 0.000000000000000000 ) ) ;
#4182 = AXIS2_PLACEMENT_3D ( 'NONE', #383, #2631, #1954 ) ;
#4183 = CIRCLE ( 'NONE', #5430, 5.499999999999998224 ) ;
#4184 = EDGE_LOOP ( 'NONE', ( #5443, #1380, #9559, #1602 ) ) ;
#4185 = ITEM_DEFINED_TRANSFORMATION ( 'NONE', 'NONE', #4252,  #6276 ) ;
#4186 = EDGE_CURVE ( 'NONE', #195, #4560, #8299, .T. ) ;
#4187 = ORIENTED_EDGE ( 'NONE', *, *, #8254, .F. ) ;
#4188 = CARTESIAN_POINT ( 'NONE',  ( -32.00000000000001421, 169.9999999999999432, 35.00000000000000711 ) ) ;
#4189 = VERTEX_POINT ( 'NONE', #4212 ) ;
#4190 = CARTESIAN_POINT ( 'NONE',  ( -32.00000000000000711, 164.9578262852211026, 41.80724571592951833 ) ) ;
#4191 = ORIENTED_EDGE ( 'NONE', *, *, #488, .T. ) ;
#4192 = CARTESIAN_POINT ( 'NONE',  ( 1.734723475976807094E-15, 157.9999999999999716, 25.00000000000000711 ) ) ;
#4193 = CARTESIAN_POINT ( 'NONE',  ( 8.000000000000000000, -22.62741699796971773, -28.12741699796931272 ) ) ;
#4194 = FACE_OUTER_BOUND ( 'NONE', #7061, .T. ) ;
#4195 = CARTESIAN_POINT ( 'NONE',  ( 10.00000000000000000, -19.99999999999994671, -5.499999999999789502 ) ) ;
#4196 = EDGE_CURVE ( 'NONE', #6972, #3001, #5096, .T. ) ;
#4197 = DIRECTION ( 'NONE',  ( -0.9092006323859467276, -3.225598568707063637E-16, 0.4163582712868742486 ) ) ;
#4198 = DIRECTION ( 'NONE',  ( 0.000000000000000000, 0.000000000000000000, -1.000000000000000000 ) ) ;
#4199 = DIRECTION ( 'NONE',  ( 0.000000000000000000, 0.000000000000000000, 1.000000000000000000 ) ) ;
#4200 = CARTESIAN_POINT ( 'NONE',  ( 0.000000000000000000, 0.000000000000000000, 0.000000000000000000 ) ) ;
#4201 = DIRECTION ( 'NONE',  ( 1.387778780781444492E-15, 1.000000000000000000, 0.000000000000000000 ) ) ;
#4202 = EDGE_CURVE ( 'NONE', #5250, #510, #2179, .T. ) ;
#4203 = CARTESIAN_POINT ( 'NONE',  ( 10.00000000000000000, 3.287578542732749400E-16, 19.99999999999995026 ) ) ;
#4204 = CARTESIAN_POINT ( 'NONE',  ( -21.99999999999999645, 2.304377683636468267E-13, 101.0000000000000000 ) ) ;
#4205 = DIRECTION ( 'NONE',  ( 0.000000000000000000, -1.000000000000000000, -3.491481338843133355E-15 ) ) ;
#4206 = VERTEX_POINT ( 'NONE', #8972 ) ;
#4207 = DIRECTION ( 'NONE',  ( 0.000000000000000000, 0.000000000000000000, -1.000000000000000000 ) ) ;
#4208 = DIRECTION ( 'NONE',  ( 0.000000000000000000, 0.000000000000000000, -1.000000000000000000 ) ) ;
#4209 = DIRECTION ( 'NONE',  ( 0.000000000000000000, 0.2873478855663456066, 0.9578262852211513190 ) ) ;
#4210 = EDGE_LOOP ( 'NONE', ( #4730, #7461, #2844, #9370 ) ) ;
#4211 = EDGE_CURVE ( 'NONE', #919, #5687, #546, .T. ) ;
#4212 = CARTESIAN_POINT ( 'NONE',  ( -88.00000000000002842, 169.9999999999999716, 16.00000000000000000 ) ) ;
#4213 = DIRECTION ( 'NONE',  ( 1.000000000000000000, -0.000000000000000000, -0.000000000000000000 ) ) ;
#4214 = DIRECTION ( 'NONE',  ( 0.000000000000000000, 1.000000000000000000, 0.000000000000000000 ) ) ;
#4215 = ORIENTED_EDGE ( 'NONE', *, *, #8937, .T. ) ;
#4216 = DIRECTION ( 'NONE',  ( -1.661563742880786749E-15, 0.9578262852211513190, 0.2873478855663457732 ) ) ;
#4217 = VERTEX_POINT ( 'NONE', #2973 ) ;
#4218 = ORIENTED_EDGE ( 'NONE', *, *, #1027, .T. ) ;
#4219 = PLANE ( 'NONE',  #3552 ) ;
#4220 = VERTEX_POINT ( 'NONE', #4397 ) ;
#4221 = VERTEX_POINT ( 'NONE', #8876 ) ;
#4222 = EDGE_CURVE ( 'NONE', #9332, #5233, #9248, .T. ) ;
#4223 = EDGE_LOOP ( 'NONE', ( #1511, #5344, #314, #4670 ) ) ;
#4224 = CARTESIAN_POINT ( 'NONE',  ( 8.000000000000000000, 8.499999999999952038, -3.039105521002927751E-14 ) ) ;
#4225 = ORIENTED_EDGE ( 'NONE', *, *, #1817, .F. ) ;
#4226 = CARTESIAN_POINT ( 'NONE',  ( 0.000000000000000000, 31.99999999999992539, 10.00000000000000000 ) ) ;
#4227 = AXIS2_PLACEMENT_3D ( 'NONE', #3855, #8323, #6799 ) ;
#4228 = ORIENTED_EDGE ( 'NONE', *, *, #9176, .T. ) ;
#4229 = ITEM_DEFINED_TRANSFORMATION ( 'NONE', 'NONE', #9118,  #6276 ) ;
#4230 = STYLED_ITEM ( 'NONE', ( #4306 ), #4276 ) ;
#4231 = CIRCLE ( 'NONE', #27, 2.249999999999999112 ) ;
#4232 = ORIENTED_EDGE ( 'NONE', *, *, #4799, .F. ) ;
#4233 = DIRECTION ( 'NONE',  ( 0.000000000000000000, 0.2873478855663457177, 0.9578262852211512079 ) ) ;
#4234 = DIRECTION ( 'NONE',  ( 0.000000000000000000, 0.000000000000000000, 1.000000000000000000 ) ) ;
#4235 = VERTEX_POINT ( 'NONE', #6654 ) ;
#4236 = DIRECTION ( 'NONE',  ( 1.000000000000000000, 0.000000000000000000, 0.000000000000000000 ) ) ;
#4237 = AXIS2_PLACEMENT_3D ( 'NONE', #138, #3176, #9174 ) ;
#4238 = AXIS2_PLACEMENT_3D ( 'NONE', #9517, #538, #2829 ) ;
#4239 = AXIS2_PLACEMENT_3D ( 'NONE', #345, #8590, #732 ) ;
#4240 = CARTESIAN_POINT ( 'NONE',  ( -15.00000000000000000, 15.99999999999995914, 25.00000000000000711 ) ) ;
#4241 = EDGE_CURVE ( 'NONE', #4235, #7325, #2796, .T. ) ;
#4242 = APPLICATION_PROTOCOL_DEFINITION ( 'draft international standard', 'automotive_design', 1998, #6530 ) ;
#4243 = DIRECTION ( 'NONE',  ( -1.000000000000000000, 0.000000000000000000, 0.000000000000000000 ) ) ;
#4244 = DIRECTION ( 'NONE',  ( 1.000000000000000000, 0.000000000000000000, 0.000000000000000000 ) ) ;
#4245 = CARTESIAN_POINT ( 'NONE',  ( -67.99999999999997158, 157.9999999999999432, 25.00000000000000711 ) ) ;
#4246 = EDGE_CURVE ( 'NONE', #7908, #2444, #2975, .T. ) ;
#4247 = DIRECTION ( 'NONE',  ( 1.000000000000000000, 0.000000000000000000, 0.000000000000000000 ) ) ;
#4248 = ADVANCED_FACE ( 'NONE', ( #5921 ), #5965, .F. ) ;
#4249 = VECTOR ( 'NONE', #8656, 1000.000000000000000 ) ;
#4250 = DIRECTION ( 'NONE',  ( 1.000000000000000000, 0.000000000000000000, 0.000000000000000000 ) ) ;
#4251 = DIRECTION ( 'NONE',  ( -1.000000000000000000, 0.000000000000000000, 5.782411586589345411E-15 ) ) ;
#4252 = AXIS2_PLACEMENT_3D ( 'NONE', #7529, #5269, #6202 ) ;
#4253 = DIRECTION ( 'NONE',  ( 0.000000000000000000, -1.000000000000000000, -3.491481338843133355E-15 ) ) ;
#4254 = AXIS2_PLACEMENT_3D ( 'NONE', #5663, #275, #2619 ) ;
#4255 = ORIENTED_EDGE ( 'NONE', *, *, #4288, .T. ) ;
#4256 = CONTEXT_DEPENDENT_SHAPE_REPRESENTATION ( #7087, #4151 ) ;
#4257 = FACE_OUTER_BOUND ( 'NONE', #7048, .T. ) ;
#4258 = DIRECTION ( 'NONE',  ( 0.000000000000000000, 0.000000000000000000, -1.000000000000000000 ) ) ;
#4259 = ADVANCED_FACE ( 'NONE', ( #8825, #6702 ), #677, .T. ) ;
#4260 = ADVANCED_FACE ( 'NONE', ( #5182 ), #2056, .T. ) ;
#4261 = CARTESIAN_POINT ( 'NONE',  ( 10.00000000000000000, -5.766036737468789654E-14, -2.999999999999952482 ) ) ;
#4262 = VERTEX_POINT ( 'NONE', #5876 ) ;
#4263 = CARTESIAN_POINT ( 'NONE',  ( -84.99999999999997158, 169.9999999999999716, 75.00000000000000000 ) ) ;
#4264 = LINE ( 'NONE', #6370, #5910 ) ;
#4265 = DIRECTION ( 'NONE',  ( 1.000000000000000000, -1.734723475976805517E-15, 0.000000000000000000 ) ) ;
#4266 = VERTEX_POINT ( 'NONE', #1457 ) ;
#4267 = DIRECTION ( 'NONE',  ( 3.323127485761576556E-16, -0.2873478855663457177, 0.9578262852211512079 ) ) ;
#4268 = ORIENTED_EDGE ( 'NONE', *, *, #6759, .F. ) ;
#4269 = ADVANCED_FACE ( 'NONE', ( #4443 ), #2096, .T. ) ;
#4270 = VERTEX_POINT ( 'NONE', #2792 ) ;
#4271 = EDGE_LOOP ( 'NONE', ( #5057, #3723 ) ) ;
#4272 = ORIENTED_EDGE ( 'NONE', *, *, #3262, .T. ) ;
#4273 = CARTESIAN_POINT ( 'NONE',  ( -15.00000000000000000, 15.99999999999995914, 25.00000000000000711 ) ) ;
#4274 = EDGE_LOOP ( 'NONE', ( #5221, #8727, #4982, #174 ) ) ;
#4275 = LINE ( 'NONE', #1337, #2124 ) ;
#4276 = MANIFOLD_SOLID_BREP ( 'Boss.-Extru.11', #4030 ) ;
#4277 = ORIENTED_EDGE ( 'NONE', *, *, #5841, .F. ) ;
#4278 = ITEM_DEFINED_TRANSFORMATION ( 'NONE', 'NONE', #8162,  #6276 ) ;
#4279 = EDGE_CURVE ( 'NONE', #7908, #9054, #8125, .T. ) ;
#4280 = ORIENTED_EDGE ( 'NONE', *, *, #8133, .F. ) ;
#4281 = DIRECTION ( 'NONE',  ( 1.000000000000000000, -0.000000000000000000, -0.000000000000000000 ) ) ;
#4282 = CARTESIAN_POINT ( 'NONE',  ( 8.000000000000000000, -29.56414504036129998, -6.745869835682578142 ) ) ;
#4283 = ORIENTED_EDGE ( 'NONE', *, *, #4288, .F. ) ;
#4284 = CARTESIAN_POINT ( 'NONE',  ( -5.346282096026590658, 35.30872635409934901, 10.93817218284273807 ) ) ;
#4285 = CARTESIAN_POINT ( 'NONE',  ( -84.99999999999997158, 25.99999999999995381, 25.00000000000000711 ) ) ;
#4286 = CIRCLE ( 'NONE', #9621, 28.99999999999999645 ) ;
#4287 = AXIS2_PLACEMENT_3D ( 'NONE', #5828, #6607, #8774 ) ;
#4288 = EDGE_CURVE ( 'NONE', #6573, #895, #925, .T. ) ;
#4289 = PRODUCT_DEFINITION_SHAPE ( 'NONE', 'NONE',  #8823 ) ;
#4290 = DIRECTION ( 'NONE',  ( -1.000000000000000000, 0.000000000000000000, 0.000000000000000000 ) ) ;
#4291 = DIRECTION ( 'NONE',  ( 0.000000000000000000, -0.9578262852211514300, 0.2873478855663456621 ) ) ;
#4292 = CIRCLE ( 'NONE', #688, 5.499999999999996447 ) ;
#4293 = DIRECTION ( 'NONE',  ( 0.000000000000000000, 1.000000000000000000, 0.000000000000000000 ) ) ;
#4294 = DIRECTION ( 'NONE',  ( 0.000000000000000000, 0.000000000000000000, -1.000000000000000000 ) ) ;
#4295 = FACE_OUTER_BOUND ( 'NONE', #8708, .T. ) ;
#4296 = DIRECTION ( 'NONE',  ( -9.192589927644215470E-17, -1.000000000000000000, -5.908887167381041920E-16 ) ) ;
#4297 = EDGE_CURVE ( 'NONE', #3346, #2208, #6211, .T. ) ;
#4298 = AXIS2_PLACEMENT_3D ( 'NONE', #3882, #4568, #9053 ) ;
#4299 = ORIENTED_EDGE ( 'NONE', *, *, #113, .F. ) ;
#4300 = CARTESIAN_POINT ( 'NONE',  ( -9.999999999999998224, 1.285879139104720633E-15, 0.000000000000000000 ) ) ;
#4301 = EDGE_CURVE ( 'NONE', #2161, #6341, #2038, .T. ) ;
#4302 = DIRECTION ( 'NONE',  ( 0.000000000000000000, 1.000000000000000000, 0.000000000000000000 ) ) ;
#4303 = VECTOR ( 'NONE', #73, 1000.000000000000000 ) ;
#4304 = DIRECTION ( 'NONE',  ( 1.000000000000000000, -1.156482317317870344E-15, 0.000000000000000000 ) ) ;
#4305 = MANIFOLD_SOLID_BREP ( 'Boss.-Extru.1', #8259 ) ;
#4306 = PRESENTATION_STYLE_ASSIGNMENT (( #1321 ) ) ;
#4307 = FACE_BOUND ( 'NONE', #6647, .T. ) ;
#4308 = AXIS2_PLACEMENT_3D ( 'NONE', #5519, #3360, #2669 ) ;
#4309 = DIRECTION ( 'NONE',  ( -1.982541115402065356E-16, -1.000000000000000000, 0.000000000000000000 ) ) ;
#4310 = VERTEX_POINT ( 'NONE', #6894 ) ;
#4311 =( LENGTH_UNIT ( ) NAMED_UNIT ( * ) SI_UNIT ( .MILLI., .METRE. ) );
#4312 = VERTEX_POINT ( 'NONE', #180 ) ;
#4313 = EDGE_CURVE ( 'NONE', #7768, #6623, #1562, .T. ) ;
#4314 = DIRECTION ( 'NONE',  ( -0.000000000000000000, -1.000000000000000000, -0.000000000000000000 ) ) ;
#4315 = ORIENTED_EDGE ( 'NONE', *, *, #9169, .F. ) ;
#4316 = CIRCLE ( 'NONE', #6817, 2.249999999999999112 ) ;
#4317 = SHAPE_REPRESENTATION ( 'Insert', ( #6276 ), #5040 ) ;
#4318 = CIRCLE ( 'NONE', #5737, 9.095538233173716236 ) ;
#4319 = CARTESIAN_POINT ( 'NONE',  ( -49.99999999999999289, 170.4999999999999716, 75.00000000000000000 ) ) ;
#4320 = PRODUCT_RELATED_PRODUCT_CATEGORY ( 'part', '', ( #9161 ) ) ;
#4321 = CARTESIAN_POINT ( 'NONE',  ( 10.00000000000000000, -22.62741699796924522, 28.12741699796979944 ) ) ;
#4322 = ORIENTED_EDGE ( 'NONE', *, *, #7465, .T. ) ;
#4323 = DIRECTION ( 'NONE',  ( 1.000000000000000000, 0.000000000000000000, 0.000000000000000000 ) ) ;
#4324 = AXIS2_PLACEMENT_3D ( 'NONE', #2099, #7391, #2837 ) ;
#4325 = VERTEX_POINT ( 'NONE', #3119 ) ;
#4326 = CONTEXT_DEPENDENT_SHAPE_REPRESENTATION ( #1450, #6174 ) ;
#4327 = VERTEX_POINT ( 'NONE', #9070 ) ;
#4328 = FACE_OUTER_BOUND ( 'NONE', #2642, .T. ) ;
#4329 = CARTESIAN_POINT ( 'NONE',  ( -84.99999999999997158, 25.99999999999995381, 75.00000000000000000 ) ) ;
#4330 = ORIENTED_EDGE ( 'NONE', *, *, #363, .T. ) ;
#4332 = CYLINDRICAL_SURFACE ( 'NONE', #9048, 11.20000000000000107 ) ;
#4331 = VECTOR ( 'NONE', #7875, 1000.000000000000000 ) ;
#4333 =( REPRESENTATION_RELATIONSHIP ('NONE','NONE', #5518, #4317 ) REPRESENTATION_RELATIONSHIP_WITH_TRANSFORMATION ( #112 )SHAPE_REPRESENTATION_RELATIONSHIP( ) );
#4334 = EDGE_CURVE ( 'NONE', #8645, #2797, #8454, .T. ) ;
#4335 = CARTESIAN_POINT ( 'NONE',  ( -98.61824062359205811, 188.8723052282900596, 10.05978653285717961 ) ) ;
#4336 = CARTESIAN_POINT ( 'NONE',  ( 0.000000000000000000, 0.000000000000000000, 0.000000000000000000 ) ) ;
#4337 = CARTESIAN_POINT ( 'NONE',  ( 5.000000000000000000, 6.123233995736766282E-16, 15.00000000000000000 ) ) ;
#4338 = VECTOR ( 'NONE', #9466, 1000.000000000000000 ) ;
#4339 = DIRECTION ( 'NONE',  ( 0.000000000000000000, 0.000000000000000000, -1.000000000000000000 ) ) ;
#4340 = AXIS2_PLACEMENT_3D ( 'NONE', #6295, #1060, #9353 ) ;
#4341 = CARTESIAN_POINT ( 'NONE',  ( -15.00030773122868588, 157.9999999999999716, 75.14676883630349380 ) ) ;
#4342 = EDGE_CURVE ( 'NONE', #4131, #1103, #7681, .T. ) ;
#4343 = DIRECTION ( 'NONE',  ( -0.000000000000000000, 1.000000000000000000, -0.000000000000000000 ) ) ;
#4344 = CARTESIAN_POINT ( 'NONE',  ( -10.00000000000000000, 0.000000000000000000, 0.000000000000000000 ) ) ;
#4345 = CARTESIAN_POINT ( 'NONE',  ( -23.21140459226320019, -235.5754445474502745, 1075.000000000007503 ) ) ;
#4346 = ORIENTED_EDGE ( 'NONE', *, *, #3989, .F. ) ;
#4347 = DIRECTION ( 'NONE',  ( 0.000000000000000000, 0.000000000000000000, -1.000000000000000000 ) ) ;
#4348 = FACE_OUTER_BOUND ( 'NONE', #5009, .T. ) ;
#4349 = CYLINDRICAL_SURFACE ( 'NONE', #6321, 1.000000000000000888 ) ;
#4350 = LINE ( 'NONE', #5228, #8466 ) ;
#4351 = DIRECTION ( 'NONE',  ( 0.000000000000000000, 0.000000000000000000, -1.000000000000000000 ) ) ;
#4352 = DIRECTION ( 'NONE',  ( -1.000000000000000000, 0.000000000000000000, 0.000000000000000000 ) ) ;
#4353 = EDGE_CURVE ( 'NONE', #3133, #8595, #1724, .T. ) ;
#4354 = DIRECTION ( 'NONE',  ( 0.000000000000000000, -0.000000000000000000, 1.000000000000000000 ) ) ;
#4355 = ORIENTED_EDGE ( 'NONE', *, *, #8640, .T. ) ;
#4356 = FACE_OUTER_BOUND ( 'NONE', #4184, .T. ) ;
#4357 = ORIENTED_EDGE ( 'NONE', *, *, #6337, .T. ) ;
#4358 = PRODUCT_DEFINITION_SHAPE ( 'NONE', 'NONE',  #9682 ) ;
#4359 = CARTESIAN_POINT ( 'NONE',  ( -20.00000000000000000, 0.000000000000000000, 0.000000000000000000 ) ) ;
#4360 = ORIENTED_EDGE ( 'NONE', *, *, #883, .F. ) ;
#4361 = ADVANCED_FACE ( 'NONE', ( #1553 ), #9022, .T. ) ;
#4362 = CARTESIAN_POINT ( 'NONE',  ( -13.84052298108197832, 180.0000000000000284, 19.14691062036525082 ) ) ;
#4363 = ADVANCED_FACE ( 'NONE', ( #9163 ), #85, .F. ) ;
#4364 = CARTESIAN_POINT ( 'NONE',  ( 10.00000000000000000, 8.499999999999952038, -3.039105521002927751E-14 ) ) ;
#4365 = VERTEX_POINT ( 'NONE', #821 ) ;
#4366 = PRODUCT_DEFINITION_SHAPE ( 'NONE', 'NONE',  #9654 ) ;
#4367 = CARTESIAN_POINT ( 'NONE',  ( -100.0000000000000000, 157.9999999999999716, 25.00000000000000711 ) ) ;
#4368 = VERTEX_POINT ( 'NONE', #6800 ) ;
#4369 = VERTEX_POINT ( 'NONE', #874 ) ;
#4370 = FACE_OUTER_BOUND ( 'NONE', #1385, .T. ) ;
#4371 = DIRECTION ( 'NONE',  ( 0.000000000000000000, -0.2873478855663455511, 0.9578262852211513190 ) ) ;
#4372 = ADVANCED_FACE ( 'NONE', ( #3074 ), #2427, .F. ) ;
#4373 = EDGE_CURVE ( 'NONE', #3799, #9585, #1652, .T. ) ;
#4374 = ORIENTED_EDGE ( 'NONE', *, *, #908, .T. ) ;
#4375 = DIRECTION ( 'NONE',  ( 1.000000000000000000, 0.000000000000000000, 0.000000000000000000 ) ) ;
#4376 = EDGE_LOOP ( 'NONE', ( #6060, #2299, #3000 ) ) ;
#4377 = CARTESIAN_POINT ( 'NONE',  ( -98.27503998610528413, 188.5925881244866957, 10.09551173512431177 ) ) ;
#4378 = APPLICATION_PROTOCOL_DEFINITION ( 'draft international standard', 'automotive_design', 1998, #6703 ) ;
#4379 = FACE_OUTER_BOUND ( 'NONE', #4029, .T. ) ;
#4380 = LINE ( 'NONE', #7422, #6317 ) ;
#4381 = EDGE_CURVE ( 'NONE', #2628, #4679, #4071, .T. ) ;
#4382 =( GEOMETRIC_REPRESENTATION_CONTEXT ( 3 ) GLOBAL_UNCERTAINTY_ASSIGNED_CONTEXT ( ( #259 ) ) GLOBAL_UNIT_ASSIGNED_CONTEXT ( ( #3214, #6066, #9116 ) ) REPRESENTATION_CONTEXT ( 'NONE', 'WORKASPACE' ) );
#4383 = FILL_AREA_STYLE_COLOUR ( '', #7253 ) ;
#4384 = CARTESIAN_POINT ( 'NONE',  ( -49.99999999999999289, 46.99999999999995737, 75.00000000000000000 ) ) ;
#4385 = CARTESIAN_POINT ( 'NONE',  ( 1.734723475976807094E-15, 157.9999999999999716, 25.00000000000000711 ) ) ;
#4386 = CARTESIAN_POINT ( 'NONE',  ( -23.21140459226322861, 152.1983853525483141, 1075.000000000007503 ) ) ;
#4387 = AXIS2_PLACEMENT_3D ( 'NONE', #4843, #1123, #4207 ) ;
#4388 = ORIENTED_EDGE ( 'NONE', *, *, #694, .T. ) ;
#4389 = VECTOR ( 'NONE', #1669, 1000.000000000000000 ) ;
#4390 = CARTESIAN_POINT ( 'NONE',  ( -67.99999999999997158, 157.9999999999999432, 75.14676883630340853 ) ) ;
#4391 = DIRECTION ( 'NONE',  ( 0.000000000000000000, -0.2873478855663455511, 0.9578262852211513190 ) ) ;
#4392 = DIRECTION ( 'NONE',  ( 1.000000000000000000, 0.000000000000000000, 0.000000000000000000 ) ) ;
#4393 = AXIS2_PLACEMENT_3D ( 'NONE', #4647, #3955, #6071 ) ;
#4394 = EDGE_CURVE ( 'NONE', #1877, #1709, #1105, .T. ) ;
#4395 = VECTOR ( 'NONE', #5081, 1000.000000000000000 ) ;
#4396 = LINE ( 'NONE', #727, #3281 ) ;
#4397 = CARTESIAN_POINT ( 'NONE',  ( 24.24999999999999645, -7.681258945454893382E-14, 101.0000000000000000 ) ) ;
#4398 = CYLINDRICAL_SURFACE ( 'NONE', #4324, 5.500000000000001776 ) ;
#4399 = ORIENTED_EDGE ( 'NONE', *, *, #6137, .F. ) ;
#4400 = CARTESIAN_POINT ( 'NONE',  ( 8.000000000000000000, 32.00000000000000000, -5.500000000000108358 ) ) ;
#4401 = ORIENTED_EDGE ( 'NONE', *, *, #6475, .T. ) ;
#4402 = AXIS2_PLACEMENT_3D ( 'NONE', #3732, #9086, #7557 ) ;
#4403 = FACE_OUTER_BOUND ( 'NONE', #51, .T. ) ;
#4405 = ORIENTED_EDGE ( 'NONE', *, *, #4457, .F. ) ;
#4404 = EDGE_CURVE ( 'NONE', #2076, #6088, #8141, .T. ) ;
#4406 = AXIS2_PLACEMENT_3D ( 'NONE', #7483, #3162, #6057 ) ;
#4407 = AXIS2_PLACEMENT_3D ( 'NONE', #7688, #3224, #2437 ) ;
#4408 = DIRECTION ( 'NONE',  ( -1.000000000000000000, 0.000000000000000000, -0.000000000000000000 ) ) ;
#4409 = LINE ( 'NONE', #7399, #3291 ) ;
#4410 = DIRECTION ( 'NONE',  ( 0.000000000000000000, -1.000000000000000000, 6.938893903907222067E-15 ) ) ;
#4411 = ORIENTED_EDGE ( 'NONE', *, *, #5210, .T. ) ;
#4412 = CARTESIAN_POINT ( 'NONE',  ( -85.00000000000001421, 166.5440306508910453, 50.00000000000000000 ) ) ;
#4413 = UNCERTAINTY_MEASURE_WITH_UNIT (LENGTH_MEASURE( 1.000000000000000082E-05 ), #8810, 'distance_accuracy_value', 'NONE');
#4414 = EDGE_LOOP ( 'NONE', ( #3900, #7762, #3863, #9198, #6042 ) ) ;
#4415 = EDGE_CURVE ( 'NONE', #3637, #5232, #8468, .T. ) ;
#4416 = ORIENTED_EDGE ( 'NONE', *, *, #2625, .T. ) ;
#4417 = CARTESIAN_POINT ( 'NONE',  ( 0.000000000000000000, 31.99999999999992539, 10.00000000000000000 ) ) ;
#4418 = EDGE_CURVE ( 'NONE', #8335, #352, #7750, .T. ) ;
#4419 = CARTESIAN_POINT ( 'NONE',  ( 8.000000000000000000, -14.14213562373103272, -14.14213562373079291 ) ) ;
#4420 =( GEOMETRIC_REPRESENTATION_CONTEXT ( 3 ) GLOBAL_UNCERTAINTY_ASSIGNED_CONTEXT ( ( #8498 ) ) GLOBAL_UNIT_ASSIGNED_CONTEXT ( ( #9059, #862, #9103 ) ) REPRESENTATION_CONTEXT ( 'NONE', 'WORKASPACE' ) );
#4421 = ORIENTED_EDGE ( 'NONE', *, *, #6641, .F. ) ;
#4422 = CARTESIAN_POINT ( 'NONE',  ( -4.298839293314944854, 34.68201789571574523, 10.58796369521405722 ) ) ;
#4423 = ORIENTED_EDGE ( 'NONE', *, *, #750, .T. ) ;
#4424 = CARTESIAN_POINT ( 'NONE',  ( -50.00000000000000000, -28.00000000000010658, 75.00000000000000000 ) ) ;
#4425 = APPLICATION_PROTOCOL_DEFINITION ( 'draft international standard', 'automotive_design', 1998, #9551 ) ;
#4426 = EDGE_CURVE ( 'NONE', #4312, #1524, #2575, .T. ) ;
#4427 = FACE_OUTER_BOUND ( 'NONE', #7370, .T. ) ;
#4428 = LINE ( 'NONE', #8764, #2872 ) ;
#4429 = VERTEX_POINT ( 'NONE', #3466 ) ;
#4430 = CIRCLE ( 'NONE', #209, 11.09553823317371091 ) ;
#4431 = DIRECTION ( 'NONE',  ( -4.956352788505163391E-17, 1.000000000000000000, 0.000000000000000000 ) ) ;
#4432 = FACE_OUTER_BOUND ( 'NONE', #7751, .T. ) ;
#4433 = CARTESIAN_POINT ( 'NONE',  ( -100.0000000000000000, 132.9999999999998863, 10.00000000000000000 ) ) ;
#4434 = PRODUCT_DEFINITION_SHAPE ( 'NONE', 'NONE',  #9667 ) ;
#4435 = DIRECTION ( 'NONE',  ( -1.177929730393923898E-16, 0.9999999999999998890, 3.474529317654692964E-16 ) ) ;
#4436 = EDGE_LOOP ( 'NONE', ( #3242, #9079, #2592, #1932 ) ) ;
#4437 = LINE ( 'NONE', #8219, #1418 ) ;
#4438 = CARTESIAN_POINT ( 'NONE',  ( -15.00000000000001421, 180.0000000000000000, 110.0000000000000000 ) ) ;
#4439 = CARTESIAN_POINT ( 'NONE',  ( 0.000000000000000000, 132.9999999999998863, 10.00000000000000000 ) ) ;
#4440 = CIRCLE ( 'NONE', #691, 9.095538233173716236 ) ;
#4441 = PRODUCT ( 'Insert', 'Insert', '', ( #2813 ) ) ;
#4442 = DIRECTION ( 'NONE',  ( 1.000000000000000000, 0.000000000000000000, 0.000000000000000000 ) ) ;
#4443 = FACE_OUTER_BOUND ( 'NONE', #4963, .T. ) ;
#4444 = DIRECTION ( 'NONE',  ( 0.000000000000000000, 0.000000000000000000, 1.000000000000000000 ) ) ;
#4445 = ORIENTED_EDGE ( 'NONE', *, *, #2990, .T. ) ;
#4446 = EDGE_CURVE ( 'NONE', #5378, #8601, #384, .T. ) ;
#4447 = LINE ( 'NONE', #8129, #4090 ) ;
#4448 = EDGE_LOOP ( 'NONE', ( #7025, #7401, #1132, #2959 ) ) ;
#4449 = CARTESIAN_POINT ( 'NONE',  ( 8.000000000000000000, -8.499999999999952038, 8.974623797036219746E-14 ) ) ;
#4450 = ORIENTED_EDGE ( 'NONE', *, *, #4053, .T. ) ;
#4451 = VECTOR ( 'NONE', #6099, 1000.000000000000114 ) ;
#4452 =( REPRESENTATION_RELATIONSHIP ('NONE','NONE', #5518, #3457 ) REPRESENTATION_RELATIONSHIP_WITH_TRANSFORMATION ( #2347 )SHAPE_REPRESENTATION_RELATIONSHIP( ) );
#4453 = CARTESIAN_POINT ( 'NONE',  ( -8.690555716217259530, 183.0830647065643291, 12.75120381967947480 ) ) ;
#4454 = VECTOR ( 'NONE', #1152, 1000.000000000000000 ) ;
#4455 = CARTESIAN_POINT ( 'NONE',  ( -15.00000000000000000, 31.99999999999995737, 55.00000000000003553 ) ) ;
#4456 = ORIENTED_EDGE ( 'NONE', *, *, #4855, .T. ) ;
#4457 = EDGE_CURVE ( 'NONE', #6715, #7394, #8070, .T. ) ;
#4458 = AXIS2_PLACEMENT_3D ( 'NONE', #7924, #1153, #4140 ) ;
#4459 = CARTESIAN_POINT ( 'NONE',  ( -50.00000000000000000, 148.9999999999999716, 75.00000000000000000 ) ) ;
#4460 = EDGE_LOOP ( 'NONE', ( #849, #9246, #1875, #8828 ) ) ;
#4461 = CIRCLE ( 'NONE', #5408, 5.499999999999999112 ) ;
#4462 = ORIENTED_EDGE ( 'NONE', *, *, #2382, .T. ) ;
#4463 = CARTESIAN_POINT ( 'NONE',  ( -15.00000000000000888, 165.5862043656698859, 49.71265211443365217 ) ) ;
#4464 = LINE ( 'NONE', #1677, #3665 ) ;
#4465 = B_SPLINE_CURVE_WITH_KNOTS ( 'NONE', 3,
 ( #3570, #3428, #9565, #8041 ),
 .UNSPECIFIED., .F., .F.,
 ( 4, 4 ),
 ( 0.000000000000000000, 0.0001471695555374488338 ),
 .UNSPECIFIED. ) ;
#4466 = ORIENTED_EDGE ( 'NONE', *, *, #3078, .F. ) ;
#4467 = STYLED_ITEM ( 'NONE', ( #7548 ), #8052 ) ;
#4468 = EDGE_LOOP ( 'NONE', ( #6390, #7304, #7021, #4868 ) ) ;
#4469 = LINE ( 'NONE', #6727, #8719 ) ;
#4470 = AXIS2_PLACEMENT_3D ( 'NONE', #8497, #7018, #7759 ) ;
#4471 = EDGE_CURVE ( 'NONE', #1760, #5125, #2412, .T. ) ;
#4472 = CARTESIAN_POINT ( 'NONE',  ( -30.00000000000000000, 0.000000000000000000, 1.000000000000000888 ) ) ;
#4473 = VERTEX_POINT ( 'NONE', #4838 ) ;
#4474 = DIRECTION ( 'NONE',  ( -0.000000000000000000, -0.000000000000000000, -1.000000000000000000 ) ) ;
#4475 = CIRCLE ( 'NONE', #8085, 5.499999999999998224 ) ;
#4476 = CARTESIAN_POINT ( 'NONE',  ( 0.000000000000000000, 0.000000000000000000, 101.0000000000000000 ) ) ;
#4477 = AXIS2_PLACEMENT_3D ( 'NONE', #2434, #6947, #7543 ) ;
#4478 = ORIENTED_EDGE ( 'NONE', *, *, #8895, .F. ) ;
#4479 = CARTESIAN_POINT ( 'NONE',  ( -15.00000000000001421, 161.4559693491089263, 50.00000000000000000 ) ) ;
#4480 = EDGE_CURVE ( 'NONE', #3301, #464, #7086, .T. ) ;
#4481 = DIRECTION ( 'NONE',  ( 0.000000000000000000, -1.000000000000000000, 0.000000000000000000 ) ) ;
#4482 = TOROIDAL_SURFACE ( 'NONE', #264, 5.000000000000000000, 1.000000000000000000 ) ;
#4483 = CARTESIAN_POINT ( 'NONE',  ( -67.99999999999997158, 158.0421737147788406, 25.14057904926294285 ) ) ;
#4484 = CARTESIAN_POINT ( 'NONE',  ( -42.64721904465540092, -20.57544454745024609, 1100.421430262133526 ) ) ;
#4485 = AXIS2_PLACEMENT_3D ( 'NONE', #8509, #7182, #7819 ) ;
#4486 = EDGE_LOOP ( 'NONE', ( #1756, #4032 ) ) ;
#4487 = DIRECTION ( 'NONE',  ( 0.000000000000000000, 0.000000000000000000, 1.000000000000000000 ) ) ;
#4488 = DIRECTION ( 'NONE',  ( 0.000000000000000000, 0.000000000000000000, 1.000000000000000000 ) ) ;
#4489 = CARTESIAN_POINT ( 'NONE',  ( -67.99999999999995737, 169.9578262852211310, 25.14057904926275455 ) ) ;
#4490 = EDGE_CURVE ( 'NONE', #1871, #1748, #1896, .T. ) ;
#4491 = AXIS2_PLACEMENT_3D ( 'NONE', #2649, #453, #8693 ) ;
#4492 = DIRECTION ( 'NONE',  ( 0.000000000000000000, 0.000000000000000000, -1.000000000000000000 ) ) ;
#4493 = EDGE_CURVE ( 'NONE', #1812, #5233, #4893, .T. ) ;
#4494 = MANIFOLD_SOLID_BREP ( 'Boss.-Extru.1', #5276 ) ;
#4495 = CARTESIAN_POINT ( 'NONE',  ( 6.123233995736767268E-16, 1.500000000000000000, 5.000000000000000888 ) ) ;
#4496 = CARTESIAN_POINT ( 'NONE',  ( 0.000000000000000000, 0.000000000000000000, 1.000000000000000000 ) ) ;
#4497 = EDGE_LOOP ( 'NONE', ( #6705, #8019, #7710, #9085 ) ) ;
#4498 = CIRCLE ( 'NONE', #8585, 11.09553823317371091 ) ;
#4499 = DIRECTION ( 'NONE',  ( 1.000000000000000000, -0.000000000000000000, -0.000000000000000000 ) ) ;
#4500 = VERTEX_POINT ( 'NONE', #1070 ) ;
#4501 = DIRECTION ( 'NONE',  ( 0.000000000000000000, 0.000000000000000000, -1.000000000000000000 ) ) ;
#4502 = ORIENTED_EDGE ( 'NONE', *, *, #1761, .F. ) ;
#4503 = EDGE_CURVE ( 'NONE', #6535, #5710, #9367, .T. ) ;
#4504 = CARTESIAN_POINT ( 'NONE',  ( -1.724898854829935546, 188.5926379391492560, 10.09550462516688007 ) ) ;
#4505 = CARTESIAN_POINT ( 'NONE',  ( -97.83274604458330259, 30.63387998865615103, 10.14741981803556392 ) ) ;
#4506 = CARTESIAN_POINT ( 'NONE',  ( -50.00000000000000000, -28.00000000000010658, 75.00000000000000000 ) ) ;
#4507 = ORIENTED_EDGE ( 'NONE', *, *, #7597, .F. ) ;
#4508 = CARTESIAN_POINT ( 'NONE',  ( -8.786796564403569931, 9.786796564403529075, 10.00000000000000888 ) ) ;
#4509 = VERTEX_POINT ( 'NONE', #5619 ) ;
#4510 = ORIENTED_EDGE ( 'NONE', *, *, #7355, .T. ) ;
#4511 =( REPRESENTATION_RELATIONSHIP ('NONE','NONE', #5518, #3457 ) REPRESENTATION_RELATIONSHIP_WITH_TRANSFORMATION ( #411 )SHAPE_REPRESENTATION_RELATIONSHIP( ) );
#4512 = ORIENTED_EDGE ( 'NONE', *, *, #4892, .T. ) ;
#4513 = DIRECTION ( 'NONE',  ( -0.000000000000000000, -0.000000000000000000, -1.000000000000000000 ) ) ;
#4514 = B_SPLINE_CURVE_WITH_KNOTS ( 'NONE', 3,
 ( #4734, #369, #3356, #5562 ),
 .UNSPECIFIED., .F., .F.,
 ( 4, 4 ),
 ( 0.000000000000000000, 0.0001471681255390611728 ),
 .UNSPECIFIED. ) ;
#4515 = CYLINDRICAL_SURFACE ( 'NONE', #3194, 5.500000000000000000 ) ;
#4516 = ADVANCED_FACE ( 'NONE', ( #5671 ), #7429, .T. ) ;
#4517 = EDGE_LOOP ( 'NONE', ( #3767, #4118, #1325, #5489 ) ) ;
#4518 = ORIENTED_EDGE ( 'NONE', *, *, #8970, .F. ) ;
#4519 = CARTESIAN_POINT ( 'NONE',  ( 2.249999999999999112, 22.00000000000000000, 92.00000000000001421 ) ) ;
#4520 = DIRECTION ( 'NONE',  ( 1.000000000000000000, 0.000000000000000000, 0.000000000000000000 ) ) ;
#4521 = ORIENTED_EDGE ( 'NONE', *, *, #6079, .F. ) ;
#4522 = CARTESIAN_POINT ( 'NONE',  ( 10.00000000000000000, 22.62741699796940154, -22.62741699796964312 ) ) ;
#4523 = UNCERTAINTY_MEASURE_WITH_UNIT (LENGTH_MEASURE( 1.000000000000000082E-05 ), #184, 'distance_accuracy_value', 'NONE');
#4524 = DIRECTION ( 'NONE',  ( -1.000000000000000000, 0.000000000000000000, 0.000000000000000000 ) ) ;
#4525 = ORIENTED_EDGE ( 'NONE', *, *, #5926, .T. ) ;
#4526 = DIRECTION ( 'NONE',  ( 0.000000000000000000, -1.000000000000000000, 0.000000000000000000 ) ) ;
#4527 = DIRECTION ( 'NONE',  ( -1.000000000000000000, -0.000000000000000000, -0.000000000000000000 ) ) ;
#4528 = DIRECTION ( 'NONE',  ( 0.000000000000000000, 0.2873478855663455511, -0.9578262852211513190 ) ) ;
#4529 = DIRECTION ( 'NONE',  ( 0.7552563426956241388, 2.066425827828003184E-16, -0.6554295208624878466 ) ) ;
#4530 = VECTOR ( 'NONE', #8223, 1000.000000000000000 ) ;
#4531 = ORIENTED_EDGE ( 'NONE', *, *, #3185, .F. ) ;
#4532 = LINE ( 'NONE', #6887, #869 ) ;
#4533 = DIRECTION ( 'NONE',  ( -1.000000000000000000, 0.000000000000000000, 0.000000000000000000 ) ) ;
#4534 = DIRECTION ( 'NONE',  ( 1.000000000000000000, -0.000000000000000000, -0.000000000000000000 ) ) ;
#4535 = CIRCLE ( 'NONE', #2339, 11.09553823317369847 ) ;
#4536 = EDGE_CURVE ( 'NONE', #9043, #8601, #6642, .T. ) ;
#4537 = DIRECTION ( 'NONE',  ( -1.000000000000000000, 0.000000000000000000, 0.000000000000000000 ) ) ;
#4538 = DIRECTION ( 'NONE',  ( -1.000000000000000000, 0.000000000000000000, -5.782411586589345411E-15 ) ) ;
#4539 = VECTOR ( 'NONE', #2293, 1000.000000000000000 ) ;
#4540 = CARTESIAN_POINT ( 'NONE',  ( -85.00000000000000000, 132.9999999999999432, 10.00000000000000000 ) ) ;
#4541 = AXIS2_PLACEMENT_3D ( 'NONE', #7043, #1168, #4010 ) ;
#4542 = AXIS2_PLACEMENT_3D ( 'NONE', #837, #3820, #6909 ) ;
#4543 = ORIENTED_EDGE ( 'NONE', *, *, #6405, .F. ) ;
#4544 = DIRECTION ( 'NONE',  ( 1.000000000000000000, -0.000000000000000000, -0.000000000000000000 ) ) ;
#4545 = EDGE_CURVE ( 'NONE', #6241, #3965, #8029, .T. ) ;
#4546 = DIRECTION ( 'NONE',  ( 1.000000000000000000, 0.000000000000000000, 0.000000000000000000 ) ) ;
#4547 = ORIENTED_EDGE ( 'NONE', *, *, #2954, .T. ) ;
#4548 = VECTOR ( 'NONE', #7238, 1000.000000000000000 ) ;
#4549 = AXIS2_PLACEMENT_3D ( 'NONE', #8926, #3668, #5835 ) ;
#4550 = DIRECTION ( 'NONE',  ( 0.000000000000000000, 0.000000000000000000, 1.000000000000000000 ) ) ;
#4551 = DIRECTION ( 'NONE',  ( 1.000000000000000000, 0.000000000000000000, 0.000000000000000000 ) ) ;
#4552 = SURFACE_STYLE_USAGE ( .BOTH. , #1565 ) ;
#4553 = ORIENTED_EDGE ( 'NONE', *, *, #7488, .F. ) ;
#4554 = TOROIDAL_SURFACE ( 'NONE', #5188, 9.999999999999998224, 1.000000000000000000 ) ;
#4555 = CARTESIAN_POINT ( 'NONE',  ( -84.99999999999997158, 157.9999999999999716, 25.00000000000000711 ) ) ;
#4556 = ADVANCED_FACE ( 'NONE', ( #4432 ), #6692, .F. ) ;
#4557 = EDGE_LOOP ( 'NONE', ( #8185, #5834 ) ) ;
#4558 = EDGE_LOOP ( 'NONE', ( #7060, #2935, #8743, #9231, #5386, #4852, #5112, #7795, #4895, #4299, #9494, #3731 ) ) ;
#4559 = AXIS2_PLACEMENT_3D ( 'NONE', #9454, #3358, #6350 ) ;
#4560 = VERTEX_POINT ( 'NONE', #5864 ) ;
#4561 = DIRECTION ( 'NONE',  ( 0.000000000000000000, 0.000000000000000000, 1.000000000000000000 ) ) ;
#4562 = DIRECTION ( 'NONE',  ( 0.000000000000000000, 0.000000000000000000, 1.000000000000000000 ) ) ;
#4563 = ORIENTED_EDGE ( 'NONE', *, *, #2763, .F. ) ;
#4564 = VERTEX_POINT ( 'NONE', #7335 ) ;
#4565 = CARTESIAN_POINT ( 'NONE',  ( -49.99999999999999289, 169.9999999999999716, 84.09553823317371268 ) ) ;
#4566 = EDGE_CURVE ( 'NONE', #3886, #2791, #9636, .T. ) ;
#4567 = CONTEXT_DEPENDENT_SHAPE_REPRESENTATION ( #7338, #2868 ) ;
#4568 = DIRECTION ( 'NONE',  ( 0.008138878426939326338, -0.9999668787804681935, 0.000000000000000000 ) ) ;
#4569 = ORIENTED_EDGE ( 'NONE', *, *, #9508, .F. ) ;
#4570 = CARTESIAN_POINT ( 'NONE',  ( -12.00000000000000888, 169.9999999999999716, 16.00000000000000000 ) ) ;
#4571 = CIRCLE ( 'NONE', #40, 11.20000000000000107 ) ;
#4572 = CARTESIAN_POINT ( 'NONE',  ( -15.00000000000001421, 158.9999999999999716, 75.14676883630349380 ) ) ;
#4573 = VERTEX_POINT ( 'NONE', #5820 ) ;
#4574 = CARTESIAN_POINT ( 'NONE',  ( -15.00000000000000000, 25.99999999999995381, 25.00000000000000711 ) ) ;
#4575 = SURFACE_STYLE_USAGE ( .BOTH. , #3845 ) ;
#4576 = LINE ( 'NONE', #5310, #2971 ) ;
#4577 = ADVANCED_FACE ( 'NONE', ( #8863 ), #1446, .T. ) ;
#4578 = DIRECTION ( 'NONE',  ( 0.3527115933322926833, 0.000000000000000000, -0.9357320834133002752 ) ) ;
#4579 =( REPRESENTATION_RELATIONSHIP ('NONE','NONE', #5518, #3457 ) REPRESENTATION_RELATIONSHIP_WITH_TRANSFORMATION ( #1714 )SHAPE_REPRESENTATION_RELATIONSHIP( ) );
#4580 = VERTEX_POINT ( 'NONE', #3705 ) ;
#4581 = LINE ( 'NONE', #6935, #7923 ) ;
#4582 = LINE ( 'NONE', #7675, #1833 ) ;
#4583 = DIRECTION ( 'NONE',  ( 0.000000000000000000, 0.000000000000000000, -1.000000000000000000 ) ) ;
#4584 = CIRCLE ( 'NONE', #8065, 5.500000000000000000 ) ;
#4585 = CIRCLE ( 'NONE', #3029, 5.500000000000001776 ) ;
#4586 = DIRECTION ( 'NONE',  ( 0.000000000000000000, 0.000000000000000000, 1.000000000000000000 ) ) ;
#4587 = FILL_AREA_STYLE ('',( #5279 ) ) ;
#4588 = CARTESIAN_POINT ( 'NONE',  ( -61.09553823317370558, 46.99999999999995737, 75.00000000000000000 ) ) ;
#4589 = AXIS2_PLACEMENT_3D ( 'NONE', #1890, #1111, #1066 ) ;
#4590 = EDGE_CURVE ( 'NONE', #3572, #2356, #4994, .T. ) ;
#4591 = ORIENTED_EDGE ( 'NONE', *, *, #2990, .F. ) ;
#4592 = DIRECTION ( 'NONE',  ( 1.000000000000000000, -0.000000000000000000, -0.000000000000000000 ) ) ;
#4593 = AXIS2_PLACEMENT_3D ( 'NONE', #6402, #3260, #5522 ) ;
#4594 = PLANE ( 'NONE',  #4174 ) ;
#4595 = EDGE_LOOP ( 'NONE', ( #5506, #6272, #5160, #8854 ) ) ;
#4596 = CIRCLE ( 'NONE', #6327, 5.499999999999998224 ) ;
#4597 = DIRECTION ( 'NONE',  ( 0.000000000000000000, -0.000000000000000000, -1.000000000000000000 ) ) ;
#4598 = LINE ( 'NONE', #8285, #4539 ) ;
#4599 = CARTESIAN_POINT ( 'NONE',  ( -0.5424968046411776657, 32.34310529393329148, 10.00735584537565614 ) ) ;
#4600 = CARTESIAN_POINT ( 'NONE',  ( -84.99999999999997158, 37.99999999999995737, 25.00000000000000711 ) ) ;
#4601 = EDGE_LOOP ( 'NONE', ( #5190, #4876, #5006, #537 ) ) ;
#4602 = EDGE_CURVE ( 'NONE', #1134, #5679, #5389, .T. ) ;
#4603 = PRODUCT_DEFINITION_SHAPE ( 'NONE', 'NONE',  #7074 ) ;
#4604 = CARTESIAN_POINT ( 'NONE',  ( -67.99999999999997158, 37.99999999999995737, 35.00000000000000000 ) ) ;
#4605 = ORIENTED_EDGE ( 'NONE', *, *, #2600, .F. ) ;
#4606 = ORIENTED_EDGE ( 'NONE', *, *, #6368, .F. ) ;
#4608 = AXIS2_PLACEMENT_3D ( 'NONE', #4203, #6304, #1849 ) ;
#4607 = CONTEXT_DEPENDENT_SHAPE_REPRESENTATION ( #2950, #2573 ) ;
#4609 = AXIS2_PLACEMENT_3D ( 'NONE', #3836, #6831, #1583 ) ;
#4610 = ORIENTED_EDGE ( 'NONE', *, *, #8751, .F. ) ;
#4611 = CYLINDRICAL_SURFACE ( 'NONE', #7861, 5.500000000000000888 ) ;
#4612 = CARTESIAN_POINT ( 'NONE',  ( -50.00000000000000000, 37.99999999999995737, 75.00000000000000000 ) ) ;
#4613 = ORIENTED_EDGE ( 'NONE', *, *, #9284, .F. ) ;
#4614 = ORIENTED_EDGE ( 'NONE', *, *, #939, .T. ) ;
#4615 = CARTESIAN_POINT ( 'NONE',  ( -85.00000000000001421, 169.9639343228826647, 75.48677898628926641 ) ) ;
#4616 = ADVANCED_BREP_SHAPE_REPRESENTATION ( '', ( #1056, #6276 ), #7855 ) ;
#4617 = CIRCLE ( 'NONE', #7288, 2.249999999999999112 ) ;
#4618 = ITEM_DEFINED_TRANSFORMATION ( 'NONE', 'NONE', #9264,  #6276 ) ;
#4619 = PLANE ( 'NONE',  #7280 ) ;
#4620 = VERTEX_POINT ( 'NONE', #3601 ) ;
#4621 = LINE ( 'NONE', #2666, #3922 ) ;
#4622 = DIRECTION ( 'NONE',  ( -4.956352788505163391E-17, 1.000000000000000000, 0.000000000000000000 ) ) ;
#4623 = AXIS2_PLACEMENT_3D ( 'NONE', #7221, #3489, #3439 ) ;
#4624 = EDGE_CURVE ( 'NONE', #2850, #1916, #1264, .T. ) ;
#4625 = ORIENTED_EDGE ( 'NONE', *, *, #5978, .T. ) ;
#4627 = CARTESIAN_POINT ( 'NONE',  ( -11.99999999999999467, 25.99999999999995381, 16.00000000000000000 ) ) ;
#4626 = AXIS2_PLACEMENT_3D ( 'NONE', #4367, #8841, #5794 ) ;
#4628 = DIRECTION ( 'NONE',  ( 0.000000000000000000, 0.000000000000000000, -1.000000000000000000 ) ) ;
#4630 = B_SPLINE_CURVE_WITH_KNOTS ( 'NONE', 3,
 ( #1018, #84, #8467, #6160 ),
 .UNSPECIFIED., .F., .F.,
 ( 4, 4 ),
 ( 0.000000000000000000, 0.0001471695555374557456 ),
 .UNSPECIFIED. ) ;
#4629 = LINE ( 'NONE', #4483, #6427 ) ;
#4631 = CARTESIAN_POINT ( 'NONE',  ( -5.908459993143100775, -20.57544454745023899, 1064.969640674451512 ) ) ;
#4632 = AXIS2_PLACEMENT_3D ( 'NONE', #4851, #7995, #2058 ) ;
#4633 = ORIENTED_EDGE ( 'NONE', *, *, #3128, .F. ) ;
#4634 = LINE ( 'NONE', #6010, #8072 ) ;
#4635 = AXIS2_PLACEMENT_3D ( 'NONE', #7716, #2563, #4779 ) ;
#4636 = DIRECTION ( 'NONE',  ( 0.000000000000000000, -1.000000000000000000, 0.000000000000000000 ) ) ;
#4637 = FACE_OUTER_BOUND ( 'NONE', #7275, .T. ) ;
#4638 = EDGE_CURVE ( 'NONE', #2797, #3027, #3824, .T. ) ;
#4639 = VECTOR ( 'NONE', #9566, 1000.000000000000000 ) ;
#4640 = CARTESIAN_POINT ( 'NONE',  ( -15.00000000000000000, 37.99999999999995737, 35.00000000000000000 ) ) ;
#4641 = CARTESIAN_POINT ( 'NONE',  ( 8.000000000000000000, -14.14213562373074495, 19.64213562373108957 ) ) ;
#4642 = AXIS2_PLACEMENT_3D ( 'NONE', #4438, #7433, #7486 ) ;
#4643 =( REPRESENTATION_RELATIONSHIP ('NONE','NONE', #5518, #4317 ) REPRESENTATION_RELATIONSHIP_WITH_TRANSFORMATION ( #5403 )SHAPE_REPRESENTATION_RELATIONSHIP( ) );
#4644 = DIRECTION ( 'NONE',  ( 0.000000000000000000, 0.2873478855663455511, 0.9578262852211513190 ) ) ;
#4645 = CIRCLE ( 'NONE', #3401, 1.000000000000000888 ) ;
#4646 = VERTEX_POINT ( 'NONE', #7380 ) ;
#4647 = CARTESIAN_POINT ( 'NONE',  ( 22.00000000000000000, -7.681258945454893382E-14, 92.00000000000001421 ) ) ;
#4648 = DIRECTION ( 'NONE',  ( 0.000000000000000000, 0.000000000000000000, -1.000000000000000000 ) ) ;
#4649 = ORIENTED_EDGE ( 'NONE', *, *, #4995, .T. ) ;
#4650 = CIRCLE ( 'NONE', #904, 11.00000000000000000 ) ;
#4651 = EDGE_CURVE ( 'NONE', #4177, #9281, #858, .T. ) ;
#4652 = LINE ( 'NONE', #4698, #5669 ) ;
#4653 = ADVANCED_FACE ( 'NONE', ( #7244 ), #5086, .F. ) ;
#4654 = AXIS2_PLACEMENT_3D ( 'NONE', #8430, #8532, #1081 ) ;
#4655 = CARTESIAN_POINT ( 'NONE',  ( -40.90446176682630153, 25.49999999999995737, 75.00000000000000000 ) ) ;
#4656 = CYLINDRICAL_SURFACE ( 'NONE', #5903, 11.20000000000000107 ) ;
#4657 = LINE ( 'NONE', #243, #6509 ) ;
#4658 = ORIENTED_EDGE ( 'NONE', *, *, #3167, .T. ) ;
#4659 = DIRECTION ( 'NONE',  ( -0.000000000000000000, -0.000000000000000000, -1.000000000000000000 ) ) ;
#4660 = VERTEX_POINT ( 'NONE', #8116 ) ;
#4661 = ORIENTED_EDGE ( 'NONE', *, *, #8008, .F. ) ;
#4662 = ITEM_DEFINED_TRANSFORMATION ( 'NONE', 'NONE', #7539,  #6276 ) ;
#4663 = VERTEX_POINT ( 'NONE', #6506 ) ;
#4664 = FACE_BOUND ( 'NONE', #4675, .T. ) ;
#4665 = EDGE_CURVE ( 'NONE', #6165, #195, #6599, .T. ) ;
#4666 = DIRECTION ( 'NONE',  ( 1.000000000000000000, -0.000000000000000000, -0.000000000000000000 ) ) ;
#4667 = VERTEX_POINT ( 'NONE', #5771 ) ;
#4668 = EDGE_CURVE ( 'NONE', #9524, #5445, #9601, .T. ) ;
#4669 = VERTEX_POINT ( 'NONE', #6555 ) ;
#4670 = ORIENTED_EDGE ( 'NONE', *, *, #9052, .F. ) ;
#4671 = DIRECTION ( 'NONE',  ( 1.000000000000000000, -0.000000000000000000, -0.000000000000000000 ) ) ;
#4672 = ITEM_DEFINED_TRANSFORMATION ( 'NONE', 'NONE', #8316,  #6276 ) ;
#4673 = EDGE_CURVE ( 'NONE', #8819, #2345, #3649, .T. ) ;
#4674 = CARTESIAN_POINT ( 'NONE',  ( -32.00000000000001421, 168.9999999999999716, 24.85323116369641383 ) ) ;
#4675 = EDGE_LOOP ( 'NONE', ( #8496, #7894 ) ) ;
#4676 = DIRECTION ( 'NONE',  ( 0.000000000000000000, -1.000000000000000000, 0.000000000000000000 ) ) ;
#4677 = DIRECTION ( 'NONE',  ( 0.000000000000000000, 0.000000000000000000, 1.000000000000000000 ) ) ;
#4678 = EDGE_CURVE ( 'NONE', #2997, #919, #2914, .T. ) ;
#4679 = VERTEX_POINT ( 'NONE', #6882 ) ;
#4680 = LINE ( 'NONE', #7077, #7460 ) ;
#4681 = DIRECTION ( 'NONE',  ( 1.000000000000000000, -4.956352788505163391E-17, 0.000000000000000000 ) ) ;
#4682 = DIRECTION ( 'NONE',  ( -1.000000000000000000, 0.000000000000000000, 0.000000000000000000 ) ) ;
#4683 = DIRECTION ( 'NONE',  ( 0.000000000000000000, 0.000000000000000000, -1.000000000000000000 ) ) ;
#4684 = DIRECTION ( 'NONE',  ( -0.9699955968923824612, -2.554121912876076053E-16, -0.2431224835538469964 ) ) ;
#4685 = EDGE_CURVE ( 'NONE', #5492, #563, #6789, .T. ) ;
#4686 = DIRECTION ( 'NONE',  ( 1.000000000000000000, -1.387778780781444689E-15, 0.000000000000000000 ) ) ;
#4687 = DIRECTION ( 'NONE',  ( 0.000000000000000000, 0.000000000000000000, -1.000000000000000000 ) ) ;
#4688 = DIRECTION ( 'NONE',  ( -1.000000000000000000, 0.000000000000000000, 0.000000000000000000 ) ) ;
#4689 = FACE_OUTER_BOUND ( 'NONE', #5252, .T. ) ;
#4690 = CARTESIAN_POINT ( 'NONE',  ( -50.00000000000000000, 180.0000000000000000, 75.00000000000000000 ) ) ;
#4691 = DIRECTION ( 'NONE',  ( 0.000000000000000000, 0.000000000000000000, -1.000000000000000000 ) ) ;
#4692 = ORIENTED_EDGE ( 'NONE', *, *, #6096, .T. ) ;
#4693 = EDGE_CURVE ( 'NONE', #2445, #6920, #7118, .T. ) ;
#4694 = CIRCLE ( 'NONE', #9249, 5.500000000000000000 ) ;
#4695 = CARTESIAN_POINT ( 'NONE',  ( -32.00000000000000000, 25.99999999999995381, 75.00000000000000000 ) ) ;
#4696 = EDGE_CURVE ( 'NONE', #7058, #354, #5556, .T. ) ;
#4697 = DIRECTION ( 'NONE',  ( -1.000000000000000000, 0.000000000000000000, -0.000000000000000000 ) ) ;
#4698 = CARTESIAN_POINT ( 'NONE',  ( -32.00000000000000000, 31.99999999999995737, 54.99999999999999289 ) ) ;
#4699 = VECTOR ( 'NONE', #3950, 1000.000000000000114 ) ;
#4700 = AXIS2_PLACEMENT_3D ( 'NONE', #1357, #6601, #9012 ) ;
#4701 = CYLINDRICAL_SURFACE ( 'NONE', #2825, 5.500000000000000888 ) ;
#4702 = DIRECTION ( 'NONE',  ( 0.000000000000000000, 0.000000000000000000, -1.000000000000000000 ) ) ;
#4703 = AXIS2_PLACEMENT_3D ( 'NONE', #2926, #6653, #8086 ) ;
#4704 = DIRECTION ( 'NONE',  ( 0.000000000000000000, 0.000000000000000000, -1.000000000000000000 ) ) ;
#4705 = EDGE_LOOP ( 'NONE', ( #1975, #6813, #5656, #9382 ) ) ;
#4706 = ORIENTED_EDGE ( 'NONE', *, *, #2668, .F. ) ;
#4707 = DIRECTION ( 'NONE',  ( 1.000000000000000000, -0.000000000000000000, -0.000000000000000000 ) ) ;
#4708 = ORIENTED_EDGE ( 'NONE', *, *, #7907, .F. ) ;
#4709 = EDGE_CURVE ( 'NONE', #1811, #6886, #6959, .T. ) ;
#4710 = EDGE_LOOP ( 'NONE', ( #4405, #1047 ) ) ;
#4711 = CIRCLE ( 'NONE', #8633, 5.500000000000000888 ) ;
#4712 = ORIENTED_EDGE ( 'NONE', *, *, #5179, .T. ) ;
#4713 = CARTESIAN_POINT ( 'NONE',  ( 8.000000000000000000, -2.234548056859605347E-13, -32.00000000000000000 ) ) ;
#4714 = CARTESIAN_POINT ( 'NONE',  ( 10.00000000000000000, 12.24586983568269183, -29.56414504036126090 ) ) ;
#4715 = ORIENTED_EDGE ( 'NONE', *, *, #4471, .F. ) ;
#4716 = B_SPLINE_CURVE_WITH_KNOTS ( 'NONE', 3,
 ( #8150, #1299, #2341, #5804, #1435, #705, #8805, #5763, #6493, #4284, #4422, #5852, #8333, #8758, #3692, #4599, #2030, #2077 ),
 .UNSPECIFIED., .F., .F.,
 ( 4, 2, 2, 2, 2, 2, 2, 2, 4 ),
 ( 0.000000000000000000, 0.001914773784993038710, 0.003829547569986077420, 0.005744321354979116563, 0.007659095139972154839, 0.01148864270995824527, 0.01340341649495129482, 0.01436080338744781873, 0.01531819027994434437 ),
 .UNSPECIFIED. ) ;
#4717 = AXIS2_PLACEMENT_3D ( 'NONE', #3055, #2363, #8304 ) ;
#4718 = EDGE_LOOP ( 'NONE', ( #2295, #6588, #5476, #2455 ) ) ;
#4719 = ORIENTED_EDGE ( 'NONE', *, *, #3216, .F. ) ;
#4720 = AXIS2_PLACEMENT_3D ( 'NONE', #5727, #2000, #7984 ) ;
#4721 = LINE ( 'NONE', #2605, #8233 ) ;
#4722 = ADVANCED_FACE ( 'NONE', ( #9106 ), #8266, .T. ) ;
#4723 = AXIS2_PLACEMENT_3D ( 'NONE', #173, #8512, #1841 ) ;
#4724 = EDGE_CURVE ( 'NONE', #205, #2071, #8699, .T. ) ;
#4725 = ORIENTED_EDGE ( 'NONE', *, *, #1612, .T. ) ;
#4726 = PLANE ( 'NONE',  #7374 ) ;
#4727 = DIRECTION ( 'NONE',  ( 0.000000000000000000, 0.000000000000000000, 1.000000000000000000 ) ) ;
#4728 = DIRECTION ( 'NONE',  ( 0.000000000000000000, 0.000000000000000000, 1.000000000000000000 ) ) ;
#4729 = AXIS2_PLACEMENT_3D ( 'NONE', #7398, #5504, #8284 ) ;
#4730 = ORIENTED_EDGE ( 'NONE', *, *, #1780, .F. ) ;
#4731 = CYLINDRICAL_SURFACE ( 'NONE', #4635, 6.000000000000000000 ) ;
#4732 = CARTESIAN_POINT ( 'NONE',  ( 8.000000000000000000, 29.56414504036120761, 12.24586983568279486 ) ) ;
#4733 =( NAMED_UNIT ( * ) SI_UNIT ( $, .STERADIAN. ) SOLID_ANGLE_UNIT ( ) );
#4734 = CARTESIAN_POINT ( 'NONE',  ( -84.99969226877132655, 157.9999999999999716, 75.14676883630350801 ) ) ;
#4735 = EDGE_CURVE ( 'NONE', #4369, #7768, #962, .T. ) ;
#4736 = DIRECTION ( 'NONE',  ( 0.9993252675573507382, -8.281842959981984291E-17, -0.03672886632376715088 ) ) ;
#4737 = VECTOR ( 'NONE', #1114, 1000.000000000000114 ) ;
#4738 = DIRECTION ( 'NONE',  ( 1.000000000000000000, 0.000000000000000000, 0.000000000000000000 ) ) ;
#4739 = CARTESIAN_POINT ( 'NONE',  ( -91.58562928404229808, 159.0622225602391495, 12.56846074963342730 ) ) ;
#4740 = CYLINDRICAL_SURFACE ( 'NONE', #8353, 1.000000000000000888 ) ;
#4741 = CARTESIAN_POINT ( 'NONE',  ( 8.000000000000000000, -3.477039065829496377E-16, 13.99999999999995204 ) ) ;
#4742 = VECTOR ( 'NONE', #620, 1000.000000000000114 ) ;
#4743 = CARTESIAN_POINT ( 'NONE',  ( -67.99999999999997158, 37.99999999999995737, 65.00000000000000000 ) ) ;
#4744 = DIRECTION ( 'NONE',  ( 1.000000000000000000, 0.000000000000000000, 0.000000000000000000 ) ) ;
#4745 = ORIENTED_EDGE ( 'NONE', *, *, #6281, .T. ) ;
#4746 = DIRECTION ( 'NONE',  ( -1.000000000000000000, 0.000000000000000000, 0.000000000000000000 ) ) ;
#4747 = CARTESIAN_POINT ( 'NONE',  ( 10.00000000000000000, 12.24586983568269183, -24.06414504036125734 ) ) ;
#4748 = DIRECTION ( 'NONE',  ( 1.000000000000000000, -0.000000000000000000, -0.000000000000000000 ) ) ;
#4749 = ORIENTED_EDGE ( 'NONE', *, *, #6939, .T. ) ;
#4750 = EDGE_CURVE ( 'NONE', #5250, #5884, #9150, .T. ) ;
#4751 = DIRECTION ( 'NONE',  ( 1.000000000000000000, 0.000000000000000000, 0.000000000000000000 ) ) ;
#4752 = CARTESIAN_POINT ( 'NONE',  ( -15.00030773122870009, 169.9999999999999716, 75.14676883630349380 ) ) ;
#4753 = AXIS2_PLACEMENT_3D ( 'NONE', #3105, #4524, #7666 ) ;
#4754 = CARTESIAN_POINT ( 'NONE',  ( 8.000000000000000000, 14.14213562373094213, 19.64213562373089061 ) ) ;
#4755 = VERTEX_POINT ( 'NONE', #761 ) ;
#4757 = CIRCLE ( 'NONE', #5696, 5.500000000000000000 ) ;
#4756 = LINE ( 'NONE', #97, #9575 ) ;
#4758 = ORIENTED_EDGE ( 'NONE', *, *, #2531, .T. ) ;
#4759 = ORIENTED_EDGE ( 'NONE', *, *, #3319, .F. ) ;
#4760 = AXIS2_PLACEMENT_3D ( 'NONE', #8677, #7988, #385 ) ;
#4761 = EDGE_LOOP ( 'NONE', ( #4315, #7392, #5943, #8119 ) ) ;
#4762 = FACE_BOUND ( 'NONE', #3690, .T. ) ;
#4763 = VECTOR ( 'NONE', #567, 1000.000000000000000 ) ;
#4764 = LINE ( 'NONE', #7858, #1013 ) ;
#4765 = ORIENTED_EDGE ( 'NONE', *, *, #5648, .F. ) ;
#4766 = EDGE_CURVE ( 'NONE', #8794, #4847, #2735, .T. ) ;
#4767 = VERTEX_POINT ( 'NONE', #8311 ) ;
#4768 = ORIENTED_EDGE ( 'NONE', *, *, #3334, .T. ) ;
#4769 = DIRECTION ( 'NONE',  ( 1.000000000000000000, -0.000000000000000000, -0.000000000000000000 ) ) ;
#4770 = UNCERTAINTY_MEASURE_WITH_UNIT (LENGTH_MEASURE( 1.000000000000000082E-05 ), #3451, 'distance_accuracy_value', 'NONE');
#4771 = CIRCLE ( 'NONE', #2252, 11.19999999999999396 ) ;
#4772 = PRODUCT_DEFINITION_SHAPE ( 'NONE', 'NONE',  #9687 ) ;
#4773 = ORIENTED_EDGE ( 'NONE', *, *, #503, .F. ) ;
#4774 = CARTESIAN_POINT ( 'NONE',  ( 0.000000000000000000, 0.000000000000000000, 0.000000000000000000 ) ) ;
#4775 = ORIENTED_EDGE ( 'NONE', *, *, #2600, .T. ) ;
#4776 = CARTESIAN_POINT ( 'NONE',  ( 0.000000000000000000, 0.000000000000000000, 6.000000000000000000 ) ) ;
#4777 = AXIS2_PLACEMENT_3D ( 'NONE', #2416, #4527, #4628 ) ;
#4778 = ORIENTED_EDGE ( 'NONE', *, *, #8273, .F. ) ;
#4779 = DIRECTION ( 'NONE',  ( 0.000000000000000000, 0.000000000000000000, -1.000000000000000000 ) ) ;
#4780 = DIRECTION ( 'NONE',  ( 1.000000000000000000, 0.000000000000000000, 0.000000000000000000 ) ) ;
#4781 = AXIS2_PLACEMENT_3D ( 'NONE', #5223, #3750, #36 ) ;
#4782 = EDGE_CURVE ( 'NONE', #4189, #2744, #5358, .T. ) ;
#4783 = CARTESIAN_POINT ( 'NONE',  ( -2.703273497610743981, 162.2994285202670426, 10.23554911617713614 ) ) ;
#4784 = PLANE ( 'NONE',  #1107 ) ;
#4785 = DIRECTION ( 'NONE',  ( -0.4122577421069895109, 2.024620441718615544E-16, -0.9110672610037345853 ) ) ;
#4786 = CYLINDRICAL_SURFACE ( 'NONE', #5560, 15.00000000000000000 ) ;
#4787 = VECTOR ( 'NONE', #4867, 1000.000000000000114 ) ;
#4788 = CARTESIAN_POINT ( 'NONE',  ( 10.00000000000000000, -22.62741699796971773, -22.62741699796931982 ) ) ;
#4789 = DIRECTION ( 'NONE',  ( 0.000000000000000000, 0.000000000000000000, -1.000000000000000000 ) ) ;
#4790 = EDGE_CURVE ( 'NONE', #4620, #1910, #5414, .T. ) ;
#4791 = DIRECTION ( 'NONE',  ( 0.000000000000000000, -0.2873478855663457177, -0.9578262852211512079 ) ) ;
#4792 = AXIS2_PLACEMENT_3D ( 'NONE', #7204, #495, #1961 ) ;
#4793 = DIRECTION ( 'NONE',  ( -1.000000000000000000, 1.734723475976805517E-15, 0.000000000000000000 ) ) ;
#4794 = DIRECTION ( 'NONE',  ( 3.494332759618002237E-17, -1.000000000000000000, -1.173735987482857708E-16 ) ) ;
#4795 = AXIS2_PLACEMENT_3D ( 'NONE', #4424, #6873, #9050 ) ;
#4796 = ORIENTED_EDGE ( 'NONE', *, *, #6621, .F. ) ;
#4797 = DIRECTION ( 'NONE',  ( -0.000000000000000000, -0.000000000000000000, -1.000000000000000000 ) ) ;
#4798 = CARTESIAN_POINT ( 'NONE',  ( 8.000000000000000000, 29.56414504036113655, -17.74586983568300269 ) ) ;
#4799 = EDGE_CURVE ( 'NONE', #2679, #991, #915, .T. ) ;
#4800 = AXIS2_PLACEMENT_3D ( 'NONE', #9164, #9117, #926 ) ;
#4801 = EDGE_CURVE ( 'NONE', #5208, #1579, #2220, .T. ) ;
#4802 = CARTESIAN_POINT ( 'NONE',  ( -32.00000000000000711, 161.4559693491088979, 50.00000000000000000 ) ) ;
#4803 = ORIENTED_EDGE ( 'NONE', *, *, #7242, .T. ) ;
#4804 = CARTESIAN_POINT ( 'NONE',  ( -5.346282096026600428, 167.3087263540994059, 10.93817218284274162 ) ) ;
#4805 = CARTESIAN_POINT ( 'NONE',  ( -50.00000000000000000, -28.00000000000010658, 75.00000000000000000 ) ) ;
#4806 = FACE_OUTER_BOUND ( 'NONE', #8014, .T. ) ;
#4807 = ORIENTED_EDGE ( 'NONE', *, *, #6545, .T. ) ;
#4808 = CARTESIAN_POINT ( 'NONE',  ( -15.00000000000000000, 25.99999999999995381, 25.00000000000000711 ) ) ;
#4809 = EDGE_LOOP ( 'NONE', ( #3434, #8130 ) ) ;
#4810 = EDGE_LOOP ( 'NONE', ( #756, #7559, #4819, #4355 ) ) ;
#4811 = CIRCLE ( 'NONE', #5753, 2.249999999999998668 ) ;
#4812 = ADVANCED_FACE ( 'NONE', ( #2271 ), #3796, .F. ) ;
#4813 = EDGE_LOOP ( 'NONE', ( #1459, #3449, #7114, #4136 ) ) ;
#4814 = FACE_BOUND ( 'NONE', #7211, .T. ) ;
#4815 = FACE_BOUND ( 'NONE', #4376, .T. ) ;
#4816 = EDGE_LOOP ( 'NONE', ( #6957, #2102, #482, #5684, #11 ) ) ;
#4817 = AXIS2_PLACEMENT_3D ( 'NONE', #5149, #1516, #6809 ) ;
#4818 = ORIENTED_EDGE ( 'NONE', *, *, #283, .F. ) ;
#4819 = ORIENTED_EDGE ( 'NONE', *, *, #6678, .T. ) ;
#4820 = CARTESIAN_POINT ( 'NONE',  ( 8.000000000000000000, -2.234548056859605347E-13, -37.50000000000000000 ) ) ;
#4821 = VECTOR ( 'NONE', #9612, 1000.000000000000000 ) ;
#4822 = ADVANCED_FACE ( 'NONE', ( #6055, #1591 ), #3014, .F. ) ;
#4823 = ORIENTED_EDGE ( 'NONE', *, *, #3881, .F. ) ;
#4824 = CARTESIAN_POINT ( 'NONE',  ( -32.00000000000000000, 157.9999999999999432, 35.00000000000000711 ) ) ;
#4825 = ORIENTED_EDGE ( 'NONE', *, *, #6405, .T. ) ;
#4826 = MANIFOLD_SOLID_BREP ( 'Enl\X2\00e8\X0\v. mat.-Extru.3', #6999 ) ;
#4827 = CARTESIAN_POINT ( 'NONE',  ( -50.00000000000000000, 0.000000000000000000, 75.00000000000000000 ) ) ;
#4828 = ORIENTED_EDGE ( 'NONE', *, *, #6971, .T. ) ;
#4829 = LINE ( 'NONE', #3252, #4331 ) ;
#4830 =( NAMED_UNIT ( * ) PLANE_ANGLE_UNIT ( ) SI_UNIT ( $, .RADIAN. ) );
#4831 = CARTESIAN_POINT ( 'NONE',  ( -50.00000000000000711, 25.49999999999995737, 75.00000000000000000 ) ) ;
#4832 = DIRECTION ( 'NONE',  ( 1.000000000000000000, 0.000000000000000000, -0.000000000000000000 ) ) ;
#4833 = DIRECTION ( 'NONE',  ( 0.4122577421069957837, -1.676562989851270656E-16, 0.9110672610037316987 ) ) ;
#4834 = CARTESIAN_POINT ( 'NONE',  ( 8.000000000000000000, 1.002313593804319044E-15, 25.49999999999995381 ) ) ;
#4835 = DIRECTION ( 'NONE',  ( 0.000000000000000000, 0.000000000000000000, -1.000000000000000000 ) ) ;
#4836 = DIRECTION ( 'NONE',  ( -1.000000000000000000, -0.000000000000000000, -0.000000000000000000 ) ) ;
#4837 = CARTESIAN_POINT ( 'NONE',  ( -92.58315055883329592, 36.44347546407392713, 11.94874942802337259 ) ) ;
#4838 = CARTESIAN_POINT ( 'NONE',  ( -32.00000000000000000, 25.99999999999995381, 35.00000000000001421 ) ) ;
#4839 = DIRECTION ( 'NONE',  ( 1.000000000000000000, -0.000000000000000000, -0.000000000000000000 ) ) ;
#4840 = DIRECTION ( 'NONE',  ( 1.000000000000000000, 0.000000000000000000, 0.000000000000000000 ) ) ;
#4841 = EDGE_CURVE ( 'NONE', #895, #8867, #3442, .T. ) ;
#4842 = ORIENTED_EDGE ( 'NONE', *, *, #995, .T. ) ;
#4843 = CARTESIAN_POINT ( 'NONE',  ( 8.000000000000000000, -2.234548056859605347E-13, -32.00000000000000000 ) ) ;
#4844 = EDGE_CURVE ( 'NONE', #4679, #1863, #5659, .T. ) ;
#4845 = DIRECTION ( 'NONE',  ( 0.000000000000000000, 0.000000000000000000, -1.000000000000000000 ) ) ;
#4846 = LINE ( 'NONE', #7839, #2508 ) ;
#4847 = VERTEX_POINT ( 'NONE', #1009 ) ;
#4848 = B_SPLINE_CURVE_WITH_KNOTS ( 'NONE', 3,
 ( #7471, #4615, #5299, #6141 ),
 .UNSPECIFIED., .F., .F.,
 ( 4, 4 ),
 ( 0.000000000000000000, 0.001472000019669552013 ),
 .UNSPECIFIED. ) ;
#4849 = DIRECTION ( 'NONE',  ( 1.000000000000000000, 0.000000000000000000, 0.000000000000000000 ) ) ;
#4850 = LINE ( 'NONE', #2538, #2919 ) ;
#4851 = CARTESIAN_POINT ( 'NONE',  ( -50.00000000000000000, 148.9999999999999716, 75.00000000000000000 ) ) ;
#4852 = ORIENTED_EDGE ( 'NONE', *, *, #2473, .F. ) ;
#4853 = PRODUCT_DEFINITION_SHAPE ( 'NONE', 'NONE',  #9688 ) ;
#4854 = DIRECTION ( 'NONE',  ( 0.000000000000000000, 0.000000000000000000, -1.000000000000000000 ) ) ;
#4855 = EDGE_CURVE ( 'NONE', #4679, #2628, #7591, .T. ) ;
#4856 = ORIENTED_EDGE ( 'NONE', *, *, #5686, .T. ) ;
#4857 = ORIENTED_EDGE ( 'NONE', *, *, #1663, .T. ) ;
#4858 = SURFACE_STYLE_FILL_AREA ( #8787 ) ;
#4859 = ORIENTED_EDGE ( 'NONE', *, *, #224, .F. ) ;
#4860 = CARTESIAN_POINT ( 'NONE',  ( 10.00000000000000000, 0.000000000000000000, 0.000000000000000000 ) ) ;
#4861 = AXIS2_PLACEMENT_3D ( 'NONE', #8087, #7390, #6757 ) ;
#4862 = DIRECTION ( 'NONE',  ( 1.000000000000000000, -0.000000000000000000, -0.000000000000000000 ) ) ;
#4863 = CIRCLE ( 'NONE', #950, 11.20000000000000107 ) ;
#4864 = EDGE_LOOP ( 'NONE', ( #3426, #7684 ) ) ;
#4865 = ORIENTED_EDGE ( 'NONE', *, *, #6423, .F. ) ;
#4866 = EDGE_CURVE ( 'NONE', #6917, #3842, #6347, .T. ) ;
#4867 = DIRECTION ( 'NONE',  ( -3.323127485761577049E-16, 0.2873478855663457177, 0.9578262852211512079 ) ) ;
#4868 = ORIENTED_EDGE ( 'NONE', *, *, #4480, .F. ) ;
#4869 = CARTESIAN_POINT ( 'NONE',  ( 0.000000000000000000, 0.000000000000000000, 0.000000000000000000 ) ) ;
#4870 = VECTOR ( 'NONE', #6029, 1000.000000000000000 ) ;
#4871 = AXIS2_PLACEMENT_3D ( 'NONE', #6605, #6560, #721 ) ;
#4872 = VECTOR ( 'NONE', #7801, 1000.000000000000000 ) ;
#4873 = LINE ( 'NONE', #5889, #2911 ) ;
#4874 = EDGE_LOOP ( 'NONE', ( #438, #3978 ) ) ;
#4875 = CARTESIAN_POINT ( 'NONE',  ( -15.00000000000001421, 169.9578262852211310, 25.14057904926285758 ) ) ;
#4876 = ORIENTED_EDGE ( 'NONE', *, *, #739, .F. ) ;
#4877 = CARTESIAN_POINT ( 'NONE',  ( -15.00000000000000000, 62.99999999999995737, 10.00000000000000000 ) ) ;
#4878 = AXIS2_PLACEMENT_3D ( 'NONE', #1992, #7976, #4243 ) ;
#4879 = ORIENTED_EDGE ( 'NONE', *, *, #7008, .T. ) ;
#4880 = DIRECTION ( 'NONE',  ( 0.000000000000000000, -0.000000000000000000, -1.000000000000000000 ) ) ;
#4881 = SURFACE_STYLE_USAGE ( .BOTH. , #8560 ) ;
#4882 = ADVANCED_FACE ( 'NONE', ( #4194 ), #367, .T. ) ;
#4883 = DIRECTION ( 'NONE',  ( 0.000000000000000000, 0.000000000000000000, -1.000000000000000000 ) ) ;
#4884 = LINE ( 'NONE', #6297, #1412 ) ;
#4885 = AXIS2_PLACEMENT_3D ( 'NONE', #4188, #3635, #2708 ) ;
#4886 = DIRECTION ( 'NONE',  ( 0.9357320834133039389, -2.617131902878357058E-16, 0.3527115933322828578 ) ) ;
#4887 = CARTESIAN_POINT ( 'NONE',  ( 10.00000000000000000, 29.56414504036113655, -12.24586983568300447 ) ) ;
#4888 = CARTESIAN_POINT ( 'NONE',  ( 0.000000000000000000, 0.000000000000000000, 0.000000000000000000 ) ) ;
#4889 = DIRECTION ( 'NONE',  ( 1.000000000000000000, 0.000000000000000000, 0.000000000000000000 ) ) ;
#4890 = AXIS2_PLACEMENT_3D ( 'NONE', #4096, #6249, #2667 ) ;
#4891 = CARTESIAN_POINT ( 'NONE',  ( -32.00000000000000711, 162.4137956343300289, 49.71265211443365217 ) ) ;
#4892 = EDGE_CURVE ( 'NONE', #5069, #2791, #8613, .T. ) ;
#4893 = LINE ( 'NONE', #4153, #3831 ) ;
#4894 =( NAMED_UNIT ( * ) PLANE_ANGLE_UNIT ( ) SI_UNIT ( $, .RADIAN. ) );
#4895 = ORIENTED_EDGE ( 'NONE', *, *, #3949, .F. ) ;
#4896 = FACE_OUTER_BOUND ( 'NONE', #1866, .T. ) ;
#4897 = PLANE ( 'NONE',  #9361 ) ;
#4898 = LINE ( 'NONE', #2583, #3970 ) ;
#4899 = ORIENTED_EDGE ( 'NONE', *, *, #1817, .T. ) ;
#4900 = CARTESIAN_POINT ( 'NONE',  ( 8.000000000000000000, 32.00000000000000000, -5.500000000000108358 ) ) ;
#4901 = FACE_OUTER_BOUND ( 'NONE', #2069, .T. ) ;
#4902 = EDGE_CURVE ( 'NONE', #1536, #2492, #865, .T. ) ;
#4903 = DIRECTION ( 'NONE',  ( -1.000000000000000000, 0.000000000000000000, 0.000000000000000000 ) ) ;
#4904 = ORIENTED_EDGE ( 'NONE', *, *, #2789, .F. ) ;
#4905 = DIRECTION ( 'NONE',  ( -0.000000000000000000, -0.000000000000000000, -1.000000000000000000 ) ) ;
#4906 = ORIENTED_EDGE ( 'NONE', *, *, #5179, .F. ) ;
#4907 = ORIENTED_EDGE ( 'NONE', *, *, #4790, .F. ) ;
#4908 = VERTEX_POINT ( 'NONE', #9250 ) ;
#4909 = DIRECTION ( 'NONE',  ( -0.000000000000000000, -1.000000000000000000, -0.000000000000000000 ) ) ;
#4910 = VECTOR ( 'NONE', #9006, 1000.000000000000000 ) ;
#4911 = ORIENTED_EDGE ( 'NONE', *, *, #7135, .F. ) ;
#4912 = EDGE_CURVE ( 'NONE', #1910, #3230, #8858, .T. ) ;
#4913 = VERTEX_POINT ( 'NONE', #271 ) ;
#4914 = AXIS2_PLACEMENT_3D ( 'NONE', #3390, #7062, #349 ) ;
#4915 = DIRECTION ( 'NONE',  ( 0.000000000000000000, 0.000000000000000000, 1.000000000000000000 ) ) ;
#4916 = EDGE_LOOP ( 'NONE', ( #7167, #7041 ) ) ;
#4917 = DIRECTION ( 'NONE',  ( 1.000000000000000000, 0.000000000000000000, 0.000000000000000000 ) ) ;
#4918 = VECTOR ( 'NONE', #3475, 1000.000000000000114 ) ;
#4919 = ORIENTED_EDGE ( 'NONE', *, *, #4668, .T. ) ;
#4920 = ITEM_DEFINED_TRANSFORMATION ( 'NONE', 'NONE', #2993,  #6276 ) ;
#4921 = VECTOR ( 'NONE', #657, 1000.000000000000000 ) ;
#4922 = EDGE_LOOP ( 'NONE', ( #4510, #5236, #5761, #1830 ) ) ;
#4923 = DIRECTION ( 'NONE',  ( 0.000000000000000000, 0.000000000000000000, -1.000000000000000000 ) ) ;
#4924 = VECTOR ( 'NONE', #741, 1000.000000000000000 ) ;
#4925 = ORIENTED_EDGE ( 'NONE', *, *, #6451, .T. ) ;
#4926 = DIRECTION ( 'NONE',  ( 1.000000000000000000, 0.000000000000000000, 0.000000000000000000 ) ) ;
#4927 = ADVANCED_FACE ( 'NONE', ( #1207 ), #6397, .F. ) ;
#4928 = ORIENTED_EDGE ( 'NONE', *, *, #9623, .F. ) ;
#4930 = CARTESIAN_POINT ( 'NONE',  ( -15.00000000000000000, 25.99999999999995381, 25.00000000000000711 ) ) ;
#4929 = CIRCLE ( 'NONE', #700, 35.00000000000000000 ) ;
#4931 = DIRECTION ( 'NONE',  ( 1.000000000000000000, 0.000000000000000000, 0.000000000000000000 ) ) ;
#4932 = CARTESIAN_POINT ( 'NONE',  ( -7.416849441166685430, 159.5565245359260018, 11.94874942802336371 ) ) ;
#4933 = DIRECTION ( 'NONE',  ( -1.000000000000000000, 0.000000000000000000, 0.000000000000000000 ) ) ;
#4934 = CARTESIAN_POINT ( 'NONE',  ( -41.45036429804194000, 39.69838535254831413, 1048.706648200530935 ) ) ;
#4935 = DIRECTION ( 'NONE',  ( 1.000000000000000000, -0.000000000000000000, -0.000000000000000000 ) ) ;
#4936 = DIRECTION ( 'NONE',  ( 3.323127485761576556E-16, -0.2873478855663457177, -0.9578262852211512079 ) ) ;
#4937 = FACE_BOUND ( 'NONE', #380, .T. ) ;
#4938 = ADVANCED_FACE ( 'NONE', ( #3206 ), #5512, .F. ) ;
#4939 = AXIS2_PLACEMENT_3D ( 'NONE', #6840, #6198, #9204 ) ;
#4940 = CARTESIAN_POINT ( 'NONE',  ( -85.00000000000002842, 159.9999999999999716, 76.46768836303508010 ) ) ;
#4941 = DIRECTION ( 'NONE',  ( -1.000000000000000000, 1.156482317317870344E-15, -0.000000000000000000 ) ) ;
#4942 = VECTOR ( 'NONE', #3412, 1000.000000000000000 ) ;
#4943 = LINE ( 'NONE', #1071, #1046 ) ;
#4944 = DIRECTION ( 'NONE',  ( 3.494332759618332573E-17, -1.000000000000000000, -1.173735987482871759E-16 ) ) ;
#4945 = VECTOR ( 'NONE', #8617, 1000.000000000000000 ) ;
#4946 = VERTEX_POINT ( 'NONE', #319 ) ;
#4947 = CARTESIAN_POINT ( 'NONE',  ( -32.00000000000000711, 163.0421737147788122, 58.19275428407050299 ) ) ;
#4948 = DIRECTION ( 'NONE',  ( 0.000000000000000000, 1.000000000000000000, 0.000000000000000000 ) ) ;
#4949 = EDGE_CURVE ( 'NONE', #4646, #2307, #397, .T. ) ;
#4950 = CIRCLE ( 'NONE', #8077, 1.000000000000000888 ) ;
#4951 = DIRECTION ( 'NONE',  ( 0.000000000000000000, 0.9578262852211514300, -0.2873478855663456621 ) ) ;
#4952 = ORIENTED_EDGE ( 'NONE', *, *, #2473, .T. ) ;
#4953 = DIRECTION ( 'NONE',  ( 0.000000000000000000, 1.000000000000000000, 0.000000000000000000 ) ) ;
#4954 = DIRECTION ( 'NONE',  ( 1.000000000000000000, -0.000000000000000000, -0.000000000000000000 ) ) ;
#4955 = CIRCLE ( 'NONE', #6046, 1.000000000000000000 ) ;
#4956 = DIRECTION ( 'NONE',  ( -4.956352788505163391E-17, 1.000000000000000000, 0.000000000000000000 ) ) ;
#4957 = ORIENTED_EDGE ( 'NONE', *, *, #9069, .T. ) ;
#4958 = DIRECTION ( 'NONE',  ( 0.000000000000000000, 0.000000000000000000, 1.000000000000000000 ) ) ;
#4959 = MANIFOLD_SOLID_BREP ( 'Boss.-Extru.7', #9532 ) ;
#4960 = VERTEX_POINT ( 'NONE', #2812 ) ;
#4961 = VERTEX_POINT ( 'NONE', #6549 ) ;
#4962 = DIRECTION ( 'NONE',  ( -1.000000000000000000, -1.734723475976805517E-15, 0.000000000000000000 ) ) ;
#4963 = EDGE_LOOP ( 'NONE', ( #199, #1005 ) ) ;
#4964 = AXIS2_PLACEMENT_3D ( 'NONE', #5410, #2465, #6245 ) ;
#4965 = DIRECTION ( 'NONE',  ( -3.323127485761577049E-16, 0.2873478855663457177, 0.9578262852211512079 ) ) ;
#4966 = PLANE ( 'NONE',  #1521 ) ;
#4967 = VERTEX_POINT ( 'NONE', #2078 ) ;
#4968 = AXIS2_PLACEMENT_3D ( 'NONE', #1447, #8912, #8817 ) ;
#4969 = CARTESIAN_POINT ( 'NONE',  ( 10.00000000000000000, 19.99999999999995026, 5.499999999999929834 ) ) ;
#4970 = ORIENTED_EDGE ( 'NONE', *, *, #4724, .T. ) ;
#4971 = CARTESIAN_POINT ( 'NONE',  ( 0.000000000000000000, 0.000000000000000000, 0.000000000000000000 ) ) ;
#4972 = AXIS2_PLACEMENT_3D ( 'NONE', #6465, #9414, #4208 ) ;
#4973 =( REPRESENTATION_RELATIONSHIP ('NONE','NONE', #5518, #3457 ) REPRESENTATION_RELATIONSHIP_WITH_TRANSFORMATION ( #841 )SHAPE_REPRESENTATION_RELATIONSHIP( ) );
#4974 = VECTOR ( 'NONE', #5075, 1000.000000000000000 ) ;
#4975 = ORIENTED_EDGE ( 'NONE', *, *, #920, .T. ) ;
#4976 = CONTEXT_DEPENDENT_SHAPE_REPRESENTATION ( #3825, #2487 ) ;
#4977 = ADVANCED_FACE ( 'NONE', ( #2714, #468 ), #6590, .F. ) ;
#4978 = ORIENTED_EDGE ( 'NONE', *, *, #3143, .F. ) ;
#4979 = CARTESIAN_POINT ( 'NONE',  ( 8.000000000000000000, 29.56414504036120761, 12.24586983568279486 ) ) ;
#4980 = EDGE_CURVE ( 'NONE', #9235, #3402, #752, .T. ) ;
#4981 = DIRECTION ( 'NONE',  ( 0.000000000000000000, 0.000000000000000000, -1.000000000000000000 ) ) ;
#4982 = ORIENTED_EDGE ( 'NONE', *, *, #4196, .F. ) ;
#4983 = DIRECTION ( 'NONE',  ( 0.000000000000000000, 0.000000000000000000, -1.000000000000000000 ) ) ;
#4984 = FACE_OUTER_BOUND ( 'NONE', #3527, .T. ) ;
#4985 = VECTOR ( 'NONE', #2381, 1000.000000000000000 ) ;
#4986 = CARTESIAN_POINT ( 'NONE',  ( -99.13496227031761521, 189.2938267913744141, 10.02396851362993679 ) ) ;
#4987 = CARTESIAN_POINT ( 'NONE',  ( -50.00000000000000000, 157.9999999999999716, 75.00000000000000000 ) ) ;
#4988 = ADVANCED_FACE ( 'NONE', ( #5161 ), #8155, .F. ) ;
#4989 = EDGE_CURVE ( 'NONE', #3346, #8887, #7932, .T. ) ;
#4990 = DIRECTION ( 'NONE',  ( 0.000000000000000000, -0.2873478855663457177, -0.9578262852211512079 ) ) ;
#4991 = DIRECTION ( 'NONE',  ( 0.000000000000000000, -0.2873478855663454956, -0.9578262852211513190 ) ) ;
#4992 = DIRECTION ( 'NONE',  ( 0.000000000000000000, 0.000000000000000000, 1.000000000000000000 ) ) ;
#4993 = CARTESIAN_POINT ( 'NONE',  ( -91.09824089765734811, 37.16179086317691116, 12.91153718268552275 ) ) ;
#4994 = LINE ( 'NONE', #8815, #9490 ) ;
#4995 = EDGE_CURVE ( 'NONE', #6378, #5232, #1300, .T. ) ;
#4996 = CYLINDRICAL_SURFACE ( 'NONE', #4700, 5.500000000000000888 ) ;
#4997 = SHAPE_REPRESENTATION_RELATIONSHIP ( 'NONE' , 'NONE' ,  #6314, #1121 ) ;
#4998 = ORIENTED_EDGE ( 'NONE', *, *, #467, .T. ) ;
#4999 = CYLINDRICAL_SURFACE ( 'NONE', #3916, 1.000000000000000888 ) ;
#5000 = CARTESIAN_POINT ( 'NONE',  ( 8.000000000000000000, 19.99999999999995026, -7.015838463113577974E-14 ) ) ;
#5001 = DIRECTION ( 'NONE',  ( 1.000000000000000000, -0.000000000000000000, -0.000000000000000000 ) ) ;
#5002 = ORIENTED_EDGE ( 'NONE', *, *, #6663, .F. ) ;
#5003 = CARTESIAN_POINT ( 'NONE',  ( -84.99999999999998579, 15.99999999999995559, 16.21320343559643007 ) ) ;
#5004 = CARTESIAN_POINT ( 'NONE',  ( 10.00000000000000000, -2.234548056859605347E-13, -32.00000000000000000 ) ) ;
#5005 = DIRECTION ( 'NONE',  ( 0.000000000000000000, 0.2873478855663457177, -0.9578262852211512079 ) ) ;
#5006 = ORIENTED_EDGE ( 'NONE', *, *, #4665, .T. ) ;
#5007 = EDGE_CURVE ( 'NONE', #233, #7363, #6684, .T. ) ;
#5008 = CARTESIAN_POINT ( 'NONE',  ( -15.00000000000001421, 169.9999999999999716, 75.00000000000000000 ) ) ;
#5009 = EDGE_LOOP ( 'NONE', ( #8063, #8788, #1671, #6632, #608, #6659, #2855, #6275, #9442, #2013, #4569, #5292, #5419, #1769, #6528, #4842 ) ) ;
#5010 = LINE ( 'NONE', #2696, #7782 ) ;
#5011 = VERTEX_POINT ( 'NONE', #3694 ) ;
#5012 = ORIENTED_EDGE ( 'NONE', *, *, #2941, .F. ) ;
#5013 = ORIENTED_EDGE ( 'NONE', *, *, #1026, .F. ) ;
#5014 = CARTESIAN_POINT ( 'NONE',  ( -15.00000000000000000, 37.99999999999995737, 110.0000000000000000 ) ) ;
#5015 = EDGE_LOOP ( 'NONE', ( #6184, #8212, #1751, #7887, #3266, #5637, #4518, #3286, #72, #7011 ) ) ;
#5016 = ADVANCED_FACE ( 'NONE', ( #3149 ), #3098, .T. ) ;
#5017 = CARTESIAN_POINT ( 'NONE',  ( -1.085421957672170867, 31.31351307849307375, 10.02942948634752440 ) ) ;
#5018 = AXIS2_PLACEMENT_3D ( 'NONE', #6941, #6990, #9068 ) ;
#5019 = ORIENTED_EDGE ( 'NONE', *, *, #7008, .F. ) ;
#5020 = ITEM_DEFINED_TRANSFORMATION ( 'NONE', 'NONE', #1744,  #6276 ) ;
#5021 = AXIS2_PLACEMENT_3D ( 'NONE', #5831, #7346, #3522 ) ;
#5022 = AXIS2_PLACEMENT_3D ( 'NONE', #1309, #2823, #5133 ) ;
#5023 = EDGE_LOOP ( 'NONE', ( #6924, #8281 ) ) ;
#5024 = DIRECTION ( 'NONE',  ( 1.000000000000000000, 0.000000000000000000, 0.000000000000000000 ) ) ;
#5025 = CARTESIAN_POINT ( 'NONE',  ( 0.000000000000000000, 0.000000000000000000, -5.000000000000000888 ) ) ;
#5026 = ORIENTED_EDGE ( 'NONE', *, *, #1596, .T. ) ;
#5027 = PLANE ( 'NONE',  #5642 ) ;
#5028 = APPLICATION_CONTEXT ( 'automotive_design' ) ;
#5029 = EDGE_CURVE ( 'NONE', #5441, #3541, #850, .T. ) ;
#5030 = AXIS2_PLACEMENT_3D ( 'NONE', #1664, #6811, #7645 ) ;
#5031 = VECTOR ( 'NONE', #7295, 1000.000000000000000 ) ;
#5032 = AXIS2_PLACEMENT_3D ( 'NONE', #6273, #4659, #2541 ) ;
#5033 = CARTESIAN_POINT ( 'NONE',  ( -95.55599299448550710, 186.3919948799126018, 10.66911834993652164 ) ) ;
#5034 = CARTESIAN_POINT ( 'NONE',  ( 0.000000000000000000, 0.000000000000000000, 1.000000000000000888 ) ) ;
#5035 = EDGE_CURVE ( 'NONE', #4131, #1289, #1348, .T. ) ;
#5036 = AXIS2_PLACEMENT_3D ( 'NONE', #8583, #1856, #7155 ) ;
#5037 =( NAMED_UNIT ( * ) PLANE_ANGLE_UNIT ( ) SI_UNIT ( $, .RADIAN. ) );
#5038 = CARTESIAN_POINT ( 'NONE',  ( 4.000000000000000000, 4.898587196589412829E-16, 80.00000000000000000 ) ) ;
#5039 = FACE_OUTER_BOUND ( 'NONE', #7458, .T. ) ;
#5040 =( GEOMETRIC_REPRESENTATION_CONTEXT ( 3 ) GLOBAL_UNCERTAINTY_ASSIGNED_CONTEXT ( ( #8260 ) ) GLOBAL_UNIT_ASSIGNED_CONTEXT ( ( #825, #6803, #8423 ) ) REPRESENTATION_CONTEXT ( 'NONE', 'WORKASPACE' ) );
#5041 = CARTESIAN_POINT ( 'NONE',  ( 0.000000000000000000, 0.000000000000000000, 6.000000000000000000 ) ) ;
#5042 = EDGE_CURVE ( 'NONE', #7006, #5652, #5666, .T. ) ;
#5043 = CIRCLE ( 'NONE', #7852, 5.500000000000000000 ) ;
#5044 = CARTESIAN_POINT ( 'NONE',  ( -32.00000000000000000, 157.9999999999999432, 65.00000000000000000 ) ) ;
#5045 = DIRECTION ( 'NONE',  ( 0.000000000000000000, -1.000000000000000000, 0.000000000000000000 ) ) ;
#5046 = AXIS2_PLACEMENT_3D ( 'NONE', #8032, #1311, #5823 ) ;
#5047 = DIRECTION ( 'NONE',  ( 1.000000000000000000, 0.000000000000000000, 0.000000000000000000 ) ) ;
#5048 = AXIS2_PLACEMENT_3D ( 'NONE', #4484, #5464, #9209 ) ;
#5049 = VERTEX_POINT ( 'NONE', #2359 ) ;
#5050 = CARTESIAN_POINT ( 'NONE',  ( 0.000000000000000000, 0.000000000000000000, 10.00000000000000000 ) ) ;
#5051 = CARTESIAN_POINT ( 'NONE',  ( 0.000000000000000000, 0.000000000000000000, 7.000000000000000000 ) ) ;
#5052 = CARTESIAN_POINT ( 'NONE',  ( -84.99999999999997158, 169.9578262852211310, 25.14057904926285403 ) ) ;
#5053 = FACE_OUTER_BOUND ( 'NONE', #835, .T. ) ;
#5054 = SURFACE_STYLE_FILL_AREA ( #5229 ) ;
#5055 = LINE ( 'NONE', #9527, #3246 ) ;
#5056 = CARTESIAN_POINT ( 'NONE',  ( -2.249999999999999112, 22.00000000000000000, 92.00000000000001421 ) ) ;
#5057 = ORIENTED_EDGE ( 'NONE', *, *, #2931, .F. ) ;
#5058 = CARTESIAN_POINT ( 'NONE',  ( -67.99999999999997158, 31.99999999999995737, 45.00000000000003553 ) ) ;
#5059 = VERTEX_POINT ( 'NONE', #4565 ) ;
#5060 = AXIS2_PLACEMENT_3D ( 'NONE', #7243, #1069, #5670 ) ;
#5061 = CARTESIAN_POINT ( 'NONE',  ( -32.00000000000000711, 166.5440306508910169, 50.00000000000000000 ) ) ;
#5062 = ORIENTED_EDGE ( 'NONE', *, *, #3840, .T. ) ;
#5063 = EDGE_CURVE ( 'NONE', #288, #3191, #4469, .T. ) ;
#5064 = ORIENTED_EDGE ( 'NONE', *, *, #5115, .F. ) ;
#5065 = LINE ( 'NONE', #1519, #3533 ) ;
#5066 = ORIENTED_EDGE ( 'NONE', *, *, #8616, .F. ) ;
#5067 = DIRECTION ( 'NONE',  ( 0.000000000000000000, 0.000000000000000000, -1.000000000000000000 ) ) ;
#5068 = ORIENTED_EDGE ( 'NONE', *, *, #7403, .F. ) ;
#5069 = VERTEX_POINT ( 'NONE', #2308 ) ;
#5070 = PRESENTATION_LAYER_ASSIGNMENT (  '', '', ( #5868 ) ) ;
#5071 = LINE ( 'NONE', #7365, #4921 ) ;
#5072 = ADVANCED_FACE ( 'NONE', ( #707 ), #6778, .F. ) ;
#5073 = PRODUCT_DEFINITION_SHAPE ( 'NONE', 'NONE',  #9662 ) ;
#5074 = ORIENTED_EDGE ( 'NONE', *, *, #8629, .T. ) ;
#5075 = DIRECTION ( 'NONE',  ( 1.000000000000000000, 0.000000000000000000, -5.782411586589345411E-15 ) ) ;
#5076 = CARTESIAN_POINT ( 'NONE',  ( -86.15947576750033932, 180.0000000000000284, 19.14691415990898804 ) ) ;
#5077 = AXIS2_PLACEMENT_3D ( 'NONE', #574, #5082, #3508 ) ;
#5078 = APPLICATION_PROTOCOL_DEFINITION ( 'draft international standard', 'automotive_design', 1998, #5028 ) ;
#5079 = CIRCLE ( 'NONE', #846, 28.99999999999999645 ) ;
#5080 = PRODUCT_DEFINITION_SHAPE ( 'NONE', 'NONE',  #9650 ) ;
#5081 = DIRECTION ( 'NONE',  ( -0.000000000000000000, -0.000000000000000000, -1.000000000000000000 ) ) ;
#5082 = DIRECTION ( 'NONE',  ( -0.000000000000000000, 1.000000000000000000, -0.000000000000000000 ) ) ;
#5083 = CIRCLE ( 'NONE', #7579, 5.499999999999999112 ) ;
#5084 = ADVANCED_FACE ( 'NONE', ( #5993 ), #2952, .F. ) ;
#5085 = DIRECTION ( 'NONE',  ( -1.000000000000000000, 0.000000000000000000, 0.000000000000000000 ) ) ;
#5086 = CYLINDRICAL_SURFACE ( 'NONE', #1635, 5.499999999999998224 ) ;
#5087 = CARTESIAN_POINT ( 'NONE',  ( 8.000000000000000000, 32.00000000000000000, 5.499999999999884537 ) ) ;
#5088 = DIRECTION ( 'NONE',  ( 0.9988005130857932068, -4.483518768970915917E-16, 0.04896463069968134268 ) ) ;
#5089 = ORIENTED_EDGE ( 'NONE', *, *, #7737, .F. ) ;
#5090 = DIRECTION ( 'NONE',  ( 1.000000000000000000, 0.000000000000000000, 0.000000000000000000 ) ) ;
#5091 = EDGE_CURVE ( 'NONE', #4908, #977, #4848, .T. ) ;
#5092 = CYLINDRICAL_SURFACE ( 'NONE', #587, 40.00000000000000000 ) ;
#5093 = DIRECTION ( 'NONE',  ( 1.000000000000000000, 0.000000000000000000, 0.000000000000000000 ) ) ;
#5094 = EDGE_CURVE ( 'NONE', #7910, #1916, #1815, .T. ) ;
#5095 = DIRECTION ( 'NONE',  ( 1.000000000000000000, 0.000000000000000000, 0.000000000000000000 ) ) ;
#5096 = LINE ( 'NONE', #4263, #3452 ) ;
#5097 = DIRECTION ( 'NONE',  ( 1.000000000000000000, 0.000000000000000000, 0.000000000000000000 ) ) ;
#5098 = ADVANCED_BREP_SHAPE_REPRESENTATION ( '', ( #4494, #6276 ), #2677 ) ;
#5099 = AXIS2_PLACEMENT_3D ( 'NONE', #3998, #276, #322 ) ;
#5100 = CARTESIAN_POINT ( 'NONE',  ( 8.000000000000000000, -31.99999999999999289, 3.351822085289408021E-13 ) ) ;
#5101 = ORIENTED_EDGE ( 'NONE', *, *, #8440, .F. ) ;
#5102 = CARTESIAN_POINT ( 'NONE',  ( -50.00000000000000000, 157.9999999999999716, 86.20000000000000284 ) ) ;
#5103 = EDGE_CURVE ( 'NONE', #6374, #6330, #575, .T. ) ;
#5104 = ORIENTED_EDGE ( 'NONE', *, *, #17, .T. ) ;
#5105 = EDGE_CURVE ( 'NONE', #3433, #7412, #4318, .T. ) ;
#5106 = CARTESIAN_POINT ( 'NONE',  ( -85.00000000000000000, 157.9999999999999716, 110.0000000000000000 ) ) ;
#5107 = ORIENTED_EDGE ( 'NONE', *, *, #3662, .T. ) ;
#5108 = AXIS2_PLACEMENT_3D ( 'NONE', #6384, #5644, #6481 ) ;
#5109 = CIRCLE ( 'NONE', #3217, 11.09553823317370380 ) ;
#5110 = CARTESIAN_POINT ( 'NONE',  ( 8.000000000000000000, -12.24586983568310572, -24.06414504036107616 ) ) ;
#5111 = DIRECTION ( 'NONE',  ( -1.982541115402065356E-16, -1.000000000000000000, 0.000000000000000000 ) ) ;
#5112 = ORIENTED_EDGE ( 'NONE', *, *, #2003, .F. ) ;
#5113 = DIRECTION ( 'NONE',  ( -1.000000000000000000, 1.734723475976805517E-15, 0.000000000000000000 ) ) ;
#5114 = PRODUCT_DEFINITION_CONTEXT ( 'detailed design', #6335, 'design' ) ;
#5115 = EDGE_CURVE ( 'NONE', #2444, #7908, #1197, .T. ) ;
#5116 = VERTEX_POINT ( 'NONE', #19 ) ;
#5117 = ITEM_DEFINED_TRANSFORMATION ( 'NONE', 'NONE', #4406,  #6276 ) ;
#5118 = AXIS2_PLACEMENT_3D ( 'NONE', #3902, #4546, #7736 ) ;
#5119 = ORIENTED_EDGE ( 'NONE', *, *, #2262, .T. ) ;
#5120 = DIRECTION ( 'NONE',  ( -1.661563742880786749E-15, 0.9578262852211513190, -0.2873478855663457732 ) ) ;
#5121 = DIRECTION ( 'NONE',  ( 1.000000000000000000, 0.000000000000000000, 0.000000000000000000 ) ) ;
#5122 = ORIENTED_EDGE ( 'NONE', *, *, #1737, .F. ) ;
#5124 = DIRECTION ( 'NONE',  ( 1.000000000000000000, 0.000000000000000000, 0.000000000000000000 ) ) ;
#5123 = VECTOR ( 'NONE', #126, 1000.000000000000000 ) ;
#5125 = VERTEX_POINT ( 'NONE', #5401 ) ;
#5126 = CARTESIAN_POINT ( 'NONE',  ( -90.69525022453190388, 182.6297446112046430, 13.20797734992407158 ) ) ;
#5127 = EDGE_CURVE ( 'NONE', #3133, #7560, #5253, .T. ) ;
#5128 = DIRECTION ( 'NONE',  ( -1.661563742880786749E-15, -0.9578262852211513190, 0.2873478855663457732 ) ) ;
#5129 = AXIS2_PLACEMENT_3D ( 'NONE', #3417, #6401, #3259 ) ;
#5130 = DIRECTION ( 'NONE',  ( -1.000000000000000000, -9.912705577010326782E-17, 0.000000000000000000 ) ) ;
#5131 = CARTESIAN_POINT ( 'NONE',  ( -59.09553823317372689, 148.9999999999999716, 75.00000000000000000 ) ) ;
#5132 = CARTESIAN_POINT ( 'NONE',  ( -15.00000000000001421, 169.9999999999999716, 25.00000000000000711 ) ) ;
#5133 = DIRECTION ( 'NONE',  ( 0.000000000000000000, 0.000000000000000000, -1.000000000000000000 ) ) ;
#5134 = ADVANCED_FACE ( 'NONE', ( #8399 ), #7415, .F. ) ;
#5135 = DIRECTION ( 'NONE',  ( -0.3895624194130524187, 5.867084124286025041E-17, -0.9210000658963325426 ) ) ;
#5136 = VERTEX_POINT ( 'NONE', #64 ) ;
#5137 = LINE ( 'NONE', #2004, #7369 ) ;
#5138 = DIRECTION ( 'NONE',  ( 1.000000000000000000, 0.000000000000000000, 0.000000000000000000 ) ) ;
#5139 = CARTESIAN_POINT ( 'NONE',  ( -50.00000000000000000, 0.000000000000000000, 75.00000000000000000 ) ) ;
#5140 = CARTESIAN_POINT ( 'NONE',  ( 8.000000000000000000, -29.56414504036129998, -12.24586983568257459 ) ) ;
#5141 = ADVANCED_FACE ( 'NONE', ( #3049 ), #5452, .F. ) ;
#5142 = CARTESIAN_POINT ( 'NONE',  ( 8.000000000000000000, -1.393144556684672268E-13, -14.49999999999995204 ) ) ;
#5143 = ORIENTED_EDGE ( 'NONE', *, *, #1749, .T. ) ;
#5144 = ADVANCED_FACE ( 'NONE', ( #7659 ), #9291, .F. ) ;
#5145 = ORIENTED_EDGE ( 'NONE', *, *, #8895, .T. ) ;
#5146 = PRODUCT_DEFINITION_SHAPE ( 'NONE', 'NONE',  #9663 ) ;
#5147 = ORIENTED_EDGE ( 'NONE', *, *, #6253, .T. ) ;
#5148 =( REPRESENTATION_RELATIONSHIP ('NONE','NONE', #5518, #3457 ) REPRESENTATION_RELATIONSHIP_WITH_TRANSFORMATION ( #7761 )SHAPE_REPRESENTATION_RELATIONSHIP( ) );
#5149 = CARTESIAN_POINT ( 'NONE',  ( 1.734723475976807094E-15, 25.99999999999995381, 25.00000000000000711 ) ) ;
#5150 = CARTESIAN_POINT ( 'NONE',  ( -88.80263643295778309, 26.06580218765926915, 14.99926968785988990 ) ) ;
#5151 = CARTESIAN_POINT ( 'NONE',  ( 8.000000000000000000, -14.14213562373074495, 8.642135623731086014 ) ) ;
#5152 = VERTEX_POINT ( 'NONE', #7866 ) ;
#5153 = CARTESIAN_POINT ( 'NONE',  ( -11.61129357972717457, 25.99999999999995381, 15.48172477296957084 ) ) ;
#5154 = EDGE_LOOP ( 'NONE', ( #9488, #4712, #7222, #3910 ) ) ;
#5155 = VERTEX_POINT ( 'NONE', #1096 ) ;
#5156 = CARTESIAN_POINT ( 'NONE',  ( -2.249999999999999112, 22.00000000000000000, 101.0000000000000000 ) ) ;
#5157 = LINE ( 'NONE', #5850, #8522 ) ;
#5158 = ORIENTED_EDGE ( 'NONE', *, *, #5708, .T. ) ;
#5159 = CARTESIAN_POINT ( 'NONE',  ( 8.000000000000000000, 12.24586983568269183, -35.06414504036126090 ) ) ;
#5160 = ORIENTED_EDGE ( 'NONE', *, *, #7385, .T. ) ;
#5161 = FACE_OUTER_BOUND ( 'NONE', #3631, .T. ) ;
#5162 = DIRECTION ( 'NONE',  ( -0.000000000000000000, -0.000000000000000000, 1.000000000000000000 ) ) ;
#5163 = CARTESIAN_POINT ( 'NONE',  ( 8.000000000000000000, -1.399880114079982575E-13, -19.99999999999995026 ) ) ;
#5164 = VECTOR ( 'NONE', #4953, 1000.000000000000000 ) ;
#5165 = EDGE_CURVE ( 'NONE', #7493, #2345, #4955, .T. ) ;
#5166 = VECTOR ( 'NONE', #6790, 1000.000000000000227 ) ;
#5167 = VERTEX_POINT ( 'NONE', #6921 ) ;
#5168 = DIRECTION ( 'NONE',  ( 0.000000000000000000, 0.000000000000000000, 1.000000000000000000 ) ) ;
#5169 = VECTOR ( 'NONE', #7345, 1000.000000000000000 ) ;
#5170 = EDGE_LOOP ( 'NONE', ( #2949, #6478, #9180, #7667 ) ) ;
#5171 = DIRECTION ( 'NONE',  ( 1.000000000000000000, 0.000000000000000000, 0.000000000000000000 ) ) ;
#5172 = DIRECTION ( 'NONE',  ( -0.000000000000000000, -0.000000000000000000, -1.000000000000000000 ) ) ;
#5173 = DIRECTION ( 'NONE',  ( -0.007457279505617383716, 2.342195058190932875E-16, -0.9999721941046034734 ) ) ;
#5174 = ORIENTED_EDGE ( 'NONE', *, *, #6392, .T. ) ;
#5175 = AXIS2_PLACEMENT_3D ( 'NONE', #2692, #9381, #4958 ) ;
#5176 = DIRECTION ( 'NONE',  ( 0.000000000000000000, 0.000000000000000000, 1.000000000000000000 ) ) ;
#5177 = FACE_OUTER_BOUND ( 'NONE', #2695, .T. ) ;
#5178 = CARTESIAN_POINT ( 'NONE',  ( 10.00000000000000000, -14.14213562373103272, -14.14213562373079291 ) ) ;
#5179 = EDGE_CURVE ( 'NONE', #1962, #895, #207, .T. ) ;
#5180 = VECTOR ( 'NONE', #5260, 1000.000000000000000 ) ;
#5181 = DIRECTION ( 'NONE',  ( 1.000000000000000000, -0.000000000000000000, -0.000000000000000000 ) ) ;
#5182 = FACE_OUTER_BOUND ( 'NONE', #5530, .T. ) ;
#5183 = DIRECTION ( 'NONE',  ( 0.000000000000000000, 1.000000000000000000, 0.000000000000000000 ) ) ;
#5184 = ORIENTED_EDGE ( 'NONE', *, *, #1795, .F. ) ;
#5185 = AXIS2_PLACEMENT_3D ( 'NONE', #1155, #7721, #7187 ) ;
#5186 = LINE ( 'NONE', #4400, #10 ) ;
#5187 = ORIENTED_EDGE ( 'NONE', *, *, #3503, .T. ) ;
#5188 = AXIS2_PLACEMENT_3D ( 'NONE', #6439, #8704, #5024 ) ;
#5189 = DIRECTION ( 'NONE',  ( 1.000000000000000000, 0.000000000000000000, -0.000000000000000000 ) ) ;
#5190 = ORIENTED_EDGE ( 'NONE', *, *, #8124, .F. ) ;
#5191 = DIRECTION ( 'NONE',  ( 0.000000000000000000, 0.000000000000000000, -1.000000000000000000 ) ) ;
#5192 = VECTOR ( 'NONE', #4597, 1000.000000000000000 ) ;
#5193 = PLANE ( 'NONE',  #8491 ) ;
#5194 = EDGE_CURVE ( 'NONE', #3543, #6280, #7810, .T. ) ;
#5195 = CARTESIAN_POINT ( 'NONE',  ( -95.70116070668505870, 29.31798210428416596, 10.58796369521405545 ) ) ;
#5196 = CARTESIAN_POINT ( 'NONE',  ( 8.000000000000000000, 14.14213562373094213, 14.14213562373089417 ) ) ;
#5197 = ORIENTED_EDGE ( 'NONE', *, *, #3110, .F. ) ;
#5198 = DIRECTION ( 'NONE',  ( 1.000000000000000000, 0.000000000000000000, 0.000000000000000000 ) ) ;
#5199 = EDGE_LOOP ( 'NONE', ( #100, #652, #6517, #3408 ) ) ;
#5200 = ITEM_DEFINED_TRANSFORMATION ( 'NONE', 'NONE', #4254,  #6276 ) ;
#5201 =( REPRESENTATION_RELATIONSHIP ('NONE','NONE', #5518, #3457 ) REPRESENTATION_RELATIONSHIP_WITH_TRANSFORMATION ( #7709 )SHAPE_REPRESENTATION_RELATIONSHIP( ) );
#5202 = ORIENTED_EDGE ( 'NONE', *, *, #3196, .F. ) ;
#5203 = LINE ( 'NONE', #4463, #8832 ) ;
#5204 = DIRECTION ( 'NONE',  ( 1.000000000000000000, -0.000000000000000000, -0.000000000000000000 ) ) ;
#5205 = ADVANCED_FACE ( 'NONE', ( #3341, #3193 ), #4079, .T. ) ;
#5206 = CIRCLE ( 'NONE', #2222, 1.000000000000000888 ) ;
#5207 = EDGE_LOOP ( 'NONE', ( #8892, #861 ) ) ;
#5208 = VERTEX_POINT ( 'NONE', #9192 ) ;
#5209 = DIRECTION ( 'NONE',  ( 0.000000000000000000, -0.9578262852211514300, -0.2873478855663456621 ) ) ;
#5210 = EDGE_CURVE ( 'NONE', #5925, #7412, #4033, .T. ) ;
#5211 = CARTESIAN_POINT ( 'NONE',  ( 0.000000000000000000, 0.000000000000000000, 15.00000000000000000 ) ) ;
#5212 = CARTESIAN_POINT ( 'NONE',  ( -50.00000000000001421, 180.0000000000000000, 110.0000000000000000 ) ) ;
#5213 = CYLINDRICAL_SURFACE ( 'NONE', #844, 2.249999999999999112 ) ;
#5214 = VERTEX_POINT ( 'NONE', #2553 ) ;
#5215 = FACE_OUTER_BOUND ( 'NONE', #759, .T. ) ;
#5216 = CARTESIAN_POINT ( 'NONE',  ( -50.00000000000000711, 25.49999999999995737, 75.00000000000000000 ) ) ;
#5217 = AXIS2_PLACEMENT_3D ( 'NONE', #3566, #5962, #7487 ) ;
#5218 = CYLINDRICAL_SURFACE ( 'NONE', #5640, 5.499999999999998224 ) ;
#5219 = VECTOR ( 'NONE', #932, 1000.000000000000114 ) ;
#5220 = DIRECTION ( 'NONE',  ( -0.3757831636061413350, -1.577197662983087519E-16, 0.9267076205309634496 ) ) ;
#5221 = ORIENTED_EDGE ( 'NONE', *, *, #1945, .T. ) ;
#5222 = EDGE_CURVE ( 'NONE', #5297, #5983, #5109, .T. ) ;
#5223 = CARTESIAN_POINT ( 'NONE',  ( -1.536251789090978676E-13, -22.00000000000000000, 92.00000000000001421 ) ) ;
#5224 = DIRECTION ( 'NONE',  ( 1.000000000000000000, 0.000000000000000000, 0.000000000000000000 ) ) ;
#5225 = DIRECTION ( 'NONE',  ( 0.000000000000000000, 0.000000000000000000, -1.000000000000000000 ) ) ;
#5226 = AXIS2_PLACEMENT_3D ( 'NONE', #3418, #2572, #373 ) ;
#5227 = PRODUCT_DEFINITION_SHAPE ( 'NONE', 'NONE',  #9640 ) ;
#5228 = CARTESIAN_POINT ( 'NONE',  ( -84.99999999999997158, 157.9999999999999716, 25.00000000000000711 ) ) ;
#5229 = FILL_AREA_STYLE ('',( #2231 ) ) ;
#5230 = DIRECTION ( 'NONE',  ( 1.000000000000000000, -0.000000000000000000, 0.000000000000000000 ) ) ;
#5231 = AXIS2_PLACEMENT_3D ( 'NONE', #5639, #4909, #3189 ) ;
#5232 = VERTEX_POINT ( 'NONE', #358 ) ;
#5233 = VERTEX_POINT ( 'NONE', #9391 ) ;
#5234 = ADVANCED_FACE ( 'NONE', ( #8443 ), #1723, .F. ) ;
#5235 = DIRECTION ( 'NONE',  ( 1.000000000000000000, 0.000000000000000000, 0.000000000000000000 ) ) ;
#5236 = ORIENTED_EDGE ( 'NONE', *, *, #2317, .T. ) ;
#5237 = VECTOR ( 'NONE', #1308, 1000.000000000000000 ) ;
#5238 = CARTESIAN_POINT ( 'NONE',  ( 0.000000000000000000, 189.9999999999998863, 10.00000000000000000 ) ) ;
#5239 = VECTOR ( 'NONE', #223, 1000.000000000000000 ) ;
#5240 = DIRECTION ( 'NONE',  ( 0.000000000000000000, 1.000000000000000000, 0.000000000000000000 ) ) ;
#5241 = FACE_OUTER_BOUND ( 'NONE', #6657, .T. ) ;
#5242 = ORIENTED_EDGE ( 'NONE', *, *, #2239, .F. ) ;
#5243 = LINE ( 'NONE', #8239, #2979 ) ;
#5244 = ORIENTED_EDGE ( 'NONE', *, *, #9374, .T. ) ;
#5245 = ORIENTED_EDGE ( 'NONE', *, *, #8136, .T. ) ;
#5246 = CIRCLE ( 'NONE', #7760, 35.00000000000000000 ) ;
#5247 = ORIENTED_EDGE ( 'NONE', *, *, #7661, .F. ) ;
#5248 = FACE_OUTER_BOUND ( 'NONE', #7431, .T. ) ;
#5249 = CARTESIAN_POINT ( 'NONE',  ( 10.00000000000000000, -5.833392311421893986E-14, -13.99999999999995204 ) ) ;
#5250 = VERTEX_POINT ( 'NONE', #5549 ) ;
#5251 = AXIS2_PLACEMENT_3D ( 'NONE', #9326, #4112, #5005 ) ;
#5252 = EDGE_LOOP ( 'NONE', ( #8997, #3587, #8546, #5101 ) ) ;
#5253 = LINE ( 'NONE', #8253, #6664 ) ;
#5254 = ADVANCED_FACE ( 'NONE', ( #6333 ), #305, .T. ) ;
#5255 = VECTOR ( 'NONE', #2210, 1000.000000000000000 ) ;
#5256 = ITEM_DEFINED_TRANSFORMATION ( 'NONE', 'NONE', #3300,  #6276 ) ;
#5257 = EDGE_CURVE ( 'NONE', #2929, #891, #4721, .T. ) ;
#5258 = DIRECTION ( 'NONE',  ( 1.000000000000000000, 0.000000000000000000, 0.000000000000000000 ) ) ;
#5259 = ORIENTED_EDGE ( 'NONE', *, *, #9236, .F. ) ;
#5260 = DIRECTION ( 'NONE',  ( -0.000000000000000000, -0.000000000000000000, 1.000000000000000000 ) ) ;
#5261 = VECTOR ( 'NONE', #2379, 1000.000000000000000 ) ;
#5262 = LINE ( 'NONE', #9199, #999 ) ;
#5263 = EDGE_LOOP ( 'NONE', ( #8537, #5972, #8218, #9445 ) ) ;
#5264 = DIRECTION ( 'NONE',  ( 0.000000000000000000, 0.2873478855663455511, 0.9578262852211513190 ) ) ;
#5265 = DIRECTION ( 'NONE',  ( 0.000000000000000000, 0.000000000000000000, 1.000000000000000000 ) ) ;
#5266 = VECTOR ( 'NONE', #502, 1000.000000000000000 ) ;
#5267 = LINE ( 'NONE', #1642, #7362 ) ;
#5268 = ADVANCED_FACE ( 'NONE', ( #5601, #8602 ), #1872, .F. ) ;
#5269 = DIRECTION ( 'NONE',  ( 0.9267076205309608961, 1.053849786181527855E-16, 0.3757831636061472746 ) ) ;
#5270 = AXIS2_PLACEMENT_3D ( 'NONE', #5000, #8630, #4258 ) ;
#5271 = CIRCLE ( 'NONE', #7157, 4.000000000000000000 ) ;
#5272 = VERTEX_POINT ( 'NONE', #407 ) ;
#5273 = CARTESIAN_POINT ( 'NONE',  ( -100.0000000000000000, 0.9999999999999570344, 10.00000000000000000 ) ) ;
#5274 = CARTESIAN_POINT ( 'NONE',  ( -85.00000000000002842, 158.9999999999999716, 24.85323116369650265 ) ) ;
#5275 = DIRECTION ( 'NONE',  ( 0.000000000000000000, 0.000000000000000000, 1.000000000000000000 ) ) ;
#5276 = CLOSED_SHELL ( 'NONE', ( #2761, #5016, #6349, #7654 ) ) ;
#5277 = CARTESIAN_POINT ( 'NONE',  ( -15.00000000000000000, 25.99999999999995381, 65.00000000000000000 ) ) ;
#5278 = EDGE_CURVE ( 'NONE', #2459, #6756, #1042, .T. ) ;
#5279 = FILL_AREA_STYLE_COLOUR ( '', #6258 ) ;
#5280 = CARTESIAN_POINT ( 'NONE',  ( 10.00000000000000000, -14.14213562373074495, 14.14213562373108779 ) ) ;
#5281 = VERTEX_POINT ( 'NONE', #6969 ) ;
#5282 = CARTESIAN_POINT ( 'NONE',  ( -32.00000000000000000, 37.99999999999995737, 35.00000000000000000 ) ) ;
#5283 = CARTESIAN_POINT ( 'NONE',  ( -85.00000000000000000, 37.99999999999995026, 35.00000000000000000 ) ) ;
#5284 = EDGE_LOOP ( 'NONE', ( #5068, #1250, #3903, #2982 ) ) ;
#5285 = CARTESIAN_POINT ( 'NONE',  ( 0.000000000000000000, 0.000000000000000000, 19.00000000000000355 ) ) ;
#5286 = ADVANCED_FACE ( 'NONE', ( #258 ), #3245, .T. ) ;
#5287 = DIRECTION ( 'NONE',  ( 4.956352788505163391E-17, 1.000000000000000000, 0.000000000000000000 ) ) ;
#5288 = FILL_AREA_STYLE_COLOUR ( '', #7298 ) ;
#5289 = ORIENTED_EDGE ( 'NONE', *, *, #4995, .F. ) ;
#5290 = PLANE ( 'NONE',  #8300 ) ;
#5291 = ORIENTED_EDGE ( 'NONE', *, *, #7610, .T. ) ;
#5292 = ORIENTED_EDGE ( 'NONE', *, *, #6663, .T. ) ;
#5293 = VERTEX_POINT ( 'NONE', #1193 ) ;
#5294 = DIRECTION ( 'NONE',  ( 0.000000000000000000, 1.000000000000000000, 0.000000000000000000 ) ) ;
#5295 = CARTESIAN_POINT ( 'NONE',  ( 8.000000000000000000, -12.24586983568247156, 24.06414504036134616 ) ) ;
#5296 = EDGE_CURVE ( 'NONE', #3799, #7859, #1655, .T. ) ;
#5297 = VERTEX_POINT ( 'NONE', #7175 ) ;
#5298 = EDGE_LOOP ( 'NONE', ( #3351, #6430, #6672 ) ) ;
#5299 = CARTESIAN_POINT ( 'NONE',  ( -84.98984951091419759, 169.9999999999999716, 75.97601311450523554 ) ) ;
#5300 = DIRECTION ( 'NONE',  ( 1.000000000000000000, 0.000000000000000000, 0.000000000000000000 ) ) ;
#5301 = ORIENTED_EDGE ( 'NONE', *, *, #2808, .T. ) ;
#5302 = LINE ( 'NONE', #6879, #8156 ) ;
#5303 = UNCERTAINTY_MEASURE_WITH_UNIT (LENGTH_MEASURE( 1.000000000000000082E-05 ), #6190, 'distance_accuracy_value', 'NONE');
#5304 = FACE_OUTER_BOUND ( 'NONE', #550, .T. ) ;
#5305 = EDGE_CURVE ( 'NONE', #2208, #8578, #2704, .T. ) ;
#5306 = ORIENTED_EDGE ( 'NONE', *, *, #3786, .T. ) ;
#5307 = CARTESIAN_POINT ( 'NONE',  ( 10.00000000000000000, -22.62741699796924522, 22.62741699796980299 ) ) ;
#5308 = EDGE_CURVE ( 'NONE', #1289, #7010, #4275, .T. ) ;
#5309 = CARTESIAN_POINT ( 'NONE',  ( 10.00000000000000000, -14.14213562373103272, -14.14213562373079291 ) ) ;
#5310 = CARTESIAN_POINT ( 'NONE',  ( -100.0000000000000000, 0.000000000000000000, 0.000000000000000000 ) ) ;
#5311 = CARTESIAN_POINT ( 'NONE',  ( -31.42561952914612533, -20.57544454745024254, 1072.814439895436635 ) ) ;
#5312 = ORIENTED_EDGE ( 'NONE', *, *, #8115, .F. ) ;
#5313 = DIRECTION ( 'NONE',  ( 1.000000000000000000, -0.000000000000000000, -0.000000000000000000 ) ) ;
#5314 = AXIS2_PLACEMENT_3D ( 'NONE', #1949, #331, #5572 ) ;
#5315 = CARTESIAN_POINT ( 'NONE',  ( -99.73028672475624035, 163.8294184078887383, 10.00000000000000711 ) ) ;
#5316 = CYLINDRICAL_SURFACE ( 'NONE', #2093, 15.00000000000000178 ) ;
#5317 = AXIS2_PLACEMENT_3D ( 'NONE', #1885, #8563, #1937 ) ;
#5318 = EDGE_CURVE ( 'NONE', #2542, #6721, #2588, .T. ) ;
#5319 = CARTESIAN_POINT ( 'NONE',  ( -49.99999999999999289, 170.4999999999999716, 84.09553823317371268 ) ) ;
#5320 = CARTESIAN_POINT ( 'NONE',  ( 0.000000000000000000, 0.000000000000000000, 0.000000000000000000 ) ) ;
#5321 =( REPRESENTATION_RELATIONSHIP ('NONE','NONE', #5518, #2302 ) REPRESENTATION_RELATIONSHIP_WITH_TRANSFORMATION ( #8301 )SHAPE_REPRESENTATION_RELATIONSHIP( ) );
#5322 = AXIS2_PLACEMENT_3D ( 'NONE', #8481, #7547, #2386 ) ;
#5323 = FACE_OUTER_BOUND ( 'NONE', #2845, .T. ) ;
#5324 = CIRCLE ( 'NONE', #1573, 5.499999999999998224 ) ;
#5325 =( NAMED_UNIT ( * ) SI_UNIT ( $, .STERADIAN. ) SOLID_ANGLE_UNIT ( ) );
#5326 = CARTESIAN_POINT ( 'NONE',  ( -88.00000000000001421, 25.99999999999995737, 16.00000000000000000 ) ) ;
#5327 = VERTEX_POINT ( 'NONE', #9541 ) ;
#5328 = DIRECTION ( 'NONE',  ( 0.000000000000000000, 0.000000000000000000, 1.000000000000000000 ) ) ;
#5329 = LINE ( 'NONE', #7589, #3549 ) ;
#5330 = ORIENTED_EDGE ( 'NONE', *, *, #4157, .F. ) ;
#5331 = VECTOR ( 'NONE', #6050, 1000.000000000000000 ) ;
#5332 = VECTOR ( 'NONE', #1460, 1000.000000000000000 ) ;
#5333 = CYLINDRICAL_SURFACE ( 'NONE', #2689, 5.499999999999998224 ) ;
#5334 = CYLINDRICAL_SURFACE ( 'NONE', #4237, 10.00000000000000000 ) ;
#5335 = CYLINDRICAL_SURFACE ( 'NONE', #7787, 5.500000000000000000 ) ;
#5336 = CARTESIAN_POINT ( 'NONE',  ( -2.822041761738065535, -2.904923457684609911, 7.000000000000000888 ) ) ;
#5337 = ORIENTED_EDGE ( 'NONE', *, *, #261, .F. ) ;
#5338 = LINE ( 'NONE', #8336, #164 ) ;
#5339 = EDGE_LOOP ( 'NONE', ( #2870, #2253 ) ) ;
#5340 = VERTEX_POINT ( 'NONE', #1381 ) ;
#5341 = CONTEXT_DEPENDENT_SHAPE_REPRESENTATION ( #3459, #7123 ) ;
#5342 = AXIS2_PLACEMENT_3D ( 'NONE', #426, #4833, #5613 ) ;
#5343 = EDGE_CURVE ( 'NONE', #9393, #8345, #3843, .T. ) ;
#5344 = ORIENTED_EDGE ( 'NONE', *, *, #1115, .T. ) ;
#5345 = CARTESIAN_POINT ( 'NONE',  ( -15.00000000000001421, 169.9999999999999716, 35.00000000000000711 ) ) ;
#5346 = CARTESIAN_POINT ( 'NONE',  ( 8.000000000000000000, 3.287578542732749400E-16, 19.99999999999995026 ) ) ;
#5347 = ORIENTED_EDGE ( 'NONE', *, *, #7505, .T. ) ;
#5348 = ORIENTED_EDGE ( 'NONE', *, *, #1484, .T. ) ;
#5349 = CARTESIAN_POINT ( 'NONE',  ( -2.822041761738065535, -2.904923457684609911, 7.000000000000000888 ) ) ;
#5350 = ITEM_DEFINED_TRANSFORMATION ( 'NONE', 'NONE', #3925,  #6276 ) ;
#5351 = ADVANCED_FACE ( 'NONE', ( #2804 ), #8797, .F. ) ;
#5352 = DIRECTION ( 'NONE',  ( 0.000000000000000000, -0.000000000000000000, 1.000000000000000000 ) ) ;
#5353 = ORIENTED_EDGE ( 'NONE', *, *, #8660, .F. ) ;
#5354 = DIRECTION ( 'NONE',  ( 0.000000000000000000, 0.000000000000000000, -1.000000000000000000 ) ) ;
#5355 = LINE ( 'NONE', #2267, #3178 ) ;
#5356 = ORIENTED_EDGE ( 'NONE', *, *, #7186, .F. ) ;
#5357 = CARTESIAN_POINT ( 'NONE',  ( -32.00000000000000000, 161.4559693491088979, 50.00000000000000000 ) ) ;
#5358 = LINE ( 'NONE', #9060, #8216 ) ;
#5359 = CARTESIAN_POINT ( 'NONE',  ( -67.99999999999995737, 166.5440306508910169, 50.00000000000000000 ) ) ;
#5360 = CARTESIAN_POINT ( 'NONE',  ( -31.57569663294812301, 39.69838535254830703, 1073.487181882002687 ) ) ;
#5361 = ORIENTED_EDGE ( 'NONE', *, *, #6823, .T. ) ;
#5362 = DIRECTION ( 'NONE',  ( 0.000000000000000000, 1.000000000000000000, 0.000000000000000000 ) ) ;
#5363 = ADVANCED_FACE ( 'NONE', ( #8056 ), #8698, .T. ) ;
#5364 = CARTESIAN_POINT ( 'NONE',  ( -88.00000000000001421, 157.9999999999999716, 16.00000000000000000 ) ) ;
#5365 = DIRECTION ( 'NONE',  ( 1.000000000000000000, 0.000000000000000000, 0.000000000000000000 ) ) ;
#5366 = CIRCLE ( 'NONE', #9140, 1.000000000000000888 ) ;
#5367 = AXIS2_PLACEMENT_3D ( 'NONE', #724, #675, #5919 ) ;
#5368 = DIRECTION ( 'NONE',  ( 0.000000000000000000, 0.000000000000000000, 1.000000000000000000 ) ) ;
#5369 = DIRECTION ( 'NONE',  ( 0.000000000000000000, 0.000000000000000000, -1.000000000000000000 ) ) ;
#5370 = CARTESIAN_POINT ( 'NONE',  ( -50.00000000000000000, 37.99999999999995026, 110.0000000000000000 ) ) ;
#5371 = EDGE_CURVE ( 'NONE', #451, #9585, #7607, .T. ) ;
#5372 =( LENGTH_UNIT ( ) NAMED_UNIT ( * ) SI_UNIT ( .MILLI., .METRE. ) );
#5373 = ORIENTED_EDGE ( 'NONE', *, *, #7192, .T. ) ;
#5374 = CARTESIAN_POINT ( 'NONE',  ( 8.000000000000000000, -19.99999999999994671, 2.098176381848607732E-13 ) ) ;
#5375 = CIRCLE ( 'NONE', #7104, 5.500000000000000888 ) ;
#5376 = EDGE_CURVE ( 'NONE', #2710, #7493, #3380, .T. ) ;
#5377 = CARTESIAN_POINT ( 'NONE',  ( -67.99999999999997158, 157.9999999999999432, 65.00000000000000000 ) ) ;
#5378 = VERTEX_POINT ( 'NONE', #2754 ) ;
#5379 = CARTESIAN_POINT ( 'NONE',  ( -15.00000000000001421, 180.0000000000000000, 25.00000000000000711 ) ) ;
#5380 = FACE_OUTER_BOUND ( 'NONE', #1578, .T. ) ;
#5381 = PLANE ( 'NONE',  #9525 ) ;
#5382 = EDGE_CURVE ( 'NONE', #3491, #3191, #3629, .T. ) ;
#5383 = ORIENTED_EDGE ( 'NONE', *, *, #5988, .T. ) ;
#5384 = DIRECTION ( 'NONE',  ( 0.000000000000000000, 0.000000000000000000, -1.000000000000000000 ) ) ;
#5385 = ADVANCED_FACE ( 'NONE', ( #605 ), #1245, .F. ) ;
#5386 = ORIENTED_EDGE ( 'NONE', *, *, #4202, .F. ) ;
#5387 = ORIENTED_EDGE ( 'NONE', *, *, #6396, .T. ) ;
#5389 = CIRCLE ( 'NONE', #3519, 5.499999999999998224 ) ;
#5388 = ITEM_DEFINED_TRANSFORMATION ( 'NONE', 'NONE', #2365,  #6276 ) ;
#5390 = AXIS2_PLACEMENT_3D ( 'NONE', #8953, #3102, #5352 ) ;
#5391 = VERTEX_POINT ( 'NONE', #8651 ) ;
#5392 = FACE_BOUND ( 'NONE', #5339, .T. ) ;
#5393 = DIRECTION ( 'NONE',  ( 0.000000000000000000, 0.000000000000000000, -1.000000000000000000 ) ) ;
#5394 = VECTOR ( 'NONE', #5264, 1000.000000000000227 ) ;
#5395 = ORIENTED_EDGE ( 'NONE', *, *, #5686, .F. ) ;
#5396 = AXIS2_PLACEMENT_3D ( 'NONE', #1838, #9302, #6981 ) ;
#5397 = ORIENTED_EDGE ( 'NONE', *, *, #1285, .T. ) ;
#5398 = ADVANCED_FACE ( 'NONE', ( #8749 ), #1924, .T. ) ;
#5399 = ORIENTED_EDGE ( 'NONE', *, *, #1141, .F. ) ;
#5400 = EDGE_CURVE ( 'NONE', #9384, #5233, #511, .T. ) ;
#5401 = CARTESIAN_POINT ( 'NONE',  ( 10.00000000000000000, 3.287578542732749400E-16, 14.49999999999995204 ) ) ;
#5402 = VECTOR ( 'NONE', #1157, 1000.000000000000000 ) ;
#5403 = ITEM_DEFINED_TRANSFORMATION ( 'NONE', 'NONE', #6443,  #6276 ) ;
#5404 = PLANE ( 'NONE',  #5390 ) ;
#5405 = ORIENTED_EDGE ( 'NONE', *, *, #363, .F. ) ;
#5406 = CARTESIAN_POINT ( 'NONE',  ( -50.00000000000000000, 169.9999999999999716, 86.20000000000000284 ) ) ;
#5407 = DIRECTION ( 'NONE',  ( 1.000000000000000000, 0.000000000000000000, -0.000000000000000000 ) ) ;
#5408 = AXIS2_PLACEMENT_3D ( 'NONE', #8793, #9578, #9625 ) ;
#5409 = ORIENTED_EDGE ( 'NONE', *, *, #7137, .F. ) ;
#5410 = CARTESIAN_POINT ( 'NONE',  ( -21.99999999999999645, 2.304377683636468267E-13, 92.00000000000001421 ) ) ;
#5412 = LINE ( 'NONE', #1590, #3674 ) ;
#5411 = AXIS2_PLACEMENT_3D ( 'NONE', #8022, #524, #6447 ) ;
#5413 = EDGE_CURVE ( 'NONE', #3136, #1058, #409, .T. ) ;
#5414 = LINE ( 'NONE', #8961, #6026 ) ;
#5415 = EDGE_CURVE ( 'NONE', #1813, #2076, #4873, .T. ) ;
#5416 = DIRECTION ( 'NONE',  ( 1.000000000000000000, 0.000000000000000000, 0.000000000000000000 ) ) ;
#5417 = CARTESIAN_POINT ( 'NONE',  ( -26.77097663463440824, 39.69838535254829992, 1094.680687154554789 ) ) ;
#5418 = AXIS2_PLACEMENT_3D ( 'NONE', #8533, #6471, #446 ) ;
#5419 = ORIENTED_EDGE ( 'NONE', *, *, #3927, .T. ) ;
#5420 = DIRECTION ( 'NONE',  ( 0.000000000000000000, 0.000000000000000000, -1.000000000000000000 ) ) ;
#5421 = VECTOR ( 'NONE', #8182, 1000.000000000000000 ) ;
#5422 = CARTESIAN_POINT ( 'NONE',  ( 4.000000000000000000, 4.898587196589412829E-16, 15.00000000000000000 ) ) ;
#5423 = CARTESIAN_POINT ( 'NONE',  ( 22.00000000000000000, -7.681258945454893382E-14, 92.00000000000001421 ) ) ;
#5424 = VECTOR ( 'NONE', #4251, 1000.000000000000000 ) ;
#5425 = DIRECTION ( 'NONE',  ( -1.000000000000000000, -0.000000000000000000, -0.000000000000000000 ) ) ;
#5426 = EDGE_CURVE ( 'NONE', #4755, #7587, #6828, .T. ) ;
#5427 = SURFACE_STYLE_USAGE ( .BOTH. , #6753 ) ;
#5428 = CIRCLE ( 'NONE', #109, 5.499999999999994671 ) ;
#5429 = DIRECTION ( 'NONE',  ( -1.000000000000000000, -0.000000000000000000, -0.000000000000000000 ) ) ;
#5430 = AXIS2_PLACEMENT_3D ( 'NONE', #5712, #8710, #9450 ) ;
#5431 = EDGE_LOOP ( 'NONE', ( #3179, #2994 ) ) ;
#5432 = CARTESIAN_POINT ( 'NONE',  ( 8.000000000000000000, -31.99999999999999289, 5.500000000000333955 ) ) ;
#5433 = PLANE ( 'NONE',  #3075 ) ;
#5434 = CARTESIAN_POINT ( 'NONE',  ( -100.0000000000000000, 190.0000000000000000, 0.000000000000000000 ) ) ;
#5435 = EDGE_CURVE ( 'NONE', #6668, #790, #2436, .T. ) ;
#5436 = VECTOR ( 'NONE', #984, 1000.000000000000000 ) ;
#5437 = CYLINDRICAL_SURFACE ( 'NONE', #642, 5.499999999999998224 ) ;
#5438 = CARTESIAN_POINT ( 'NONE',  ( -32.00000000000001421, 169.9578262852211310, 74.85942095073723124 ) ) ;
#5439 = EDGE_CURVE ( 'NONE', #2445, #3606, #7769, .T. ) ;
#5440 = DIRECTION ( 'NONE',  ( 0.000000000000000000, 1.000000000000000000, 0.000000000000000000 ) ) ;
#5441 = VERTEX_POINT ( 'NONE', #1836 ) ;
#5442 = CARTESIAN_POINT ( 'NONE',  ( 8.000000000000000000, -8.499999999999952038, 5.500000000000089706 ) ) ;
#5443 = ORIENTED_EDGE ( 'NONE', *, *, #4246, .T. ) ;
#5444 = ORIENTED_EDGE ( 'NONE', *, *, #5698, .T. ) ;
#5445 = VERTEX_POINT ( 'NONE', #9203 ) ;
#5446 = CARTESIAN_POINT ( 'NONE',  ( -67.99999999999997158, 25.99999999999995737, 35.00000000000000711 ) ) ;
#5447 = CYLINDRICAL_SURFACE ( 'NONE', #5849, 4.000000000000000000 ) ;
#5448 = ORIENTED_EDGE ( 'NONE', *, *, #5105, .T. ) ;
#5449 = EDGE_CURVE ( 'NONE', #8819, #745, #6053, .T. ) ;
#5450 = ORIENTED_EDGE ( 'NONE', *, *, #9600, .F. ) ;
#5451 = EDGE_LOOP ( 'NONE', ( #5498, #4016 ) ) ;
#5452 = CYLINDRICAL_SURFACE ( 'NONE', #8559, 5.499999999999998224 ) ;
#5453 = ITEM_DEFINED_TRANSFORMATION ( 'NONE', 'NONE', #5046,  #6276 ) ;
#5454 = EDGE_LOOP ( 'NONE', ( #296, #3066 ) ) ;
#5455 = DIRECTION ( 'NONE',  ( -0.000000000000000000, -0.000000000000000000, -1.000000000000000000 ) ) ;
#5456 = PRODUCT_RELATED_PRODUCT_CATEGORY ( 'part', '', ( #4441 ) ) ;
#5457 = FACE_OUTER_BOUND ( 'NONE', #302, .T. ) ;
#5458 =( REPRESENTATION_RELATIONSHIP ('NONE','NONE', #5518, #3457 ) REPRESENTATION_RELATIONSHIP_WITH_TRANSFORMATION ( #9084 )SHAPE_REPRESENTATION_RELATIONSHIP( ) );
#5459 = ORIENTED_EDGE ( 'NONE', *, *, #4480, .T. ) ;
#5460 = CARTESIAN_POINT ( 'NONE',  ( -20.00000000000000000, 0.000000000000000000, 0.000000000000000000 ) ) ;
#5461 = CARTESIAN_POINT ( 'NONE',  ( -67.99999999999995737, 169.9578262852211310, 25.14057904926275455 ) ) ;
#5462 = CARTESIAN_POINT ( 'NONE',  ( 8.000000000000000000, 22.62741699796940154, -28.12741699796963957 ) ) ;
#5463 = CYLINDRICAL_SURFACE ( 'NONE', #3755, 5.500000000000001776 ) ;
#5464 = DIRECTION ( 'NONE',  ( 0.3895624194130491991, 2.262126796858169639E-17, 0.9210000658963338749 ) ) ;
#5465 = CARTESIAN_POINT ( 'NONE',  ( -32.00000000000000000, 158.9999999999999716, 75.14676883630339432 ) ) ;
#5466 = DIRECTION ( 'NONE',  ( 1.000000000000000000, -0.000000000000000000, -0.000000000000000000 ) ) ;
#5467 = CARTESIAN_POINT ( 'NONE',  ( 2.249999999999999112, 22.00000000000000000, 101.0000000000000000 ) ) ;
#5468 = EDGE_CURVE ( 'NONE', #5925, #6325, #8089, .T. ) ;
#5469 = PRODUCT_DEFINITION_SHAPE ( 'NONE', 'NONE',  #9674 ) ;
#5470 = DIRECTION ( 'NONE',  ( -0.000000000000000000, -1.000000000000000000, -0.000000000000000000 ) ) ;
#5471 = DIRECTION ( 'NONE',  ( -0.000000000000000000, 1.000000000000000000, -0.000000000000000000 ) ) ;
#5472 = DIRECTION ( 'NONE',  ( 1.000000000000000000, 0.000000000000000000, 0.000000000000000000 ) ) ;
#5473 = VECTOR ( 'NONE', #1745, 1000.000000000000000 ) ;
#5474 =( LENGTH_UNIT ( ) NAMED_UNIT ( * ) SI_UNIT ( .MILLI., .METRE. ) );
#5475 = VECTOR ( 'NONE', #7038, 1000.000000000000000 ) ;
#5476 = ORIENTED_EDGE ( 'NONE', *, *, #9396, .T. ) ;
#5477 = VECTOR ( 'NONE', #221, 1000.000000000000114 ) ;
#5478 = CARTESIAN_POINT ( 'NONE',  ( -100.0000000000000000, 180.0000000000000000, 25.00000000000000711 ) ) ;
#5479 = PLANE ( 'NONE',  #6741 ) ;
#5480 = EDGE_CURVE ( 'NONE', #764, #4473, #4680, .T. ) ;
#5481 = CARTESIAN_POINT ( 'NONE',  ( -84.99999999999997158, 169.9999999999999716, 35.00000000000000711 ) ) ;
#5482 = EDGE_LOOP ( 'NONE', ( #3821, #5450 ) ) ;
#5483 = VECTOR ( 'NONE', #3656, 1000.000000000000000 ) ;
#5484 = AXIS2_PLACEMENT_3D ( 'NONE', #4021, #7747, #6175 ) ;
#5485 = DIRECTION ( 'NONE',  ( 1.000000000000000000, -0.000000000000000000, -0.000000000000000000 ) ) ;
#5486 = FACE_OUTER_BOUND ( 'NONE', #7076, .T. ) ;
#5487 = AXIS2_PLACEMENT_3D ( 'NONE', #3614, #2230, #5829 ) ;
#5488 = LINE ( 'NONE', #6223, #9023 ) ;
#5489 = ORIENTED_EDGE ( 'NONE', *, *, #5194, .F. ) ;
#5490 = CARTESIAN_POINT ( 'NONE',  ( 8.000000000000000000, 29.56414504036113655, -12.24586983568300447 ) ) ;
#5491 = ORIENTED_EDGE ( 'NONE', *, *, #3772, .F. ) ;
#5492 = VERTEX_POINT ( 'NONE', #7131 ) ;
#5493 = AXIS2_PLACEMENT_3D ( 'NONE', #7292, #2783, #7430 ) ;
#5494 = ORIENTED_EDGE ( 'NONE', *, *, #4394, .T. ) ;
#5495 = FACE_BOUND ( 'NONE', #7756, .T. ) ;
#5496 = ADVANCED_FACE ( 'NONE', ( #3992 ), #4092, .T. ) ;
#5497 = LINE ( 'NONE', #8492, #3803 ) ;
#5498 = ORIENTED_EDGE ( 'NONE', *, *, #7850, .T. ) ;
#5499 = CIRCLE ( 'NONE', #649, 9.999999999999998224 ) ;
#5500 = ORIENTED_EDGE ( 'NONE', *, *, #7610, .F. ) ;
#5501 = ORIENTED_EDGE ( 'NONE', *, *, #3185, .T. ) ;
#5502 = AXIS2_PLACEMENT_3D ( 'NONE', #5867, #3708, #3603 ) ;
#5503 = DIRECTION ( 'NONE',  ( 0.000000000000000000, 0.000000000000000000, -1.000000000000000000 ) ) ;
#5504 = DIRECTION ( 'NONE',  ( 0.000000000000000000, -1.000000000000000000, 0.000000000000000000 ) ) ;
#5505 = EDGE_CURVE ( 'NONE', #5796, #4074, #4829, .T. ) ;
#5506 = ORIENTED_EDGE ( 'NONE', *, *, #2632, .F. ) ;
#5507 = DIRECTION ( 'NONE',  ( 1.000000000000000000, 0.000000000000000000, -0.000000000000000000 ) ) ;
#5508 = DIRECTION ( 'NONE',  ( 0.000000000000000000, -1.000000000000000000, 0.000000000000000000 ) ) ;
#5509 = VERTEX_POINT ( 'NONE', #365 ) ;
#5510 = CARTESIAN_POINT ( 'NONE',  ( -49.99999999999999289, 170.4999999999999716, 75.00000000000000000 ) ) ;
#5511 = CARTESIAN_POINT ( 'NONE',  ( 10.00000000000000000, 14.14213562373084088, -14.14213562373098831 ) ) ;
#5512 = CYLINDRICAL_SURFACE ( 'NONE', #8707, 1.000000000000000888 ) ;
#5513 = CARTESIAN_POINT ( 'NONE',  ( -10.00000000000000000, 0.000000000000000000, -25.00000000000000000 ) ) ;
#5514 = ADVANCED_FACE ( 'NONE', ( #3409 ), #6929, .F. ) ;
#5515 = DIRECTION ( 'NONE',  ( 0.3484921755891482453, 8.310631640322992601E-17, -0.9373116896492554861 ) ) ;
#5516 = AXIS2_PLACEMENT_3D ( 'NONE', #6554, #4431, #7424 ) ;
#5517 = ADVANCED_FACE ( 'NONE', ( #2515 ), #4731, .F. ) ;
#5518 = SHAPE_REPRESENTATION ( 'Systeme_2', ( #1127, #504, #7230, #1740, #3925, #9430, #4720, #5816, #5964, #3300, #1731, #6443, #9264, #8316, #18, #2200, #800, #8798, #3468, #9582, #5502, #5493, #6752, #1282, #9271, #8018, #2522, #3778, #5046, #2993, #8477, #4252, #26, #5048, #9433, #8480, #1588, #9591, #8162, #1436, #3928, #4406, #182, #1744, #8021, #661, #7071, #970, #4100, #9118, #6912, #8325, #4723, #2526, #6446, #5185, #6286, #809, #5342, #2996, #9274, #5824, #4890, #2065, #8652, #2365, #5668, #4254, #7867, #7539, #6133, #4559, #2686, #7690 ), #3934 ) ;
#5519 = CARTESIAN_POINT ( 'NONE',  ( 8.000000000000000000, 19.99999999999995026, -7.015838463113577974E-14 ) ) ;
#5520 =( REPRESENTATION_RELATIONSHIP ('NONE','NONE', #5518, #3457 ) REPRESENTATION_RELATIONSHIP_WITH_TRANSFORMATION ( #5453 )SHAPE_REPRESENTATION_RELATIONSHIP( ) );
#5521 = CARTESIAN_POINT ( 'NONE',  ( -15.00000000000000000, 157.9999999999999716, 25.00000000000000711 ) ) ;
#5522 = DIRECTION ( 'NONE',  ( 1.000000000000000000, 0.000000000000000000, 0.000000000000000000 ) ) ;
#5523 = DIRECTION ( 'NONE',  ( -1.661563742880786749E-15, -0.9578262852211513190, 0.2873478855663457732 ) ) ;
#5524 = DIRECTION ( 'NONE',  ( -1.000000000000000000, 1.156482317317870344E-15, -0.000000000000000000 ) ) ;
#5525 = ADVANCED_FACE ( 'NONE', ( #7818, #6394 ), #7668, .T. ) ;
#5526 = ORIENTED_EDGE ( 'NONE', *, *, #3652, .F. ) ;
#5527 = LINE ( 'NONE', #7735, #7214 ) ;
#5528 = CARTESIAN_POINT ( 'NONE',  ( -85.00000000000002842, 158.9999999999999716, 75.14676883630350801 ) ) ;
#5529 = DIRECTION ( 'NONE',  ( 0.000000000000000000, -1.000000000000000000, 0.000000000000000000 ) ) ;
#5530 = EDGE_LOOP ( 'NONE', ( #3521, #7906 ) ) ;
#5531 = CARTESIAN_POINT ( 'NONE',  ( 0.000000000000000000, 0.000000000000000000, 10.00000000000000000 ) ) ;
#5532 = DIRECTION ( 'NONE',  ( 1.000000000000000000, 0.000000000000000000, 0.000000000000000000 ) ) ;
#5533 = CIRCLE ( 'NONE', #4753, 15.00000000000000000 ) ;
#5534 = CARTESIAN_POINT ( 'NONE',  ( 0.000000000000000000, 0.000000000000000000, 101.0000000000000000 ) ) ;
#5535 = VERTEX_POINT ( 'NONE', #9398 ) ;
#5536 = ADVANCED_FACE ( 'NONE', ( #1059 ), #4041, .F. ) ;
#5538 = VECTOR ( 'NONE', #7109, 1000.000000000000227 ) ;
#5537 = LINE ( 'NONE', #7998, #1725 ) ;
#5539 = VERTEX_POINT ( 'NONE', #8410 ) ;
#5540 = ORIENTED_EDGE ( 'NONE', *, *, #6396, .F. ) ;
#5541 = ORIENTED_EDGE ( 'NONE', *, *, #4044, .F. ) ;
#5542 = FACE_BOUND ( 'NONE', #3743, .T. ) ;
#5543 = AXIS2_PLACEMENT_3D ( 'NONE', #6242, #1201, #8505 ) ;
#5544 = DIRECTION ( 'NONE',  ( -1.000000000000000000, 0.000000000000000000, 0.000000000000000000 ) ) ;
#5545 = EDGE_LOOP ( 'NONE', ( #1286, #6826, #2066, #693 ) ) ;
#5546 = ORIENTED_EDGE ( 'NONE', *, *, #8927, .F. ) ;
#5547 = PRESENTATION_STYLE_ASSIGNMENT (( #2551 ) ) ;
#5548 = VERTEX_POINT ( 'NONE', #3302 ) ;
#5549 = CARTESIAN_POINT ( 'NONE',  ( -32.00000000000000000, 37.99999999999995737, 75.00000000000000000 ) ) ;
#5550 = CIRCLE ( 'NONE', #2570, 5.000000000000000000 ) ;
#5551 = PRODUCT_DEFINITION_SHAPE ( 'NONE', 'NONE',  #9703 ) ;
#5552 = ORIENTED_EDGE ( 'NONE', *, *, #3143, .T. ) ;
#5553 = LINE ( 'NONE', #6289, #9108 ) ;
#5554 = VERTEX_POINT ( 'NONE', #960 ) ;
#5555 = DIRECTION ( 'NONE',  ( -3.323127485761577049E-16, 0.2873478855663457177, -0.9578262852211512079 ) ) ;
#5556 = CIRCLE ( 'NONE', #1171, 5.500000000000000000 ) ;
#5557 = VERTEX_POINT ( 'NONE', #3938 ) ;
#5558 = CARTESIAN_POINT ( 'NONE',  ( -85.00000000000000000, 47.99999999999995737, 110.0000000000000000 ) ) ;
#5559 = CARTESIAN_POINT ( 'NONE',  ( -67.99999999999997158, 0.000000000000000000, -0.000000000000000000 ) ) ;
#5560 = AXIS2_PLACEMENT_3D ( 'NONE', #1842, #1065, #3258 ) ;
#5561 = ADVANCED_FACE ( 'NONE', ( #8611, #217 ), #8453, .F. ) ;
#5562 = CARTESIAN_POINT ( 'NONE',  ( -85.00000000000000000, 158.0108291812380799, 75.00000000000000000 ) ) ;
#5563 = ADVANCED_FACE ( 'NONE', ( #3203 ), #6197, .T. ) ;
#5564 = DIRECTION ( 'NONE',  ( -0.3527115933322828578, -2.269074451011050873E-16, 0.9357320834133039389 ) ) ;
#5565 = CARTESIAN_POINT ( 'NONE',  ( 30.00000000000000000, 3.673940397442059178E-15, 1.000000000000000888 ) ) ;
#5566 =( GEOMETRIC_REPRESENTATION_CONTEXT ( 3 ) GLOBAL_UNCERTAINTY_ASSIGNED_CONTEXT ( ( #9056 ) ) GLOBAL_UNIT_ASSIGNED_CONTEXT ( ( #1094, #6331, #1378 ) ) REPRESENTATION_CONTEXT ( 'NONE', 'WORKASPACE' ) );
#5567 = DIRECTION ( 'NONE',  ( 0.000000000000000000, 1.000000000000000000, 0.000000000000000000 ) ) ;
#5568 = DIRECTION ( 'NONE',  ( 0.000000000000000000, -1.000000000000000000, 0.000000000000000000 ) ) ;
#5569 = AXIS2_PLACEMENT_3D ( 'NONE', #7562, #8998, #7512 ) ;
#5570 = CARTESIAN_POINT ( 'NONE',  ( -99.45760524276660419, 32.34304044233088860, 10.00000000000000711 ) ) ;
#5571 = EDGE_CURVE ( 'NONE', #4667, #1122, #421, .T. ) ;
#5572 = DIRECTION ( 'NONE',  ( 0.000000000000000000, 0.000000000000000000, -1.000000000000000000 ) ) ;
#5573 = DIRECTION ( 'NONE',  ( 0.000000000000000000, 0.000000000000000000, 1.000000000000000000 ) ) ;
#5574 =( BOUNDED_CURVE ( )  B_SPLINE_CURVE ( 3, ( #6581, #2807, #5757, #8753 ),
 .UNSPECIFIED., .F., .F. ) 
 B_SPLINE_CURVE_WITH_KNOTS ( ( 4, 4 ),
 ( 1.570796326794894782, 3.141592653589793116 ),
 .UNSPECIFIED. ) 
 CURVE ( )  GEOMETRIC_REPRESENTATION_ITEM ( )  RATIONAL_B_SPLINE_CURVE ( ( 1.000000000000000000, 0.8047378541243646044, 0.8047378541243646044, 1.000000000000000000 ) ) 
 REPRESENTATION_ITEM ( '' )  );
#5575 = CARTESIAN_POINT ( 'NONE',  ( -23.21140459226253228, -38.61156809781433452, 1075.000000000007276 ) ) ;
#5576 = CIRCLE ( 'NONE', #9352, 5.000000000000000000 ) ;
#5577 = ORIENTED_EDGE ( 'NONE', *, *, #2623, .T. ) ;
#5578 = CARTESIAN_POINT ( 'NONE',  ( -67.99999999999995737, 169.9999999999999432, 75.00000000000000000 ) ) ;
#5579 = DIRECTION ( 'NONE',  ( 0.000000000000000000, 1.000000000000000000, -0.000000000000000000 ) ) ;
#5580 = AXIS2_PLACEMENT_3D ( 'NONE', #3717, #4309, #8973 ) ;
#5581 = AXIS2_PLACEMENT_3D ( 'NONE', #187, #1703, #1605 ) ;
#5582 = CARTESIAN_POINT ( 'NONE',  ( -32.00000000000000000, 25.99999999999995381, 25.00000000000000711 ) ) ;
#5583 = ORIENTED_EDGE ( 'NONE', *, *, #4841, .T. ) ;
#5584 = DIRECTION ( 'NONE',  ( 0.000000000000000000, -0.9578262852211514300, -0.2873478855663456621 ) ) ;
#5585 = CARTESIAN_POINT ( 'NONE',  ( -1.214306433183764966E-14, 180.0000000000000000, 25.00000000000000711 ) ) ;
#5586 = DIRECTION ( 'NONE',  ( 1.000000000000000000, 0.000000000000000000, 0.000000000000000000 ) ) ;
#5587 = ORIENTED_EDGE ( 'NONE', *, *, #1616, .T. ) ;
#5588 = CARTESIAN_POINT ( 'NONE',  ( -32.00000000000001421, 169.9999999999999432, 25.00000000000000711 ) ) ;
#5589 = EDGE_LOOP ( 'NONE', ( #4478, #1659 ) ) ;
#5590 = ORIENTED_EDGE ( 'NONE', *, *, #7892, .F. ) ;
#5591 = CIRCLE ( 'NONE', #1993, 30.00000000000000000 ) ;
#5592 = FILL_AREA_STYLE_COLOUR ( '', #6989 ) ;
#5593 = ORIENTED_EDGE ( 'NONE', *, *, #7892, .T. ) ;
#5594 = DIRECTION ( 'NONE',  ( -1.000000000000000000, 0.000000000000000000, 0.000000000000000000 ) ) ;
#5595 = FACE_OUTER_BOUND ( 'NONE', #8442, .T. ) ;
#5596 = EDGE_CURVE ( 'NONE', #8695, #2072, #6762, .T. ) ;
#5597 = ORIENTED_EDGE ( 'NONE', *, *, #5007, .T. ) ;
#5598 = EDGE_LOOP ( 'NONE', ( #3186, #8448, #1192, #9167 ) ) ;
#5599 = CARTESIAN_POINT ( 'NONE',  ( -32.00000000000001421, 166.5440306508910169, 50.00000000000000000 ) ) ;
#5600 = ORIENTED_EDGE ( 'NONE', *, *, #5818, .T. ) ;
#5601 = FACE_BOUND ( 'NONE', #5207, .T. ) ;
#5602 = AXIS2_PLACEMENT_3D ( 'NONE', #5478, #2333, #7542 ) ;
#5603 = ORIENTED_EDGE ( 'NONE', *, *, #8582, .T. ) ;
#5604 = FACE_OUTER_BOUND ( 'NONE', #3349, .T. ) ;
#5605 = ORIENTED_EDGE ( 'NONE', *, *, #2839, .F. ) ;
#5606 = CARTESIAN_POINT ( 'NONE',  ( 8.000000000000000000, 29.56414504036113655, -17.74586983568300269 ) ) ;
#5607 = EDGE_CURVE ( 'NONE', #92, #3197, #2238, .T. ) ;
#5608 = ORIENTED_EDGE ( 'NONE', *, *, #4503, .T. ) ;
#5609 = DIRECTION ( 'NONE',  ( 0.000000000000000000, -1.000000000000000000, 0.000000000000000000 ) ) ;
#5610 = DIRECTION ( 'NONE',  ( 1.000000000000000000, 1.156482317317870344E-15, -0.000000000000000000 ) ) ;
#5611 = CARTESIAN_POINT ( 'NONE',  ( -8.414405087497952351, 159.0622064674916487, 12.56848423767464951 ) ) ;
#5612 = DIRECTION ( 'NONE',  ( 1.000000000000000000, -0.000000000000000000, -0.000000000000000000 ) ) ;
#5613 = DIRECTION ( 'NONE',  ( 0.9110672610037316987, -8.386252456176380293E-17, -0.4122577421069957837 ) ) ;
#5614 = CARTESIAN_POINT ( 'NONE',  ( 0.000000000000000000, 0.000000000000000000, 121.0000000000000142 ) ) ;
#5615 = CARTESIAN_POINT ( 'NONE',  ( -84.99999999999997158, 33.49999999999995026, 50.00000000000004263 ) ) ;
#5616 = CARTESIAN_POINT ( 'NONE',  ( 10.00000000000000000, -8.499999999999952038, 8.974623797036219746E-14 ) ) ;
#5617 = EDGE_CURVE ( 'NONE', #9390, #7363, #3670, .T. ) ;
#5618 = DIRECTION ( 'NONE',  ( 1.000000000000000000, 0.000000000000000000, 0.000000000000000000 ) ) ;
#5619 = CARTESIAN_POINT ( 'NONE',  ( -15.00000000000001421, 169.9891708187618917, 75.00000000000000000 ) ) ;
#5620 = CARTESIAN_POINT ( 'NONE',  ( -84.99999999999997158, 164.9578262852211310, 41.80724571592951833 ) ) ;
#5621 = ORIENTED_EDGE ( 'NONE', *, *, #2789, .T. ) ;
#5622 = CONTEXT_DEPENDENT_SHAPE_REPRESENTATION ( #588, #1465 ) ;
#5623 = CARTESIAN_POINT ( 'NONE',  ( 8.000000000000000000, 19.99999999999995026, -7.015838463113577974E-14 ) ) ;
#5624 = PLANE ( 'NONE',  #3236 ) ;
#5625 = ADVANCED_FACE ( 'NONE', ( #506 ), #6986, .T. ) ;
#5626 = LINE ( 'NONE', #5582, #6740 ) ;
#5627 = ORIENTED_EDGE ( 'NONE', *, *, #2646, .F. ) ;
#5628 = CARTESIAN_POINT ( 'NONE',  ( -11.61129017279379916, 170.0000000000000000, 15.48172023039172451 ) ) ;
#5629 = CARTESIAN_POINT ( 'NONE',  ( 0.000000000000000000, 0.000000000000000000, 0.000000000000000000 ) ) ;
#5630 = CARTESIAN_POINT ( 'NONE',  ( -84.99999999999997158, 158.0421737147788406, 25.14057904926284692 ) ) ;
#5631 = VERTEX_POINT ( 'NONE', #9619 ) ;
#5632 = PRODUCT_DEFINITION_SHAPE ( 'NONE', 'NONE',  #9705 ) ;
#5633 = CARTESIAN_POINT ( 'NONE',  ( 8.000000000000000000, -29.56414504036104773, 12.24586983568319454 ) ) ;
#5634 = ORIENTED_EDGE ( 'NONE', *, *, #4003, .T. ) ;
#5635 = EDGE_LOOP ( 'NONE', ( #2432, #2233, #7106, #6293 ) ) ;
#5636 = DIRECTION ( 'NONE',  ( 1.661563742880786749E-15, 0.9578262852211513190, 0.2873478855663457732 ) ) ;
#5637 = ORIENTED_EDGE ( 'NONE', *, *, #6939, .F. ) ;
#5638 = AXIS2_PLACEMENT_3D ( 'NONE', #8276, #2475, #8421 ) ;
#5639 = CARTESIAN_POINT ( 'NONE',  ( 0.000000000000000000, 1.500000000000000000, 0.000000000000000000 ) ) ;
#5640 = AXIS2_PLACEMENT_3D ( 'NONE', #8215, #5612, #3941 ) ;
#5641 = ORIENTED_EDGE ( 'NONE', *, *, #9104, .T. ) ;
#5642 = AXIS2_PLACEMENT_3D ( 'NONE', #3592, #9500, #7413 ) ;
#5643 = VERTEX_POINT ( 'NONE', #2103 ) ;
#5644 = DIRECTION ( 'NONE',  ( -0.000000000000000000, -0.000000000000000000, -1.000000000000000000 ) ) ;
#5645 = ORIENTED_EDGE ( 'NONE', *, *, #5127, .F. ) ;
#5646 = DIRECTION ( 'NONE',  ( 1.000000000000000000, 0.000000000000000000, 0.000000000000000000 ) ) ;
#5647 =( REPRESENTATION_RELATIONSHIP ('NONE','NONE', #5518, #4317 ) REPRESENTATION_RELATIONSHIP_WITH_TRANSFORMATION ( #7563 )SHAPE_REPRESENTATION_RELATIONSHIP( ) );
#5648 = EDGE_CURVE ( 'NONE', #8748, #5791, #686, .T. ) ;
#5649 = CIRCLE ( 'NONE', #4239, 5.499999999999994671 ) ;
#5650 = EDGE_LOOP ( 'NONE', ( #7959, #2246, #9147, #789, #2490 ) ) ;
#5651 = AXIS2_PLACEMENT_3D ( 'NONE', #8083, #2226, #1500 ) ;
#5652 = VERTEX_POINT ( 'NONE', #6023 ) ;
#5653 = CARTESIAN_POINT ( 'NONE',  ( -88.38870642027281121, 169.9999999999999716, 15.48172477296956906 ) ) ;
#5654 = DIRECTION ( 'NONE',  ( 0.000000000000000000, 1.000000000000000000, 0.000000000000000000 ) ) ;
#5655 = CIRCLE ( 'NONE', #2991, 5.499999999999998224 ) ;
#5656 = ORIENTED_EDGE ( 'NONE', *, *, #5426, .F. ) ;
#5657 = CARTESIAN_POINT ( 'NONE',  ( -100.0000000000000000, 31.99999999999992539, 10.00000000000000000 ) ) ;
#5658 = CARTESIAN_POINT ( 'NONE',  ( -50.00000000000000000, 47.99999999999995737, 110.0000000000000000 ) ) ;
#5659 = LINE ( 'NONE', #5462, #4942 ) ;
#5660 = DIRECTION ( 'NONE',  ( -0.000000000000000000, -0.000000000000000000, -1.000000000000000000 ) ) ;
#5661 = ADVANCED_FACE ( 'NONE', ( #7308 ), #8131, .F. ) ;
#5662 = AXIS2_PLACEMENT_3D ( 'NONE', #2351, #702, #3094 ) ;
#5663 = CARTESIAN_POINT ( 'NONE',  ( -29.99997604372384075, 39.69838535254831413, 1043.728362728377306 ) ) ;
#5664 = CARTESIAN_POINT ( 'NONE',  ( -85.00000000000000000, 158.0108291812380799, 25.00000000000000711 ) ) ;
#5665 = FACE_OUTER_BOUND ( 'NONE', #6746, .T. ) ;
#5666 = B_SPLINE_CURVE_WITH_KNOTS ( 'NONE', 3,
 ( #1483, #3002, #907, #6089 ),
 .UNSPECIFIED., .F., .F.,
 ( 4, 4 ),
 ( 0.000000000000000000, 0.0001471695555374585916 ),
 .UNSPECIFIED. ) ;
#5667 = CARTESIAN_POINT ( 'NONE',  ( -67.99999999999997158, 158.9999999999999716, 24.85323116369660212 ) ) ;
#5668 = AXIS2_PLACEMENT_3D ( 'NONE', #7823, #4197, #8663 ) ;
#5669 = VECTOR ( 'NONE', #8527, 1000.000000000000000 ) ;
#5670 = DIRECTION ( 'NONE',  ( 0.000000000000000000, 0.000000000000000000, -1.000000000000000000 ) ) ;
#5671 = FACE_OUTER_BOUND ( 'NONE', #7267, .T. ) ;
#5672 = CARTESIAN_POINT ( 'NONE',  ( -67.99999999999997158, 157.9999999999999432, 35.00000000000000711 ) ) ;
#5673 = EDGE_CURVE ( 'NONE', #7023, #4217, #5744, .T. ) ;
#5674 = VERTEX_POINT ( 'NONE', #3576 ) ;
#5675 = CYLINDRICAL_SURFACE ( 'NONE', #3292, 5.500000000000000000 ) ;
#5676 = LINE ( 'NONE', #1854, #4338 ) ;
#5677 = AXIS2_PLACEMENT_3D ( 'NONE', #4479, #7479, #8114 ) ;
#5678 = CARTESIAN_POINT ( 'NONE',  ( 8.000000000000000000, -5.833392311421893986E-14, -8.499999999999952038 ) ) ;
#5679 = VERTEX_POINT ( 'NONE', #7446 ) ;
#5680 = CARTESIAN_POINT ( 'NONE',  ( -1.355801258341407189, 164.8563455408083485, 10.05892122736387151 ) ) ;
#5681 = CARTESIAN_POINT ( 'NONE',  ( 10.00000000000000000, 0.000000000000000000, 40.00000000000000000 ) ) ;
#5682 = ADVANCED_FACE ( 'NONE', ( #4403 ), #8230, .T. ) ;
#5683 = CARTESIAN_POINT ( 'NONE',  ( 8.000000000000000000, -1.399880114079982575E-13, -19.99999999999995026 ) ) ;
#5684 = ORIENTED_EDGE ( 'NONE', *, *, #6253, .F. ) ;
#5685 = LINE ( 'NONE', #448, #3139 ) ;
#5686 = EDGE_CURVE ( 'NONE', #2343, #8976, #7396, .T. ) ;
#5687 = VERTEX_POINT ( 'NONE', #1513 ) ;
#5688 = VERTEX_POINT ( 'NONE', #5971 ) ;
#5689 =( LENGTH_UNIT ( ) NAMED_UNIT ( * ) SI_UNIT ( .MILLI., .METRE. ) );
#5690 = ORIENTED_EDGE ( 'NONE', *, *, #4490, .T. ) ;
#5691 = DIRECTION ( 'NONE',  ( -9.912705577010326782E-17, 1.000000000000000000, 0.000000000000000000 ) ) ;
#5692 = VECTOR ( 'NONE', #7519, 1000.000000000000000 ) ;
#5693 = VERTEX_POINT ( 'NONE', #5283 ) ;
#5694 = EDGE_CURVE ( 'NONE', #797, #1203, #102, .T. ) ;
#5695 = ORIENTED_EDGE ( 'NONE', *, *, #8337, .T. ) ;
#5696 = AXIS2_PLACEMENT_3D ( 'NONE', #9283, #7805, #6230 ) ;
#5697 = CARTESIAN_POINT ( 'NONE',  ( -32.00000000000000000, 25.99999999999995737, 35.00000000000000711 ) ) ;
#5698 = EDGE_CURVE ( 'NONE', #9102, #8684, #3223, .T. ) ;
#5699 = VERTEX_POINT ( 'NONE', #5928 ) ;
#5700 = DIRECTION ( 'NONE',  ( -0.000000000000000000, -1.000000000000000000, -0.000000000000000000 ) ) ;
#5701 = AXIS2_PLACEMENT_3D ( 'NONE', #5678, #6467, #1320 ) ;
#5702 = EDGE_LOOP ( 'NONE', ( #2122, #4975 ) ) ;
#5703 = AXIS2_PLACEMENT_3D ( 'NONE', #3783, #5204, #8294 ) ;
#5704 = ORIENTED_EDGE ( 'NONE', *, *, #1212, .F. ) ;
#5705 = CARTESIAN_POINT ( 'NONE',  ( -84.99999999999997158, 162.4137956343300573, 49.71265211443365217 ) ) ;
#5706 = AXIS2_PLACEMENT_3D ( 'NONE', #278, #7780, #326 ) ;
#5707 = CARTESIAN_POINT ( 'NONE',  ( -49.99999999999999289, 170.4999999999999716, 86.09553823317369847 ) ) ;
#5708 = EDGE_CURVE ( 'NONE', #8632, #6972, #5837, .T. ) ;
#5709 = EDGE_CURVE ( 'NONE', #7278, #7749, #1374, .T. ) ;
#5710 = VERTEX_POINT ( 'NONE', #6616 ) ;
#5711 = CARTESIAN_POINT ( 'NONE',  ( 17.00000000000000000, 0.000000000000000000, 0.000000000000000000 ) ) ;
#5712 = CARTESIAN_POINT ( 'NONE',  ( 10.00000000000000000, 14.14213562373094213, 14.14213562373089417 ) ) ;
#5713 =( REPRESENTATION_RELATIONSHIP ('NONE','NONE', #5518, #3457 ) REPRESENTATION_RELATIONSHIP_WITH_TRANSFORMATION ( #1147 )SHAPE_REPRESENTATION_RELATIONSHIP( ) );
#5714 =( NAMED_UNIT ( * ) PLANE_ANGLE_UNIT ( ) SI_UNIT ( $, .RADIAN. ) );
#5715 = DIRECTION ( 'NONE',  ( 1.000000000000000000, 0.000000000000000000, -0.000000000000000000 ) ) ;
#5716 = PRODUCT_CONTEXT ( 'NONE', #1507, 'mechanical' ) ;
#5717 = FACE_OUTER_BOUND ( 'NONE', #6433, .T. ) ;
#5718 = STYLED_ITEM ( 'NONE', ( #3420 ), #4494 ) ;
#5719 = FACE_OUTER_BOUND ( 'NONE', #4414, .T. ) ;
#5720 = CARTESIAN_POINT ( 'NONE',  ( -49.99999999999999289, 170.4999999999999716, 65.90446176682628732 ) ) ;
#5721 = CIRCLE ( 'NONE', #391, 1.000000000000000888 ) ;
#5722 = EDGE_CURVE ( 'NONE', #7124, #8936, #5576, .T. ) ;
#5723 = ADVANCED_FACE ( 'NONE', ( #2189 ), #5433, .T. ) ;
#5724 = DIRECTION ( 'NONE',  ( 1.000000000000000000, 0.000000000000000000, 0.000000000000000000 ) ) ;
#5725 = DIRECTION ( 'NONE',  ( 1.000000000000000000, 0.000000000000000000, 0.000000000000000000 ) ) ;
#5726 = CARTESIAN_POINT ( 'NONE',  ( -11.00000000000000000, 0.000000000000000000, 7.000000000000000000 ) ) ;
#5727 = CARTESIAN_POINT ( 'NONE',  ( -23.21140459226324992, -32.57544454745024609, 1075.000000000007503 ) ) ;
#5728 = ORIENTED_EDGE ( 'NONE', *, *, #6678, .F. ) ;
#5729 = DIRECTION ( 'NONE',  ( 1.000000000000000000, 0.000000000000000000, 0.000000000000000000 ) ) ;
#5730 = DIRECTION ( 'NONE',  ( 1.000000000000000000, 0.000000000000000000, 0.000000000000000000 ) ) ;
#5731 = ADVANCED_FACE ( 'NONE', ( #286 ), #3080, .F. ) ;
#5732 = CIRCLE ( 'NONE', #5891, 5.000000000000000888 ) ;
#5733 = FACE_OUTER_BOUND ( 'NONE', #3125, .T. ) ;
#5734 = ORIENTED_EDGE ( 'NONE', *, *, #2033, .T. ) ;
#5735 = CARTESIAN_POINT ( 'NONE',  ( -32.00000000000000000, 25.99999999999995381, 65.00000000000000000 ) ) ;
#5736 = CARTESIAN_POINT ( 'NONE',  ( -84.99999999999997158, 169.9999999999999716, 25.00000000000000711 ) ) ;
#5737 = AXIS2_PLACEMENT_3D ( 'NONE', #9139, #111, #2260 ) ;
#5738 = CARTESIAN_POINT ( 'NONE',  ( -3.142677150939514163, 2.474586899860803157, 111.0000000000000142 ) ) ;
#5739 = VERTEX_POINT ( 'NONE', #6072 ) ;
#5740 = DIRECTION ( 'NONE',  ( -3.323127485761577049E-16, 0.2873478855663457177, 0.9578262852211512079 ) ) ;
#5741 = ORIENTED_EDGE ( 'NONE', *, *, #301, .F. ) ;
#5742 = AXIS2_PLACEMENT_3D ( 'NONE', #4204, #3467, #3369 ) ;
#5743 = ORIENTED_EDGE ( 'NONE', *, *, #5042, .F. ) ;
#5744 = CIRCLE ( 'NONE', #1049, 5.500000000000001776 ) ;
#5745 = EDGE_CURVE ( 'NONE', #1173, #4270, #8725, .T. ) ;
#5746 = FACE_OUTER_BOUND ( 'NONE', #7017, .T. ) ;
#5747 = EDGE_CURVE ( 'NONE', #736, #6866, #2334, .T. ) ;
#5748 = ORIENTED_EDGE ( 'NONE', *, *, #5165, .T. ) ;
#5749 = CARTESIAN_POINT ( 'NONE',  ( -67.99999999999997158, 25.99999999999995381, 75.00000000000000000 ) ) ;
#5750 = ORIENTED_EDGE ( 'NONE', *, *, #3145, .T. ) ;
#5751 = DIRECTION ( 'NONE',  ( 1.000000000000000000, 0.000000000000000000, 0.000000000000000000 ) ) ;
#5752 = AXIS2_PLACEMENT_3D ( 'NONE', #626, #1454, #5918 ) ;
#5753 = AXIS2_PLACEMENT_3D ( 'NONE', #2902, #2162, #2856 ) ;
#5754 = ORIENTED_EDGE ( 'NONE', *, *, #4735, .T. ) ;
#5755 = ITEM_DEFINED_TRANSFORMATION ( 'NONE', 'NONE', #1436,  #6276 ) ;
#5756 = ORIENTED_EDGE ( 'NONE', *, *, #5468, .T. ) ;
#5757 = CARTESIAN_POINT ( 'NONE',  ( -85.00000000000002842, 147.9999999999999716, 16.21320343559642296 ) ) ;
#5758 = DIRECTION ( 'NONE',  ( 1.000000000000000000, 0.000000000000000000, 0.000000000000000000 ) ) ;
#5759 = EDGE_CURVE ( 'NONE', #9054, #352, #1205, .T. ) ;
#5760 = VECTOR ( 'NONE', #9622, 1000.000000000000000 ) ;
#5761 = ORIENTED_EDGE ( 'NONE', *, *, #9425, .F. ) ;
#5762 = DIRECTION ( 'NONE',  ( 0.000000000000000000, 0.000000000000000000, -1.000000000000000000 ) ) ;
#5763 = CARTESIAN_POINT ( 'NONE',  ( -7.416805122292815078, 36.44345256334013783, 11.94872402954782586 ) ) ;
#5764 = AXIS2_PLACEMENT_3D ( 'NONE', #3523, #1129, #7896 ) ;
#5765 = FACE_BOUND ( 'NONE', #9410, .T. ) ;
#5766 = APPLICATION_PROTOCOL_DEFINITION ( 'draft international standard', 'automotive_design', 1998, #8526 ) ;
#5767 = LINE ( 'NONE', #8763, #9580 ) ;
#5768 = CARTESIAN_POINT ( 'NONE',  ( 0.000000000000000000, 132.9999999999998863, 10.00000000000000000 ) ) ;
#5769 = CARTESIAN_POINT ( 'NONE',  ( 0.000000000000000000, 0.000000000000000000, 10.00000000000000000 ) ) ;
#5770 = CYLINDRICAL_SURFACE ( 'NONE', #355, 5.500000000000001776 ) ;
#5771 = CARTESIAN_POINT ( 'NONE',  ( 4.000000000000000000, 4.898587196589412829E-16, 0.000000000000000000 ) ) ;
#5772 = CARTESIAN_POINT ( 'NONE',  ( -50.00000000000000711, 25.49999999999995737, 75.00000000000000000 ) ) ;
#5773 = DIRECTION ( 'NONE',  ( -0.9267076205309618953, -2.409286940671095578E-17, -0.3757831636061444991 ) ) ;
#5774 = ORIENTED_EDGE ( 'NONE', *, *, #3398, .T. ) ;
#5775 = EDGE_CURVE ( 'NONE', #9299, #288, #5329, .T. ) ;
#5776 = CONTEXT_DEPENDENT_SHAPE_REPRESENTATION ( #459, #2656 ) ;
#5777 = CARTESIAN_POINT ( 'NONE',  ( 8.000000000000000000, 32.00000000000000000, -1.117274028429802674E-13 ) ) ;
#5778 = CARTESIAN_POINT ( 'NONE',  ( 0.000000000000000000, 0.000000000000000000, 111.0000000000000142 ) ) ;
#5779 = DIRECTION ( 'NONE',  ( 1.000000000000000000, 0.000000000000000000, 0.000000000000000000 ) ) ;
#5780 = CARTESIAN_POINT ( 'NONE',  ( 8.000000000000000000, -31.99999999999999289, -5.499999999999664269 ) ) ;
#5781 = ORIENTED_EDGE ( 'NONE', *, *, #7683, .T. ) ;
#5782 = CARTESIAN_POINT ( 'NONE',  ( 0.000000000000000000, 0.000000000000000000, 6.000000000000000000 ) ) ;
#5783 = CARTESIAN_POINT ( 'NONE',  ( -100.0000000000000000, 62.99999999999992895, 10.00000000000000000 ) ) ;
#5784 = CARTESIAN_POINT ( 'NONE',  ( -100.0000000000000000, 190.0000000000000000, 0.000000000000000000 ) ) ;
#5785 = ORIENTED_EDGE ( 'NONE', *, *, #4342, .F. ) ;
#5786 = DIRECTION ( 'NONE',  ( 4.956352788505163391E-17, 1.000000000000000000, 0.000000000000000000 ) ) ;
#5787 = ORIENTED_EDGE ( 'NONE', *, *, #5449, .T. ) ;
#5788 = ADVANCED_FACE ( 'NONE', ( #4011 ), #6998, .F. ) ;
#5789 = FILL_AREA_STYLE ('',( #5592 ) ) ;
#5790 = ORIENTED_EDGE ( 'NONE', *, *, #3701, .F. ) ;
#5791 = VERTEX_POINT ( 'NONE', #3956 ) ;
#5792 = PLANE ( 'NONE',  #3210 ) ;
#5793 = ORIENTED_EDGE ( 'NONE', *, *, #4222, .T. ) ;
#5794 = DIRECTION ( 'NONE',  ( 0.000000000000000000, 0.000000000000000000, -1.000000000000000000 ) ) ;
#5795 = CIRCLE ( 'NONE', #1560, 5.499999999999998224 ) ;
#5796 = VERTEX_POINT ( 'NONE', #1558 ) ;
#5797 = AXIS2_PLACEMENT_3D ( 'NONE', #8531, #4849, #7947 ) ;
#5798 = EDGE_CURVE ( 'NONE', #6284, #839, #8567, .T. ) ;
#5799 = VECTOR ( 'NONE', #963, 1000.000000000000000 ) ;
#5800 = ORIENTED_EDGE ( 'NONE', *, *, #132, .F. ) ;
#5801 = CARTESIAN_POINT ( 'NONE',  ( 0.000000000000000000, 0.000000000000000000, 0.000000000000000000 ) ) ;
#5802 = CARTESIAN_POINT ( 'NONE',  ( -67.99999999999997158, 25.99999999999995381, 65.00000000000000000 ) ) ;
#5803 = EDGE_LOOP ( 'NONE', ( #9090, #6919, #2112, #7916, #1101, #9428, #8377, #9397 ) ) ;
#5804 = CARTESIAN_POINT ( 'NONE',  ( -10.32089419978027500, 37.70919254236139295, 14.09703248901362471 ) ) ;
#5805 = CIRCLE ( 'NONE', #8002, 5.499999999999998224 ) ;
#5806 = VECTOR ( 'NONE', #6409, 1000.000000000000000 ) ;
#5807 = CIRCLE ( 'NONE', #7050, 5.500000000000000000 ) ;
#5808 = CARTESIAN_POINT ( 'NONE',  ( -95.21913071748819846, 186.1221799223256141, 10.77779731700500676 ) ) ;
#5809 = ADVANCED_FACE ( 'NONE', ( #8426, #6806 ), #8329, .F. ) ;
#5810 = EDGE_LOOP ( 'NONE', ( #6878, #7734 ) ) ;
#5811 = ADVANCED_FACE ( 'NONE', ( #235 ), #6263, .F. ) ;
#5812 = PRODUCT_CONTEXT ( 'NONE', #8526, 'mechanical' ) ;
#5813 = CIRCLE ( 'NONE', #4717, 5.499999999999998224 ) ;
#5814 = DIRECTION ( 'NONE',  ( 1.000000000000000000, -0.000000000000000000, -0.000000000000000000 ) ) ;
#5815 = CARTESIAN_POINT ( 'NONE',  ( -85.00000000000000000, 15.99999999999995914, 110.0000000000000000 ) ) ;
#5816 = AXIS2_PLACEMENT_3D ( 'NONE', #3265, #4794, #1851 ) ;
#5817 = FACE_OUTER_BOUND ( 'NONE', #9230, .T. ) ;
#5818 = EDGE_CURVE ( 'NONE', #6138, #6573, #3173, .T. ) ;
#5819 = AXIS2_PLACEMENT_3D ( 'NONE', #2853, #4281, #5848 ) ;
#5820 = CARTESIAN_POINT ( 'NONE',  ( -67.99999999999997158, 158.0421737147788406, 74.85942095073706071 ) ) ;
#5821 = LINE ( 'NONE', #8167, #5424 ) ;
#5822 = ADVANCED_FACE ( 'NONE', ( #2480, #880 ), #4594, .F. ) ;
#5823 = DIRECTION ( 'NONE',  ( -0.7123602123569799938, 2.166455798226483834E-17, -0.7018140265417314172 ) ) ;
#5824 = AXIS2_PLACEMENT_3D ( 'NONE', #1938, #7774, #6983 ) ;
#5825 = ORIENTED_EDGE ( 'NONE', *, *, #2953, .F. ) ;
#5826 = CARTESIAN_POINT ( 'NONE',  ( -50.00000000000000000, 25.99999999999995381, 75.00000000000000000 ) ) ;
#5827 = PLANE ( 'NONE',  #4642 ) ;
#5828 = CARTESIAN_POINT ( 'NONE',  ( 8.000000000000000000, 12.24586983568289789, 29.56414504036117563 ) ) ;
#5829 = DIRECTION ( 'NONE',  ( 0.000000000000000000, 1.000000000000000000, 0.000000000000000000 ) ) ;
#5830 = ADVANCED_FACE ( 'NONE', ( #9268 ), #5479, .F. ) ;
#5831 = CARTESIAN_POINT ( 'NONE',  ( 22.00000000000000000, -7.681258945454893382E-14, 92.00000000000001421 ) ) ;
#5832 = PLANE ( 'NONE',  #1223 ) ;
#5833 = DIRECTION ( 'NONE',  ( 1.000000000000000000, 0.000000000000000000, 0.000000000000000000 ) ) ;
#5834 = ORIENTED_EDGE ( 'NONE', *, *, #8197, .F. ) ;
#5835 = DIRECTION ( 'NONE',  ( 0.000000000000000000, 0.000000000000000000, -1.000000000000000000 ) ) ;
#5836 = EDGE_LOOP ( 'NONE', ( #8996, #4330, #8387, #9131 ) ) ;
#5837 = LINE ( 'NONE', #5106, #7310 ) ;
#5838 = VERTEX_POINT ( 'NONE', #4747 ) ;
#5839 =( REPRESENTATION_RELATIONSHIP ('NONE','NONE', #5518, #3457 ) REPRESENTATION_RELATIONSHIP_WITH_TRANSFORMATION ( #9194 )SHAPE_REPRESENTATION_RELATIONSHIP( ) );
#5840 = ORIENTED_EDGE ( 'NONE', *, *, #6971, .F. ) ;
#5841 = EDGE_CURVE ( 'NONE', #8189, #2163, #2533, .T. ) ;
#5842 = DIRECTION ( 'NONE',  ( 1.000000000000000000, -0.000000000000000000, 0.000000000000000000 ) ) ;
#5843 = ORIENTED_EDGE ( 'NONE', *, *, #3662, .F. ) ;
#5844 = CARTESIAN_POINT ( 'NONE',  ( -6.904433935076174755, 27.82824909786313228, 11.67115080839659846 ) ) ;
#5845 = ORIENTED_EDGE ( 'NONE', *, *, #3343, .F. ) ;
#5846 = CONTEXT_DEPENDENT_SHAPE_REPRESENTATION ( #2258, #4358 ) ;
#5847 = ORIENTED_EDGE ( 'NONE', *, *, #7755, .F. ) ;
#5848 = DIRECTION ( 'NONE',  ( 0.000000000000000000, 0.000000000000000000, -1.000000000000000000 ) ) ;
#5849 = AXIS2_PLACEMENT_3D ( 'NONE', #7905, #201, #1917 ) ;
#5850 = CARTESIAN_POINT ( 'NONE',  ( 8.000000000000000000, -14.14213562373103272, -8.642135623730794691 ) ) ;
#5851 = ORIENTED_EDGE ( 'NONE', *, *, #9584, .F. ) ;
#5852 = CARTESIAN_POINT ( 'NONE',  ( -2.703184496152635674, 33.70051623241795369, 10.23553265404356161 ) ) ;
#5853 = EDGE_LOOP ( 'NONE', ( #2150, #672, #3859, #4445, #4610, #6116 ) ) ;
#5854 = CIRCLE ( 'NONE', #1621, 5.499999999999994671 ) ;
#5855 = SHAPE_DEFINITION_REPRESENTATION ( #1630, #5518 ) ;
#5856 = AXIS2_PLACEMENT_3D ( 'NONE', #4200, #4992, #6302 ) ;
#5857 = PRODUCT_DEFINITION_SHAPE ( 'NONE', 'NONE',  #9653 ) ;
#5858 = CARTESIAN_POINT ( 'NONE',  ( -15.00000000000000000, 158.0108291812380799, 25.00000000000000711 ) ) ;
#5859 = CARTESIAN_POINT ( 'NONE',  ( 0.000000000000000000, 0.000000000000000000, 7.000000000000000000 ) ) ;
#5860 = VECTOR ( 'NONE', #7227, 1000.000000000000000 ) ;
#5861 = EDGE_CURVE ( 'NONE', #498, #1247, #5428, .T. ) ;
#5862 = DIRECTION ( 'NONE',  ( -0.000000000000000000, -0.000000000000000000, -1.000000000000000000 ) ) ;
#5863 = ADVANCED_FACE ( 'NONE', ( #6310 ), #541, .F. ) ;
#5864 = CARTESIAN_POINT ( 'NONE',  ( -50.00000000000000000, 47.99999999999995737, 63.79999999999999716 ) ) ;
#5865 = DIRECTION ( 'NONE',  ( -0.000000000000000000, -0.2873478855663455511, 0.9578262852211513190 ) ) ;
#5866 = VECTOR ( 'NONE', #2626, 1000.000000000000000 ) ;
#5867 = CARTESIAN_POINT ( 'NONE',  ( -54.13550788405751746, -20.57544454745024254, 1066.772009018095787 ) ) ;
#5868 = STYLED_ITEM ( 'NONE', ( #3930 ), #7545 ) ;
#5869 = ORIENTED_EDGE ( 'NONE', *, *, #2750, .F. ) ;
#5870 = CARTESIAN_POINT ( 'NONE',  ( 7.500000000000000000, 9.184850993605147944E-16, 0.000000000000000000 ) ) ;
#5871 = CARTESIAN_POINT ( 'NONE',  ( 10.00000000000000000, -12.24586983568310572, -24.06414504036107616 ) ) ;
#5872 = CARTESIAN_POINT ( 'NONE',  ( -15.00000000000000178, 147.9999999999999716, 16.21320343559641586 ) ) ;
#5873 = VECTOR ( 'NONE', #7717, 1000.000000000000000 ) ;
#5874 = EDGE_CURVE ( 'NONE', #1748, #7113, #9200, .T. ) ;
#5875 = DIRECTION ( 'NONE',  ( 1.000000000000000000, -0.000000000000000000, -0.000000000000000000 ) ) ;
#5876 = CARTESIAN_POINT ( 'NONE',  ( -15.00000000000000533, 163.0421737147788406, 58.19275428407050299 ) ) ;
#5877 = CARTESIAN_POINT ( 'NONE',  ( -49.99999999999999289, 46.99999999999995737, 75.00000000000000000 ) ) ;
#5878 = CIRCLE ( 'NONE', #2423, 5.499999999999998224 ) ;
#5879 = LINE ( 'NONE', #1410, #8715 ) ;
#5880 = EDGE_LOOP ( 'NONE', ( #9589, #1037 ) ) ;
#5881 = DIRECTION ( 'NONE',  ( 0.000000000000000000, 0.000000000000000000, -1.000000000000000000 ) ) ;
#5882 = VERTEX_POINT ( 'NONE', #6364 ) ;
#5883 = CARTESIAN_POINT ( 'NONE',  ( 0.000000000000000000, 0.000000000000000000, 1.000000000000000888 ) ) ;
#5884 = VERTEX_POINT ( 'NONE', #4107 ) ;
#5885 = MECHANICAL_DESIGN_GEOMETRIC_PRESENTATION_REPRESENTATION (  '', ( #2120 ), #5566 ) ;
#5886 = CARTESIAN_POINT ( 'NONE',  ( -5.452816791081701808, 185.5868874988477160, 11.02163993476571946 ) ) ;
#5887 = DIRECTION ( 'NONE',  ( 1.000000000000000000, 1.734723475976805517E-15, -0.000000000000000000 ) ) ;
#5888 = ORIENTED_EDGE ( 'NONE', *, *, #273, .F. ) ;
#5889 = CARTESIAN_POINT ( 'NONE',  ( 7.500000000000000000, 9.184850993605147944E-16, 35.00000000000000000 ) ) ;
#5890 = PRODUCT_DEFINITION_CONTEXT ( 'detailed design', #5028, 'design' ) ;
#5891 = AXIS2_PLACEMENT_3D ( 'NONE', #9127, #5440, #8383 ) ;
#5892 = VERTEX_POINT ( 'NONE', #7890 ) ;
#5893 = ITEM_DEFINED_TRANSFORMATION ( 'NONE', 'NONE', #1588,  #6276 ) ;
#5894 = AXIS2_PLACEMENT_3D ( 'NONE', #9572, #2843, #4501 ) ;
#5895 = EDGE_CURVE ( 'NONE', #8102, #4580, #3857, .T. ) ;
#5896 = EDGE_LOOP ( 'NONE', ( #8554, #1467 ) ) ;
#5897 = CARTESIAN_POINT ( 'NONE',  ( 8.000000000000000000, 29.56414504036113655, -6.745869835683006244 ) ) ;
#5898 = CARTESIAN_POINT ( 'NONE',  ( 10.00000000000000000, -1.399880114079982575E-13, -25.49999999999995381 ) ) ;
#5899 = VECTOR ( 'NONE', #7936, 1000.000000000000000 ) ;
#5900 = ORIENTED_EDGE ( 'NONE', *, *, #6532, .T. ) ;
#5902 = CARTESIAN_POINT ( 'NONE',  ( 8.000000000000000000, 14.14213562373084088, -14.14213562373098831 ) ) ;
#5901 = CIRCLE ( 'NONE', #1673, 1.000000000000000888 ) ;
#5903 = AXIS2_PLACEMENT_3D ( 'NONE', #4805, #7798, #290 ) ;
#5904 = ORIENTED_EDGE ( 'NONE', *, *, #9205, .F. ) ;
#5905 = CARTESIAN_POINT ( 'NONE',  ( -86.52904228159253819, 180.1070334043503181, 18.34454215772977292 ) ) ;
#5906 = DIRECTION ( 'NONE',  ( 0.000000000000000000, 0.000000000000000000, 1.000000000000000000 ) ) ;
#5907 = ADVANCED_FACE ( 'NONE', ( #8525 ), #1226, .T. ) ;
#5908 = PLANE ( 'NONE',  #8642 ) ;
#5909 = CARTESIAN_POINT ( 'NONE',  ( -67.99999999999997158, 25.99999999999995381, 25.00000000000000711 ) ) ;
#5910 = VECTOR ( 'NONE', #1230, 1000.000000000000000 ) ;
#5911 = CARTESIAN_POINT ( 'NONE',  ( -15.00000000000000000, 158.0108291812380799, 75.00000000000000000 ) ) ;
#5912 = CARTESIAN_POINT ( 'NONE',  ( 0.000000000000000000, 0.000000000000000000, 0.000000000000000000 ) ) ;
#5913 = PLANE ( 'NONE',  #2762 ) ;
#5914 = DIRECTION ( 'NONE',  ( -6.988665519236144990E-17, 0.9999999999999998890, 2.347471974971522911E-16 ) ) ;
#5915 = ORIENTED_EDGE ( 'NONE', *, *, #3110, .T. ) ;
#5916 = DIRECTION ( 'NONE',  ( 0.000000000000000000, 0.000000000000000000, 1.000000000000000000 ) ) ;
#5917 = EDGE_CURVE ( 'NONE', #4262, #2028, #5676, .T. ) ;
#5918 = DIRECTION ( 'NONE',  ( -1.000000000000000000, 0.000000000000000000, 0.000000000000000000 ) ) ;
#5919 = DIRECTION ( 'NONE',  ( 0.000000000000000000, 0.000000000000000000, -1.000000000000000000 ) ) ;
#5920 = DIRECTION ( 'NONE',  ( -3.323127485761576556E-16, -0.2873478855663457177, -0.9578262852211512079 ) ) ;
#5921 = FACE_OUTER_BOUND ( 'NONE', #7165, .T. ) ;
#5922 = DIRECTION ( 'NONE',  ( 0.000000000000000000, 0.000000000000000000, -1.000000000000000000 ) ) ;
#5923 = VERTEX_POINT ( 'NONE', #1124 ) ;
#5924 = CARTESIAN_POINT ( 'NONE',  ( 19.75000000000000000, -7.653704392474077342E-14, 92.00000000000001421 ) ) ;
#5925 = VERTEX_POINT ( 'NONE', #3318 ) ;
#5926 = EDGE_CURVE ( 'NONE', #745, #8819, #5591, .T. ) ;
#5927 = PRODUCT_DEFINITION_SHAPE ( 'NONE', 'NONE',  #9664 ) ;
#5928 = CARTESIAN_POINT ( 'NONE',  ( 8.000000000000000000, 29.56414504036120761, 6.745869835682794857 ) ) ;
#5929 = VERTEX_POINT ( 'NONE', #1169 ) ;
#5930 = CARTESIAN_POINT ( 'NONE',  ( -12.10419926054254169, 180.7713908232416600, 16.13027783384787739 ) ) ;
#5931 = CARTESIAN_POINT ( 'NONE',  ( -94.65371790397340135, 28.69127364590057994, 10.93817218284273984 ) ) ;
#5932 = CARTESIAN_POINT ( 'NONE',  ( -67.99999999999995737, 169.5782628522114805, 73.59420950737171552 ) ) ;
#5933 = EDGE_CURVE ( 'NONE', #2019, #9579, #7467, .T. ) ;
#5934 = ORIENTED_EDGE ( 'NONE', *, *, #3474, .F. ) ;
#5935 = PRODUCT_DEFINITION_SHAPE ( 'NONE', 'NONE',  #1557 ) ;
#5936 = DIRECTION ( 'NONE',  ( -0.000000000000000000, -0.000000000000000000, -1.000000000000000000 ) ) ;
#5937 = ORIENTED_EDGE ( 'NONE', *, *, #4590, .F. ) ;
#5938 = CONTEXT_DEPENDENT_SHAPE_REPRESENTATION ( #3263, #6557 ) ;
#5939 = ORIENTED_EDGE ( 'NONE', *, *, #1761, .T. ) ;
#5940 = DIRECTION ( 'NONE',  ( 0.000000000000000000, 0.000000000000000000, -1.000000000000000000 ) ) ;
#5941 = CARTESIAN_POINT ( 'NONE',  ( -84.99999999999997158, 158.0421737147788406, 74.85942095073716018 ) ) ;
#5942 = VERTEX_POINT ( 'NONE', #4798 ) ;
#5943 = ORIENTED_EDGE ( 'NONE', *, *, #1130, .T. ) ;
#5944 = EDGE_CURVE ( 'NONE', #1126, #8936, #9319, .T. ) ;
#5945 = CARTESIAN_POINT ( 'NONE',  ( -67.99999999999997158, 25.99999999999995381, 75.00000000000000000 ) ) ;
#5946 = VECTOR ( 'NONE', #3889, 1000.000000000000227 ) ;
#5947 = DIRECTION ( 'NONE',  ( 1.000000000000000000, -1.387778780781444689E-15, 0.000000000000000000 ) ) ;
#5948 = DIRECTION ( 'NONE',  ( 0.000000000000000000, 0.000000000000000000, -1.000000000000000000 ) ) ;
#5949 = DIRECTION ( 'NONE',  ( 0.000000000000000000, -0.2873478855663456066, -0.9578262852211513190 ) ) ;
#5950 = AXIS2_PLACEMENT_3D ( 'NONE', #1522, #5981, #2769 ) ;
#5951 = EDGE_LOOP ( 'NONE', ( #8987, #3006, #3337, #3486 ) ) ;
#5952 = DIRECTION ( 'NONE',  ( 0.000000000000000000, 0.000000000000000000, -1.000000000000000000 ) ) ;
#5953 = VECTOR ( 'NONE', #2053, 1000.000000000000000 ) ;
#5954 = DIRECTION ( 'NONE',  ( 0.000000000000000000, 0.000000000000000000, 1.000000000000000000 ) ) ;
#5955 = ADVANCED_FACE ( 'NONE', ( #7198 ), #5624, .F. ) ;
#5956 = DIRECTION ( 'NONE',  ( 1.000000000000000000, 0.000000000000000000, 0.000000000000000000 ) ) ;
#5957 = DIRECTION ( 'NONE',  ( 1.000000000000000000, 0.000000000000000000, 0.000000000000000000 ) ) ;
#5958 = DIRECTION ( 'NONE',  ( 0.9999999822631672197, 1.178584118121913347E-16, -0.0001883445384693802072 ) ) ;
#5959 = ORIENTED_EDGE ( 'NONE', *, *, #3675, .T. ) ;
#5960 = LINE ( 'NONE', #7249, #3605 ) ;
#5961 = CARTESIAN_POINT ( 'NONE',  ( 8.000000000000000000, 0.000000000000000000, 26.50000000000000355 ) ) ;
#5962 = DIRECTION ( 'NONE',  ( 1.224646799147353207E-16, 1.000000000000000000, -0.000000000000000000 ) ) ;
#5963 = DIRECTION ( 'NONE',  ( -1.982541115402065356E-16, -1.000000000000000000, 0.000000000000000000 ) ) ;
#5964 = AXIS2_PLACEMENT_3D ( 'NONE', #7788, #1120, #1072 ) ;
#5965 = CYLINDRICAL_SURFACE ( 'NONE', #5021, 2.249999999999998668 ) ;
#5966 = DIRECTION ( 'NONE',  ( 1.000000000000000000, -0.000000000000000000, -0.000000000000000000 ) ) ;
#5967 = VERTEX_POINT ( 'NONE', #3374 ) ;
#5968 = PRODUCT_DEFINITION_FORMATION_WITH_SPECIFIED_SOURCE ( 'ANY', '', #2955, .NOT_KNOWN. ) ;
#5969 = FACE_OUTER_BOUND ( 'NONE', #4084, .T. ) ;
#5970 = EDGE_LOOP ( 'NONE', ( #8801, #959, #2530, #5158 ) ) ;
#5971 = CARTESIAN_POINT ( 'NONE',  ( -67.99999999999997158, 162.4137956343300289, 49.71265211443365217 ) ) ;
#5972 = ORIENTED_EDGE ( 'NONE', *, *, #6563, .T. ) ;
#5973 = PRODUCT_RELATED_PRODUCT_CATEGORY ( 'part', '', ( #9002 ) ) ;
#5974 = VECTOR ( 'NONE', #8186, 1000.000000000000000 ) ;
#5975 = EDGE_CURVE ( 'NONE', #790, #6668, #1364, .T. ) ;
#5976 = CARTESIAN_POINT ( 'NONE',  ( -13.47095465695770322, 180.1070342778894542, 18.34453549450765664 ) ) ;
#5977 = DIRECTION ( 'NONE',  ( -1.000000000000000000, -1.734723475976805517E-15, 0.000000000000000000 ) ) ;
#5978 = EDGE_CURVE ( 'NONE', #2249, #419, #2682, .T. ) ;
#5979 = CARTESIAN_POINT ( 'NONE',  ( -50.00000000000000000, 157.9999999999999716, 110.0000000000000000 ) ) ;
#5980 = ORIENTED_EDGE ( 'NONE', *, *, #2, .F. ) ;
#5981 = DIRECTION ( 'NONE',  ( -1.000000000000000000, 0.000000000000000000, 0.000000000000000000 ) ) ;
#5982 = AXIS2_PLACEMENT_3D ( 'NONE', #9365, #5618, #8572 ) ;
#5983 = VERTEX_POINT ( 'NONE', #440 ) ;
#5984 = ORIENTED_EDGE ( 'NONE', *, *, #2463, .T. ) ;
#5985 = ORIENTED_EDGE ( 'NONE', *, *, #5933, .T. ) ;
#5986 = CARTESIAN_POINT ( 'NONE',  ( -50.00000000000000000, 169.9999999999999716, 75.00000000000000000 ) ) ;
#5987 = DIRECTION ( 'NONE',  ( 1.000000000000000000, 0.000000000000000000, 0.000000000000000000 ) ) ;
#5988 = EDGE_CURVE ( 'NONE', #2542, #354, #6513, .T. ) ;
#5989 = ADVANCED_FACE ( 'NONE', ( #7250 ), #2005, .F. ) ;
#5990 = AXIS2_PLACEMENT_3D ( 'NONE', #9599, #5085, #2820 ) ;
#5991 = ORIENTED_EDGE ( 'NONE', *, *, #6651, .F. ) ;
#5992 = ORIENTED_EDGE ( 'NONE', *, *, #4044, .T. ) ;
#5993 = FACE_OUTER_BOUND ( 'NONE', #8771, .T. ) ;
#5994 = CONTEXT_DEPENDENT_SHAPE_REPRESENTATION ( #7, #1319 ) ;
#5995 = DIRECTION ( 'NONE',  ( 1.000000000000000000, 0.000000000000000000, 0.000000000000000000 ) ) ;
#5996 = ORIENTED_EDGE ( 'NONE', *, *, #2941, .T. ) ;
#5997 = CARTESIAN_POINT ( 'NONE',  ( -15.00000000000000888, 164.9578262852211310, 58.19275428407049588 ) ) ;
#5998 = UNCERTAINTY_MEASURE_WITH_UNIT (LENGTH_MEASURE( 1.000000000000000082E-05 ), #9206, 'distance_accuracy_value', 'NONE');
#5999 = ADVANCED_FACE ( 'NONE', ( #1077 ), #9373, .F. ) ;
#6000 = LINE ( 'NONE', #6926, #4910 ) ;
#6001 = SHAPE_REPRESENTATION ( 'Structure', ( #6276 ), #6597 ) ;
#6002 = ORIENTED_EDGE ( 'NONE', *, *, #6532, .F. ) ;
#6003 = CIRCLE ( 'NONE', #1774, 5.500000000000001776 ) ;
#6004 = CARTESIAN_POINT ( 'NONE',  ( -85.00000000000001421, 163.9999999999999716, 58.48010216963683661 ) ) ;
#6005 = DIRECTION ( 'NONE',  ( 0.000000000000000000, -0.000000000000000000, -1.000000000000000000 ) ) ;
#6006 = AXIS2_PLACEMENT_3D ( 'NONE', #9335, #2596, #5594 ) ;
#6007 = CARTESIAN_POINT ( 'NONE',  ( 10.00000000000000000, 12.24586983568289789, 24.06414504036117563 ) ) ;
#6008 = DIRECTION ( 'NONE',  ( -0.9880492670590977911, 5.796728191807974784E-17, 0.1541383984086381331 ) ) ;
#6009 = VERTEX_POINT ( 'NONE', #7837 ) ;
#6010 = CARTESIAN_POINT ( 'NONE',  ( 0.000000000000000000, 0.000000000000000000, 10.00000000000000000 ) ) ;
#6011 = AXIS2_PLACEMENT_3D ( 'NONE', #2760, #3545, #3044 ) ;
#6012 = CARTESIAN_POINT ( 'NONE',  ( -92.58319487770722844, 159.5565474366598266, 11.94872402954783297 ) ) ;
#6013 = LINE ( 'NONE', #9212, #838 ) ;
#6014 = ADVANCED_FACE ( 'NONE', ( #1902 ), #4897, .T. ) ;
#6015 = CARTESIAN_POINT ( 'NONE',  ( 10.00000000000000000, 0.000000000000000000, 32.00000000000000000 ) ) ;
#6016 = DIRECTION ( 'NONE',  ( 0.000000000000000000, 0.000000000000000000, 1.000000000000000000 ) ) ;
#6017 = APPLICATION_CONTEXT ( 'automotive_design' ) ;
#6018 = PLANE ( 'NONE',  #1356 ) ;
#6019 = VECTOR ( 'NONE', #6426, 1000.000000000000000 ) ;
#6020 = ORIENTED_EDGE ( 'NONE', *, *, #4211, .T. ) ;
#6021 = ORIENTED_EDGE ( 'NONE', *, *, #1855, .T. ) ;
#6022 = LINE ( 'NONE', #9028, #4081 ) ;
#6023 = CARTESIAN_POINT ( 'NONE',  ( -85.00000000000001421, 169.9891708187618917, 25.00000000000000711 ) ) ;
#6025 = EDGE_LOOP ( 'NONE', ( #9025, #2183, #5847, #8734 ) ) ;
#6024 = EDGE_CURVE ( 'NONE', #6325, #5925, #267, .T. ) ;
#6026 = VECTOR ( 'NONE', #812, 1000.000000000000000 ) ;
#6027 = CARTESIAN_POINT ( 'NONE',  ( -9.304724585462576414, 182.6297629042362871, 13.20795730419473557 ) ) ;
#6028 = VECTOR ( 'NONE', #1694, 1000.000000000000000 ) ;
#6029 = DIRECTION ( 'NONE',  ( 1.734723475976805862E-16, -1.000000000000000000, -0.000000000000000000 ) ) ;
#6030 = CARTESIAN_POINT ( 'NONE',  ( 0.000000000000000000, 0.000000000000000000, 0.000000000000000000 ) ) ;
#6031 = EDGE_LOOP ( 'NONE', ( #5843, #3924 ) ) ;
#6032 = CARTESIAN_POINT ( 'NONE',  ( 0.000000000000000000, 0.9999999999999570344, 10.00000000000000000 ) ) ;
#6033 = EDGE_LOOP ( 'NONE', ( #6864, #46 ) ) ;
#6034 = ORIENTED_EDGE ( 'NONE', *, *, #1922, .T. ) ;
#6035 = CONTEXT_DEPENDENT_SHAPE_REPRESENTATION ( #3768, #1098 ) ;
#6036 = CIRCLE ( 'NONE', #7293, 35.00000000000000000 ) ;
#6037 = EDGE_CURVE ( 'NONE', #7560, #1092, #9522, .T. ) ;
#6038 = VERTEX_POINT ( 'NONE', #3610 ) ;
#6039 = DIRECTION ( 'NONE',  ( 1.000000000000000000, -0.000000000000000000, -0.000000000000000000 ) ) ;
#6040 = EDGE_CURVE ( 'NONE', #8989, #8048, #2091, .T. ) ;
#6041 = CYLINDRICAL_SURFACE ( 'NONE', #6639, 5.500000000000000000 ) ;
#6042 = ORIENTED_EDGE ( 'NONE', *, *, #860, .T. ) ;
#6043 = CIRCLE ( 'NONE', #7935, 28.99999999999999645 ) ;
#6044 = EDGE_LOOP ( 'NONE', ( #4187, #4818, #2269, #3482, #6082 ) ) ;
#6045 = DIRECTION ( 'NONE',  ( 0.000000000000000000, 0.2873478855663455511, 0.9578262852211513190 ) ) ;
#6046 = AXIS2_PLACEMENT_3D ( 'NONE', #3926, #1681, #1145 ) ;
#6047 = ADVANCED_FACE ( 'NONE', ( #2969 ), #2611, .T. ) ;
#6048 = DIRECTION ( 'NONE',  ( 0.000000000000000000, 0.000000000000000000, -1.000000000000000000 ) ) ;
#6049 = EDGE_LOOP ( 'NONE', ( #7503, #8523, #3877, #2654 ) ) ;
#6050 = DIRECTION ( 'NONE',  ( -0.000000000000000000, -0.000000000000000000, -1.000000000000000000 ) ) ;
#6051 = CIRCLE ( 'NONE', #579, 5.500000000000001776 ) ;
#6052 = DIRECTION ( 'NONE',  ( 1.224646799147353207E-16, 1.000000000000000000, -0.000000000000000000 ) ) ;
#6053 = CIRCLE ( 'NONE', #8244, 30.00000000000000000 ) ;
#6054 = VERTEX_POINT ( 'NONE', #9607 ) ;
#6055 = FACE_BOUND ( 'NONE', #3710, .T. ) ;
#6056 = DIRECTION ( 'NONE',  ( 0.000000000000000000, 0.000000000000000000, -1.000000000000000000 ) ) ;
#6057 = DIRECTION ( 'NONE',  ( -0.07058822266251707500, -1.622611102755747474E-17, 0.9975055402459414022 ) ) ;
#6058 = VECTOR ( 'NONE', #3165, 1000.000000000000227 ) ;
#6059 = AXIS2_PLACEMENT_3D ( 'NONE', #5585, #2439, #6952 ) ;
#6060 = ORIENTED_EDGE ( 'NONE', *, *, #7515, .T. ) ;
#6061 = CARTESIAN_POINT ( 'NONE',  ( 8.000000000000000000, 12.24586983568269183, -29.56414504036126090 ) ) ;
#6062 = DIRECTION ( 'NONE',  ( 0.000000000000000000, 0.000000000000000000, 1.000000000000000000 ) ) ;
#6063 = DIRECTION ( 'NONE',  ( 1.000000000000000000, 1.734723475976805517E-15, 0.000000000000000000 ) ) ;
#6064 = CLOSED_SHELL ( 'NONE', ( #6047, #6719, #951, #4516, #9603, #3677, #3752, #5268, #5254, #6495, #8501, #6846, #6785, #2974 ) ) ;
#6065 = CARTESIAN_POINT ( 'NONE',  ( -50.00000000000000000, 148.9999999999999716, 63.79999999999999716 ) ) ;
#6066 =( NAMED_UNIT ( * ) PLANE_ANGLE_UNIT ( ) SI_UNIT ( $, .RADIAN. ) );
#6067 = CARTESIAN_POINT ( 'NONE',  ( -67.99999999999997158, 30.49999999999995737, 50.00000000000000000 ) ) ;
#6068 = VECTOR ( 'NONE', #4164, 1000.000000000000000 ) ;
#6069 = EDGE_CURVE ( 'NONE', #404, #4327, #3554, .T. ) ;
#6070 = VERTEX_POINT ( 'NONE', #3712 ) ;
#6071 = DIRECTION ( 'NONE',  ( 1.000000000000000000, 0.000000000000000000, 0.000000000000000000 ) ) ;
#6072 = CARTESIAN_POINT ( 'NONE',  ( 8.000000000000000000, -29.56414504036129998, -17.74586983568256926 ) ) ;
#6073 = ORIENTED_EDGE ( 'NONE', *, *, #1372, .T. ) ;
#6074 = CARTESIAN_POINT ( 'NONE',  ( -11.06195944809949516, 181.4068832646014187, 14.83541595073029917 ) ) ;
#6075 = LINE ( 'NONE', #7051, #8306 ) ;
#6076 = CARTESIAN_POINT ( 'NONE',  ( 8.000000000000000000, -5.833392311421893986E-14, -8.499999999999952038 ) ) ;
#6077 =( NAMED_UNIT ( * ) SI_UNIT ( $, .STERADIAN. ) SOLID_ANGLE_UNIT ( ) );
#6078 = ORIENTED_EDGE ( 'NONE', *, *, #6634, .T. ) ;
#6079 = EDGE_CURVE ( 'NONE', #6866, #2561, #1055, .T. ) ;
#6080 = FACE_OUTER_BOUND ( 'NONE', #6385, .T. ) ;
#6081 = VERTEX_POINT ( 'NONE', #1316 ) ;
#6082 = ORIENTED_EDGE ( 'NONE', *, *, #7405, .F. ) ;
#6083 = ORIENTED_EDGE ( 'NONE', *, *, #4536, .T. ) ;
#6084 = CARTESIAN_POINT ( 'NONE',  ( 8.000000000000000000, -29.56414504036129998, -12.24586983568257459 ) ) ;
#6085 = CYLINDRICAL_SURFACE ( 'NONE', #7903, 5.500000000000000000 ) ;
#6086 = VERTEX_POINT ( 'NONE', #5871 ) ;
#6087 =( REPRESENTATION_RELATIONSHIP ('NONE','NONE', #5518, #3457 ) REPRESENTATION_RELATIONSHIP_WITH_TRANSFORMATION ( #8627 )SHAPE_REPRESENTATION_RELATIONSHIP( ) );
#6088 = VERTEX_POINT ( 'NONE', #2176 ) ;
#6089 = CARTESIAN_POINT ( 'NONE',  ( -85.00000000000001421, 169.9891708187618917, 25.00000000000000711 ) ) ;
#6090 = ADVANCED_FACE ( 'NONE', ( #5177 ), #2141, .T. ) ;
#6091 = ITEM_DEFINED_TRANSFORMATION ( 'NONE', 'NONE', #4720,  #6276 ) ;
#6092 = DIRECTION ( 'NONE',  ( 0.000000000000000000, -0.000000000000000000, -1.000000000000000000 ) ) ;
#6093 = ORIENTED_EDGE ( 'NONE', *, *, #8175, .F. ) ;
#6094 = CARTESIAN_POINT ( 'NONE',  ( -3.142677150939513275, 2.474586899860803157, 121.0000000000000142 ) ) ;
#6095 = DIRECTION ( 'NONE',  ( -0.000000000000000000, -0.000000000000000000, -1.000000000000000000 ) ) ;
#6096 = EDGE_CURVE ( 'NONE', #7255, #62, #6837, .T. ) ;
#6097 = ORIENTED_EDGE ( 'NONE', *, *, #8783, .F. ) ;
#6098 = DIRECTION ( 'NONE',  ( -4.956352788505163391E-17, 1.000000000000000000, 0.000000000000000000 ) ) ;
#6099 = DIRECTION ( 'NONE',  ( 3.323127485761576556E-16, -0.2873478855663457177, -0.9578262852211512079 ) ) ;
#6100 = DIRECTION ( 'NONE',  ( 1.000000000000000000, 0.000000000000000000, 0.000000000000000000 ) ) ;
#6101 = EDGE_CURVE ( 'NONE', #5693, #6378, #9562, .T. ) ;
#6102 = DIRECTION ( 'NONE',  ( -0.9699955968923835714, -2.143485231091997490E-17, -0.2431224835538436935 ) ) ;
#6103 = ORIENTED_EDGE ( 'NONE', *, *, #913, .T. ) ;
#6104 = DIRECTION ( 'NONE',  ( 1.000000000000000000, 0.000000000000000000, 0.000000000000000000 ) ) ;
#6105 = CARTESIAN_POINT ( 'NONE',  ( -88.38870982720619907, 157.9999999999999147, 15.48172023039171563 ) ) ;
#6106 = DIRECTION ( 'NONE',  ( 1.000000000000000000, 0.000000000000000000, 0.000000000000000000 ) ) ;
#6107 = CIRCLE ( 'NONE', #1563, 5.500000000000001776 ) ;
#6108 = EDGE_CURVE ( 'NONE', #516, #3144, #7387, .T. ) ;
#6109 = CARTESIAN_POINT ( 'NONE',  ( 10.00000000000000000, 4.898587196589413026E-15, -40.00000000000000000 ) ) ;
#6110 = EDGE_CURVE ( 'NONE', #5679, #1134, #2290, .T. ) ;
#6111 = CARTESIAN_POINT ( 'NONE',  ( 8.000000000000000000, -31.99999999999999289, 3.351822085289408021E-13 ) ) ;
#6112 = AXIS2_PLACEMENT_3D ( 'NONE', #2586, #4110, #444 ) ;
#6113 = DIRECTION ( 'NONE',  ( 0.000000000000000000, 0.000000000000000000, 1.000000000000000000 ) ) ;
#6114 = VECTOR ( 'NONE', #294, 1000.000000000000000 ) ;
#6115 = VECTOR ( 'NONE', #332, 1000.000000000000000 ) ;
#6116 = ORIENTED_EDGE ( 'NONE', *, *, #680, .T. ) ;
#6117 = CYLINDRICAL_SURFACE ( 'NONE', #118, 5.500000000000000000 ) ;
#6118 = CARTESIAN_POINT ( 'NONE',  ( -67.99999999999997158, 163.9999999999999432, 41.51989783036317050 ) ) ;
#6119 = ORIENTED_EDGE ( 'NONE', *, *, #6729, .F. ) ;
#6120 = AXIS2_PLACEMENT_3D ( 'NONE', #7870, #361, #3198 ) ;
#6121 = ADVANCED_FACE ( 'NONE', ( #4348, #8968, #7373 ), #5827, .F. ) ;
#6122 =( GEOMETRIC_REPRESENTATION_CONTEXT ( 3 ) GLOBAL_UNCERTAINTY_ASSIGNED_CONTEXT ( ( #7359 ) ) GLOBAL_UNIT_ASSIGNED_CONTEXT ( ( #6360, #4894, #9265 ) ) REPRESENTATION_CONTEXT ( 'NONE', 'WORKASPACE' ) );
#6123 = PLANE ( 'NONE',  #183 ) ;
#6124 = FACE_OUTER_BOUND ( 'NONE', #4468, .T. ) ;
#6125 = CYLINDRICAL_SURFACE ( 'NONE', #2448, 7.500000000000000000 ) ;
#6126 = CARTESIAN_POINT ( 'NONE',  ( -4.000000000000000000, 0.000000000000000000, 6.000000000000000000 ) ) ;
#6127 = ORIENTED_EDGE ( 'NONE', *, *, #1922, .F. ) ;
#6128 = CIRCLE ( 'NONE', #2558, 5.499999999999998224 ) ;
#6129 = FACE_OUTER_BOUND ( 'NONE', #8060, .T. ) ;
#6130 = VERTEX_POINT ( 'NONE', #5961 ) ;
#6131 = EDGE_LOOP ( 'NONE', ( #1985, #460 ) ) ;
#6132 = CONTEXT_DEPENDENT_SHAPE_REPRESENTATION ( #4452, #7827 ) ;
#6133 = AXIS2_PLACEMENT_3D ( 'NONE', #8564, #7031, #6450 ) ;
#6134 = ORIENTED_EDGE ( 'NONE', *, *, #3270, .T. ) ;
#6135 = CARTESIAN_POINT ( 'NONE',  ( -50.00000000000000000, 147.9999999999999716, 75.00000000000000000 ) ) ;
#6136 = LINE ( 'NONE', #1479, #1166 ) ;
#6137 = EDGE_CURVE ( 'NONE', #3827, #1058, #7784, .T. ) ;
#6138 = VERTEX_POINT ( 'NONE', #767 ) ;
#6139 = ORIENTED_EDGE ( 'NONE', *, *, #3101, .T. ) ;
#6140 = VERTEX_POINT ( 'NONE', #3753 ) ;
#6141 = CARTESIAN_POINT ( 'NONE',  ( -84.96921347226746946, 169.9999999999999716, 76.46768836303508010 ) ) ;
#6142 = DIRECTION ( 'NONE',  ( 1.000000000000000000, 0.000000000000000000, 0.000000000000000000 ) ) ;
#6143 = EDGE_LOOP ( 'NONE', ( #7064, #4360, #6191, #2536, #115 ) ) ;
#6144 = FACE_OUTER_BOUND ( 'NONE', #6049, .T. ) ;
#6145 = CARTESIAN_POINT ( 'NONE',  ( 10.00000000000000000, 22.62741699796956496, 17.12741699796948325 ) ) ;
#6146 = EDGE_CURVE ( 'NONE', #3136, #6138, #1361, .T. ) ;
#6147 = APPLICATION_CONTEXT ( 'automotive_design' ) ;
#6148 = EDGE_LOOP ( 'NONE', ( #8843, #15 ) ) ;
#6149 = CARTESIAN_POINT ( 'NONE',  ( -15.00000000000001421, 166.5440306508910453, 50.00000000000000000 ) ) ;
#6150 = LINE ( 'NONE', #864, #5799 ) ;
#6151 = DIRECTION ( 'NONE',  ( -0.7552563426956264703, -1.690655578473632049E-16, 0.6554295208624852931 ) ) ;
#6152 = EDGE_LOOP ( 'NONE', ( #1857, #2556, #3618, #557 ) ) ;
#6153 = FACE_OUTER_BOUND ( 'NONE', #4223, .T. ) ;
#6154 = ADVANCED_FACE ( 'NONE', ( #3565 ), #5092, .T. ) ;
#6155 = CARTESIAN_POINT ( 'NONE',  ( -67.99999999999997158, 165.5440306508910169, 50.00000000000000000 ) ) ;
#6156 = DIRECTION ( 'NONE',  ( 1.000000000000000000, -0.000000000000000000, -0.000000000000000000 ) ) ;
#6157 = VECTOR ( 'NONE', #1304, 1000.000000000000000 ) ;
#6158 = EDGE_CURVE ( 'NONE', #7697, #4667, #968, .T. ) ;
#6159 = AXIS2_PLACEMENT_3D ( 'NONE', #6937, #226, #7724 ) ;
#6160 = CARTESIAN_POINT ( 'NONE',  ( -85.00071805356370191, 157.9999999999999716, 24.85323116369650265 ) ) ;
#6161 = CARTESIAN_POINT ( 'NONE',  ( -1.536251789090978676E-13, -22.00000000000000000, 92.00000000000001421 ) ) ;
#6162 = CIRCLE ( 'NONE', #8676, 11.09553823317371091 ) ;
#6163 = CYLINDRICAL_SURFACE ( 'NONE', #4800, 2.249999999999998668 ) ;
#6164 = CIRCLE ( 'NONE', #65, 4.000000000000000000 ) ;
#6165 = VERTEX_POINT ( 'NONE', #3114 ) ;
#6166 = CARTESIAN_POINT ( 'NONE',  ( -49.99999999999999289, 169.9999999999999716, 86.09553823317369847 ) ) ;
#6167 = DIRECTION ( 'NONE',  ( 0.000000000000000000, 0.9578262852211514300, -0.2873478855663456066 ) ) ;
#6168 = EDGE_CURVE ( 'NONE', #9393, #1962, #7252, .T. ) ;
#6169 = FACE_OUTER_BOUND ( 'NONE', #3954, .T. ) ;
#6170 = DIRECTION ( 'NONE',  ( 1.000000000000000000, 0.000000000000000000, 0.000000000000000000 ) ) ;
#6171 = DIRECTION ( 'NONE',  ( 0.000000000000000000, 1.000000000000000000, 0.000000000000000000 ) ) ;
#6172 = DIRECTION ( 'NONE',  ( 1.000000000000000000, 0.000000000000000000, 0.000000000000000000 ) ) ;
#6173 = EDGE_LOOP ( 'NONE', ( #5541, #4228, #5552, #1180 ) ) ;
#6174 = PRODUCT_DEFINITION_SHAPE ( 'NONE', 'NONE',  #9683 ) ;
#6175 = DIRECTION ( 'NONE',  ( 0.000000000000000000, 0.000000000000000000, -1.000000000000000000 ) ) ;
#6176 = PRODUCT_RELATED_PRODUCT_CATEGORY ( 'part', '', ( #3037 ) ) ;
#6177 = ORIENTED_EDGE ( 'NONE', *, *, #5127, .T. ) ;
#6178 = EDGE_LOOP ( 'NONE', ( #7847, #2509 ) ) ;
#6179 = AXIS2_PLACEMENT_3D ( 'NONE', #1019, #4941, #478 ) ;
#6180 = ORIENTED_EDGE ( 'NONE', *, *, #5895, .T. ) ;
#6181 = FACE_BOUND ( 'NONE', #4271, .T. ) ;
#6182 = LINE ( 'NONE', #9185, #6494 ) ;
#6183 = AXIS2_PLACEMENT_3D ( 'NONE', #5357, #1690, #4526 ) ;
#6184 = ORIENTED_EDGE ( 'NONE', *, *, #8923, .F. ) ;
#6185 = MECHANICAL_DESIGN_GEOMETRIC_PRESENTATION_REPRESENTATION (  '', ( #237 ), #8378 ) ;
#6186 = ORIENTED_EDGE ( 'NONE', *, *, #2284, .F. ) ;
#6187 = ORIENTED_EDGE ( 'NONE', *, *, #4668, .F. ) ;
#6188 = DIRECTION ( 'NONE',  ( -1.000000000000000000, 4.956352788505163391E-17, 0.000000000000000000 ) ) ;
#6189 = EDGE_CURVE ( 'NONE', #6140, #6339, #7723, .T. ) ;
#6190 =( LENGTH_UNIT ( ) NAMED_UNIT ( * ) SI_UNIT ( .MILLI., .METRE. ) );
#6191 = ORIENTED_EDGE ( 'NONE', *, *, #5874, .F. ) ;
#6192 = DIRECTION ( 'NONE',  ( 1.000000000000000000, 0.000000000000000000, 0.000000000000000000 ) ) ;
#6193 = ORIENTED_EDGE ( 'NONE', *, *, #8197, .T. ) ;
#6194 = PLANE ( 'NONE',  #682 ) ;
#6195 =( GEOMETRIC_REPRESENTATION_CONTEXT ( 3 ) GLOBAL_UNCERTAINTY_ASSIGNED_CONTEXT ( ( #3839 ) ) GLOBAL_UNIT_ASSIGNED_CONTEXT ( ( #5689, #7854, #1184 ) ) REPRESENTATION_CONTEXT ( 'NONE', 'WORKASPACE' ) );
#6196 = ORIENTED_EDGE ( 'NONE', *, *, #3233, .F. ) ;
#6197 = PLANE ( 'NONE',  #7616 ) ;
#6198 = DIRECTION ( 'NONE',  ( 0.000000000000000000, 0.000000000000000000, -1.000000000000000000 ) ) ;
#6199 =( NAMED_UNIT ( * ) PLANE_ANGLE_UNIT ( ) SI_UNIT ( $, .RADIAN. ) );
#6200 = DIRECTION ( 'NONE',  ( 3.323127485761577049E-16, 0.2873478855663457177, -0.9578262852211512079 ) ) ;
#6201 = EDGE_CURVE ( 'NONE', #498, #9438, #4582, .T. ) ;
#6202 = DIRECTION ( 'NONE',  ( 0.3757831636061472746, 8.608447890210009142E-17, -0.9267076205309608961 ) ) ;
#6203 = CIRCLE ( 'NONE', #4632, 11.19999999999999396 ) ;
#6204 = DIRECTION ( 'NONE',  ( 1.000000000000000000, 0.000000000000000000, 0.000000000000000000 ) ) ;
#6205 = AXIS2_PLACEMENT_3D ( 'NONE', #6710, #2983, #2288 ) ;
#6206 =( REPRESENTATION_RELATIONSHIP ('NONE','NONE', #5518, #3457 ) REPRESENTATION_RELATIONSHIP_WITH_TRANSFORMATION ( #6238 )SHAPE_REPRESENTATION_RELATIONSHIP( ) );
#6207 = CARTESIAN_POINT ( 'NONE',  ( -90.14590078333178269, 158.4525390981413295, 13.67441026290112482 ) ) ;
#6208 = DIRECTION ( 'NONE',  ( 0.000000000000000000, 0.000000000000000000, -1.000000000000000000 ) ) ;
#6209 = CIRCLE ( 'NONE', #5580, 9.095538233173723341 ) ;
#6210 = LINE ( 'NONE', #2474, #781 ) ;
#6211 = LINE ( 'NONE', #2329, #4699 ) ;
#6212 = LINE ( 'NONE', #6067, #7775 ) ;
#6213 =( NAMED_UNIT ( * ) PLANE_ANGLE_UNIT ( ) SI_UNIT ( $, .RADIAN. ) );
#6214 = EDGE_CURVE ( 'NONE', #1524, #7587, #1648, .T. ) ;
#6215 = ORIENTED_EDGE ( 'NONE', *, *, #5468, .F. ) ;
#6216 = CARTESIAN_POINT ( 'NONE',  ( 4.000000000000000000, 4.898587196589412829E-16, 0.000000000000000000 ) ) ;
#6217 = CARTESIAN_POINT ( 'NONE',  ( -67.99999999999997158, 25.99999999999995737, 35.00000000000000711 ) ) ;
#6218 = DIRECTION ( 'NONE',  ( 1.000000000000000000, 1.156482317317870344E-15, -0.000000000000000000 ) ) ;
#6219 = ORIENTED_EDGE ( 'NONE', *, *, #1051, .F. ) ;
#6220 = VECTOR ( 'NONE', #4954, 1000.000000000000000 ) ;
#6221 = DIRECTION ( 'NONE',  ( 0.000000000000000000, 0.000000000000000000, -1.000000000000000000 ) ) ;
#6222 = DIRECTION ( 'NONE',  ( 0.000000000000000000, -0.2873478855663457177, 0.9578262852211512079 ) ) ;
#6223 = CARTESIAN_POINT ( 'NONE',  ( -85.00000000000000000, 47.99999999999995737, 110.0000000000000000 ) ) ;
#6224 = ORIENTED_EDGE ( 'NONE', *, *, #3663, .T. ) ;
#6225 = EDGE_CURVE ( 'NONE', #1058, #1811, #6889, .T. ) ;
#6226 = CARTESIAN_POINT ( 'NONE',  ( -84.99999999999997158, 163.0421737147788406, 58.19275428407050299 ) ) ;
#6227 = ORIENTED_EDGE ( 'NONE', *, *, #261, .T. ) ;
#6228 = EDGE_LOOP ( 'NONE', ( #7996, #1771 ) ) ;
#6229 = ORIENTED_EDGE ( 'NONE', *, *, #7683, .F. ) ;
#6230 = DIRECTION ( 'NONE',  ( 0.000000000000000000, 0.000000000000000000, -1.000000000000000000 ) ) ;
#6231 = CYLINDRICAL_SURFACE ( 'NONE', #1333, 5.500000000000000000 ) ;
#6232 = EDGE_LOOP ( 'NONE', ( #7353, #9128, #986, #8242 ) ) ;
#6233 = EDGE_CURVE ( 'NONE', #2161, #5929, #8574, .T. ) ;
#6234 = ORIENTED_EDGE ( 'NONE', *, *, #4844, .F. ) ;
#6235 = ADVANCED_FACE ( 'NONE', ( #4001 ), #3020, .F. ) ;
#6236 = ORIENTED_EDGE ( 'NONE', *, *, #3145, .F. ) ;
#6237 = DIRECTION ( 'NONE',  ( 4.956352788505163391E-17, 1.000000000000000000, 0.000000000000000000 ) ) ;
#6238 = ITEM_DEFINED_TRANSFORMATION ( 'NONE', 'NONE', #2522,  #6276 ) ;
#6239 = EDGE_LOOP ( 'NONE', ( #1099, #3389, #152, #9064 ) ) ;
#6240 = LINE ( 'NONE', #7125, #4249 ) ;
#6241 = VERTEX_POINT ( 'NONE', #2278 ) ;
#6242 = CARTESIAN_POINT ( 'NONE',  ( 0.000000000000000000, 0.000000000000000000, 1.000000000000000000 ) ) ;
#6243 = EDGE_CURVE ( 'NONE', #1122, #4667, #2136, .T. ) ;
#6244 = ORIENTED_EDGE ( 'NONE', *, *, #7882, .F. ) ;
#6245 = DIRECTION ( 'NONE',  ( 1.000000000000000000, 0.000000000000000000, 0.000000000000000000 ) ) ;
#6246 = DIRECTION ( 'NONE',  ( 0.000000000000000000, -1.000000000000000000, 0.000000000000000000 ) ) ;
#6247 = DIRECTION ( 'NONE',  ( -0.000000000000000000, -0.000000000000000000, 1.000000000000000000 ) ) ;
#6248 = FACE_BOUND ( 'NONE', #244, .T. ) ;
#6249 = DIRECTION ( 'NONE',  ( -0.4163582712868710844, 2.305448503744940240E-17, -0.9092006323859481709 ) ) ;
#6250 = CARTESIAN_POINT ( 'NONE',  ( 10.00000000000000000, -12.24586983568247156, 24.06414504036134616 ) ) ;
#6251 = DIRECTION ( 'NONE',  ( 0.000000000000000000, 0.000000000000000000, -1.000000000000000000 ) ) ;
#6252 = CYLINDRICAL_SURFACE ( 'NONE', #220, 11.00000000000000000 ) ;
#6253 = EDGE_CURVE ( 'NONE', #8096, #2449, #5901, .T. ) ;
#6254 = PRODUCT_DEFINITION_SHAPE ( 'NONE', 'NONE',  #9686 ) ;
#6255 = CARTESIAN_POINT ( 'NONE',  ( 0.000000000000000000, 0.000000000000000000, 1.000000000000000888 ) ) ;
#6256 = DIRECTION ( 'NONE',  ( 3.323127485761576556E-16, -0.2873478855663457177, -0.9578262852211512079 ) ) ;
#6257 = AXIS2_PLACEMENT_3D ( 'NONE', #3261, #5523, #4791 ) ;
#6258 = COLOUR_RGB ( '',0.7921568627450980005, 0.8196078431372548767, 0.9333333333333333481 ) ;
#6259 = ORIENTED_EDGE ( 'NONE', *, *, #5382, .F. ) ;
#6260 = TOROIDAL_SURFACE ( 'NONE', #7677, 25.00000000000000000, 10.00000000000000000 ) ;
#6261 = CARTESIAN_POINT ( 'NONE',  ( -61.09553823317370558, 47.99999999999995737, 75.00000000000000000 ) ) ;
#6262 = B_SPLINE_CURVE_WITH_KNOTS ( 'NONE', 3,
 ( #6340, #4132, #8447, #2658, #3932, #1149, #9394, #263, #7711, #415, #3404, #1829, #9347, #9196, #5653, #956 ),
 .UNSPECIFIED., .F., .F.,
 ( 4, 2, 2, 2, 2, 2, 2, 4 ),
 ( -2.449490159363551024E-05, 0.001900814969288448569, 0.003826124840170532729, 0.007676744581934656815, 0.009602054452816755070, 0.01152736432369885419, 0.01345267419458095158, 0.01537798406546304897 ),
 .UNSPECIFIED. ) ;
#6263 = CYLINDRICAL_SURFACE ( 'NONE', #8400, 1.000000000000000888 ) ;
#6264 = CARTESIAN_POINT ( 'NONE',  ( -15.00000000000001421, 169.9999999999999716, 65.00000000000000000 ) ) ;
#6265 = VECTOR ( 'NONE', #5287, 1000.000000000000000 ) ;
#6266 = ORIENTED_EDGE ( 'NONE', *, *, #1285, .F. ) ;
#6267 = CIRCLE ( 'NONE', #9574, 1.000000000000000888 ) ;
#6268 = AXIS2_PLACEMENT_3D ( 'NONE', #6497, #9502, #8190 ) ;
#6269 = CARTESIAN_POINT ( 'NONE',  ( -91.21320343559644073, 9.786796564403530851, 10.00000000000001243 ) ) ;
#6270 = CARTESIAN_POINT ( 'NONE',  ( -15.00000000000001421, 169.9891708187618917, 75.00000000000000000 ) ) ;
#6271 = CARTESIAN_POINT ( 'NONE',  ( -50.00000000000000000, -28.00000000000010658, 63.79999999999999716 ) ) ;
#6272 = ORIENTED_EDGE ( 'NONE', *, *, #7094, .F. ) ;
#6273 = CARTESIAN_POINT ( 'NONE',  ( 0.000000000000000000, 0.000000000000000000, 0.000000000000000000 ) ) ;
#6274 = ORIENTED_EDGE ( 'NONE', *, *, #6243, .T. ) ;
#6275 = ORIENTED_EDGE ( 'NONE', *, *, #8093, .T. ) ;
#6276 = AXIS2_PLACEMENT_3D ( 'NONE', #8228, #595, #3573 ) ;
#6277 = EDGE_LOOP ( 'NONE', ( #1328, #9629, #938, #9110 ) ) ;
#6278 = LINE ( 'NONE', #7752, #5538 ) ;
#6279 = DIRECTION ( 'NONE',  ( -1.000000000000000000, 0.000000000000000000, 0.000000000000000000 ) ) ;
#6280 = VERTEX_POINT ( 'NONE', #176 ) ;
#6281 = EDGE_CURVE ( 'NONE', #7367, #9380, #2424, .T. ) ;
#6282 = AXIS2_PLACEMENT_3D ( 'NONE', #3741, #4676, #6687 ) ;
#6283 = ORIENTED_EDGE ( 'NONE', *, *, #7811, .T. ) ;
#6284 = VERTEX_POINT ( 'NONE', #3851 ) ;
#6285 = DIRECTION ( 'NONE',  ( -4.956352788505163391E-17, 1.000000000000000000, 0.000000000000000000 ) ) ;
#6286 = AXIS2_PLACEMENT_3D ( 'NONE', #470, #1887, #3307 ) ;
#6287 = CONTEXT_DEPENDENT_SHAPE_REPRESENTATION ( #1636, #1793 ) ;
#6288 = ORIENTED_EDGE ( 'NONE', *, *, #2644, .T. ) ;
#6289 = CARTESIAN_POINT ( 'NONE',  ( -15.00000000000000000, 47.99999999999995737, 25.00000000000000711 ) ) ;
#6290 = ORIENTED_EDGE ( 'NONE', *, *, #3814, .T. ) ;
#6291 = CARTESIAN_POINT ( 'NONE',  ( -100.0000000000000000, 157.9999999999999716, 25.00000000000000711 ) ) ;
#6292 = EDGE_CURVE ( 'NONE', #3445, #1532, #2918, .T. ) ;
#6293 = ORIENTED_EDGE ( 'NONE', *, *, #2441, .T. ) ;
#6294 = CARTESIAN_POINT ( 'NONE',  ( 0.000000000000000000, 0.000000000000000000, 101.0000000000000000 ) ) ;
#6295 = CARTESIAN_POINT ( 'NONE',  ( -49.99999999999999289, 46.99999999999995737, 75.00000000000000000 ) ) ;
#6296 = CARTESIAN_POINT ( 'NONE',  ( -5.346346122991747940, 160.6912364797197768, 10.93819719671319568 ) ) ;
#6297 = CARTESIAN_POINT ( 'NONE',  ( -50.00000000000000000, 15.99999999999995914, 110.0000000000000000 ) ) ;
#6298 = CARTESIAN_POINT ( 'NONE',  ( -4.972444886490068328, 39.69838535254829992, 1101.293351799484299 ) ) ;
#6299 = EDGE_CURVE ( 'NONE', #5929, #1238, #4650, .T. ) ;
#6300 = DIRECTION ( 'NONE',  ( 0.000000000000000000, 0.000000000000000000, -1.000000000000000000 ) ) ;
#6301 = CARTESIAN_POINT ( 'NONE',  ( -1.214306433183764966E-14, 169.9999999999999716, 25.00000000000000711 ) ) ;
#6302 = DIRECTION ( 'NONE',  ( 1.000000000000000000, 0.000000000000000000, 0.000000000000000000 ) ) ;
#6303 = CARTESIAN_POINT ( 'NONE',  ( -98.91457804232781825, 32.68648692150682677, 10.02942948634752440 ) ) ;
#6304 = DIRECTION ( 'NONE',  ( 1.000000000000000000, 0.000000000000000000, 0.000000000000000000 ) ) ;
#6305 = CYLINDRICAL_SURFACE ( 'NONE', #8884, 5.500000000000001776 ) ;
#6306 = VERTEX_POINT ( 'NONE', #1597 ) ;
#6307 = EDGE_CURVE ( 'NONE', #9438, #1775, #7629, .T. ) ;
#6308 = DIRECTION ( 'NONE',  ( 0.000000000000000000, 0.000000000000000000, 1.000000000000000000 ) ) ;
#6309 = AXIS2_PLACEMENT_3D ( 'NONE', #2015, #8000, #7955 ) ;
#6310 = FACE_OUTER_BOUND ( 'NONE', #43, .T. ) ;
#6311 = AXIS2_PLACEMENT_3D ( 'NONE', #9112, #8272, #3115 ) ;
#6312 = CARTESIAN_POINT ( 'NONE',  ( -100.0000000000000000, 31.99999999999995381, 10.00000000000000000 ) ) ;
#6313 = ORIENTED_EDGE ( 'NONE', *, *, #1093, .F. ) ;
#6314 = SHAPE_REPRESENTATION ( 'Moteur_3000', ( #6276 ), #651 ) ;
#6315 = DIRECTION ( 'NONE',  ( 1.000000000000000000, 0.000000000000000000, 0.000000000000000000 ) ) ;
#6316 = CARTESIAN_POINT ( 'NONE',  ( -10.00000000000000000, 0.000000000000000000, 0.000000000000000000 ) ) ;
#6317 = VECTOR ( 'NONE', #712, 1000.000000000000227 ) ;
#6318 = LINE ( 'NONE', #8588, #8397 ) ;
#6319 = EDGE_LOOP ( 'NONE', ( #5980, #3471 ) ) ;
#6321 = AXIS2_PLACEMENT_3D ( 'NONE', #8872, #7388, #7342 ) ;
#6320 = DIRECTION ( 'NONE',  ( 1.000000000000000000, 0.000000000000000000, -0.000000000000000000 ) ) ;
#6322 = ORIENTED_EDGE ( 'NONE', *, *, #995, .F. ) ;
#6323 = ADVANCED_FACE ( 'NONE', ( #7189 ), #430, .F. ) ;
#6324 = ORIENTED_EDGE ( 'NONE', *, *, #3663, .F. ) ;
#6325 = VERTEX_POINT ( 'NONE', #2524 ) ;
#6326 = CARTESIAN_POINT ( 'NONE',  ( -84.99999999999997158, 163.0421737147788406, 41.80724571592951833 ) ) ;
#6327 = AXIS2_PLACEMENT_3D ( 'NONE', #4087, #3250, #3350 ) ;
#6328 = CARTESIAN_POINT ( 'NONE',  ( -84.99999999999997158, 25.99999999999995737, 35.00000000000000711 ) ) ;
#6329 = ORIENTED_EDGE ( 'NONE', *, *, #8158, .F. ) ;
#6330 = VERTEX_POINT ( 'NONE', #7082 ) ;
#6331 =( NAMED_UNIT ( * ) PLANE_ANGLE_UNIT ( ) SI_UNIT ( $, .RADIAN. ) );
#6332 = ORIENTED_EDGE ( 'NONE', *, *, #6158, .F. ) ;
#6333 = FACE_OUTER_BOUND ( 'NONE', #8338, .T. ) ;
#6334 = AXIS2_PLACEMENT_3D ( 'NONE', #7290, #4343, #578 ) ;
#6335 = APPLICATION_CONTEXT ( 'automotive_design' ) ;
#6336 = CIRCLE ( 'NONE', #6309, 35.00000000000000000 ) ;
#6337 = EDGE_CURVE ( 'NONE', #7910, #4310, #9308, .T. ) ;
#6338 = PRODUCT_DEFINITION_SHAPE ( 'NONE', 'NONE',  #9671 ) ;
#6339 = VERTEX_POINT ( 'NONE', #1257 ) ;
#6340 = CARTESIAN_POINT ( 'NONE',  ( -100.0000000000000000, 163.9999999999998579, 10.00000000000000000 ) ) ;
#6341 = VERTEX_POINT ( 'NONE', #7140 ) ;
#6342 = CARTESIAN_POINT ( 'NONE',  ( 8.000000000000000000, 14.14213562373084088, -8.642135623730988314 ) ) ;
#6343 = ORIENTED_EDGE ( 'NONE', *, *, #7283, .T. ) ;
#6344 = DIRECTION ( 'NONE',  ( 0.000000000000000000, 0.000000000000000000, 1.000000000000000000 ) ) ;
#6345 = DIRECTION ( 'NONE',  ( 0.000000000000000000, -1.000000000000000000, 0.000000000000000000 ) ) ;
#6346 = CIRCLE ( 'NONE', #3685, 2.249999999999999112 ) ;
#6347 = LINE ( 'NONE', #8456, #1182 ) ;
#6348 = DIRECTION ( 'NONE',  ( 0.000000000000000000, 0.000000000000000000, -1.000000000000000000 ) ) ;
#6349 = ADVANCED_FACE ( 'NONE', ( #8514 ), #277, .T. ) ;
#6350 = DIRECTION ( 'NONE',  ( 0.6806584428580356727, 3.521053746428368017E-17, -0.7326009037436918003 ) ) ;
#6351 = CARTESIAN_POINT ( 'NONE',  ( -32.00000000000000000, 37.99999999999995737, 65.00000000000000000 ) ) ;
#6352 = VECTOR ( 'NONE', #1335, 1000.000000000000227 ) ;
#6353 = CARTESIAN_POINT ( 'NONE',  ( -84.99999999999997158, 25.99999999999995737, 35.00000000000000711 ) ) ;
#6354 = CARTESIAN_POINT ( 'NONE',  ( 0.000000000000000000, 0.000000000000000000, 7.000000000000000000 ) ) ;
#6355 = VECTOR ( 'NONE', #5113, 1000.000000000000000 ) ;
#6356 = CARTESIAN_POINT ( 'NONE',  ( -15.00000000000001421, 169.9999999999999716, 25.00000000000000711 ) ) ;
#6357 = CARTESIAN_POINT ( 'NONE',  ( 0.000000000000000000, 0.000000000000000000, 0.000000000000000000 ) ) ;
#6358 = AXIS2_PLACEMENT_3D ( 'NONE', #2294, #7897, #1176 ) ;
#6359 = CARTESIAN_POINT ( 'NONE',  ( 5.000000000000000000, 0.000000000000000000, 1.000000000000000000 ) ) ;
#6360 =( LENGTH_UNIT ( ) NAMED_UNIT ( * ) SI_UNIT ( .MILLI., .METRE. ) );
#6361 = VECTOR ( 'NONE', #3221, 1000.000000000000000 ) ;
#6362 = ORIENTED_EDGE ( 'NONE', *, *, #7755, .T. ) ;
#6363 = LINE ( 'NONE', #3317, #9100 ) ;
#6364 = CARTESIAN_POINT ( 'NONE',  ( -32.00000000000000000, 25.99999999999995381, 25.00000000000000711 ) ) ;
#6365 = AXIS2_PLACEMENT_3D ( 'NONE', #2627, #5524, #7786 ) ;
#6366 = CARTESIAN_POINT ( 'NONE',  ( -5.000000000000000000, 6.123233995736766282E-16, 0.000000000000000000 ) ) ;
#6367 = ORIENTED_EDGE ( 'NONE', *, *, #5063, .T. ) ;
#6368 = EDGE_CURVE ( 'NONE', #6086, #7952, #9368, .T. ) ;
#6369 = CARTESIAN_POINT ( 'NONE',  ( -100.0000000000000000, 0.9999999999999570344, 10.00000000000000000 ) ) ;
#6370 = CARTESIAN_POINT ( 'NONE',  ( -15.00000000000000000, 157.9999999999999716, 25.00000000000000711 ) ) ;
#6371 = PLANE ( 'NONE',  #418 ) ;
#6372 = ORIENTED_EDGE ( 'NONE', *, *, #715, .F. ) ;
#6373 = CARTESIAN_POINT ( 'NONE',  ( 10.00000000000000000, -31.99999999999999289, -5.499999999999664269 ) ) ;
#6374 = VERTEX_POINT ( 'NONE', #7033 ) ;
#6375 = VERTEX_POINT ( 'NONE', #8665 ) ;
#6376 = AXIS2_PLACEMENT_3D ( 'NONE', #1695, #6936, #4533 ) ;
#6377 = SURFACE_SIDE_STYLE ('',( #6476 ) ) ;
#6378 = VERTEX_POINT ( 'NONE', #5615 ) ;
#6379 = ADVANCED_BREP_SHAPE_REPRESENTATION ( '', ( #4826, #6276 ), #3615 ) ;
#6380 = LINE ( 'NONE', #7957, #6019 ) ;
#6381 = ORIENTED_EDGE ( 'NONE', *, *, #3958, .F. ) ;
#6382 = ADVANCED_FACE ( 'NONE', ( #9363 ), #7825, .F. ) ;
#6383 = VERTEX_POINT ( 'NONE', #7880 ) ;
#6384 = CARTESIAN_POINT ( 'NONE',  ( 0.000000000000000000, 0.000000000000000000, 101.0000000000000000 ) ) ;
#6385 = EDGE_LOOP ( 'NONE', ( #96, #2257, #3532, #2900 ) ) ;
#6386 = CARTESIAN_POINT ( 'NONE',  ( 0.000000000000000000, 163.9999999999999716, 10.00000000000000000 ) ) ;
#6387 = ORIENTED_EDGE ( 'NONE', *, *, #4638, .T. ) ;
#6388 = ORIENTED_EDGE ( 'NONE', *, *, #8809, .F. ) ;
#6389 = LINE ( 'NONE', #9295, #2198 ) ;
#6390 = ORIENTED_EDGE ( 'NONE', *, *, #1504, .F. ) ;
#6391 = CARTESIAN_POINT ( 'NONE',  ( -49.99999999999999289, 47.99999999999995737, 75.00000000000000000 ) ) ;
#6392 = EDGE_CURVE ( 'NONE', #2744, #9244, #374, .T. ) ;
#6393 = ORIENTED_EDGE ( 'NONE', *, *, #2633, .T. ) ;
#6394 = FACE_OUTER_BOUND ( 'NONE', #634, .T. ) ;
#6395 = DIRECTION ( 'NONE',  ( -0.000000000000000000, -1.000000000000000000, -0.000000000000000000 ) ) ;
#6396 = EDGE_CURVE ( 'NONE', #1775, #9438, #5854, .T. ) ;
#6397 = CYLINDRICAL_SURFACE ( 'NONE', #2892, 5.500000000000000000 ) ;
#6398 = DIRECTION ( 'NONE',  ( 0.000000000000000000, 0.000000000000000000, -1.000000000000000000 ) ) ;
#6399 = CARTESIAN_POINT ( 'NONE',  ( -5.899262726585419614, 39.69838535254831413, 1048.087368318536846 ) ) ;
#6400 = CARTESIAN_POINT ( 'NONE',  ( 10.00000000000000000, 14.14213562373094213, 19.64213562373089061 ) ) ;
#6401 = DIRECTION ( 'NONE',  ( 1.000000000000000000, 0.000000000000000000, 0.000000000000000000 ) ) ;
#6402 = CARTESIAN_POINT ( 'NONE',  ( 0.000000000000000000, 0.000000000000000000, -9.000000000000000000 ) ) ;
#6403 = ADVANCED_FACE ( 'NONE', ( #7779 ), #3807, .T. ) ;
#6404 = FACE_OUTER_BOUND ( 'NONE', #1144, .T. ) ;
#6405 = EDGE_CURVE ( 'NONE', #4206, #2997, #3363, .T. ) ;
#6406 = DIRECTION ( 'NONE',  ( -1.000000000000000000, 0.000000000000000000, 0.000000000000000000 ) ) ;
#6407 = DIRECTION ( 'NONE',  ( 0.000000000000000000, -1.000000000000000000, 0.000000000000000000 ) ) ;
#6408 = ORIENTED_EDGE ( 'NONE', *, *, #1349, .T. ) ;
#6409 = DIRECTION ( 'NONE',  ( -0.000000000000000000, -1.000000000000000000, -0.000000000000000000 ) ) ;
#6410 = DIRECTION ( 'NONE',  ( 1.000000000000000000, 0.000000000000000000, 0.000000000000000000 ) ) ;
#6411 = ADVANCED_FACE ( 'NONE', ( #5665 ), #6453, .T. ) ;
#6412 = ADVANCED_FACE ( 'NONE', ( #5719 ), #325, .F. ) ;
#6413 = DIRECTION ( 'NONE',  ( 1.156482317317870344E-15, 1.000000000000000000, 0.000000000000000000 ) ) ;
#6414 = ORIENTED_EDGE ( 'NONE', *, *, #5094, .F. ) ;
#6415 = CARTESIAN_POINT ( 'NONE',  ( -100.0000000000000000, 0.000000000000000000, 10.00000000000000000 ) ) ;
#6416 = CARTESIAN_POINT ( 'NONE',  ( -4.000000000000000000, 6.123233995736766282E-16, -5.000000000000000000 ) ) ;
#6417 = FACE_OUTER_BOUND ( 'NONE', #8315, .T. ) ;
#6418 = ORIENTED_EDGE ( 'NONE', *, *, #3607, .F. ) ;
#6419 = FACE_OUTER_BOUND ( 'NONE', #1293, .T. ) ;
#6420 = ORIENTED_EDGE ( 'NONE', *, *, #4061, .T. ) ;
#6421 = ORIENTED_EDGE ( 'NONE', *, *, #6948, .F. ) ;
#6422 =( NAMED_UNIT ( * ) PLANE_ANGLE_UNIT ( ) SI_UNIT ( $, .RADIAN. ) );
#6423 = EDGE_CURVE ( 'NONE', #5548, #7363, #8716, .T. ) ;
#6424 = EDGE_LOOP ( 'NONE', ( #7601, #2007, #8534, #5743, #2403 ) ) ;
#6425 = CIRCLE ( 'NONE', #1260, 4.000000000000000000 ) ;
#6426 = DIRECTION ( 'NONE',  ( -0.000000000000000000, -0.000000000000000000, -1.000000000000000000 ) ) ;
#6427 = VECTOR ( 'NONE', #6693, 1000.000000000000000 ) ;
#6428 = EDGE_LOOP ( 'NONE', ( #7311, #6418, #6839, #3190 ) ) ;
#6429 = AXIS2_PLACEMENT_3D ( 'NONE', #2143, #3756, #7437 ) ;
#6430 = ORIENTED_EDGE ( 'NONE', *, *, #6797, .T. ) ;
#6431 = ORIENTED_EDGE ( 'NONE', *, *, #9154, .F. ) ;
#6432 = CARTESIAN_POINT ( 'NONE',  ( -38.90446176682628732, 47.99999999999995737, 75.00000000000000000 ) ) ;
#6433 = EDGE_LOOP ( 'NONE', ( #9046, #9626, #6928, #946 ) ) ;
#6434 = CARTESIAN_POINT ( 'NONE',  ( 3.200496338333794100, -2.481798377852634907, 7.000000000000000888 ) ) ;
#6435 = AXIS2_PLACEMENT_3D ( 'NONE', #9037, #2992, #7501 ) ;
#6436 = ORIENTED_EDGE ( 'NONE', *, *, #17, .F. ) ;
#6437 = ADVANCED_FACE ( 'NONE', ( #7977 ), #3309, .T. ) ;
#6438 = EDGE_LOOP ( 'NONE', ( #701, #5787, #8479, #9287 ) ) ;
#6439 = CARTESIAN_POINT ( 'NONE',  ( 0.000000000000000000, 0.000000000000000000, 6.000000000000000000 ) ) ;
#6440 = EDGE_CURVE ( 'NONE', #1036, #2478, #4286, .T. ) ;
#6441 = DIRECTION ( 'NONE',  ( 1.000000000000000000, 0.000000000000000000, 0.000000000000000000 ) ) ;
#6442 = CIRCLE ( 'NONE', #4878, 17.00000000000000000 ) ;
#6443 = AXIS2_PLACEMENT_3D ( 'NONE', #8217, #4253, #5047 ) ;
#6444 = VERTEX_POINT ( 'NONE', #3645 ) ;
#6445 = CARTESIAN_POINT ( 'NONE',  ( -98.64419874165859881, 31.14365445919158049, 10.05892122736386973 ) ) ;
#6446 = AXIS2_PLACEMENT_3D ( 'NONE', #7878, #4785, #9305 ) ;
#6447 = DIRECTION ( 'NONE',  ( 0.000000000000000000, 0.000000000000000000, -1.000000000000000000 ) ) ;
#6448 = FACE_OUTER_BOUND ( 'NONE', #7445, .T. ) ;
#6449 = AXIS2_PLACEMENT_3D ( 'NONE', #6868, #105, #8246 ) ;
#6450 = DIRECTION ( 'NONE',  ( 0.9092006323859452843, -2.305448503744804655E-17, -0.4163582712868774682 ) ) ;
#6451 = EDGE_CURVE ( 'NONE', #2660, #455, #2388, .T. ) ;
#6452 = LINE ( 'NONE', #8964, #2674 ) ;
#6453 = PLANE ( 'NONE',  #6787 ) ;
#6454 = CARTESIAN_POINT ( 'NONE',  ( -85.00000000000000000, 0.9999999999999574785, 10.00000000000000000 ) ) ;
#6455 = ORIENTED_EDGE ( 'NONE', *, *, #4101, .T. ) ;
#6456 = AXIS2_PLACEMENT_3D ( 'NONE', #2887, #4550, #168 ) ;
#6457 = CARTESIAN_POINT ( 'NONE',  ( -100.0000000000000000, 31.99999999999992539, 10.00000000000000000 ) ) ;
#6458 = CARTESIAN_POINT ( 'NONE',  ( -85.00000000000000000, 157.9999999999999716, 75.00000000000000000 ) ) ;
#6459 = CARTESIAN_POINT ( 'NONE',  ( 0.000000000000000000, 0.000000000000000000, 100.0000000000000000 ) ) ;
#6460 = CARTESIAN_POINT ( 'NONE',  ( 26.78859540773676073, -85.61156809781053312, 1000.000000000007503 ) ) ;
#6461 = ADVANCED_FACE ( 'NONE', ( #6501 ), #5213, .F. ) ;
#6462 = ORIENTED_EDGE ( 'NONE', *, *, #1219, .F. ) ;
#6463 = CARTESIAN_POINT ( 'NONE',  ( -100.0000000000000000, 163.9999999999998579, 10.00000000000000000 ) ) ;
#6464 = EDGE_CURVE ( 'NONE', #2289, #4116, #9597, .T. ) ;
#6465 = CARTESIAN_POINT ( 'NONE',  ( -50.00000000000001421, 0.000000000000000000, 75.00000000000000000 ) ) ;
#6466 = PRESENTATION_LAYER_ASSIGNMENT (  '', '', ( #8506 ) ) ;
#6467 = DIRECTION ( 'NONE',  ( 1.000000000000000000, -0.000000000000000000, -0.000000000000000000 ) ) ;
#6468 = EDGE_LOOP ( 'NONE', ( #8296, #3235, #1148, #2464 ) ) ;
#6469 = DIRECTION ( 'NONE',  ( 1.000000000000000000, 0.000000000000000000, 0.000000000000000000 ) ) ;
#6470 = PLANE ( 'NONE',  #746 ) ;
#6471 = DIRECTION ( 'NONE',  ( 1.000000000000000000, 0.000000000000000000, 0.000000000000000000 ) ) ;
#6472 = EDGE_LOOP ( 'NONE', ( #4169, #148, #7590, #8050 ) ) ;
#6473 = CARTESIAN_POINT ( 'NONE',  ( -50.00000000000000000, 148.9999999999999716, 75.00000000000000000 ) ) ;
#6474 = ORIENTED_EDGE ( 'NONE', *, *, #883, .T. ) ;
#6475 = EDGE_CURVE ( 'NONE', #6623, #2275, #4428, .T. ) ;
#6476 = SURFACE_STYLE_FILL_AREA ( #5789 ) ;
#6477 = ORIENTED_EDGE ( 'NONE', *, *, #8450, .F. ) ;
#6478 = ORIENTED_EDGE ( 'NONE', *, *, #7726, .F. ) ;
#6479 = ORIENTED_EDGE ( 'NONE', *, *, #1737, .T. ) ;
#6480 = VECTOR ( 'NONE', #2092, 1000.000000000000114 ) ;
#6481 = DIRECTION ( 'NONE',  ( -1.000000000000000000, 0.000000000000000000, 0.000000000000000000 ) ) ;
#6482 = ORIENTED_EDGE ( 'NONE', *, *, #3786, .F. ) ;
#6483 = CARTESIAN_POINT ( 'NONE',  ( -2.167348164006991595, 30.63382108811476101, 10.14743374812239907 ) ) ;
#6484 = VECTOR ( 'NONE', #5001, 1000.000000000000000 ) ;
#6485 = ORIENTED_EDGE ( 'NONE', *, *, #6903, .F. ) ;
#6486 = CONTEXT_DEPENDENT_SHAPE_REPRESENTATION ( #905, #4853 ) ;
#6487 = CIRCLE ( 'NONE', #3973, 9.095538233173716236 ) ;
#6488 = ORIENTED_EDGE ( 'NONE', *, *, #6101, .F. ) ;
#6489 = CARTESIAN_POINT ( 'NONE',  ( -20.00000000000000000, 1.836970198721029589E-15, 15.00000000000000000 ) ) ;
#6490 = DIRECTION ( 'NONE',  ( 0.000000000000000000, -0.2873478855663454956, -0.9578262852211513190 ) ) ;
#6491 = EDGE_LOOP ( 'NONE', ( #2764, #7209, #8979, #4225 ) ) ;
#6492 = DIRECTION ( 'NONE',  ( 0.000000000000000000, 0.000000000000000000, -1.000000000000000000 ) ) ;
#6493 = CARTESIAN_POINT ( 'NONE',  ( -6.904384010594219134, 36.17172410169131069, 11.67112477038408436 ) ) ;
#6494 = VECTOR ( 'NONE', #1188, 1000.000000000000000 ) ;
#6495 = ADVANCED_FACE ( 'NONE', ( #6596 ), #2129, .F. ) ;
#6496 = DIRECTION ( 'NONE',  ( 0.000000000000000000, 1.000000000000000000, -6.938893903907222067E-15 ) ) ;
#6497 = CARTESIAN_POINT ( 'NONE',  ( -85.00000000000000000, 132.9999999999999432, 25.00000000000000711 ) ) ;
#6498 = ITEM_DEFINED_TRANSFORMATION ( 'NONE', 'NONE', #504,  #6276 ) ;
#6499 = CARTESIAN_POINT ( 'NONE',  ( -4.000000000000000000, 0.000000000000000000, 121.0000000000000142 ) ) ;
#6500 =( GEOMETRIC_REPRESENTATION_CONTEXT ( 3 ) GLOBAL_UNCERTAINTY_ASSIGNED_CONTEXT ( ( #3056 ) ) GLOBAL_UNIT_ASSIGNED_CONTEXT ( ( #377, #2675, #1796 ) ) REPRESENTATION_CONTEXT ( 'NONE', 'WORKASPACE' ) );
#6501 = FACE_OUTER_BOUND ( 'NONE', #9529, .T. ) ;
#6502 = LINE ( 'NONE', #9506, #2875 ) ;
#6503 = CIRCLE ( 'NONE', #8380, 5.499999999999998224 ) ;
#6504 = CARTESIAN_POINT ( 'NONE',  ( 0.000000000000000000, 3.061616997868383043E-15, 25.00000000000000000 ) ) ;
#6505 = ADVANCED_FACE ( 'NONE', ( #8026 ), #7376, .F. ) ;
#6506 = CARTESIAN_POINT ( 'NONE',  ( -85.00000000000000000, 15.99999999999995914, 25.00000000000000711 ) ) ;
#6507 = DIRECTION ( 'NONE',  ( 1.000000000000000000, 0.000000000000000000, 0.000000000000000000 ) ) ;
#6508 = CARTESIAN_POINT ( 'NONE',  ( -3.775590139871276563, -20.57544454745023543, 1049.578569737880571 ) ) ;
#6509 = VECTOR ( 'NONE', #2342, 1000.000000000000000 ) ;
#6510 = ORIENTED_EDGE ( 'NONE', *, *, #2251, .T. ) ;
#6511 = CONTEXT_DEPENDENT_SHAPE_REPRESENTATION ( #8608, #5632 ) ;
#6512 = PLANE ( 'NONE',  #9 ) ;
#6513 = LINE ( 'NONE', #8729, #8732 ) ;
#6514 = CARTESIAN_POINT ( 'NONE',  ( 8.000000000000000000, -8.499999999999952038, 8.974623797036219746E-14 ) ) ;
#6515 = B_SPLINE_CURVE_WITH_KNOTS ( 'NONE', 3,
 ( #2167, #2861, #6551, #5858 ),
 .UNSPECIFIED., .F., .F.,
 ( 4, 4 ),
 ( 0.000000000000000000, 0.0001471695555374620610 ),
 .UNSPECIFIED. ) ;
#6516 = CARTESIAN_POINT ( 'NONE',  ( -15.00000000000000000, 33.49999999999996447, 50.00000000000004263 ) ) ;
#6517 = ORIENTED_EDGE ( 'NONE', *, *, #8581, .F. ) ;
#6518 = DIRECTION ( 'NONE',  ( 0.000000000000000000, 0.000000000000000000, 1.000000000000000000 ) ) ;
#6519 = LINE ( 'NONE', #6565, #7958 ) ;
#6520 = AXIS2_PLACEMENT_3D ( 'NONE', #2653, #5646, #5503 ) ;
#6521 = ADVANCED_FACE ( 'NONE', ( #9554 ), #2035, .F. ) ;
#6522 = DIRECTION ( 'NONE',  ( 0.000000000000000000, -0.2873478855663455511, 0.9578262852211513190 ) ) ;
#6523 = ORIENTED_EDGE ( 'NONE', *, *, #142, .F. ) ;
#6524 = DIRECTION ( 'NONE',  ( 1.000000000000000000, 0.000000000000000000, 0.000000000000000000 ) ) ;
#6525 = VERTEX_POINT ( 'NONE', #2168 ) ;
#6526 = VECTOR ( 'NONE', #5865, 1000.000000000000227 ) ;
#6527 = CARTESIAN_POINT ( 'NONE',  ( -67.99999999999995737, 169.9999999999999432, 35.00000000000000711 ) ) ;
#6528 = ORIENTED_EDGE ( 'NONE', *, *, #1626, .T. ) ;
#6529 = VECTOR ( 'NONE', #6569, 1000.000000000000114 ) ;
#6530 = APPLICATION_CONTEXT ( 'automotive_design' ) ;
#6531 = ORIENTED_EDGE ( 'NONE', *, *, #3436, .F. ) ;
#6532 = EDGE_CURVE ( 'NONE', #3476, #8269, #8049, .T. ) ;
#6533 = AXIS2_PLACEMENT_3D ( 'NONE', #5061, #4962, #1136 ) ;
#6534 = LINE ( 'NONE', #2938, #2901 ) ;
#6535 = VERTEX_POINT ( 'NONE', #530 ) ;
#6536 = CARTESIAN_POINT ( 'NONE',  ( 8.000000000000000000, -5.833392311421893986E-14, -8.499999999999952038 ) ) ;
#6537 = VECTOR ( 'NONE', #3658, 1000.000000000000000 ) ;
#6538 = AXIS2_PLACEMENT_3D ( 'NONE', #5559, #2615, #1784 ) ;
#6539 = ORIENTED_EDGE ( 'NONE', *, *, #4297, .F. ) ;
#6540 = ORIENTED_EDGE ( 'NONE', *, *, #5505, .F. ) ;
#6541 = LINE ( 'NONE', #6489, #2683 ) ;
#6542 = CARTESIAN_POINT ( 'NONE',  ( -85.00000000000000000, 25.99999999999995737, 25.00000000000000711 ) ) ;
#6543 = ADVANCED_FACE ( 'NONE', ( #8159 ), #2958, .F. ) ;
#6544 = AXIS2_PLACEMENT_3D ( 'NONE', #1189, #8647, #4176 ) ;
#6545 = EDGE_CURVE ( 'NONE', #9605, #7614, #9310, .T. ) ;
#6546 = ORIENTED_EDGE ( 'NONE', *, *, #7174, .F. ) ;
#6547 = CARTESIAN_POINT ( 'NONE',  ( -67.99999999999997158, 157.9999999999999432, 24.85323116369660212 ) ) ;
#6548 = VECTOR ( 'NONE', #9168, 1000.000000000000000 ) ;
#6549 = CARTESIAN_POINT ( 'NONE',  ( 8.000000000000000000, 12.24586983568269183, -24.06414504036125734 ) ) ;
#6550 = ITEM_DEFINED_TRANSFORMATION ( 'NONE', 'NONE', #1740,  #6276 ) ;
#6551 = CARTESIAN_POINT ( 'NONE',  ( -15.00000000000000000, 158.0036095552123356, 24.95134223608460289 ) ) ;
#6552 = DIRECTION ( 'NONE',  ( -1.000000000000000000, 0.000000000000000000, 0.000000000000000000 ) ) ;
#6553 = ADVANCED_FACE ( 'NONE', ( #3555 ), #9505, .F. ) ;
#6554 = CARTESIAN_POINT ( 'NONE',  ( -49.99999999999999289, 46.99999999999995737, 75.00000000000000000 ) ) ;
#6555 = CARTESIAN_POINT ( 'NONE',  ( -15.00000000000000533, 162.4137956343300573, 49.71265211443365217 ) ) ;
#6556 = CYLINDRICAL_SURFACE ( 'NONE', #9511, 5.000000000000000000 ) ;
#6557 = PRODUCT_DEFINITION_SHAPE ( 'NONE', 'NONE',  #9704 ) ;
#6558 = CARTESIAN_POINT ( 'NONE',  ( -54.93026651524368731, -20.57544454745023899, 1079.232469528648153 ) ) ;
#6559 = ORIENTED_EDGE ( 'NONE', *, *, #4855, .F. ) ;
#6560 = DIRECTION ( 'NONE',  ( -0.000000000000000000, 0.9578262852211514300, 0.2873478855663456621 ) ) ;
#6561 = DIRECTION ( 'NONE',  ( 1.000000000000000000, 0.000000000000000000, 0.000000000000000000 ) ) ;
#6562 = CARTESIAN_POINT ( 'NONE',  ( 8.000000000000000000, -1.399880114079982575E-13, -25.49999999999995381 ) ) ;
#6563 = EDGE_CURVE ( 'NONE', #2492, #1760, #8071, .T. ) ;
#6564 = CARTESIAN_POINT ( 'NONE',  ( -50.00000000000000000, 148.9999999999999716, 75.00000000000000000 ) ) ;
#6565 = CARTESIAN_POINT ( 'NONE',  ( -4.875000000000000000, 5.970153145843347347E-16, 19.00000000000000355 ) ) ;
#6566 = CARTESIAN_POINT ( 'NONE',  ( -67.99999999999997158, 37.99999999999995737, 25.00000000000000711 ) ) ;
#6567 = ORIENTED_EDGE ( 'NONE', *, *, #7834, .F. ) ;
#6568 = ORIENTED_EDGE ( 'NONE', *, *, #6903, .T. ) ;
#6569 = DIRECTION ( 'NONE',  ( -3.323127485761576556E-16, -0.2873478855663457177, -0.9578262852211512079 ) ) ;
#6570 = ORIENTED_EDGE ( 'NONE', *, *, #5673, .F. ) ;
#6571 = DIRECTION ( 'NONE',  ( 1.000000000000000000, 0.000000000000000000, 0.000000000000000000 ) ) ;
#6572 = DIRECTION ( 'NONE',  ( 0.000000000000000000, 0.000000000000000000, -1.000000000000000000 ) ) ;
#6573 = VERTEX_POINT ( 'NONE', #5768 ) ;
#6574 = DIRECTION ( 'NONE',  ( 0.000000000000000000, 0.000000000000000000, -1.000000000000000000 ) ) ;
#6575 = PRODUCT_DEFINITION_CONTEXT ( 'detailed design', #7019, 'design' ) ;
#6576 = ORIENTED_EDGE ( 'NONE', *, *, #3830, .T. ) ;
#6577 = ADVANCED_FACE ( 'NONE', ( #8113, #5039 ), #1396, .F. ) ;
#6578 = VECTOR ( 'NONE', #3427, 1000.000000000000114 ) ;
#6579 = VECTOR ( 'NONE', #9208, 1000.000000000000227 ) ;
#6580 = ORIENTED_EDGE ( 'NONE', *, *, #6810, .F. ) ;
#6581 = CARTESIAN_POINT ( 'NONE',  ( -100.0000000000000000, 132.9999999999998863, 10.00000000000000000 ) ) ;
#6582 = EDGE_CURVE ( 'NONE', #3837, #5049, #4380, .T. ) ;
#6583 = DIRECTION ( 'NONE',  ( 0.000000000000000000, 0.000000000000000000, -1.000000000000000000 ) ) ;
#6584 = ORIENTED_EDGE ( 'NONE', *, *, #8328, .T. ) ;
#6585 = DIRECTION ( 'NONE',  ( 1.000000000000000000, -0.000000000000000000, -0.000000000000000000 ) ) ;
#6586 = CIRCLE ( 'NONE', #8, 5.499999999999998224 ) ;
#6587 = CIRCLE ( 'NONE', #9257, 11.19999999999999396 ) ;
#6588 = ORIENTED_EDGE ( 'NONE', *, *, #9269, .T. ) ;
#6589 = AXIS2_PLACEMENT_3D ( 'NONE', #5034, #4728, #3454 ) ;
#6590 = PLANE ( 'NONE',  #2745 ) ;
#6591 = CARTESIAN_POINT ( 'NONE',  ( 8.000000000000000000, -22.62741699796924522, 22.62741699796980299 ) ) ;
#6592 =( NAMED_UNIT ( * ) SI_UNIT ( $, .STERADIAN. ) SOLID_ANGLE_UNIT ( ) );
#6593 = EDGE_CURVE ( 'NONE', #8684, #9102, #5533, .T. ) ;
#6594 = VECTOR ( 'NONE', #8258, 1000.000000000000000 ) ;
#6595 = CARTESIAN_POINT ( 'NONE',  ( -67.99999999999995737, 169.9999999999999432, 75.00000000000000000 ) ) ;
#6596 = FACE_OUTER_BOUND ( 'NONE', #7698, .T. ) ;
#6597 =( GEOMETRIC_REPRESENTATION_CONTEXT ( 3 ) GLOBAL_UNCERTAINTY_ASSIGNED_CONTEXT ( ( #1586 ) ) GLOBAL_UNIT_ASSIGNED_CONTEXT ( ( #4311, #636, #8975 ) ) REPRESENTATION_CONTEXT ( 'NONE', 'WORKASPACE' ) );
#6598 = AXIS2_PLACEMENT_3D ( 'NONE', #4979, #1343, #1294 ) ;
#6599 = LINE ( 'NONE', #9510, #3201 ) ;
#6600 = ADVANCED_FACE ( 'NONE', ( #5457 ), #8305, .T. ) ;
#6601 = DIRECTION ( 'NONE',  ( 1.000000000000000000, -0.000000000000000000, -0.000000000000000000 ) ) ;
#6602 = DIRECTION ( 'NONE',  ( -4.312178429341400125E-16, -1.000000000000000000, -3.604902941264535085E-16 ) ) ;
#6603 = PRODUCT_DEFINITION_FORMATION_WITH_SPECIFIED_SOURCE ( 'ANY', '', #9161, .NOT_KNOWN. ) ;
#6604 = ORIENTED_EDGE ( 'NONE', *, *, #5415, .F. ) ;
#6605 = CARTESIAN_POINT ( 'NONE',  ( -32.00000000000000000, 25.99999999999995381, 75.00000000000000000 ) ) ;
#6606 = DIRECTION ( 'NONE',  ( 1.000000000000000000, 0.000000000000000000, 0.000000000000000000 ) ) ;
#6607 = DIRECTION ( 'NONE',  ( 1.000000000000000000, 0.000000000000000000, 0.000000000000000000 ) ) ;
#6608 = DIRECTION ( 'NONE',  ( 3.323127485761576556E-16, -0.2873478855663457177, 0.9578262852211512079 ) ) ;
#6609 = DIRECTION ( 'NONE',  ( 0.000000000000000000, 0.000000000000000000, -1.000000000000000000 ) ) ;
#6610 = DIRECTION ( 'NONE',  ( 0.000000000000000000, 0.000000000000000000, -1.000000000000000000 ) ) ;
#6611 = ORIENTED_EDGE ( 'NONE', *, *, #7428, .T. ) ;
#6612 = ADVANCED_FACE ( 'NONE', ( #6835, #2364, #7475, #808, #2411, #7621 ), #6194, .T. ) ;
#6613 = DIRECTION ( 'NONE',  ( -0.000000000000000000, 1.000000000000000000, -0.000000000000000000 ) ) ;
#6614 = B_SPLINE_CURVE_WITH_KNOTS ( 'NONE', 3,
 ( #5911, #6739, #1354, #4341 ),
 .UNSPECIFIED., .F., .F.,
 ( 4, 4 ),
 ( 0.000000000000000000, 0.0001471681255390514149 ),
 .UNSPECIFIED. ) ;
#6615 = EDGE_LOOP ( 'NONE', ( #206, #9071, #5397, #4928 ) ) ;
#6616 = CARTESIAN_POINT ( 'NONE',  ( -85.00000000000001421, 169.9999999999999716, 35.00000000000001421 ) ) ;
#6617 = ORIENTED_EDGE ( 'NONE', *, *, #2, .T. ) ;
#6618 = CARTESIAN_POINT ( 'NONE',  ( 0.000000000000000000, 180.0000000000000000, 20.00000000000000000 ) ) ;
#6619 = CARTESIAN_POINT ( 'NONE',  ( -32.00000000000000000, 158.0421737147788406, 25.14057904926294640 ) ) ;
#6620 = ORIENTED_EDGE ( 'NONE', *, *, #1717, .F. ) ;
#6621 = EDGE_CURVE ( 'NONE', #1247, #498, #3344, .T. ) ;
#6622 = CARTESIAN_POINT ( 'NONE',  ( -15.00000000000001421, 169.9999999999999716, 35.00000000000000711 ) ) ;
#6623 = VERTEX_POINT ( 'NONE', #7569 ) ;
#6624 = VERTEX_POINT ( 'NONE', #2462 ) ;
#6625 = DIRECTION ( 'NONE',  ( -1.661563742880786749E-15, 0.9578262852211513190, -0.2873478855663457732 ) ) ;
#6626 = CIRCLE ( 'NONE', #3646, 1.000000000000000888 ) ;
#6627 = LINE ( 'NONE', #9634, #9631 ) ;
#6628 = CIRCLE ( 'NONE', #5217, 1.000000000000000888 ) ;
#6629 = PRODUCT_DEFINITION_SHAPE ( 'NONE', 'NONE',  #9669 ) ;
#6630 = ORIENTED_EDGE ( 'NONE', *, *, #3058, .T. ) ;
#6631 = FACE_OUTER_BOUND ( 'NONE', #6615, .T. ) ;
#6632 = ORIENTED_EDGE ( 'NONE', *, *, #2499, .T. ) ;
#6633 = AXIS2_PLACEMENT_3D ( 'NONE', #8449, #6975, #7872 ) ;
#6634 = EDGE_CURVE ( 'NONE', #4116, #4206, #5262, .T. ) ;
#6635 = DIRECTION ( 'NONE',  ( -0.03672886632376715088, 4.768753485742821772E-17, -0.9993252675573507382 ) ) ;
#6636 = VECTOR ( 'NONE', #5568, 1000.000000000000000 ) ;
#6637 = LINE ( 'NONE', #3644, #4548 ) ;
#6638 = CARTESIAN_POINT ( 'NONE',  ( -100.0000000000000000, 0.000000000000000000, 10.00000000000000000 ) ) ;
#6639 = AXIS2_PLACEMENT_3D ( 'NONE', #3829, #2999, #6822 ) ;
#6640 = SURFACE_SIDE_STYLE ('',( #668 ) ) ;
#6641 = EDGE_CURVE ( 'NONE', #745, #1036, #5366, .T. ) ;
#6642 = LINE ( 'NONE', #1399, #9333 ) ;
#6643 = CARTESIAN_POINT ( 'NONE',  ( 10.00000000000000000, 22.62741699796940154, -17.12741699796964312 ) ) ;
#6644 = AXIS2_PLACEMENT_3D ( 'NONE', #7526, #8412, #8214 ) ;
#6645 = DIRECTION ( 'NONE',  ( -0.9267076205309634496, 1.288345272009394420E-16, -0.3757831636061413350 ) ) ;
#6646 =( REPRESENTATION_RELATIONSHIP ('NONE','NONE', #5518, #6314 ) REPRESENTATION_RELATIONSHIP_WITH_TRANSFORMATION ( #66 )SHAPE_REPRESENTATION_RELATIONSHIP( ) );
#6647 = EDGE_LOOP ( 'NONE', ( #6274, #624 ) ) ;
#6648 = CARTESIAN_POINT ( 'NONE',  ( -67.99999999999997158, 157.9999999999999432, 35.00000000000000711 ) ) ;
#6649 = DIRECTION ( 'NONE',  ( 0.000000000000000000, -1.000000000000000000, 0.000000000000000000 ) ) ;
#6650 = CIRCLE ( 'NONE', #1963, 9.999999999999998224 ) ;
#6651 = EDGE_CURVE ( 'NONE', #3144, #461, #2235, .T. ) ;
#6652 = VECTOR ( 'NONE', #1884, 1000.000000000000000 ) ;
#6653 = DIRECTION ( 'NONE',  ( 0.000000000000000000, 1.000000000000000000, 0.000000000000000000 ) ) ;
#6654 = CARTESIAN_POINT ( 'NONE',  ( 4.875000000000000000, 0.000000000000000000, 19.00000000000000355 ) ) ;
#6655 = TOROIDAL_SURFACE ( 'NONE', #2895, 25.00000000000000000, 10.00000000000000000 ) ;
#6656 = FACE_OUTER_BOUND ( 'NONE', #4761, .T. ) ;
#6657 = EDGE_LOOP ( 'NONE', ( #4633, #3048, #7176, #1185 ) ) ;
#6658 = DIRECTION ( 'NONE',  ( 1.000000000000000000, -0.000000000000000000, -0.000000000000000000 ) ) ;
#6659 = ORIENTED_EDGE ( 'NONE', *, *, #1349, .F. ) ;
#6660 = DIRECTION ( 'NONE',  ( 0.000000000000000000, 0.000000000000000000, -1.000000000000000000 ) ) ;
#6661 = ORIENTED_EDGE ( 'NONE', *, *, #490, .F. ) ;
#6662 = CIRCLE ( 'NONE', #875, 5.500000000000000888 ) ;
#6663 = EDGE_CURVE ( 'NONE', #891, #7166, #6626, .T. ) ;
#6664 = VECTOR ( 'NONE', #801, 1000.000000000000000 ) ;
#6665 = CARTESIAN_POINT ( 'NONE',  ( -7.429714618538982407, 184.0374303851033631, 11.94786962941378050 ) ) ;
#6666 = CARTESIAN_POINT ( 'NONE',  ( 8.000000000000000000, -14.14213562373103272, -8.642135623730794691 ) ) ;
#6667 = LINE ( 'NONE', #1424, #408 ) ;
#6668 = VERTEX_POINT ( 'NONE', #9098 ) ;
#6669 = CARTESIAN_POINT ( 'NONE',  ( -11.19737082112717808, 26.06580105356784571, 14.99927815033779233 ) ) ;
#6670 = FACE_OUTER_BOUND ( 'NONE', #558, .T. ) ;
#6671 = VECTOR ( 'NONE', #3381, 1000.000000000000114 ) ;
#6672 = ORIENTED_EDGE ( 'NONE', *, *, #7695, .T. ) ;
#6673 = ITEM_DEFINED_TRANSFORMATION ( 'NONE', 'NONE', #5668,  #6276 ) ;
#6674 = AXIS2_PLACEMENT_3D ( 'NONE', #4412, #1689, #8508 ) ;
#6675 = ORIENTED_EDGE ( 'NONE', *, *, #1379, .T. ) ;
#6676 = CARTESIAN_POINT ( 'NONE',  ( -19.74999999999999645, 2.304377683636468267E-13, 101.0000000000000000 ) ) ;
#6677 = DIRECTION ( 'NONE',  ( 1.000000000000000000, -0.000000000000000000, -0.000000000000000000 ) ) ;
#6678 = EDGE_CURVE ( 'NONE', #8540, #8901, #6000, .T. ) ;
#6679 = CIRCLE ( 'NONE', #8404, 5.500000000000001776 ) ;
#6680 = ORIENTED_EDGE ( 'NONE', *, *, #5376, .F. ) ;
#6682 = CARTESIAN_POINT ( 'NONE',  ( 0.000000000000000000, 0.000000000000000000, 19.00000000000000355 ) ) ;
#6681 = AXIS2_PLACEMENT_3D ( 'NONE', #7791, #1271, #4845 ) ;
#6683 = ORIENTED_EDGE ( 'NONE', *, *, #8905, .F. ) ;
#6684 = LINE ( 'NONE', #3834, #8870 ) ;
#6685 = PRODUCT_CONTEXT ( 'NONE', #2017, 'mechanical' ) ;
#6686 = CARTESIAN_POINT ( 'NONE',  ( -85.00000000000001421, 163.9999999999999716, 41.51989783036317050 ) ) ;
#6687 = DIRECTION ( 'NONE',  ( 0.000000000000000000, 0.000000000000000000, -1.000000000000000000 ) ) ;
#6688 = DIRECTION ( 'NONE',  ( 0.000000000000000000, 0.000000000000000000, -1.000000000000000000 ) ) ;
#6689 = AXIS2_PLACEMENT_3D ( 'NONE', #7588, #4544, #134 ) ;
#6690 = ORIENTED_EDGE ( 'NONE', *, *, #1106, .T. ) ;
#6691 = DIRECTION ( 'NONE',  ( 1.000000000000000000, 0.000000000000000000, 0.000000000000000000 ) ) ;
#6692 = CYLINDRICAL_SURFACE ( 'NONE', #562, 9.095538233173716236 ) ;
#6693 = DIRECTION ( 'NONE',  ( -1.000000000000000000, -1.972152263052529076E-31, -5.782411586589345411E-15 ) ) ;
#6694 = DIRECTION ( 'NONE',  ( 1.000000000000000000, 0.000000000000000000, 0.000000000000000000 ) ) ;
#6695 = ORIENTED_EDGE ( 'NONE', *, *, #1542, .F. ) ;
#6696 = CARTESIAN_POINT ( 'NONE',  ( 10.00000000000000000, -14.14213562373103272, -19.64213562373079114 ) ) ;
#6697 = ADVANCED_FACE ( 'NONE', ( #212 ), #3200, .T. ) ;
#6698 = DIRECTION ( 'NONE',  ( -1.000000000000000000, 0.000000000000000000, 0.000000000000000000 ) ) ;
#6699 = LINE ( 'NONE', #3659, #8199 ) ;
#6700 = EDGE_CURVE ( 'NONE', #4180, #4113, #5355, .T. ) ;
#6701 = FACE_OUTER_BOUND ( 'NONE', #8106, .T. ) ;
#6702 = FACE_BOUND ( 'NONE', #4557, .T. ) ;
#6703 = APPLICATION_CONTEXT ( 'automotive_design' ) ;
#6704 = DIRECTION ( 'NONE',  ( 1.000000000000000000, 0.000000000000000000, 0.000000000000000000 ) ) ;
#6705 = ORIENTED_EDGE ( 'NONE', *, *, #1115, .F. ) ;
#6706 = DIRECTION ( 'NONE',  ( 0.000000000000000000, -1.000000000000000000, 0.000000000000000000 ) ) ;
#6707 = EDGE_CURVE ( 'NONE', #1920, #7658, #4430, .T. ) ;
#6708 = ORIENTED_EDGE ( 'NONE', *, *, #1795, .T. ) ;
#6709 = EDGE_CURVE ( 'NONE', #4908, #8645, #1538, .T. ) ;
#6710 = CARTESIAN_POINT ( 'NONE',  ( 8.000000000000000000, -22.62741699796971773, -22.62741699796931982 ) ) ;
#6711 = ORIENTED_EDGE ( 'NONE', *, *, #6292, .F. ) ;
#6712 = DIRECTION ( 'NONE',  ( 0.000000000000000000, 0.000000000000000000, -1.000000000000000000 ) ) ;
#6713 = FACE_OUTER_BOUND ( 'NONE', #7862, .T. ) ;
#6714 = DIRECTION ( 'NONE',  ( 1.000000000000000000, 0.000000000000000000, 0.000000000000000000 ) ) ;
#6715 = VERTEX_POINT ( 'NONE', #6145 ) ;
#6716 = PRODUCT_DEFINITION_SHAPE ( 'NONE', 'NONE',  #8947 ) ;
#6717 = CYLINDRICAL_SURFACE ( 'NONE', #6268, 15.00000000000000000 ) ;
#6718 = EDGE_CURVE ( 'NONE', #790, #5059, #8405, .T. ) ;
#6719 = ADVANCED_FACE ( 'NONE', ( #5304 ), #1461, .T. ) ;
#6720 = ORIENTED_EDGE ( 'NONE', *, *, #3099, .T. ) ;
#6721 = VERTEX_POINT ( 'NONE', #6784 ) ;
#6722 = DIRECTION ( 'NONE',  ( 0.000000000000000000, 0.000000000000000000, -1.000000000000000000 ) ) ;
#6723 = DIRECTION ( 'NONE',  ( -1.000000000000000000, 0.000000000000000000, 0.000000000000000000 ) ) ;
#6724 = EDGE_LOOP ( 'NONE', ( #1150, #5383, #3096, #4507 ) ) ;
#6725 = VECTOR ( 'NONE', #2377, 1000.000000000000000 ) ;
#6726 = ORIENTED_EDGE ( 'NONE', *, *, #8347, .T. ) ;
#6727 = CARTESIAN_POINT ( 'NONE',  ( -15.00000000000001421, 169.9999999999999716, 110.0000000000000000 ) ) ;
#6728 = VECTOR ( 'NONE', #3169, 1000.000000000000000 ) ;
#6729 = EDGE_CURVE ( 'NONE', #1370, #4961, #6003, .T. ) ;
#6730 = B_SPLINE_CURVE_WITH_KNOTS ( 'NONE', 3,
 ( #6457, #5570, #6303, #8621, #3313, #1262, #8766, #7191, #4837, #1894, #4993, #9509, #433, #7143, #8720, #9312 ),
 .UNSPECIFIED., .F., .F.,
 ( 4, 2, 2, 2, 2, 2, 2, 4 ),
 ( -2.449490159363690615E-05, 0.001900814969288439679, 0.003826124840170516250, 0.007676744581934667223, 0.009602054452816758540, 0.01152736432369885072, 0.01345267419458094291, 0.01537798406546303683 ),
 .UNSPECIFIED. ) ;
#6731 = DIRECTION ( 'NONE',  ( 0.000000000000000000, -1.000000000000000000, 0.000000000000000000 ) ) ;
#6732 = VERTEX_POINT ( 'NONE', #4190 ) ;
#6733 = CARTESIAN_POINT ( 'NONE',  ( 8.000000000000000000, -22.62741699796971773, -22.62741699796931982 ) ) ;
#6734 = CARTESIAN_POINT ( 'NONE',  ( -49.99999999999999289, 170.4999999999999716, 75.00000000000000000 ) ) ;
#6735 = CIRCLE ( 'NONE', #7047, 5.499999999999998224 ) ;
#6736 = CIRCLE ( 'NONE', #2348, 5.499999999999996447 ) ;
#6737 = AXIS2_PLACEMENT_3D ( 'NONE', #1989, #2716, #5198 ) ;
#6738 = ORIENTED_EDGE ( 'NONE', *, *, #3830, .F. ) ;
#6739 = CARTESIAN_POINT ( 'NONE',  ( -15.00000000000000000, 158.0036096955132052, 75.04865681833686608 ) ) ;
#6740 = VECTOR ( 'NONE', #4161, 1000.000000000000000 ) ;
#6741 = AXIS2_PLACEMENT_3D ( 'NONE', #8475, #1753, #829 ) ;
#6742 = CARTESIAN_POINT ( 'NONE',  ( -15.00000000000000000, 25.99999999999995381, 65.00000000000000000 ) ) ;
#6743 = CARTESIAN_POINT ( 'NONE',  ( -84.99999999999997158, 25.99999999999995381, 65.00000000000000000 ) ) ;
#6744 = EDGE_CURVE ( 'NONE', #5942, #151, #4134, .T. ) ;
#6745 = DIRECTION ( 'NONE',  ( -0.07058822266251368882, -1.852916688749212960E-16, 0.9975055402459416243 ) ) ;
#6746 = EDGE_LOOP ( 'NONE', ( #4543, #5546, #4725, #4020 ) ) ;
#6747 = DIRECTION ( 'NONE',  ( -1.000000000000000000, 0.000000000000000000, 0.000000000000000000 ) ) ;
#6748 = CARTESIAN_POINT ( 'NONE',  ( 0.000000000000000000, 0.000000000000000000, 6.000000000000000000 ) ) ;
#6749 = FACE_OUTER_BOUND ( 'NONE', #9217, .T. ) ;
#6750 = AXIS2_PLACEMENT_3D ( 'NONE', #8015, #7322, #7178 ) ;
#6751 = DIRECTION ( 'NONE',  ( 0.000000000000000000, 0.000000000000000000, -1.000000000000000000 ) ) ;
#6752 = AXIS2_PLACEMENT_3D ( 'NONE', #2045, #8168, #623 ) ;
#6753 = SURFACE_SIDE_STYLE ('',( #973 ) ) ;
#6754 = EDGE_CURVE ( 'NONE', #4124, #8748, #4292, .T. ) ;
#6755 = DIRECTION ( 'NONE',  ( 0.000000000000000000, 0.000000000000000000, 1.000000000000000000 ) ) ;
#6756 = VERTEX_POINT ( 'NONE', #2709 ) ;
#6757 = DIRECTION ( 'NONE',  ( 0.000000000000000000, 0.000000000000000000, -1.000000000000000000 ) ) ;
#6758 = LINE ( 'NONE', #8180, #5332 ) ;
#6759 = EDGE_CURVE ( 'NONE', #1434, #3878, #4596, .T. ) ;
#6760 = EDGE_LOOP ( 'NONE', ( #6485, #894, #9620, #3640 ) ) ;
#6761 = CARTESIAN_POINT ( 'NONE',  ( -88.00000000000001421, 25.99999999999995737, 16.00000000000000000 ) ) ;
#6762 = LINE ( 'NONE', #598, #2130 ) ;
#6763 = ORIENTED_EDGE ( 'NONE', *, *, #8937, .F. ) ;
#6764 = CARTESIAN_POINT ( 'NONE',  ( -3.430493341258618933, 187.2070701265207617, 10.38065708181556168 ) ) ;
#6765 = CARTESIAN_POINT ( 'NONE',  ( -15.00030773122868588, 157.9999999999999716, 75.14676883630349380 ) ) ;
#6766 = DIRECTION ( 'NONE',  ( 7.930164461608261426E-16, 0.000000000000000000, 1.000000000000000000 ) ) ;
#6767 = ORIENTED_EDGE ( 'NONE', *, *, #8792, .T. ) ;
#6768 = EDGE_CURVE ( 'NONE', #1095, #7325, #7733, .T. ) ;
#6769 = CARTESIAN_POINT ( 'NONE',  ( -15.00000000000001421, 169.9578262852211310, 74.85942095073713176 ) ) ;
#6770 = TOROIDAL_SURFACE ( 'NONE', #2534, 5.000000000000000000, 1.000000000000000000 ) ;
#6771 = VERTEX_POINT ( 'NONE', #9297 ) ;
#6772 = ORIENTED_EDGE ( 'NONE', *, *, #3524, .T. ) ;
#6773 = EDGE_LOOP ( 'NONE', ( #3585, #3548 ) ) ;
#6774 = FACE_OUTER_BOUND ( 'NONE', #3671, .T. ) ;
#6775 = LINE ( 'NONE', #845, #2723 ) ;
#6776 = ORIENTED_EDGE ( 'NONE', *, *, #3052, .T. ) ;
#6777 = ORIENTED_EDGE ( 'NONE', *, *, #4799, .T. ) ;
#6778 = CYLINDRICAL_SURFACE ( 'NONE', #4795, 11.20000000000000107 ) ;
#6779 = VECTOR ( 'NONE', #3053, 1000.000000000000227 ) ;
#6780 = PLANE ( 'NONE',  #833 ) ;
#6781 = ORIENTED_EDGE ( 'NONE', *, *, #7046, .F. ) ;
#6782 = CARTESIAN_POINT ( 'NONE',  ( 4.000000000000000000, 4.898587196589412829E-16, 1.000000000000000000 ) ) ;
#6783 = UNCERTAINTY_MEASURE_WITH_UNIT (LENGTH_MEASURE( 1.000000000000000082E-05 ), #572, 'distance_accuracy_value', 'NONE');
#6784 = CARTESIAN_POINT ( 'NONE',  ( 8.000000000000000000, -5.833392311421893986E-14, -13.99999999999995204 ) ) ;
#6785 = ADVANCED_FACE ( 'NONE', ( #1878 ), #2399, .T. ) ;
#6786 = EDGE_LOOP ( 'NONE', ( #3918, #8237, #4591, #3403 ) ) ;
#6787 = AXIS2_PLACEMENT_3D ( 'NONE', #4888, #4835, #2721 ) ;
#6788 = CARTESIAN_POINT ( 'NONE',  ( 8.000000000000000000, -12.24586983568247156, 24.06414504036134616 ) ) ;
#6789 = LINE ( 'NONE', #1641, #4303 ) ;
#6790 = DIRECTION ( 'NONE',  ( 0.000000000000000000, 0.2873478855663455511, 0.9578262852211513190 ) ) ;
#6791 = DIRECTION ( 'NONE',  ( 0.2431224835538504658, 0.000000000000000000, -0.9699955968923819061 ) ) ;
#6792 = ORIENTED_EDGE ( 'NONE', *, *, #7594, .T. ) ;
#6793 = CARTESIAN_POINT ( 'NONE',  ( 8.000000000000000000, 14.14213562373084088, -19.64213562373099009 ) ) ;
#6794 = CIRCLE ( 'NONE', #8058, 1.000000000000000888 ) ;
#6795 = CARTESIAN_POINT ( 'NONE',  ( -88.80263643295779730, 158.0658021876593011, 14.99926968785988990 ) ) ;
#6796 = DIRECTION ( 'NONE',  ( -0.000000000000000000, -0.000000000000000000, -1.000000000000000000 ) ) ;
#6797 = EDGE_CURVE ( 'NONE', #419, #4660, #2560, .T. ) ;
#6798 = PRODUCT ( 'Axe_8_80', 'Axe_8_80', '', ( #6685 ) ) ;
#6799 = DIRECTION ( 'NONE',  ( -0.000000000000000000, 0.000000000000000000, -1.000000000000000000 ) ) ;
#6800 = CARTESIAN_POINT ( 'NONE',  ( -4.000000000000000000, 0.000000000000000000, 5.000000000000000000 ) ) ;
#6801 = CARTESIAN_POINT ( 'NONE',  ( -15.00000000000000000, 157.9999999999999716, 25.00000000000000711 ) ) ;
#6802 = VECTOR ( 'NONE', #954, 1000.000000000000000 ) ;
#6803 =( NAMED_UNIT ( * ) PLANE_ANGLE_UNIT ( ) SI_UNIT ( $, .RADIAN. ) );
#6804 = ORIENTED_EDGE ( 'NONE', *, *, #303, .F. ) ;
#6805 = DIRECTION ( 'NONE',  ( -1.000000000000000000, 1.224646799147351482E-16, 0.000000000000000000 ) ) ;
#6806 = FACE_OUTER_BOUND ( 'NONE', #2650, .T. ) ;
#6807 = ORIENTED_EDGE ( 'NONE', *, *, #3730, .F. ) ;
#6808 = AXIS2_PLACEMENT_3D ( 'NONE', #1997, #533, #8166 ) ;
#6809 = DIRECTION ( 'NONE',  ( 0.000000000000000000, 0.000000000000000000, -1.000000000000000000 ) ) ;
#6810 = EDGE_CURVE ( 'NONE', #2929, #2028, #9395, .T. ) ;
#6811 = DIRECTION ( 'NONE',  ( 1.000000000000000000, 0.000000000000000000, 0.000000000000000000 ) ) ;
#6812 =( NAMED_UNIT ( * ) PLANE_ANGLE_UNIT ( ) SI_UNIT ( $, .RADIAN. ) );
#6813 = ORIENTED_EDGE ( 'NONE', *, *, #6214, .T. ) ;
#6814 = DIRECTION ( 'NONE',  ( -1.000000000000000000, 1.734723475976805517E-15, 0.000000000000000000 ) ) ;
#6815 = EDGE_LOOP ( 'NONE', ( #9515, #5399, #6818, #5107 ) ) ;
#6816 = VERTEX_POINT ( 'NONE', #417 ) ;
#6817 = AXIS2_PLACEMENT_3D ( 'NONE', #1242, #7115, #356 ) ;
#6818 = ORIENTED_EDGE ( 'NONE', *, *, #7183, .T. ) ;
#6819 = DIRECTION ( 'NONE',  ( 1.000000000000000000, 9.912705577010326782E-17, 0.000000000000000000 ) ) ;
#6820 = EDGE_CURVE ( 'NONE', #7412, #3433, #6487, .T. ) ;
#6821 = AXIS2_PLACEMENT_3D ( 'NONE', #8203, #3736, #9092 ) ;
#6822 = DIRECTION ( 'NONE',  ( 0.000000000000000000, 0.000000000000000000, -1.000000000000000000 ) ) ;
#6823 = EDGE_CURVE ( 'NONE', #2072, #6138, #463, .T. ) ;
#6824 = EDGE_LOOP ( 'NONE', ( #3276, #8054, #2500, #2397 ) ) ;
#6825 = CIRCLE ( 'NONE', #3848, 5.500000000000000000 ) ;
#6826 = ORIENTED_EDGE ( 'NONE', *, *, #5480, .T. ) ;
#6827 = DIRECTION ( 'NONE',  ( 0.000000000000000000, 0.000000000000000000, 1.000000000000000000 ) ) ;
#6828 = CIRCLE ( 'NONE', #6674, 1.000000000000000888 ) ;
#6829 = CONTEXT_DEPENDENT_SHAPE_REPRESENTATION ( #9362, #7582 ) ;
#6830 = EDGE_CURVE ( 'NONE', #8045, #1852, #6164, .T. ) ;
#6831 = DIRECTION ( 'NONE',  ( 0.000000000000000000, -1.000000000000000000, 0.000000000000000000 ) ) ;
#6832 = VERTEX_POINT ( 'NONE', #6342 ) ;
#6833 = CARTESIAN_POINT ( 'NONE',  ( -20.00000000000000000, 6.123233995736766282E-16, -5.000000000000000000 ) ) ;
#6834 = VECTOR ( 'NONE', #4793, 1000.000000000000000 ) ;
#6835 = FACE_BOUND ( 'NONE', #4809, .T. ) ;
#6836 = ADVANCED_FACE ( 'NONE', ( #9348 ), #2659, .T. ) ;
#6837 = CIRCLE ( 'NONE', #3400, 4.000000000000000888 ) ;
#6838 = APPLICATION_CONTEXT ( 'automotive_design' ) ;
#6839 = ORIENTED_EDGE ( 'NONE', *, *, #8148, .T. ) ;
#6840 = CARTESIAN_POINT ( 'NONE',  ( 0.000000000000000000, 0.000000000000000000, 16.00000000000000000 ) ) ;
#6841 = DIRECTION ( 'NONE',  ( 0.9999668787804681935, 0.008138878426939326338, 0.000000000000000000 ) ) ;
#6842 = LINE ( 'NONE', #1494, #5166 ) ;
#6843 = CARTESIAN_POINT ( 'NONE',  ( -14.84711255158344123, 39.69838535254831413, 1076.512818118012547 ) ) ;
#6844 = AXIS2_PLACEMENT_3D ( 'NONE', #7044, #5579, #8580 ) ;
#6845 = EDGE_LOOP ( 'NONE', ( #2540, #6568, #7014, #7309 ) ) ;
#6846 = ADVANCED_FACE ( 'NONE', ( #9447 ), #8364, .T. ) ;
#6847 = CARTESIAN_POINT ( 'NONE',  ( 8.000000000000000000, 29.56414504036113655, -12.24586983568300447 ) ) ;
#6848 = DIRECTION ( 'NONE',  ( -1.000000000000000000, -0.000000000000000000, -0.000000000000000000 ) ) ;
#6849 = CARTESIAN_POINT ( 'NONE',  ( -85.00000000000051159, 169.9999999999999716, 24.85323116369650265 ) ) ;
#6850 = CARTESIAN_POINT ( 'NONE',  ( -15.00000000000000000, 15.99999999999995914, 110.0000000000000000 ) ) ;
#6851 = DIRECTION ( 'NONE',  ( 1.000000000000000000, 0.000000000000000000, 0.000000000000000000 ) ) ;
#6852 = DIRECTION ( 'NONE',  ( 3.323127485761576556E-16, -0.2873478855663457177, -0.9578262852211512079 ) ) ;
#6853 =( NAMED_UNIT ( * ) SI_UNIT ( $, .STERADIAN. ) SOLID_ANGLE_UNIT ( ) );
#6854 = ORIENTED_EDGE ( 'NONE', *, *, #4735, .F. ) ;
#6855 = ADVANCED_FACE ( 'NONE', ( #1929 ), #7765, .F. ) ;
#6856 = DIRECTION ( 'NONE',  ( 1.000000000000000000, 0.000000000000000000, 0.000000000000000000 ) ) ;
#6857 = CARTESIAN_POINT ( 'NONE',  ( 0.000000000000000000, 0.000000000000000000, 10.00000000000000000 ) ) ;
#6858 = ORIENTED_EDGE ( 'NONE', *, *, #1452, .T. ) ;
#6859 = DIRECTION ( 'NONE',  ( 0.000000000000000000, 0.9578262852211514300, 0.2873478855663456621 ) ) ;
#6860 = DIRECTION ( 'NONE',  ( 0.000000000000000000, 0.000000000000000000, -1.000000000000000000 ) ) ;
#6861 = CARTESIAN_POINT ( 'NONE',  ( -67.99999999999995737, 169.9999999999999432, 35.00000000000000711 ) ) ;
#6862 = ORIENTED_EDGE ( 'NONE', *, *, #8660, .T. ) ;
#6863 = LINE ( 'NONE', #7696, #2191 ) ;
#6864 = ORIENTED_EDGE ( 'NONE', *, *, #7766, .F. ) ;
#6865 = EDGE_CURVE ( 'NONE', #5892, #2850, #1779, .T. ) ;
#6866 = VERTEX_POINT ( 'NONE', #266 ) ;
#6867 = ORIENTED_EDGE ( 'NONE', *, *, #8906, .F. ) ;
#6868 = CARTESIAN_POINT ( 'NONE',  ( -32.00000000000000000, 25.99999999999995381, 65.00000000000000000 ) ) ;
#6869 = CYLINDRICAL_SURFACE ( 'NONE', #2885, 11.09553823317369847 ) ;
#6870 = ORIENTED_EDGE ( 'NONE', *, *, #7822, .F. ) ;
#6871 = ORIENTED_EDGE ( 'NONE', *, *, #329, .T. ) ;
#6872 = ORIENTED_EDGE ( 'NONE', *, *, #3772, .T. ) ;
#6873 = DIRECTION ( 'NONE',  ( -0.000000000000000000, 1.000000000000000000, -0.000000000000000000 ) ) ;
#6874 = EDGE_CURVE ( 'NONE', #2028, #4767, #6794, .T. ) ;
#6875 = ITEM_DEFINED_TRANSFORMATION ( 'NONE', 'NONE', #1731,  #6276 ) ;
#6876 = ADVANCED_FACE ( 'NONE', ( #1054 ), #4039, .T. ) ;
#6877 = FACE_BOUND ( 'NONE', #8653, .T. ) ;
#6878 = ORIENTED_EDGE ( 'NONE', *, *, #8115, .T. ) ;
#6879 = CARTESIAN_POINT ( 'NONE',  ( -67.99999999999997158, 25.99999999999995381, 65.00000000000000000 ) ) ;
#6880 = CARTESIAN_POINT ( 'NONE',  ( -49.99999999999999289, 47.99999999999995737, 75.00000000000000000 ) ) ;
#6881 = ORIENTED_EDGE ( 'NONE', *, *, #3370, .T. ) ;
#6882 = CARTESIAN_POINT ( 'NONE',  ( 8.000000000000000000, 22.62741699796940154, -28.12741699796963957 ) ) ;
#6883 = DIRECTION ( 'NONE',  ( 1.000000000000000000, 0.000000000000000000, 0.000000000000000000 ) ) ;
#6884 = EDGE_CURVE ( 'NONE', #6088, #2076, #3510, .T. ) ;
#6885 = DIRECTION ( 'NONE',  ( 0.9880492670590989013, 1.632022974111219999E-16, -0.1541383984086312220 ) ) ;
#6886 = VERTEX_POINT ( 'NONE', #6542 ) ;
#6887 = CARTESIAN_POINT ( 'NONE',  ( 8.000000000000000000, 12.24586983568269183, -35.06414504036126090 ) ) ;
#6888 = VECTOR ( 'NONE', #3314, 1000.000000000000000 ) ;
#6889 = LINE ( 'NONE', #8462, #3082 ) ;
#6890 = CARTESIAN_POINT ( 'NONE',  ( -15.00000000000000888, 165.5862043656698859, 49.71265211443365217 ) ) ;
#6891 = AXIS2_PLACEMENT_3D ( 'NONE', #5513, #3996, #6398 ) ;
#6892 = CARTESIAN_POINT ( 'NONE',  ( -50.00000000000000000, -28.00000000000010658, 75.00000000000000000 ) ) ;
#6893 = FACE_OUTER_BOUND ( 'NONE', #8687, .T. ) ;
#6894 = CARTESIAN_POINT ( 'NONE',  ( -15.00000000000000000, 158.0421737147788406, 25.14057904926285048 ) ) ;
#6895 = CARTESIAN_POINT ( 'NONE',  ( 0.000000000000000000, 62.99999999999992895, 10.00000000000000000 ) ) ;
#6896 = ORIENTED_EDGE ( 'NONE', *, *, #9366, .T. ) ;
#6897 = CYLINDRICAL_SURFACE ( 'NONE', #792, 5.999999999999998224 ) ;
#6898 = DIRECTION ( 'NONE',  ( 1.000000000000000000, -1.734723475976805517E-15, 0.000000000000000000 ) ) ;
#6899 = VERTEX_POINT ( 'NONE', #4282 ) ;
#6900 = AXIS2_PLACEMENT_3D ( 'NONE', #2720, #5162, #1256 ) ;
#6901 = CIRCLE ( 'NONE', #7377, 15.00000000000000178 ) ;
#6902 = DIRECTION ( 'NONE',  ( 0.000000000000000000, 0.000000000000000000, -1.000000000000000000 ) ) ;
#6903 = EDGE_CURVE ( 'NONE', #5297, #1781, #2809, .T. ) ;
#6904 = CARTESIAN_POINT ( 'NONE',  ( -38.90446176682630863, 25.49999999999995737, 75.00000000000000000 ) ) ;
#6905 = FACE_OUTER_BOUND ( 'NONE', #8181, .T. ) ;
#6906 = LINE ( 'NONE', #50, #2268 ) ;
#6907 = EDGE_LOOP ( 'NONE', ( #6259, #8143, #447, #906, #6367 ) ) ;
#6908 = VECTOR ( 'NONE', #4513, 1000.000000000000000 ) ;
#6909 = DIRECTION ( 'NONE',  ( 0.000000000000000000, 0.000000000000000000, -1.000000000000000000 ) ) ;
#6910 = ORIENTED_EDGE ( 'NONE', *, *, #9226, .F. ) ;
#6911 = ORIENTED_EDGE ( 'NONE', *, *, #3474, .T. ) ;
#6912 = AXIS2_PLACEMENT_3D ( 'NONE', #3111, #6102, #2370 ) ;
#6913 = ORIENTED_EDGE ( 'NONE', *, *, #4003, .F. ) ;
#6914 = FACE_BOUND ( 'NONE', #4156, .T. ) ;
#6915 = VECTOR ( 'NONE', #1662, 1000.000000000000000 ) ;
#6916 = DIRECTION ( 'NONE',  ( 1.000000000000000000, -0.000000000000000000, -0.000000000000000000 ) ) ;
#6917 = VERTEX_POINT ( 'NONE', #7277 ) ;
#6918 = EDGE_CURVE ( 'NONE', #9186, #780, #2118, .T. ) ;
#6919 = ORIENTED_EDGE ( 'NONE', *, *, #9479, .T. ) ;
#6920 = VERTEX_POINT ( 'NONE', #8848 ) ;
#6921 = CARTESIAN_POINT ( 'NONE',  ( -85.00000000000000000, 37.99999999999995026, 75.00000000000000000 ) ) ;
#6922 = ITEM_DEFINED_TRANSFORMATION ( 'NONE', 'NONE', #9582,  #6276 ) ;
#6923 = SURFACE_SIDE_STYLE ('',( #4858 ) ) ;
#6924 = ORIENTED_EDGE ( 'NONE', *, *, #899, .T. ) ;
#6925 = FACE_OUTER_BOUND ( 'NONE', #3773, .T. ) ;
#6926 = CARTESIAN_POINT ( 'NONE',  ( 8.000000000000000000, 12.24586983568289789, 24.06414504036117563 ) ) ;
#6927 = CIRCLE ( 'NONE', #8183, 17.00000000000000000 ) ;
#6928 = ORIENTED_EDGE ( 'NONE', *, *, #4866, .T. ) ;
#6929 = CYLINDRICAL_SURFACE ( 'NONE', #4964, 2.249999999999998668 ) ;
#6930 = DIRECTION ( 'NONE',  ( 0.000000000000000000, 1.224646799147352714E-16, 1.000000000000000000 ) ) ;
#6931 = EDGE_CURVE ( 'NONE', #1827, #8799, #5083, .T. ) ;
#6932 = SURFACE_STYLE_FILL_AREA ( #3108 ) ;
#6933 = LINE ( 'NONE', #320, #5477 ) ;
#6934 = CARTESIAN_POINT ( 'NONE',  ( -3.883840034891838933, -20.57544454745024254, 1080.142494363701871 ) ) ;
#6935 = CARTESIAN_POINT ( 'NONE',  ( -32.00000000000001421, 169.9578262852211310, 74.85942095073723124 ) ) ;
#6936 = DIRECTION ( 'NONE',  ( 4.956352788505163391E-17, 1.000000000000000000, 0.000000000000000000 ) ) ;
#6937 = CARTESIAN_POINT ( 'NONE',  ( 8.000000000000000000, -22.62741699796924522, 22.62741699796980299 ) ) ;
#6938 = VECTOR ( 'NONE', #3155, 1000.000000000000000 ) ;
#6939 = EDGE_CURVE ( 'NONE', #2356, #4960, #610, .T. ) ;
#6940 = AXIS2_PLACEMENT_3D ( 'NONE', #8084, #1501, #8919 ) ;
#6941 = CARTESIAN_POINT ( 'NONE',  ( -50.00000000000000000, 0.000000000000000000, 75.00000000000000000 ) ) ;
#6942 = CIRCLE ( 'NONE', #3506, 5.500000000000001776 ) ;
#6943 = CARTESIAN_POINT ( 'NONE',  ( -50.00000000000000000, 25.99999999999995381, 75.00000000000000000 ) ) ;
#6944 = ORIENTED_EDGE ( 'NONE', *, *, #8873, .T. ) ;
#6945 = DIRECTION ( 'NONE',  ( 1.000000000000000000, 0.000000000000000000, 0.000000000000000000 ) ) ;
#6946 = AXIS2_PLACEMENT_3D ( 'NONE', #7881, #4889, #6988 ) ;
#6947 = DIRECTION ( 'NONE',  ( 1.000000000000000000, 0.000000000000000000, 0.000000000000000000 ) ) ;
#6948 = EDGE_CURVE ( 'NONE', #4961, #1370, #851, .T. ) ;
#6949 = CARTESIAN_POINT ( 'NONE',  ( 10.00000000000000000, 12.24586983568269183, -35.06414504036126090 ) ) ;
#6950 = ORIENTED_EDGE ( 'NONE', *, *, #5382, .T. ) ;
#6951 = LINE ( 'NONE', #48, #4870 ) ;
#6952 = DIRECTION ( 'NONE',  ( 0.000000000000000000, 0.000000000000000000, -1.000000000000000000 ) ) ;
#6953 = DIRECTION ( 'NONE',  ( 1.000000000000000000, -1.387778780781444689E-15, 0.000000000000000000 ) ) ;
#6954 = EDGE_LOOP ( 'NONE', ( #1809, #9232, #1023, #6187 ) ) ;
#6955 = PRODUCT_DEFINITION_SHAPE ( 'NONE', 'NONE',  #9678 ) ;
#6956 = CARTESIAN_POINT ( 'NONE',  ( 8.000000000000000000, -12.24586983568310572, -29.56414504036107971 ) ) ;
#6957 = ORIENTED_EDGE ( 'NONE', *, *, #7873, .F. ) ;
#6958 = ORIENTED_EDGE ( 'NONE', *, *, #6707, .F. ) ;
#6959 = CIRCLE ( 'NONE', #6644, 15.00000000000000000 ) ;
#6960 =( REPRESENTATION_RELATIONSHIP ('NONE','NONE', #5518, #3457 ) REPRESENTATION_RELATIONSHIP_WITH_TRANSFORMATION ( #2706 )SHAPE_REPRESENTATION_RELATIONSHIP( ) );
#6961 = EDGE_CURVE ( 'NONE', #3279, #2343, #5071, .T. ) ;
#6962 = EDGE_LOOP ( 'NONE', ( #3140, #500, #1030, #6567 ) ) ;
#6963 = FACE_BOUND ( 'NONE', #1625, .T. ) ;
#6964 = DIRECTION ( 'NONE',  ( 1.000000000000000000, -0.000000000000000000, -0.000000000000000000 ) ) ;
#6965 = ORIENTED_EDGE ( 'NONE', *, *, #982, .F. ) ;
#6966 = AXIS2_PLACEMENT_3D ( 'NONE', #4831, #2565, #1735 ) ;
#6967 = ORIENTED_EDGE ( 'NONE', *, *, #5042, .T. ) ;
#6968 = ORIENTED_EDGE ( 'NONE', *, *, #7661, .T. ) ;
#6969 = CARTESIAN_POINT ( 'NONE',  ( 8.000000000000000000, 19.99999999999995026, 5.499999999999929834 ) ) ;
#6970 = CIRCLE ( 'NONE', #1028, 1.000000000000000888 ) ;
#6971 = EDGE_CURVE ( 'NONE', #2628, #8690, #3636, .T. ) ;
#6972 = VERTEX_POINT ( 'NONE', #1344 ) ;
#6973 = DIRECTION ( 'NONE',  ( 1.000000000000000000, 0.000000000000000000, 0.000000000000000000 ) ) ;
#6974 = ORIENTED_EDGE ( 'NONE', *, *, #9304, .T. ) ;
#6975 = DIRECTION ( 'NONE',  ( 0.000000000000000000, 0.000000000000000000, 1.000000000000000000 ) ) ;
#6976 = CIRCLE ( 'NONE', #1984, 35.00000000000000000 ) ;
#6977 = EDGE_LOOP ( 'NONE', ( #2604, #8079 ) ) ;
#6978 = DIRECTION ( 'NONE',  ( -1.000000000000000000, 0.000000000000000000, 0.000000000000000000 ) ) ;
#6980 = CARTESIAN_POINT ( 'NONE',  ( -2.250000000000152767, -22.00000000000000000, 101.0000000000000000 ) ) ;
#6979 = VECTOR ( 'NONE', #6045, 1000.000000000000227 ) ;
#6981 = DIRECTION ( 'NONE',  ( 0.000000000000000000, 0.000000000000000000, -1.000000000000000000 ) ) ;
#6982 = DIRECTION ( 'NONE',  ( 1.000000000000000000, 0.000000000000000000, 0.000000000000000000 ) ) ;
#6983 = DIRECTION ( 'NONE',  ( -0.9993252675573510713, -2.627959123083327308E-16, 0.03672886632375621518 ) ) ;
#6984 = CIRCLE ( 'NONE', #3706, 5.499999999999998224 ) ;
#6985 = CARTESIAN_POINT ( 'NONE',  ( -15.00000000000001421, 165.5440306508910453, 50.00000000000000000 ) ) ;
#6986 = TOROIDAL_SURFACE ( 'NONE', #9193, 28.99999999999999645, 1.000000000000000000 ) ;
#6987 = DIRECTION ( 'NONE',  ( 1.000000000000000000, 0.000000000000000000, 0.000000000000000000 ) ) ;
#6988 = DIRECTION ( 'NONE',  ( 0.000000000000000000, 0.000000000000000000, -1.000000000000000000 ) ) ;
#6989 = COLOUR_RGB ( '',0.7921568627450980005, 0.8196078431372548767, 0.9333333333333333481 ) ;
#6990 = DIRECTION ( 'NONE',  ( 0.000000000000000000, 1.000000000000000000, 0.000000000000000000 ) ) ;
#6991 = DIRECTION ( 'NONE',  ( 0.9975410806550453202, 0.07008418085106087048, 0.000000000000000000 ) ) ;
#6992 = VECTOR ( 'NONE', #1414, 1000.000000000000000 ) ;
#6993 = CARTESIAN_POINT ( 'NONE',  ( -67.99999999999997158, 162.4137956343300289, 50.28734788556635493 ) ) ;
#6994 = ADVANCED_FACE ( 'NONE', ( #8802 ), #1431, .F. ) ;
#6995 = VERTEX_POINT ( 'NONE', #1295 ) ;
#6996 = CYLINDRICAL_SURFACE ( 'NONE', #2672, 9.095538233173709131 ) ;
#6997 = EDGE_CURVE ( 'NONE', #2346, #8013, #6627, .T. ) ;
#6998 = CYLINDRICAL_SURFACE ( 'NONE', #7149, 1.000000000000000888 ) ;
#6999 = CLOSED_SHELL ( 'NONE', ( #2181, #2325, #3493, #8238, #4000, #179, #8283, #1930, #3022, #2612, #2694, #6382, #9416, #9158, #3936, #7162, #4988, #8849, #5144, #425, #512, #1873, #1339, #5989, #9293, #3976, #7261, #3556, #1847, #8193, #7127, #4577, #6154, #3254, #5822, #553, #4035, #8570, #4361, #8473, #814, #7037, #2513, #9405, #8126, #7305, #9027, #9001, #2925, #1983, #7571, #7148, #4269, #5661, #2585, #3174, #2848, #4927, #1318, #4653, #4722, #3011, #61, #826, #3411, #7163, #3274, #5141, #5286, #2206, #1946, #5351, #3067, #5536, #902, #8885, #5682, #2494, #9386, #2453, #6090, #3045, #3643, #7251, #8511, #3862, #8499, #5234, #4260, #4372, #6014, #2933, #5525, #8835, #708, #213 ) ) ;
#7000 = CARTESIAN_POINT ( 'NONE',  ( -4.000000000000000000, 0.000000000000000000, 0.000000000000000000 ) ) ;
#7001 = ORIENTED_EDGE ( 'NONE', *, *, #612, .T. ) ;
#7002 = CIRCLE ( 'NONE', #2930, 5.499999999999998224 ) ;
#7003 = CARTESIAN_POINT ( 'NONE',  ( -2.167253955416701849, 165.3661200113437530, 10.14741981803556214 ) ) ;
#7004 = DIRECTION ( 'NONE',  ( 1.000000000000000000, 0.000000000000000000, 0.000000000000000000 ) ) ;
#7005 = LINE ( 'NONE', #9475, #249 ) ;
#7006 = VERTEX_POINT ( 'NONE', #8755 ) ;
#7007 = DIRECTION ( 'NONE',  ( 1.000000000000000000, -0.000000000000000000, -0.000000000000000000 ) ) ;
#7008 = EDGE_CURVE ( 'NONE', #3878, #205, #5157, .T. ) ;
#7009 = ORIENTED_EDGE ( 'NONE', *, *, #8275, .T. ) ;
#7010 = VERTEX_POINT ( 'NONE', #5025 ) ;
#7011 = ORIENTED_EDGE ( 'NONE', *, *, #6997, .T. ) ;
#7012 = DIRECTION ( 'NONE',  ( -1.000000000000000000, 0.000000000000000000, 0.000000000000000000 ) ) ;
#7013 = PLANE ( 'NONE',  #8349 ) ;
#7014 = ORIENTED_EDGE ( 'NONE', *, *, #9141, .F. ) ;
#7015 = ORIENTED_EDGE ( 'NONE', *, *, #982, .T. ) ;
#7016 = EDGE_CURVE ( 'NONE', #9049, #3572, #2898, .T. ) ;
#7017 = EDGE_LOOP ( 'NONE', ( #8591, #8504, #4388, #5645 ) ) ;
#7018 = DIRECTION ( 'NONE',  ( 1.000000000000000000, -0.000000000000000000, -0.000000000000000000 ) ) ;
#7019 = APPLICATION_CONTEXT ( 'automotive_design' ) ;
#7020 = CONTEXT_DEPENDENT_SHAPE_REPRESENTATION ( #6206, #5927 ) ;
#7021 = ORIENTED_EDGE ( 'NONE', *, *, #153, .T. ) ;
#7022 = FACE_BOUND ( 'NONE', #7506, .T. ) ;
#7023 = VERTEX_POINT ( 'NONE', #5898 ) ;
#7024 = DIRECTION ( 'NONE',  ( 0.000000000000000000, 0.000000000000000000, 1.000000000000000000 ) ) ;
#7025 = ORIENTED_EDGE ( 'NONE', *, *, #2382, .F. ) ;
#7026 = CARTESIAN_POINT ( 'NONE',  ( 0.000000000000000000, 0.000000000000000000, 100.0000000000000000 ) ) ;
#7027 = LINE ( 'NONE', #422, #232 ) ;
#7028 = EDGE_CURVE ( 'NONE', #6330, #4960, #2159, .T. ) ;
#7029 = DIRECTION ( 'NONE',  ( 0.000000000000000000, -1.000000000000000000, 0.000000000000000000 ) ) ;
#7030 = DIRECTION ( 'NONE',  ( 0.000000000000000000, 0.000000000000000000, 1.000000000000000000 ) ) ;
#7031 = DIRECTION ( 'NONE',  ( 0.4163582712868774682, -3.456143419081534242E-16, 0.9092006323859452843 ) ) ;
#7032 = LINE ( 'NONE', #1888, #4945 ) ;
#7033 = CARTESIAN_POINT ( 'NONE',  ( -50.00000000000000000, 15.99999999999995914, 110.0000000000000000 ) ) ;
#7034 = DIRECTION ( 'NONE',  ( -1.000000000000000000, 0.000000000000000000, -5.782411586589345411E-15 ) ) ;
#7035 = PRODUCT_DEFINITION_SHAPE ( 'NONE', 'NONE',  #9680 ) ;
#7036 = DIRECTION ( 'NONE',  ( -1.000000000000000000, -0.000000000000000000, -0.000000000000000000 ) ) ;
#7037 = ADVANCED_FACE ( 'NONE', ( #7323 ), #8145, .F. ) ;
#7038 = DIRECTION ( 'NONE',  ( 1.000000000000000000, -0.000000000000000000, -0.000000000000000000 ) ) ;
#7039 = LINE ( 'NONE', #3264, #6115 ) ;
#7040 = AXIS2_PLACEMENT_3D ( 'NONE', #2426, #3896, #1794 ) ;
#7041 = ORIENTED_EDGE ( 'NONE', *, *, #4394, .F. ) ;
#7042 = AXIS2_PLACEMENT_3D ( 'NONE', #424, #272, #3256 ) ;
#7043 = CARTESIAN_POINT ( 'NONE',  ( -49.99999999999999289, 46.99999999999995737, 75.00000000000000000 ) ) ;
#7044 = CARTESIAN_POINT ( 'NONE',  ( 0.000000000000000000, 0.000000000000000000, 10.00000000000000000 ) ) ;
#7045 = CARTESIAN_POINT ( 'NONE',  ( -32.00000000000001421, 169.9999999999999432, 25.00000000000000711 ) ) ;
#7046 = EDGE_CURVE ( 'NONE', #6070, #9299, #2854, .T. ) ;
#7047 = AXIS2_PLACEMENT_3D ( 'NONE', #9224, #6170, #2438 ) ;
#7048 = EDGE_LOOP ( 'NONE', ( #6604, #310, #6288, #1879 ) ) ;
#7049 = VECTOR ( 'NONE', #5729, 1000.000000000000000 ) ;
#7050 = AXIS2_PLACEMENT_3D ( 'NONE', #3483, #1964, #4854 ) ;
#7051 = CARTESIAN_POINT ( 'NONE',  ( 0.000000000000000000, 0.000000000000000000, 10.00000000000000000 ) ) ;
#7052 = CARTESIAN_POINT ( 'NONE',  ( -85.00000000000001421, 166.5440306508910453, 50.00000000000000000 ) ) ;
#7053 = ADVANCED_FACE ( 'NONE', ( #9496 ), #8016, .T. ) ;
#7054 = DIRECTION ( 'NONE',  ( -0.000000000000000000, 1.000000000000000000, -0.000000000000000000 ) ) ;
#7055 = EDGE_LOOP ( 'NONE', ( #3183, #1375, #8472, #7841 ) ) ;
#7056 = VECTOR ( 'NONE', #7054, 1000.000000000000000 ) ;
#7057 = DIRECTION ( 'NONE',  ( 1.000000000000000000, -0.000000000000000000, -0.000000000000000000 ) ) ;
#7058 = VERTEX_POINT ( 'NONE', #5249 ) ;
#7059 = CIRCLE ( 'NONE', #499, 2.249999999999998668 ) ;
#7060 = ORIENTED_EDGE ( 'NONE', *, *, #5480, .F. ) ;
#7061 = EDGE_LOOP ( 'NONE', ( #3440, #5992, #6711, #4978 ) ) ;
#7062 = DIRECTION ( 'NONE',  ( 1.000000000000000000, 0.000000000000000000, 0.000000000000000000 ) ) ;
#7063 = CARTESIAN_POINT ( 'NONE',  ( 8.000000000000000000, -22.62741699796924522, 22.62741699796980299 ) ) ;
#7064 = ORIENTED_EDGE ( 'NONE', *, *, #2115, .F. ) ;
#7065 = EDGE_CURVE ( 'NONE', #704, #419, #2947, .T. ) ;
#7066 = CIRCLE ( 'NONE', #4402, 5.500000000000001776 ) ;
#7067 = ORIENTED_EDGE ( 'NONE', *, *, #3689, .T. ) ;
#7068 = DIRECTION ( 'NONE',  ( -0.000000000000000000, -0.000000000000000000, -1.000000000000000000 ) ) ;
#7069 = ORIENTED_EDGE ( 'NONE', *, *, #3503, .F. ) ;
#7070 = DIRECTION ( 'NONE',  ( 0.000000000000000000, 0.000000000000000000, -1.000000000000000000 ) ) ;
#7071 = AXIS2_PLACEMENT_3D ( 'NONE', #3798, #1593, #6791 ) ;
#7072 = ORIENTED_EDGE ( 'NONE', *, *, #2778, .T. ) ;
#7073 = DIRECTION ( 'NONE',  ( 0.000000000000000000, 0.000000000000000000, -1.000000000000000000 ) ) ;
#7074 = PRODUCT_DEFINITION ( 'UNKNOWN', '', #7383, #8842 ) ;
#7075 = DIRECTION ( 'NONE',  ( -4.956352788505163391E-17, 1.000000000000000000, 0.000000000000000000 ) ) ;
#7076 = EDGE_LOOP ( 'NONE', ( #9583, #4076, #1040, #5608 ) ) ;
#7077 = CARTESIAN_POINT ( 'NONE',  ( -32.00000000000000000, 25.99999999999995737, 35.00000000000000711 ) ) ;
#7078 = CARTESIAN_POINT ( 'NONE',  ( 8.000000000000000000, -1.021259646113993889E-15, 2.999999999999952482 ) ) ;
#7079 = DIRECTION ( 'NONE',  ( 0.000000000000000000, 0.000000000000000000, 1.000000000000000000 ) ) ;
#7080 = DIRECTION ( 'NONE',  ( 0.03672886632375971239, -4.163563618030339348E-16, 0.9993252675573509602 ) ) ;
#7081 = DIRECTION ( 'NONE',  ( -1.000000000000000000, 0.000000000000000000, 0.000000000000000000 ) ) ;
#7082 = CARTESIAN_POINT ( 'NONE',  ( -85.00000000000000000, 15.99999999999995914, 75.00000000000000000 ) ) ;
#7083 = FACE_OUTER_BOUND ( 'NONE', #4718, .T. ) ;
#7084 = EDGE_CURVE ( 'NONE', #1134, #2394, #150, .T. ) ;
#7085 = DIRECTION ( 'NONE',  ( 0.000000000000000000, 1.000000000000000000, 0.000000000000000000 ) ) ;
#7086 = LINE ( 'NONE', #4005, #3361 ) ;
#7087 =( REPRESENTATION_RELATIONSHIP ('NONE','NONE', #5518, #3457 ) REPRESENTATION_RELATIONSHIP_WITH_TRANSFORMATION ( #2629 )SHAPE_REPRESENTATION_RELATIONSHIP( ) );
#7088 = CARTESIAN_POINT ( 'NONE',  ( -85.00000000000000000, 180.0000000000000000, 75.00000000000000000 ) ) ;
#7089 = DIRECTION ( 'NONE',  ( -0.1779786021185613965, -2.434376369147259989E-16, 0.9840343577273724662 ) ) ;
#7090 = EDGE_LOOP ( 'NONE', ( #7706, #4625, #240, #247 ) ) ;
#7091 = CARTESIAN_POINT ( 'NONE',  ( -7.500000000000000000, 0.000000000000000000, 35.00000000000000000 ) ) ;
#7092 = AXIS2_PLACEMENT_3D ( 'NONE', #6686, #5947, #755 ) ;
#7093 = CARTESIAN_POINT ( 'NONE',  ( 0.000000000000000000, 0.000000000000000000, 100.0000000000000000 ) ) ;
#7094 = EDGE_CURVE ( 'NONE', #6009, #2366, #2878, .T. ) ;
#7095 = AXIS2_PLACEMENT_3D ( 'NONE', #3802, #9160, #3071 ) ;
#7096 = CARTESIAN_POINT ( 'NONE',  ( -50.00000000000000711, 25.49999999999995737, 75.00000000000000000 ) ) ;
#7097 = ORIENTED_EDGE ( 'NONE', *, *, #8227, .T. ) ;
#7098 = CARTESIAN_POINT ( 'NONE',  ( -85.00000000000000000, 15.99999999999995914, 25.00000000000000711 ) ) ;
#7099 = CARTESIAN_POINT ( 'NONE',  ( -59.09553823317371979, 25.99999999999995737, 75.00000000000000000 ) ) ;
#7100 = AXIS2_PLACEMENT_3D ( 'NONE', #8955, #4244, #6688 ) ;
#7101 = LINE ( 'NONE', #6271, #7056 ) ;
#7102 = EDGE_LOOP ( 'NONE', ( #4456, #1672 ) ) ;
#7104 = AXIS2_PLACEMENT_3D ( 'NONE', #7190, #2671, #473 ) ;
#7103 = PLANE ( 'NONE',  #1419 ) ;
#7105 = ORIENTED_EDGE ( 'NONE', *, *, #9479, .F. ) ;
#7106 = ORIENTED_EDGE ( 'NONE', *, *, #6744, .T. ) ;
#7107 = PRESENTATION_STYLE_ASSIGNMENT (( #3388 ) ) ;
#7108 = ORIENTED_EDGE ( 'NONE', *, *, #2255, .T. ) ;
#7109 = DIRECTION ( 'NONE',  ( 0.000000000000000000, 0.2873478855663455511, 0.9578262852211513190 ) ) ;
#7110 = VECTOR ( 'NONE', #6916, 1000.000000000000000 ) ;
#7111 = EDGE_CURVE ( 'NONE', #6920, #7689, #6136, .T. ) ;
#7112 = FACE_BOUND ( 'NONE', #5298, .T. ) ;
#7113 = VERTEX_POINT ( 'NONE', #5941 ) ;
#7114 = ORIENTED_EDGE ( 'NONE', *, *, #5745, .T. ) ;
#7115 = DIRECTION ( 'NONE',  ( 0.000000000000000000, 0.000000000000000000, 1.000000000000000000 ) ) ;
#7116 = EDGE_LOOP ( 'NONE', ( #166, #3729 ) ) ;
#7117 = DIRECTION ( 'NONE',  ( 0.000000000000000000, 0.000000000000000000, 1.000000000000000000 ) ) ;
#7118 = CIRCLE ( 'NONE', #2884, 1.000000000000000888 ) ;
#7119 = AXIS2_PLACEMENT_3D ( 'NONE', #9337, #402, #2598 ) ;
#7120 = ORIENTED_EDGE ( 'NONE', *, *, #2217, .T. ) ;
#7121 = EDGE_CURVE ( 'NONE', #2795, #9054, #3188, .T. ) ;
#7122 = AXIS2_PLACEMENT_3D ( 'NONE', #4732, #3844, #2414 ) ;
#7123 = PRODUCT_DEFINITION_SHAPE ( 'NONE', 'NONE',  #9700 ) ;
#7124 = VERTEX_POINT ( 'NONE', #7655 ) ;
#7125 = CARTESIAN_POINT ( 'NONE',  ( 8.000000000000000000, -29.56414504036129998, -17.74586983568256926 ) ) ;
#7126 = ORIENTED_EDGE ( 'NONE', *, *, #2521, .F. ) ;
#7127 = ADVANCED_FACE ( 'NONE', ( #1529 ), #8992, .F. ) ;
#7128 = CARTESIAN_POINT ( 'NONE',  ( -32.00000000000001421, 169.9999999999999432, 35.00000000000000711 ) ) ;
#7129 = AXIS2_PLACEMENT_3D ( 'NONE', #5216, #1493, #3745 ) ;
#7130 = EDGE_LOOP ( 'NONE', ( #8655, #9177, #7208, #5904, #1340, #6387, #6408 ) ) ;
#7131 = CARTESIAN_POINT ( 'NONE',  ( -32.00000000000000000, 25.99999999999995381, 65.00000000000000000 ) ) ;
#7132 = CIRCLE ( 'NONE', #8860, 1.000000000000000888 ) ;
#7133 = DIRECTION ( 'NONE',  ( -0.000000000000000000, -0.000000000000000000, -1.000000000000000000 ) ) ;
#7134 = CARTESIAN_POINT ( 'NONE',  ( -20.00000000000000000, 0.000000000000000000, -15.00000000000000000 ) ) ;
#7135 = EDGE_CURVE ( 'NONE', #4429, #3727, #216, .T. ) ;
#7136 = DIRECTION ( 'NONE',  ( -0.9357320834133014964, -2.269074451011057776E-16, -0.3527115933322894081 ) ) ;
#7137 = EDGE_CURVE ( 'NONE', #1434, #2071, #6775, .T. ) ;
#7138 = FACE_OUTER_BOUND ( 'NONE', #215, .T. ) ;
#7139 = VECTOR ( 'NONE', #7909, 1000.000000000000000 ) ;
#7140 = CARTESIAN_POINT ( 'NONE',  ( 9.999999999999998224, 0.000000000000000000, 0.000000000000000000 ) ) ;
#7141 = PLANE ( 'NONE',  #8358 ) ;
#7142 = AXIS2_PLACEMENT_3D ( 'NONE', #1976, #5751, #7271 ) ;
#7143 = CARTESIAN_POINT ( 'NONE',  ( -88.80262917887283436, 37.93419894643207613, 14.99927815033778877 ) ) ;
#7144 = DIRECTION ( 'NONE',  ( 0.000000000000000000, 0.000000000000000000, -1.000000000000000000 ) ) ;
#7145 = AXIS2_PLACEMENT_3D ( 'NONE', #291, #4214, #8737 ) ;
#7146 = EDGE_CURVE ( 'NONE', #5535, #6917, #1782, .T. ) ;
#7147 = DIRECTION ( 'NONE',  ( 0.000000000000000000, 0.000000000000000000, -1.000000000000000000 ) ) ;
#7148 = ADVANCED_FACE ( 'NONE', ( #59 ), #4515, .F. ) ;
#7149 = AXIS2_PLACEMENT_3D ( 'NONE', #3810, #3268, #8280 ) ;
#7150 = ORIENTED_EDGE ( 'NONE', *, *, #1016, .T. ) ;
#7151 = CARTESIAN_POINT ( 'NONE',  ( 5.000000000000000000, 6.123233995736766282E-16, 15.00000000000000000 ) ) ;
#7152 = DIRECTION ( 'NONE',  ( -0.000000000000000000, -0.000000000000000000, -1.000000000000000000 ) ) ;
#7153 = VECTOR ( 'NONE', #6522, 1000.000000000000227 ) ;
#7154 = VECTOR ( 'NONE', #225, 1000.000000000000000 ) ;
#7155 = DIRECTION ( 'NONE',  ( 0.000000000000000000, 0.000000000000000000, 1.000000000000000000 ) ) ;
#7156 = ORIENTED_EDGE ( 'NONE', *, *, #8038, .T. ) ;
#7157 = AXIS2_PLACEMENT_3D ( 'NONE', #3325, #9175, #7004 ) ;
#7158 = CARTESIAN_POINT ( 'NONE',  ( -0.2697132752434031611, 164.1705815921119722, 10.00000000000000711 ) ) ;
#7159 = DIRECTION ( 'NONE',  ( 1.000000000000000000, -1.387778780781444689E-15, 0.000000000000000000 ) ) ;
#7160 = DIRECTION ( 'NONE',  ( 0.000000000000000000, 0.000000000000000000, 1.000000000000000000 ) ) ;
#7161 = ORIENTED_EDGE ( 'NONE', *, *, #3216, .T. ) ;
#7162 = ADVANCED_FACE ( 'NONE', ( #9045 ), #6041, .F. ) ;
#7163 = ADVANCED_FACE ( 'NONE', ( #3095 ), #6085, .F. ) ;
#7164 = LINE ( 'NONE', #5588, #3462 ) ;
#7165 = EDGE_LOOP ( 'NONE', ( #248, #2301, #4067, #3991 ) ) ;
#7166 = VERTEX_POINT ( 'NONE', #8394 ) ;
#7167 = ORIENTED_EDGE ( 'NONE', *, *, #3243, .F. ) ;
#7168 = CARTESIAN_POINT ( 'NONE',  ( -15.00000000000001421, 169.9999999999999716, 75.00000000000000000 ) ) ;
#7169 = CIRCLE ( 'NONE', #7796, 1.000000000000000000 ) ;
#7170 = DIRECTION ( 'NONE',  ( -6.938893903907222067E-15, 0.000000000000000000, 1.000000000000000000 ) ) ;
#7171 = EDGE_LOOP ( 'NONE', ( #6804, #6474, #3669, #4745 ) ) ;
#7172 = DIRECTION ( 'NONE',  ( 1.000000000000000000, 0.000000000000000000, 0.000000000000000000 ) ) ;
#7173 = ORIENTED_EDGE ( 'NONE', *, *, #9104, .F. ) ;
#7174 = EDGE_CURVE ( 'NONE', #5688, #3001, #3920, .T. ) ;
#7175 = CARTESIAN_POINT ( 'NONE',  ( -49.99999999999999289, 170.4999999999999716, 86.09553823317369847 ) ) ;
#7176 = ORIENTED_EDGE ( 'NONE', *, *, #4912, .T. ) ;
#7177 = ORIENTED_EDGE ( 'NONE', *, *, #3463, .F. ) ;
#7178 = DIRECTION ( 'NONE',  ( 0.000000000000000000, 0.000000000000000000, -1.000000000000000000 ) ) ;
#7179 = DIRECTION ( 'NONE',  ( 1.000000000000000000, -0.000000000000000000, -0.000000000000000000 ) ) ;
#7180 = ORIENTED_EDGE ( 'NONE', *, *, #6823, .F. ) ;
#7181 = DIRECTION ( 'NONE',  ( 1.000000000000000000, 1.734723475976805517E-15, 0.000000000000000000 ) ) ;
#7182 = DIRECTION ( 'NONE',  ( 0.000000000000000000, 0.9578262852211514300, -0.2873478855663456621 ) ) ;
#7183 = EDGE_CURVE ( 'NONE', #5699, #4270, #4464, .T. ) ;
#7184 = SURFACE_SIDE_STYLE ('',( #7328 ) ) ;
#7185 = DIRECTION ( 'NONE',  ( 0.000000000000000000, 0.000000000000000000, 1.000000000000000000 ) ) ;
#7186 = EDGE_CURVE ( 'NONE', #354, #7058, #9157, .T. ) ;
#7187 = DIRECTION ( 'NONE',  ( -0.3527115933322861330, -4.886206353889432584E-16, 0.9357320834133027176 ) ) ;
#7188 = CARTESIAN_POINT ( 'NONE',  ( 8.000000000000000000, 0.000000000000000000, 32.00000000000000000 ) ) ;
#7189 = FACE_OUTER_BOUND ( 'NONE', #5284, .T. ) ;
#7190 = CARTESIAN_POINT ( 'NONE',  ( 10.00000000000000000, 29.56414504036120761, 12.24586983568279486 ) ) ;
#7191 = CARTESIAN_POINT ( 'NONE',  ( -93.09556606492382969, 36.17175090213677890, 11.67115080839658958 ) ) ;
#7192 = EDGE_CURVE ( 'NONE', #2636, #5167, #4929, .T. ) ;
#7193 = DIRECTION ( 'NONE',  ( 1.000000000000000000, -0.000000000000000000, -0.000000000000000000 ) ) ;
#7194 = DIRECTION ( 'NONE',  ( 0.000000000000000000, 0.000000000000000000, -1.000000000000000000 ) ) ;
#7195 = DIRECTION ( 'NONE',  ( 1.000000000000000000, 0.000000000000000000, 0.000000000000000000 ) ) ;
#7196 = ORIENTED_EDGE ( 'NONE', *, *, #2033, .F. ) ;
#7197 = FACE_OUTER_BOUND ( 'NONE', #8091, .T. ) ;
#7198 = FACE_OUTER_BOUND ( 'NONE', #7803, .T. ) ;
#7199 = CARTESIAN_POINT ( 'NONE',  ( 10.00000000000000000, -14.14213562373074495, 8.642135623731086014 ) ) ;
#7200 = ORIENTED_EDGE ( 'NONE', *, *, #3414, .F. ) ;
#7201 = CIRCLE ( 'NONE', #1259, 11.19999999999999396 ) ;
#7202 = DIRECTION ( 'NONE',  ( 0.000000000000000000, 1.000000000000000000, 0.000000000000000000 ) ) ;
#7203 = CARTESIAN_POINT ( 'NONE',  ( 8.000000000000000000, -2.234548056859605347E-13, -32.00000000000000000 ) ) ;
#7204 = CARTESIAN_POINT ( 'NONE',  ( 0.000000000000000000, 0.000000000000000000, 0.000000000000000000 ) ) ;
#7205 = ORIENTED_EDGE ( 'NONE', *, *, #639, .T. ) ;
#7206 = AXIS2_PLACEMENT_3D ( 'NONE', #5359, #122, #7527 ) ;
#7207 = DIRECTION ( 'NONE',  ( -1.982541115402065356E-16, -1.000000000000000000, 0.000000000000000000 ) ) ;
#7208 = ORIENTED_EDGE ( 'NONE', *, *, #1886, .T. ) ;
#7209 = ORIENTED_EDGE ( 'NONE', *, *, #6423, .T. ) ;
#7210 = CARTESIAN_POINT ( 'NONE',  ( -85.00000000000001421, 165.5440306508910453, 50.00000000000000000 ) ) ;
#7211 = EDGE_LOOP ( 'NONE', ( #5627, #679 ) ) ;
#7212 =( REPRESENTATION_RELATIONSHIP ('NONE','NONE', #5518, #8023 ) REPRESENTATION_RELATIONSHIP_WITH_TRANSFORMATION ( #9000 )SHAPE_REPRESENTATION_RELATIONSHIP( ) );
#7213 = AXIS2_PLACEMENT_3D ( 'NONE', #7584, #4538, #7537 ) ;
#7214 = VECTOR ( 'NONE', #382, 1000.000000000000000 ) ;
#7215 = ADVANCED_FACE ( 'NONE', ( #3876 ), #6869, .T. ) ;
#7216 = AXIS2_PLACEMENT_3D ( 'NONE', #6473, #7207, #2641 ) ;
#7217 = CARTESIAN_POINT ( 'NONE',  ( -32.00000000000024158, 158.9999999999999716, 75.14676883630339432 ) ) ;
#7218 = AXIS2_PLACEMENT_3D ( 'NONE', #2834, #5875, #6751 ) ;
#7219 = FACE_OUTER_BOUND ( 'NONE', #6143, .T. ) ;
#7220 = ORIENTED_EDGE ( 'NONE', *, *, #5975, .T. ) ;
#7221 = CARTESIAN_POINT ( 'NONE',  ( 0.000000000000000000, 0.000000000000000000, 0.000000000000000000 ) ) ;
#7222 = ORIENTED_EDGE ( 'NONE', *, *, #4135, .F. ) ;
#7223 = DIRECTION ( 'NONE',  ( 0.000000000000000000, 0.2873478855663456066, -0.9578262852211513190 ) ) ;
#7224 = ORIENTED_EDGE ( 'NONE', *, *, #6146, .F. ) ;
#7225 = ORIENTED_EDGE ( 'NONE', *, *, #9354, .F. ) ;
#7226 = CARTESIAN_POINT ( 'NONE',  ( -32.00000000000001421, 169.9999999999999432, 75.00000000000000000 ) ) ;
#7227 = DIRECTION ( 'NONE',  ( 0.000000000000000000, -0.000000000000000000, -1.000000000000000000 ) ) ;
#7228 = ADVANCED_FACE ( 'NONE', ( #253 ), #1768, .T. ) ;
#7229 = CIRCLE ( 'NONE', #172, 15.00000000000000178 ) ;
#7230 = AXIS2_PLACEMENT_3D ( 'NONE', #8521, #4944, #7937 ) ;
#7231 = EDGE_LOOP ( 'NONE', ( #2384, #8433, #687, #8605 ) ) ;
#7232 = CARTESIAN_POINT ( 'NONE',  ( -91.58562928404231229, 27.06222256023910688, 12.56846074963341842 ) ) ;
#7233 = CARTESIAN_POINT ( 'NONE',  ( 0.000000000000000000, 0.000000000000000000, 35.00000000000000000 ) ) ;
#7234 = PRODUCT_DEFINITION_FORMATION_WITH_SPECIFIED_SOURCE ( 'ANY', '', #7420, .NOT_KNOWN. ) ;
#7235 = CARTESIAN_POINT ( 'NONE',  ( -96.56945320520048881, 187.2070269201553003, 10.38066974100920170 ) ) ;
#7236 = CARTESIAN_POINT ( 'NONE',  ( -50.00000000000000711, 25.49999999999995737, 75.00000000000000000 ) ) ;
#7237 = PRODUCT_CONTEXT ( 'NONE', #6530, 'mechanical' ) ;
#7238 = DIRECTION ( 'NONE',  ( -0.000000000000000000, -0.000000000000000000, -1.000000000000000000 ) ) ;
#7239 = DIRECTION ( 'NONE',  ( -1.000000000000000000, 0.000000000000000000, 0.000000000000000000 ) ) ;
#7240 = DIRECTION ( 'NONE',  ( 1.661563742880786749E-15, 0.9578262852211513190, -0.2873478855663457732 ) ) ;
#7241 = AXIS2_PLACEMENT_3D ( 'NONE', #7000, #8379, #980 ) ;
#7242 = EDGE_CURVE ( 'NONE', #265, #5838, #3983, .T. ) ;
#7243 = CARTESIAN_POINT ( 'NONE',  ( 10.00000000000000000, -29.56414504036104773, 12.24586983568319454 ) ) ;
#7244 = FACE_OUTER_BOUND ( 'NONE', #9637, .T. ) ;
#7245 = VECTOR ( 'NONE', #3366, 1000.000000000000000 ) ;
#7246 = LINE ( 'NONE', #580, #734 ) ;
#7247 = CARTESIAN_POINT ( 'NONE',  ( -14.98341361035171460, -20.57544454745023543, 1044.075896708213122 ) ) ;
#7248 = EDGE_LOOP ( 'NONE', ( #613, #5991 ) ) ;
#7249 = CARTESIAN_POINT ( 'NONE',  ( -49.99999999999999289, 170.4999999999999716, 63.90446176682629442 ) ) ;
#7250 = FACE_OUTER_BOUND ( 'NONE', #2321, .T. ) ;
#7251 = ADVANCED_FACE ( 'NONE', ( #2496 ), #4175, .F. ) ;
#7252 = B_SPLINE_CURVE_WITH_KNOTS ( 'NONE', 3,
 ( #5364, #6105, #6795, #8416, #6207, #818, #4739, #6012, #3211, #1742, #2323, #81, #9211, #2471, #3945, #7580, #5315, #8365 ),
 .UNSPECIFIED., .F., .F.,
 ( 4, 2, 2, 2, 2, 2, 2, 2, 4 ),
 ( 0.000000000000000000, 0.001914773784993032205, 0.003829547569986064409, 0.005744321354979097481, 0.007659095139972128818, 0.01148864270995822619, 0.01340341649495129482, 0.01436080338744782046, 0.01531819027994434958 ),
 .UNSPECIFIED. ) ;
#7253 = COLOUR_RGB ( '',0.7921568627450980005, 0.8196078431372548767, 0.9333333333333333481 ) ;
#7254 = DIRECTION ( 'NONE',  ( 1.000000000000000000, -0.000000000000000000, -0.000000000000000000 ) ) ;
#7255 = VERTEX_POINT ( 'NONE', #299 ) ;
#7256 = DIRECTION ( 'NONE',  ( 3.323127485761577049E-16, 0.2873478855663457177, 0.9578262852211512079 ) ) ;
#7257 = CARTESIAN_POINT ( 'NONE',  ( 8.000000000000000000, -19.99999999999994671, 5.500000000000209610 ) ) ;
#7258 = CARTESIAN_POINT ( 'NONE',  ( 8.000000000000000000, -19.99999999999994671, -5.499999999999789502 ) ) ;
#7259 = EDGE_LOOP ( 'NONE', ( #2903, #9481, #9322, #3316 ) ) ;
#7260 = LINE ( 'NONE', #5008, #484 ) ;
#7261 = ADVANCED_FACE ( 'NONE', ( #3285 ), #3335, .F. ) ;
#7262 = ORIENTED_EDGE ( 'NONE', *, *, #6096, .F. ) ;
#7263 = ADVANCED_FACE ( 'NONE', ( #3974 ), #5447, .T. ) ;
#7264 = EDGE_LOOP ( 'NONE', ( #3969, #1869, #6462, #257 ) ) ;
#7265 = VECTOR ( 'NONE', #1831, 1000.000000000000000 ) ;
#7266 = ORIENTED_EDGE ( 'NONE', *, *, #1221, .F. ) ;
#7267 = EDGE_LOOP ( 'NONE', ( #9123, #1411, #2305, #2559 ) ) ;
#7268 = CIRCLE ( 'NONE', #5367, 5.500000000000001776 ) ;
#7269 = FILL_AREA_STYLE ('',( #1288 ) ) ;
#7270 = ORIENTED_EDGE ( 'NONE', *, *, #2170, .T. ) ;
#7271 = DIRECTION ( 'NONE',  ( 0.000000000000000000, 0.000000000000000000, -1.000000000000000000 ) ) ;
#7272 = EDGE_CURVE ( 'NONE', #7255, #991, #6182, .T. ) ;
#7273 = ORIENTED_EDGE ( 'NONE', *, *, #4989, .T. ) ;
#7274 = ITEM_DEFINED_TRANSFORMATION ( 'NONE', 'NONE', #9591,  #6276 ) ;
#7275 = EDGE_LOOP ( 'NONE', ( #7105, #3289, #8341, #6180 ) ) ;
#7276 = DIRECTION ( 'NONE',  ( -0.000000000000000000, -0.000000000000000000, 1.000000000000000000 ) ) ;
#7277 = CARTESIAN_POINT ( 'NONE',  ( 17.00000000000000000, 0.000000000000000000, -9.000000000000000000 ) ) ;
#7278 = VERTEX_POINT ( 'NONE', #9234 ) ;
#7279 = CARTESIAN_POINT ( 'NONE',  ( -67.99999999999997158, 161.4559693491088979, 50.00000000000000000 ) ) ;
#7280 = AXIS2_PLACEMENT_3D ( 'NONE', #909, #854, #6092 ) ;
#7281 = CARTESIAN_POINT ( 'NONE',  ( -87.89579038987768911, 180.7713849222032252, 16.13029203312920501 ) ) ;
#7282 = CARTESIAN_POINT ( 'NONE',  ( 0.000000000000000000, 0.000000000000000000, 0.000000000000000000 ) ) ;
#7283 = EDGE_CURVE ( 'NONE', #1532, #3445, #8211, .T. ) ;
#7284 = ITEM_DEFINED_TRANSFORMATION ( 'NONE', 'NONE', #7230,  #6276 ) ;
#7285 = CARTESIAN_POINT ( 'NONE',  ( -50.00000000000000000, 37.99999999999995026, 110.0000000000000000 ) ) ;
#7286 = VECTOR ( 'NONE', #6841, 1000.000000000000114 ) ;
#7287 = DIRECTION ( 'NONE',  ( -0.000000000000000000, 1.000000000000000000, -0.000000000000000000 ) ) ;
#7288 = AXIS2_PLACEMENT_3D ( 'NONE', #8270, #1547, #6104 ) ;
#7289 = PLANE ( 'NONE',  #5516 ) ;
#7290 = CARTESIAN_POINT ( 'NONE',  ( -50.00000000000001421, 180.0000000000000000, 75.00000000000000000 ) ) ;
#7291 = LINE ( 'NONE', #2172, #7942 ) ;
#7292 = CARTESIAN_POINT ( 'NONE',  ( -48.63283485438996223, -20.57544454745023543, 1055.564185547615352 ) ) ;
#7293 = AXIS2_PLACEMENT_3D ( 'NONE', #3035, #2485, #140 ) ;
#7294 = ORIENTED_EDGE ( 'NONE', *, *, #8594, .T. ) ;
#7295 = DIRECTION ( 'NONE',  ( -0.000000000000000000, -0.000000000000000000, 1.000000000000000000 ) ) ;
#7296 = DIRECTION ( 'NONE',  ( 1.000000000000000000, 0.000000000000000000, 0.000000000000000000 ) ) ;
#7297 = DIRECTION ( 'NONE',  ( 0.000000000000000000, 0.000000000000000000, -1.000000000000000000 ) ) ;
#7298 = COLOUR_RGB ( '',0.7921568627450980005, 0.8196078431372548767, 0.9333333333333333481 ) ;
#7299 = CARTESIAN_POINT ( 'NONE',  ( 0.000000000000000000, 0.000000000000000000, 10.00000000000000000 ) ) ;
#7300 = CARTESIAN_POINT ( 'NONE',  ( -24.24999999999999289, 2.307133138934549366E-13, 101.0000000000000000 ) ) ;
#7301 = VECTOR ( 'NONE', #6285, 1000.000000000000000 ) ;
#7302 = EDGE_CURVE ( 'NONE', #745, #7447, #4764, .T. ) ;
#7303 = DIRECTION ( 'NONE',  ( 0.000000000000000000, 0.000000000000000000, 1.000000000000000000 ) ) ;
#7304 = ORIENTED_EDGE ( 'NONE', *, *, #7939, .T. ) ;
#7305 = ADVANCED_FACE ( 'NONE', ( #5595 ), #6231, .F. ) ;
#7306 = ORIENTED_EDGE ( 'NONE', *, *, #2315, .T. ) ;
#7307 = CIRCLE ( 'NONE', #8731, 1.000000000000000888 ) ;
#7308 = FACE_OUTER_BOUND ( 'NONE', #1477, .T. ) ;
#7309 = ORIENTED_EDGE ( 'NONE', *, *, #2140, .F. ) ;
#7310 = VECTOR ( 'NONE', #8095, 1000.000000000000000 ) ;
#7311 = ORIENTED_EDGE ( 'NONE', *, *, #5709, .F. ) ;
#7312 = DIRECTION ( 'NONE',  ( -1.000000000000000000, 1.156482317317870344E-15, -0.000000000000000000 ) ) ;
#7313 = EDGE_CURVE ( 'NONE', #731, #3886, #5497, .T. ) ;
#7314 = EDGE_LOOP ( 'NONE', ( #1574, #8834 ) ) ;
#7315 = CARTESIAN_POINT ( 'NONE',  ( 8.000000000000000000, -14.14213562373074495, 14.14213562373108779 ) ) ;
#7316 = VECTOR ( 'NONE', #1014, 1000.000000000000000 ) ;
#7317 =( GEOMETRIC_REPRESENTATION_CONTEXT ( 3 ) GLOBAL_UNCERTAINTY_ASSIGNED_CONTEXT ( ( #4770 ) ) GLOBAL_UNIT_ASSIGNED_CONTEXT ( ( #3451, #4830, #4139 ) ) REPRESENTATION_CONTEXT ( 'NONE', 'WORKASPACE' ) );
#7318 = ORIENTED_EDGE ( 'NONE', *, *, #4381, .F. ) ;
#7319 = CONTEXT_DEPENDENT_SHAPE_REPRESENTATION ( #1825, #9241 ) ;
#7320 = ADVANCED_BREP_SHAPE_REPRESENTATION ( '', ( #7545, #6276 ), #2358 ) ;
#7321 = ORIENTED_EDGE ( 'NONE', *, *, #6700, .F. ) ;
#7322 = DIRECTION ( 'NONE',  ( 1.000000000000000000, -0.000000000000000000, -0.000000000000000000 ) ) ;
#7323 = FACE_OUTER_BOUND ( 'NONE', #68, .T. ) ;
#7324 = CIRCLE ( 'NONE', #6544, 5.500000000000000888 ) ;
#7325 = VERTEX_POINT ( 'NONE', #7754 ) ;
#7326 = LINE ( 'NONE', #3638, #4025 ) ;
#7327 = AXIS2_PLACEMENT_3D ( 'NONE', #5004, #2793, #2638 ) ;
#7328 = SURFACE_STYLE_FILL_AREA ( #8808 ) ;
#7329 = SHAPE_REPRESENTATION ( 'Adapteur_Mot_3000', ( #6276 ), #7855 ) ;
#7330 = SHAPE_DEFINITION_REPRESENTATION ( #143, #8023 ) ;
#7331 = CARTESIAN_POINT ( 'NONE',  ( 8.000000000000000000, -5.766036737468789654E-14, -2.999999999999952482 ) ) ;
#7332 = CARTESIAN_POINT ( 'NONE',  ( 0.000000000000000000, 0.000000000000000000, 15.00000000000000000 ) ) ;
#7333 = EDGE_CURVE ( 'NONE', #776, #6374, #2106, .T. ) ;
#7334 = CARTESIAN_POINT ( 'NONE',  ( 0.000000000000000000, 0.000000000000000000, 1.000000000000000888 ) ) ;
#7335 = CARTESIAN_POINT ( 'NONE',  ( -38.90446176682630863, 25.49999999999995737, 75.00000000000000000 ) ) ;
#7336 = CARTESIAN_POINT ( 'NONE',  ( 10.00000000000000000, 22.62741699796940154, -22.62741699796964312 ) ) ;
#7337 = DIRECTION ( 'NONE',  ( 0.5495569346381361520, -5.441801974567254212E-16, 0.8354562679106162237 ) ) ;
#7338 =( REPRESENTATION_RELATIONSHIP ('NONE','NONE', #5518, #3457 ) REPRESENTATION_RELATIONSHIP_WITH_TRANSFORMATION ( #7660 )SHAPE_REPRESENTATION_RELATIONSHIP( ) );
#7339 = EDGE_LOOP ( 'NONE', ( #3297, #662, #133, #5184, #7108, #2021, #6776, #2156, #4191, #5734, #7999, #9480, #1497, #3760, #2201, #399, #3811, #2146, #8846 ) ) ;
#7340 = CYLINDRICAL_SURFACE ( 'NONE', #1113, 7.500000000000000000 ) ;
#7341 = DIRECTION ( 'NONE',  ( 1.000000000000000000, 0.000000000000000000, 0.000000000000000000 ) ) ;
#7342 = DIRECTION ( 'NONE',  ( 0.000000000000000000, 0.000000000000000000, 1.000000000000000000 ) ) ;
#7343 = ADVANCED_FACE ( 'NONE', ( #7112, #4815, #9285 ), #7013, .F. ) ;
#7344 = PRODUCT_DEFINITION_SHAPE ( 'NONE', 'NONE',  #9652 ) ;
#7345 = DIRECTION ( 'NONE',  ( 1.000000000000000000, -0.000000000000000000, 0.000000000000000000 ) ) ;
#7346 = DIRECTION ( 'NONE',  ( -0.000000000000000000, -0.000000000000000000, 1.000000000000000000 ) ) ;
#7347 = DIRECTION ( 'NONE',  ( -4.956352788505163391E-17, 1.000000000000000000, 0.000000000000000000 ) ) ;
#7348 = DIRECTION ( 'NONE',  ( -0.000000000000000000, 1.000000000000000000, -0.000000000000000000 ) ) ;
#7349 = ORIENTED_EDGE ( 'NONE', *, *, #7991, .T. ) ;
#7350 = PLANE ( 'NONE',  #8956 ) ;
#7351 = ORIENTED_EDGE ( 'NONE', *, *, #2228, .F. ) ;
#7352 = CARTESIAN_POINT ( 'NONE',  ( -67.99999999999997158, 164.9578262852211026, 58.19275428407049588 ) ) ;
#7353 = ORIENTED_EDGE ( 'NONE', *, *, #8896, .F. ) ;
#7354 = CARTESIAN_POINT ( 'NONE',  ( -32.00000000000000000, 25.99999999999995381, 65.00000000000000000 ) ) ;
#7355 = EDGE_CURVE ( 'NONE', #4113, #6375, #1090, .T. ) ;
#7356 = LINE ( 'NONE', #8099, #9182 ) ;
#7357 = ORIENTED_EDGE ( 'NONE', *, *, #4651, .F. ) ;
#7358 = DIRECTION ( 'NONE',  ( -1.156482317317870344E-15, 1.000000000000000000, 0.000000000000000000 ) ) ;
#7359 = UNCERTAINTY_MEASURE_WITH_UNIT (LENGTH_MEASURE( 1.000000000000000082E-05 ), #6360, 'distance_accuracy_value', 'NONE');
#7360 = ORIENTED_EDGE ( 'NONE', *, *, #6700, .T. ) ;
#7361 = STYLED_ITEM ( 'NONE', ( #1505 ), #4305 ) ;
#7362 = VECTOR ( 'NONE', #3846, 1000.000000000000000 ) ;
#7363 = VERTEX_POINT ( 'NONE', #6328 ) ;
#7364 = CARTESIAN_POINT ( 'NONE',  ( 8.000000000000000000, -2.234548056859605347E-13, -32.00000000000000000 ) ) ;
#7365 = CARTESIAN_POINT ( 'NONE',  ( -67.99999999999995737, 163.0421737147788122, 41.80724571592951122 ) ) ;
#7366 = EDGE_CURVE ( 'NONE', #8678, #4564, #4147, .T. ) ;
#7367 = VERTEX_POINT ( 'NONE', #3392 ) ;
#7368 = CARTESIAN_POINT ( 'NONE',  ( -84.99999999999997158, 162.4137956343300573, 50.28734788556635493 ) ) ;
#7369 = VECTOR ( 'NONE', #8120, 1000.000000000000000 ) ;
#7370 = EDGE_LOOP ( 'NONE', ( #774, #3980, #9195, #6708 ) ) ;
#7371 = CIRCLE ( 'NONE', #6435, 35.00000000000000000 ) ;
#7372 = CARTESIAN_POINT ( 'NONE',  ( -88.93802465358666609, 181.4068729234881232, 14.83543350013398765 ) ) ;
#7373 = FACE_BOUND ( 'NONE', #6907, .T. ) ;
#7374 = AXIS2_PLACEMENT_3D ( 'NONE', #3296, #2460, #1001 ) ;
#7375 = DIRECTION ( 'NONE',  ( 1.000000000000000000, -0.000000000000000000, -0.000000000000000000 ) ) ;
#7376 = PLANE ( 'NONE',  #8836 ) ;
#7377 = AXIS2_PLACEMENT_3D ( 'NONE', #8829, #6706, #2185 ) ;
#7378 = FILL_AREA_STYLE ('',( #4383 ) ) ;
#7379 = AXIS2_PLACEMENT_3D ( 'NONE', #7364, #655, #3874 ) ;
#7380 = CARTESIAN_POINT ( 'NONE',  ( 11.00000000000000000, 1.347111479062088405E-15, 6.000000000000000000 ) ) ;
#7381 = DIRECTION ( 'NONE',  ( -0.000000000000000000, -0.000000000000000000, 1.000000000000000000 ) ) ;
#7382 = DIRECTION ( 'NONE',  ( 0.9999721941046035845, 1.529273966076495689E-16, -0.007457279505613892585 ) ) ;
#7383 = PRODUCT_DEFINITION_FORMATION_WITH_SPECIFIED_SOURCE ( 'ANY', '', #9002, .NOT_KNOWN. ) ;
#7384 = ORIENTED_EDGE ( 'NONE', *, *, #4301, .F. ) ;
#7385 = EDGE_CURVE ( 'NONE', #6009, #8045, #6380, .T. ) ;
#7386 = FACE_OUTER_BOUND ( 'NONE', #1383, .T. ) ;
#7387 = LINE ( 'NONE', #674, #6537 ) ;
#7388 = DIRECTION ( 'NONE',  ( -1.000000000000000000, 0.000000000000000000, 5.782411586589345411E-15 ) ) ;
#7389 = CARTESIAN_POINT ( 'NONE',  ( 8.000000000000000000, 3.287578542732749400E-16, 19.99999999999995026 ) ) ;
#7390 = DIRECTION ( 'NONE',  ( 1.000000000000000000, 0.000000000000000000, 0.000000000000000000 ) ) ;
#7391 = DIRECTION ( 'NONE',  ( 1.000000000000000000, -0.000000000000000000, -0.000000000000000000 ) ) ;
#7392 = ORIENTED_EDGE ( 'NONE', *, *, #5709, .T. ) ;
#7393 = PLANE ( 'NONE',  #4549 ) ;
#7394 = VERTEX_POINT ( 'NONE', #1970 ) ;
#7395 = EDGE_CURVE ( 'NONE', #5340, #9183, #9432, .T. ) ;
#7396 = LINE ( 'NONE', #9029, #6529 ) ;
#7397 = ORIENTED_EDGE ( 'NONE', *, *, #5571, .F. ) ;
#7398 = CARTESIAN_POINT ( 'NONE',  ( -50.00000000000000000, 47.99999999999995737, 75.00000000000000000 ) ) ;
#7399 = CARTESIAN_POINT ( 'NONE',  ( -67.99999999999997158, 25.99999999999995381, 65.00000000000000000 ) ) ;
#7400 = DIRECTION ( 'NONE',  ( -1.734723475976805862E-16, 1.000000000000000000, -0.000000000000000000 ) ) ;
#7401 = ORIENTED_EDGE ( 'NONE', *, *, #7850, .F. ) ;
#7402 = CARTESIAN_POINT ( 'NONE',  ( -7.416849441166695200, 27.55652453592595208, 11.94874942802337081 ) ) ;
#7403 = EDGE_CURVE ( 'NONE', #4946, #6165, #4771, .T. ) ;
#7404 = ORIENTED_EDGE ( 'NONE', *, *, #7830, .F. ) ;
#7405 = EDGE_CURVE ( 'NONE', #7740, #1765, #1239, .T. ) ;
#7406 = ORIENTED_EDGE ( 'NONE', *, *, #227, .F. ) ;
#7407 = DIRECTION ( 'NONE',  ( 0.000000000000000000, 0.000000000000000000, 1.000000000000000000 ) ) ;
#7408 = DIRECTION ( 'NONE',  ( 0.000000000000000000, 0.000000000000000000, -1.000000000000000000 ) ) ;
#7409 = CIRCLE ( 'NONE', #3967, 5.499999999999998224 ) ;
#7410 = PRODUCT_DEFINITION_SHAPE ( 'NONE', 'NONE',  #9657 ) ;
#7411 = VECTOR ( 'NONE', #2337, 1000.000000000000000 ) ;
#7412 = VERTEX_POINT ( 'NONE', #2213 ) ;
#7413 = DIRECTION ( 'NONE',  ( 0.000000000000000000, -0.2873478855663455511, -0.9578262852211513190 ) ) ;
#7414 = EDGE_LOOP ( 'NONE', ( #9296, #4115, #9036, #7156 ) ) ;
#7415 = PLANE ( 'NONE',  #7449 ) ;
#7416 = EDGE_CURVE ( 'NONE', #2791, #3886, #4584, .T. ) ;
#7417 = AXIS2_PLACEMENT_3D ( 'NONE', #1249, #3688, #8705 ) ;
#7418 = APPLICATION_PROTOCOL_DEFINITION ( 'draft international standard', 'automotive_design', 1998, #8726 ) ;
#7419 = ADVANCED_FACE ( 'NONE', ( #6877, #1683 ), #4619, .F. ) ;
#7420 = PRODUCT ( 'Systeme_2', 'Systeme_2', '', ( #5812 ) ) ;
#7421 = CARTESIAN_POINT ( 'NONE',  ( 0.000000000000000000, 0.000000000000000000, 40.00000000000000000 ) ) ;
#7422 = CARTESIAN_POINT ( 'NONE',  ( -15.00000000000000000, 25.99999999999995381, 75.00000000000000000 ) ) ;
#7423 = ORIENTED_EDGE ( 'NONE', *, *, #5841, .T. ) ;
#7424 = DIRECTION ( 'NONE',  ( -1.000000000000000000, -4.956352788505163391E-17, 0.000000000000000000 ) ) ;
#7425 = ADVANCED_FACE ( 'NONE', ( #2310 ), #7516, .T. ) ;
#7426 = DIRECTION ( 'NONE',  ( 0.000000000000000000, 0.000000000000000000, 1.000000000000000000 ) ) ;
#7427 = CARTESIAN_POINT ( 'NONE',  ( 0.000000000000000000, 0.000000000000000000, 15.00000000000000000 ) ) ;
#7428 = EDGE_CURVE ( 'NONE', #3402, #1962, #8401, .T. ) ;
#7429 = TOROIDAL_SURFACE ( 'NONE', #6808, 5.000000000000000000, 1.000000000000000000 ) ;
#7430 = DIRECTION ( 'NONE',  ( 0.3895624194130592466, -1.303061286390682330E-16, 0.9210000658963295450 ) ) ;
#7431 = EDGE_LOOP ( 'NONE', ( #9573, #6881, #9143, #1523 ) ) ;
#7432 = FACE_OUTER_BOUND ( 'NONE', #5199, .T. ) ;
#7433 = DIRECTION ( 'NONE',  ( -1.000000000000000000, 0.000000000000000000, 0.000000000000000000 ) ) ;
#7434 = CARTESIAN_POINT ( 'NONE',  ( -14.99999999999999822, 147.9999999999999716, 25.00000000000000711 ) ) ;
#7435 = CIRCLE ( 'NONE', #3205, 4.875000000000000000 ) ;
#7436 = MECHANICAL_DESIGN_GEOMETRIC_PRESENTATION_REPRESENTATION (  '', ( #2111 ), #8222 ) ;
#7437 = DIRECTION ( 'NONE',  ( 0.000000000000000000, 0.000000000000000000, -1.000000000000000000 ) ) ;
#7438 = EDGE_CURVE ( 'NONE', #2147, #5892, #2083, .T. ) ;
#7439 = ADVANCED_FACE ( 'NONE', ( #7663 ), #1486, .F. ) ;
#7440 = CARTESIAN_POINT ( 'NONE',  ( -4.000000000000000000, 0.000000000000000000, 7.000000000000000000 ) ) ;
#7441 = AXIS2_PLACEMENT_3D ( 'NONE', #9486, #9389, #7172 ) ;
#7442 = CARTESIAN_POINT ( 'NONE',  ( 10.00000000000000000, -22.62741699796924522, 17.12741699796980299 ) ) ;
#7443 = ORIENTED_EDGE ( 'NONE', *, *, #6110, .F. ) ;
#7444 = CARTESIAN_POINT ( 'NONE',  ( -32.00000000000001421, 169.9999999999999432, 25.00000000000000711 ) ) ;
#7445 = EDGE_LOOP ( 'NONE', ( #5012, #5242, #3330, #1044 ) ) ;
#7446 = CARTESIAN_POINT ( 'NONE',  ( 8.000000000000000000, -12.24586983568247156, 35.06414504036133906 ) ) ;
#7447 = VERTEX_POINT ( 'NONE', #4472 ) ;
#7448 = AXIS2_PLACEMENT_3D ( 'NONE', #3726, #7312, #2245 ) ;
#7449 = AXIS2_PLACEMENT_3D ( 'NONE', #5945, #5209, #8951 ) ;
#7450 = CARTESIAN_POINT ( 'NONE',  ( -84.99999999999997158, 164.9578262852211310, 58.19275428407048878 ) ) ;
#7451 = EDGE_CURVE ( 'NONE', #5967, #1579, #3789, .T. ) ;
#7452 = LINE ( 'NONE', #8757, #4924 ) ;
#7453 = EDGE_CURVE ( 'NONE', #2595, #1126, #9482, .T. ) ;
#7454 = CARTESIAN_POINT ( 'NONE',  ( -50.00000000000000000, 47.99999999999995737, 75.00000000000000000 ) ) ;
#7455 = ORIENTED_EDGE ( 'NONE', *, *, #8640, .F. ) ;
#7456 = DIRECTION ( 'NONE',  ( 0.000000000000000000, 0.000000000000000000, -1.000000000000000000 ) ) ;
#7457 = CIRCLE ( 'NONE', #8556, 4.000000000000000000 ) ;
#7458 = EDGE_LOOP ( 'NONE', ( #9632, #6283, #6372, #3443, #2810 ) ) ;
#7459 = ITEM_DEFINED_TRANSFORMATION ( 'NONE', 'NONE', #2526,  #6276 ) ;
#7460 = VECTOR ( 'NONE', #1783, 1000.000000000000227 ) ;
#7461 = ORIENTED_EDGE ( 'NONE', *, *, #2778, .F. ) ;
#7462 = CARTESIAN_POINT ( 'NONE',  ( 8.000000000000000000, 8.499999999999952038, -3.039105521002927751E-14 ) ) ;
#7463 = DIRECTION ( 'NONE',  ( 1.000000000000000000, 0.000000000000000000, 0.000000000000000000 ) ) ;
#7464 = AXIS2_PLACEMENT_3D ( 'NONE', #2976, #4265, #5183 ) ;
#7465 = EDGE_CURVE ( 'NONE', #8578, #3279, #9440, .T. ) ;
#7466 = ORIENTED_EDGE ( 'NONE', *, *, #7137, .T. ) ;
#7467 = CIRCLE ( 'NONE', #4182, 5.499999999999999112 ) ;
#7468 =( REPRESENTATION_RELATIONSHIP ('NONE','NONE', #5518, #3457 ) REPRESENTATION_RELATIONSHIP_WITH_TRANSFORMATION ( #9516 )SHAPE_REPRESENTATION_RELATIONSHIP( ) );
#7469 = STYLED_ITEM ( 'NONE', ( #1837 ), #1281 ) ;
#7470 = EDGE_LOOP ( 'NONE', ( #4925, #3516 ) ) ;
#7471 = CARTESIAN_POINT ( 'NONE',  ( -85.00000000000001421, 169.8917081876191162, 75.00000000000000000 ) ) ;
#7472 = CARTESIAN_POINT ( 'NONE',  ( -100.0000000000000000, 0.000000000000000000, 10.00000000000000000 ) ) ;
#7473 = EDGE_LOOP ( 'NONE', ( #2202, #8488, #4749, #848 ) ) ;
#7474 = CARTESIAN_POINT ( 'NONE',  ( 8.000000000000000000, 14.14213562373084088, -14.14213562373098831 ) ) ;
#7475 = FACE_BOUND ( 'NONE', #9133, .T. ) ;
#7476 = EDGE_CURVE ( 'NONE', #8502, #4235, #1790, .T. ) ;
#7477 = VECTOR ( 'NONE', #1175, 1000.000000000000114 ) ;
#7478 = EDGE_LOOP ( 'NONE', ( #7618, #989 ) ) ;
#7479 = DIRECTION ( 'NONE',  ( -1.000000000000000000, 0.000000000000000000, 0.000000000000000000 ) ) ;
#7480 = EDGE_CURVE ( 'NONE', #4310, #7768, #8302, .T. ) ;
#7481 = DIRECTION ( 'NONE',  ( 1.000000000000000000, 0.000000000000000000, 0.000000000000000000 ) ) ;
#7482 = DIRECTION ( 'NONE',  ( 1.000000000000000000, -0.000000000000000000, -0.000000000000000000 ) ) ;
#7483 = CARTESIAN_POINT ( 'NONE',  ( -28.35389895595818999, -20.57544454745024609, 1094.327564557378537 ) ) ;
#7484 = ORIENTED_EDGE ( 'NONE', *, *, #8372, .T. ) ;
#7485 = CARTESIAN_POINT ( 'NONE',  ( 22.00000000000000000, -7.681258945454893382E-14, 101.0000000000000000 ) ) ;
#7486 = DIRECTION ( 'NONE',  ( 0.000000000000000000, 0.000000000000000000, 1.000000000000000000 ) ) ;
#7487 = DIRECTION ( 'NONE',  ( -1.000000000000000000, 1.224646799147349509E-16, 0.000000000000000000 ) ) ;
#7488 = EDGE_CURVE ( 'NONE', #3878, #1434, #3826, .T. ) ;
#7489 = LINE ( 'NONE', #39, #312 ) ;
#7490 = DIRECTION ( 'NONE',  ( 1.000000000000000000, 0.000000000000000000, 0.000000000000000000 ) ) ;
#7491 = ORIENTED_EDGE ( 'NONE', *, *, #1596, .F. ) ;
#7492 = DIRECTION ( 'NONE',  ( -0.000000000000000000, -0.000000000000000000, 1.000000000000000000 ) ) ;
#7493 = VERTEX_POINT ( 'NONE', #3005 ) ;
#7494 = DIRECTION ( 'NONE',  ( 0.000000000000000000, -0.2873478855663454956, -0.9578262852211513190 ) ) ;
#7495 = DIRECTION ( 'NONE',  ( 1.000000000000000000, -0.000000000000000000, -0.000000000000000000 ) ) ;
#7496 = EDGE_LOOP ( 'NONE', ( #1342, #2751 ) ) ;
#7497 = LINE ( 'NONE', #6618, #5760 ) ;
#7498 = CARTESIAN_POINT ( 'NONE',  ( -98.91541540754369066, 31.31461722293127892, 10.03679988130735268 ) ) ;
#7499 = DIRECTION ( 'NONE',  ( 0.000000000000000000, 0.000000000000000000, 1.000000000000000000 ) ) ;
#7500 = ORIENTED_EDGE ( 'NONE', *, *, #6299, .T. ) ;
#7501 = DIRECTION ( 'NONE',  ( -1.000000000000000000, -1.982541115402065356E-16, 0.000000000000000000 ) ) ;
#7502 = ORIENTED_EDGE ( 'NONE', *, *, #2655, .T. ) ;
#7503 = ORIENTED_EDGE ( 'NONE', *, *, #1485, .F. ) ;
#7504 = ITEM_DEFINED_TRANSFORMATION ( 'NONE', 'NONE', #809,  #6276 ) ;
#7505 = EDGE_CURVE ( 'NONE', #1126, #2595, #5550, .T. ) ;
#7506 = EDGE_LOOP ( 'NONE', ( #78, #8257 ) ) ;
#7507 = DIRECTION ( 'NONE',  ( 1.000000000000000000, 0.000000000000000000, 0.000000000000000000 ) ) ;
#7508 = CARTESIAN_POINT ( 'NONE',  ( 8.000000000000000000, 14.14213562373084088, -14.14213562373098831 ) ) ;
#7509 = ORIENTED_EDGE ( 'NONE', *, *, #6718, .F. ) ;
#7510 = AXIS2_PLACEMENT_3D ( 'NONE', #5140, #4442, #8921 ) ;
#7511 = EDGE_LOOP ( 'NONE', ( #4346, #4462, #9341, #7126 ) ) ;
#7512 = DIRECTION ( 'NONE',  ( 0.000000000000000000, 0.000000000000000000, 1.000000000000000000 ) ) ;
#7513 = AXIS2_PLACEMENT_3D ( 'NONE', #3324, #3478, #6469 ) ;
#7514 = CIRCLE ( 'NONE', #7206, 1.000000000000000888 ) ;
#7515 = EDGE_CURVE ( 'NONE', #563, #6140, #2361, .T. ) ;
#7516 = CYLINDRICAL_SURFACE ( 'NONE', #4609, 35.00000000000000000 ) ;
#7517 = ORIENTED_EDGE ( 'NONE', *, *, #1897, .T. ) ;
#7518 = DIRECTION ( 'NONE',  ( 1.000000000000000000, 0.000000000000000000, 0.000000000000000000 ) ) ;
#7519 = DIRECTION ( 'NONE',  ( 0.000000000000000000, -1.000000000000000000, 0.000000000000000000 ) ) ;
#7520 =( REPRESENTATION_RELATIONSHIP ('NONE','NONE', #5518, #1313 ) REPRESENTATION_RELATIONSHIP_WITH_TRANSFORMATION ( #7284 )SHAPE_REPRESENTATION_RELATIONSHIP( ) );
#7521 = AXIS2_PLACEMENT_3D ( 'NONE', #1986, #3725, #4983 ) ;
#7522 = AXIS2_PLACEMENT_3D ( 'NONE', #9318, #1225, #7836 ) ;
#7523 = ORIENTED_EDGE ( 'NONE', *, *, #7451, .T. ) ;
#7524 = FACE_OUTER_BOUND ( 'NONE', #5836, .T. ) ;
#7525 = CYLINDRICAL_SURFACE ( 'NONE', #163, 5.000000000000000000 ) ;
#7526 = CARTESIAN_POINT ( 'NONE',  ( -100.0000000000000000, 25.99999999999995737, 25.00000000000000711 ) ) ;
#7527 = DIRECTION ( 'NONE',  ( 0.000000000000000000, 1.000000000000000000, 0.000000000000000000 ) ) ;
#7528 = CIRCLE ( 'NONE', #3299, 5.000000000000000000 ) ;
#7529 = CARTESIAN_POINT ( 'NONE',  ( -18.97893506362258265, -20.57544454745023899, 1106.718861922987799 ) ) ;
#7530 = ORIENTED_EDGE ( 'NONE', *, *, #2296, .T. ) ;
#7531 = DIRECTION ( 'NONE',  ( 0.000000000000000000, 0.000000000000000000, -1.000000000000000000 ) ) ;
#7532 = ADVANCED_FACE ( 'NONE', ( #8256, #2408 ), #5404, .F. ) ;
#7533 = CARTESIAN_POINT ( 'NONE',  ( 0.000000000000000000, 0.000000000000000000, 1.000000000000000000 ) ) ;
#7534 = FACE_OUTER_BOUND ( 'NONE', #699, .T. ) ;
#7535 = VECTOR ( 'NONE', #7276, 1000.000000000000000 ) ;
#7536 = CARTESIAN_POINT ( 'NONE',  ( -32.00000000000001421, 169.9999999999999432, 25.00000000000000711 ) ) ;
#7537 = DIRECTION ( 'NONE',  ( -6.938893903907222067E-15, 0.000000000000000000, 1.000000000000000000 ) ) ;
#7538 = CARTESIAN_POINT ( 'NONE',  ( 22.00000000000000000, -7.681258945454893382E-14, 92.00000000000001421 ) ) ;
#7539 = AXIS2_PLACEMENT_3D ( 'NONE', #370, #2568, #7926 ) ;
#7540 = ORIENTED_EDGE ( 'NONE', *, *, #8914, .F. ) ;
#7541 = EDGE_CURVE ( 'NONE', #6832, #733, #8350, .T. ) ;
#7542 = DIRECTION ( 'NONE',  ( 0.000000000000000000, 0.000000000000000000, -1.000000000000000000 ) ) ;
#7543 = DIRECTION ( 'NONE',  ( 0.000000000000000000, 0.000000000000000000, -1.000000000000000000 ) ) ;
#7544 = VERTEX_POINT ( 'NONE', #1631 ) ;
#7545 = MANIFOLD_SOLID_BREP ( 'Cong\X2\00e9\X0\1', #6064 ) ;
#7546 = LINE ( 'NONE', #7354, #9444 ) ;
#7547 = DIRECTION ( 'NONE',  ( -1.000000000000000000, 0.000000000000000000, 5.782411586589345411E-15 ) ) ;
#7548 = PRESENTATION_STYLE_ASSIGNMENT (( #4552 ) ) ;
#7549 = ADVANCED_FACE ( 'NONE', ( #2645 ), #6780, .T. ) ;
#7550 = ORIENTED_EDGE ( 'NONE', *, *, #2115, .T. ) ;
#7551 = CARTESIAN_POINT ( 'NONE',  ( 10.00000000000000000, -22.62741699796971773, -17.12741699796932338 ) ) ;
#7552 = VECTOR ( 'NONE', #7036, 1000.000000000000000 ) ;
#7553 = EDGE_CURVE ( 'NONE', #7614, #3793, #6336, .T. ) ;
#7554 = EDGE_LOOP ( 'NONE', ( #6777, #637, #6329, #250 ) ) ;
#7555 = ORIENTED_EDGE ( 'NONE', *, *, #5371, .T. ) ;
#7556 = ORIENTED_EDGE ( 'NONE', *, *, #7822, .T. ) ;
#7557 = DIRECTION ( 'NONE',  ( 0.000000000000000000, 0.000000000000000000, -1.000000000000000000 ) ) ;
#7558 = DIRECTION ( 'NONE',  ( 0.000000000000000000, 0.000000000000000000, 1.000000000000000000 ) ) ;
#7559 = ORIENTED_EDGE ( 'NONE', *, *, #3101, .F. ) ;
#7560 = VERTEX_POINT ( 'NONE', #8593 ) ;
#7561 = ADVANCED_FACE ( 'NONE', ( #8689 ), #3531, .F. ) ;
#7562 = CARTESIAN_POINT ( 'NONE',  ( -15.00000000000001421, 163.9999999999999716, 41.51989783036317050 ) ) ;
#7563 = ITEM_DEFINED_TRANSFORMATION ( 'NONE', 'NONE', #800,  #6276 ) ;
#7564 = CARTESIAN_POINT ( 'NONE',  ( 8.000000000000000000, -14.14213562373103272, -14.14213562373079291 ) ) ;
#7565 = ORIENTED_EDGE ( 'NONE', *, *, #2215, .T. ) ;
#7566 = CARTESIAN_POINT ( 'NONE',  ( 0.000000000000000000, 0.000000000000000000, 80.00000000000000000 ) ) ;
#7567 = UNCERTAINTY_MEASURE_WITH_UNIT (LENGTH_MEASURE( 1.000000000000000082E-05 ), #5474, 'distance_accuracy_value', 'NONE');
#7568 = AXIS2_PLACEMENT_3D ( 'NONE', #2177, #5779, #5225 ) ;
#7569 = CARTESIAN_POINT ( 'NONE',  ( -32.00000000000000000, 157.9999999999999432, 24.85323116369659857 ) ) ;
#7570 = ORIENTED_EDGE ( 'NONE', *, *, #1663, .F. ) ;
#7571 = ADVANCED_FACE ( 'NONE', ( #8047 ), #4219, .T. ) ;
#7572 = CARTESIAN_POINT ( 'NONE',  ( 8.000000000000000000, 22.62741699796956496, 22.62741699796948325 ) ) ;
#7573 = AXIS2_PLACEMENT_3D ( 'NONE', #5616, #1845, #9404 ) ;
#7574 = CARTESIAN_POINT ( 'NONE',  ( 8.000000000000000000, -8.499999999999952038, 8.974623797036219746E-14 ) ) ;
#7575 = CARTESIAN_POINT ( 'NONE',  ( -28.90671986005715510, 39.69838535254829992, 1106.489099447283252 ) ) ;
#7576 = ORIENTED_EDGE ( 'NONE', *, *, #9062, .F. ) ;
#7577 =( BOUNDED_CURVE ( )  B_SPLINE_CURVE ( 3, ( #4439, #2874, #5872, #7434 ),
 .UNSPECIFIED., .F., .F. ) 
 B_SPLINE_CURVE_WITH_KNOTS ( ( 4, 4 ),
 ( 1.570796326794895004, 3.141592653589793116 ),
 .UNSPECIFIED. ) 
 CURVE ( )  GEOMETRIC_REPRESENTATION_ITEM ( )  RATIONAL_B_SPLINE_CURVE ( ( 1.000000000000000000, 0.8047378541243646044, 0.8047378541243646044, 1.000000000000000000 ) ) 
 REPRESENTATION_ITEM ( '' )  );
#7578 = DIRECTION ( 'NONE',  ( -1.000000000000000000, 1.972152263052529076E-31, 5.782411586589345411E-15 ) ) ;
#7579 = AXIS2_PLACEMENT_3D ( 'NONE', #2027, #9546, #4981 ) ;
#7580 = CARTESIAN_POINT ( 'NONE',  ( -99.45750319535885353, 163.6568947060666233, 10.00735584537565614 ) ) ;
#7581 = CARTESIAN_POINT ( 'NONE',  ( -67.99999999999997158, 37.99999999999994316, 64.99999999999991473 ) ) ;
#7582 = PRODUCT_DEFINITION_SHAPE ( 'NONE', 'NONE',  #9644 ) ;
#7583 = DIRECTION ( 'NONE',  ( 1.000000000000000000, 0.000000000000000000, 0.000000000000000000 ) ) ;
#7584 = CARTESIAN_POINT ( 'NONE',  ( -32.00000000000001421, 168.9999999999999716, 24.85323116369641383 ) ) ;
#7585 = VECTOR ( 'NONE', #8147, 1000.000000000000000 ) ;
#7586 = CARTESIAN_POINT ( 'NONE',  ( 10.00000000000000000, 29.56414504036113655, -6.745869835683006244 ) ) ;
#7587 = VERTEX_POINT ( 'NONE', #7210 ) ;
#7588 = CARTESIAN_POINT ( 'NONE',  ( 8.000000000000000000, -8.499999999999952038, 8.974623797036219746E-14 ) ) ;
#7589 = CARTESIAN_POINT ( 'NONE',  ( -32.00000000000001421, 169.9999999999999432, 65.00000000000000000 ) ) ;
#7590 = ORIENTED_EDGE ( 'NONE', *, *, #656, .T. ) ;
#7591 = CIRCLE ( 'NONE', #5396, 5.499999999999998224 ) ;
#7592 = DIRECTION ( 'NONE',  ( 0.000000000000000000, 1.000000000000000000, 0.000000000000000000 ) ) ;
#7593 = CIRCLE ( 'NONE', #7753, 5.499999999999998224 ) ;
#7594 = EDGE_CURVE ( 'NONE', #1913, #1813, #1512, .T. ) ;
#7595 = DIRECTION ( 'NONE',  ( 0.000000000000000000, 0.000000000000000000, -1.000000000000000000 ) ) ;
#7596 = LINE ( 'NONE', #889, #4974 ) ;
#7597 = EDGE_CURVE ( 'NONE', #6721, #7058, #5010, .T. ) ;
#7598 = CARTESIAN_POINT ( 'NONE',  ( -4.000000000000000000, 0.000000000000000000, 0.000000000000000000 ) ) ;
#7599 = ORIENTED_EDGE ( 'NONE', *, *, #4750, .F. ) ;
#7600 = DIRECTION ( 'NONE',  ( 0.000000000000000000, 0.000000000000000000, -1.000000000000000000 ) ) ;
#7601 = ORIENTED_EDGE ( 'NONE', *, *, #4989, .F. ) ;
#7602 = ORIENTED_EDGE ( 'NONE', *, *, #4334, .F. ) ;
#7603 = CONTEXT_DEPENDENT_SHAPE_REPRESENTATION ( #3951, #3365 ) ;
#7604 = AXIS2_PLACEMENT_3D ( 'NONE', #8984, #8935, #2196 ) ;
#7605 = ORIENTED_EDGE ( 'NONE', *, *, #6729, .T. ) ;
#7606 = DIRECTION ( 'NONE',  ( 1.000000000000000000, 0.000000000000000000, 0.000000000000000000 ) ) ;
#7607 = CIRCLE ( 'NONE', #7142, 5.500000000000001776 ) ;
#7608 = DIRECTION ( 'NONE',  ( 9.912705577010326782E-17, -1.000000000000000000, -0.000000000000000000 ) ) ;
#7609 = ORIENTED_EDGE ( 'NONE', *, *, #4545, .T. ) ;
#7610 = EDGE_CURVE ( 'NONE', #7859, #451, #1915, .T. ) ;
#7611 = ORIENTED_EDGE ( 'NONE', *, *, #2678, .F. ) ;
#7612 = AXIS2_PLACEMENT_3D ( 'NONE', #3909, #6172, #4704 ) ;
#7613 = MANIFOLD_SOLID_BREP ( 'Boss.-Extru.1', #1063 ) ;
#7614 = VERTEX_POINT ( 'NONE', #2752 ) ;
#7615 = CARTESIAN_POINT ( 'NONE',  ( 0.000000000000000000, 0.000000000000000000, 6.000000000000000000 ) ) ;
#7616 = AXIS2_PLACEMENT_3D ( 'NONE', #1733, #8977, #5189 ) ;
#7617 = CARTESIAN_POINT ( 'NONE',  ( 10.00000000000000000, -1.021259646113993889E-15, 8.499999999999952038 ) ) ;
#7618 = ORIENTED_EDGE ( 'NONE', *, *, #2808, .F. ) ;
#7619 = DIRECTION ( 'NONE',  ( -0.000000000000000000, -0.000000000000000000, -1.000000000000000000 ) ) ;
#7620 = CIRCLE ( 'NONE', #2280, 1.000000000000000888 ) ;
#7621 = FACE_BOUND ( 'NONE', #7248, .T. ) ;
#7622 = AXIS2_PLACEMENT_3D ( 'NONE', #7632, #4636, #4687 ) ;
#7623 = COLOUR_RGB ( '',0.7921568627450980005, 0.8196078431372548767, 0.9333333333333333481 ) ;
#7624 = ORIENTED_EDGE ( 'NONE', *, *, #8582, .F. ) ;
#7625 = PRESENTATION_STYLE_ASSIGNMENT (( #2367 ) ) ;
#7626 = DIRECTION ( 'NONE',  ( 1.000000000000000000, -0.000000000000000000, 0.000000000000000000 ) ) ;
#7627 = DIRECTION ( 'NONE',  ( -0.000000000000000000, -1.000000000000000000, -0.000000000000000000 ) ) ;
#7628 = DIRECTION ( 'NONE',  ( 0.7552563426956219184, 3.757702493543663271E-17, -0.6554295208624905111 ) ) ;
#7629 = CIRCLE ( 'NONE', #3407, 5.499999999999994671 ) ;
#7630 = ORIENTED_EDGE ( 'NONE', *, *, #8730, .F. ) ;
#7631 = DIRECTION ( 'NONE',  ( 1.000000000000000000, -0.000000000000000000, -0.000000000000000000 ) ) ;
#7632 = CARTESIAN_POINT ( 'NONE',  ( -49.99999999999999289, 170.4999999999999716, 75.00000000000000000 ) ) ;
#7633 = PLANE ( 'NONE',  #3650 ) ;
#7634 = EDGE_CURVE ( 'NONE', #6306, #977, #8550, .T. ) ;
#7635 = FACE_OUTER_BOUND ( 'NONE', #1637, .T. ) ;
#7636 = DIRECTION ( 'NONE',  ( 0.000000000000000000, 0.000000000000000000, -1.000000000000000000 ) ) ;
#7637 = CARTESIAN_POINT ( 'NONE',  ( -15.00000000000000000, 47.99999999999996447, 16.21320343559644428 ) ) ;
#7638 =( BOUNDED_CURVE ( )  B_SPLINE_CURVE ( 3, ( #5783, #2009, #2836, #2688 ),
 .UNSPECIFIED., .F., .F. ) 
 B_SPLINE_CURVE_WITH_KNOTS ( ( 4, 4 ),
 ( 1.570796326794897446, 3.141592653589793116 ),
 .UNSPECIFIED. ) 
 CURVE ( )  GEOMETRIC_REPRESENTATION_ITEM ( )  RATIONAL_B_SPLINE_CURVE ( ( 1.000000000000000000, 0.8047378541243652705, 0.8047378541243652705, 1.000000000000000000 ) ) 
 REPRESENTATION_ITEM ( '' )  );
#7639 = ORIENTED_EDGE ( 'NONE', *, *, #3243, .T. ) ;
#7640 = DIRECTION ( 'NONE',  ( 0.000000000000000000, 0.000000000000000000, -1.000000000000000000 ) ) ;
#7641 = CARTESIAN_POINT ( 'NONE',  ( 0.000000000000000000, 0.000000000000000000, 0.000000000000000000 ) ) ;
#7643 = VERTEX_POINT ( 'NONE', #9340 ) ;
#7642 = EDGE_CURVE ( 'NONE', #5509, #4960, #456, .T. ) ;
#7644 = CARTESIAN_POINT ( 'NONE',  ( -84.99999999999997158, 165.5862043656698859, 49.71265211443365217 ) ) ;
#7645 = DIRECTION ( 'NONE',  ( 0.000000000000000000, 0.000000000000000000, -1.000000000000000000 ) ) ;
#7646 = DIRECTION ( 'NONE',  ( 0.000000000000000000, 0.000000000000000000, -1.000000000000000000 ) ) ;
#7647 = EDGE_LOOP ( 'NONE', ( #648, #5247 ) ) ;
#7648 = LINE ( 'NONE', #4555, #793 ) ;
#7649 = VERTEX_POINT ( 'NONE', #4273 ) ;
#7650 = ORIENTED_EDGE ( 'NONE', *, *, #6475, .F. ) ;
#7651 =( REPRESENTATION_RELATIONSHIP ('NONE','NONE', #5518, #3457 ) REPRESENTATION_RELATIONSHIP_WITH_TRANSFORMATION ( #6922 )SHAPE_REPRESENTATION_RELATIONSHIP( ) );
#7652 = ORIENTED_EDGE ( 'NONE', *, *, #1955, .T. ) ;
#7653 = FACE_BOUND ( 'NONE', #7656, .T. ) ;
#7654 = ADVANCED_FACE ( 'NONE', ( #1143 ), #1821, .F. ) ;
#7655 = CARTESIAN_POINT ( 'NONE',  ( 5.000000000000000000, 6.123233995736766282E-16, 0.000000000000000000 ) ) ;
#7656 = EDGE_LOOP ( 'NONE', ( #5540, #2413 ) ) ;
#7657 = ORIENTED_EDGE ( 'NONE', *, *, #4949, .T. ) ;
#7658 = VERTEX_POINT ( 'NONE', #6432 ) ;
#7659 = FACE_OUTER_BOUND ( 'NONE', #7964, .T. ) ;
#7660 = ITEM_DEFINED_TRANSFORMATION ( 'NONE', 'NONE', #3468,  #6276 ) ;
#7661 = EDGE_CURVE ( 'NONE', #1103, #7010, #9343, .T. ) ;
#7662 = PRODUCT_DEFINITION_SHAPE ( 'NONE', 'NONE',  #9670 ) ;
#7663 = FACE_OUTER_BOUND ( 'NONE', #7554, .T. ) ;
#7664 = EDGE_LOOP ( 'NONE', ( #3271, #7205 ) ) ;
#7665 = CARTESIAN_POINT ( 'NONE',  ( 8.000000000000000000, 8.499999999999952038, -3.039105521002927751E-14 ) ) ;
#7666 = DIRECTION ( 'NONE',  ( 0.000000000000000000, 0.000000000000000000, 1.000000000000000000 ) ) ;
#7667 = ORIENTED_EDGE ( 'NONE', *, *, #7766, .T. ) ;
#7668 = PLANE ( 'NONE',  #2597 ) ;
#7669 = CARTESIAN_POINT ( 'NONE',  ( 10.00000000000000000, -5.833392311421893986E-14, -8.499999999999952038 ) ) ;
#7670 = CARTESIAN_POINT ( 'NONE',  ( 22.00000000000000000, -7.681258945454893382E-14, 92.00000000000001421 ) ) ;
#7671 = ADVANCED_FACE ( 'NONE', ( #2651 ), #8696, .T. ) ;
#7672 = DIRECTION ( 'NONE',  ( 0.07058822266250672217, 5.380313596299403966E-17, -0.9975055402459418463 ) ) ;
#7673 = LINE ( 'NONE', #868, #5239 ) ;
#7674 = AXIS2_PLACEMENT_3D ( 'NONE', #2835, #3716, #2927 ) ;
#7675 = CARTESIAN_POINT ( 'NONE',  ( 8.000000000000000000, -22.62741699796971773, -17.12741699796932338 ) ) ;
#7676 = CARTESIAN_POINT ( 'NONE',  ( 10.00000000000000000, -31.99999999999999289, 3.351822085289408021E-13 ) ) ;
#7677 = AXIS2_PLACEMENT_3D ( 'NONE', #4344, #1999, #622 ) ;
#7678 = CIRCLE ( 'NONE', #3762, 9.095538233173709131 ) ;
#7679 = ORIENTED_EDGE ( 'NONE', *, *, #467, .F. ) ;
#7680 = DIRECTION ( 'NONE',  ( 0.000000000000000000, 0.000000000000000000, 1.000000000000000000 ) ) ;
#7681 = LINE ( 'NONE', #4495, #6728 ) ;
#7682 = CARTESIAN_POINT ( 'NONE',  ( -85.00071805356370191, 157.9999999999999716, 24.85323116369650265 ) ) ;
#7683 = EDGE_CURVE ( 'NONE', #4767, #1514, #4126, .T. ) ;
#7684 = ORIENTED_EDGE ( 'NONE', *, *, #8408, .F. ) ;
#7685 = CARTESIAN_POINT ( 'NONE',  ( -2.822041761738065979, -2.904923457684610799, 16.00000000000000000 ) ) ;
#7686 = DIRECTION ( 'NONE',  ( 0.000000000000000000, 0.000000000000000000, -1.000000000000000000 ) ) ;
#7687 = AXIS2_PLACEMENT_3D ( 'NONE', #4774, #309, #5507 ) ;
#7688 = CARTESIAN_POINT ( 'NONE',  ( -32.00000000000001421, 168.9999999999999716, 75.14676883630357906 ) ) ;
#7689 = VERTEX_POINT ( 'NONE', #3536 ) ;
#7690 = AXIS2_PLACEMENT_3D ( 'NONE', #1739, #4736, #6635 ) ;
#7691 = CARTESIAN_POINT ( 'NONE',  ( 10.00000000000000000, 32.00000000000000000, -1.117274028429802674E-13 ) ) ;
#7692 = CARTESIAN_POINT ( 'NONE',  ( 8.000000000000000000, 3.287578542732749400E-16, 14.49999999999995204 ) ) ;
#7693 = FACE_OUTER_BOUND ( 'NONE', #4705, .T. ) ;
#7694 = VERTEX_POINT ( 'NONE', #4969 ) ;
#7695 = EDGE_CURVE ( 'NONE', #4660, #704, #7961, .T. ) ;
#7696 = CARTESIAN_POINT ( 'NONE',  ( -15.00000000000000000, 15.99999999999995914, 75.00000000000000000 ) ) ;
#7697 = VERTEX_POINT ( 'NONE', #1191 ) ;
#7698 = EDGE_LOOP ( 'NONE', ( #1778, #8424, #2511, #7652 ) ) ;
#7699 = CIRCLE ( 'NONE', #238, 1.000000000000000888 ) ;
#7700 = EDGE_LOOP ( 'NONE', ( #297, #6020, #1656, #4283, #1246, #7224, #7817, #5330, #3667 ) ) ;
#7701 = FACE_BOUND ( 'NONE', #3872, .T. ) ;
#7702 = VECTOR ( 'NONE', #8331, 1000.000000000000000 ) ;
#7703 = CARTESIAN_POINT ( 'NONE',  ( 8.000000000000000000, -1.021259646113993889E-15, 8.499999999999952038 ) ) ;
#7704 = ORIENTED_EDGE ( 'NONE', *, *, #9425, .T. ) ;
#7705 = ORIENTED_EDGE ( 'NONE', *, *, #1550, .F. ) ;
#7706 = ORIENTED_EDGE ( 'NONE', *, *, #7845, .T. ) ;
#7707 = CARTESIAN_POINT ( 'NONE',  ( -50.00000000000000711, 25.99999999999995737, 75.00000000000000000 ) ) ;
#7708 =( REPRESENTATION_RELATIONSHIP ('NONE','NONE', #5518, #3457 ) REPRESENTATION_RELATIONSHIP_WITH_TRANSFORMATION ( #4185 )SHAPE_REPRESENTATION_RELATIONSHIP( ) );
#7709 = ITEM_DEFINED_TRANSFORMATION ( 'NONE', 'NONE', #6752,  #6276 ) ;
#7710 = ORIENTED_EDGE ( 'NONE', *, *, #9052, .T. ) ;
#7711 = CARTESIAN_POINT ( 'NONE',  ( -92.58315055883332434, 168.4434754640739413, 11.94874942802336193 ) ) ;
#7712 = DIRECTION ( 'NONE',  ( 0.000000000000000000, 0.000000000000000000, 1.000000000000000000 ) ) ;
#7713 = AXIS2_PLACEMENT_3D ( 'NONE', #8638, #6691, #5952 ) ;
#7714 = EDGE_CURVE ( 'NONE', #2307, #4646, #2748, .T. ) ;
#7715 = ORIENTED_EDGE ( 'NONE', *, *, #908, .F. ) ;
#7716 = CARTESIAN_POINT ( 'NONE',  ( -85.00000000000000000, 163.9999999999999716, 16.00000000000000000 ) ) ;
#7717 = DIRECTION ( 'NONE',  ( 1.000000000000000000, 1.972152263052529076E-31, -5.782411586589345411E-15 ) ) ;
#7718 = CARTESIAN_POINT ( 'NONE',  ( -9.854119692349588178, 158.4525317549342560, 13.67442833713973016 ) ) ;
#7719 = CARTESIAN_POINT ( 'NONE',  ( 8.000000000000000000, 12.24586983568269183, -29.56414504036126090 ) ) ;
#7720 = EDGE_CURVE ( 'NONE', #3541, #3077, #4316, .T. ) ;
#7721 = DIRECTION ( 'NONE',  ( -0.9357320834133027176, 3.480574518673167855E-17, -0.3527115933322861330 ) ) ;
#7722 = DIRECTION ( 'NONE',  ( 0.000000000000000000, 0.000000000000000000, -1.000000000000000000 ) ) ;
#7723 = LINE ( 'NONE', #9111, #6058 ) ;
#7724 = DIRECTION ( 'NONE',  ( 0.000000000000000000, 0.000000000000000000, -1.000000000000000000 ) ) ;
#7725 = AXIS2_PLACEMENT_3D ( 'NONE', #2571, #8568, #4098 ) ;
#7726 = EDGE_CURVE ( 'NONE', #2799, #1476, #8866, .T. ) ;
#7727 = CIRCLE ( 'NONE', #3505, 5.499999999999999112 ) ;
#7728 = FACE_OUTER_BOUND ( 'NONE', #4274, .T. ) ;
#7729 = ADVANCED_FACE ( 'NONE', ( #4179 ), #2020, .T. ) ;
#7730 = DIRECTION ( 'NONE',  ( 1.000000000000000000, 0.000000000000000000, 0.000000000000000000 ) ) ;
#7731 = CIRCLE ( 'NONE', #3184, 1.000000000000000888 ) ;
#7732 = DIRECTION ( 'NONE',  ( 0.000000000000000000, 0.000000000000000000, -1.000000000000000000 ) ) ;
#7733 = CIRCLE ( 'NONE', #6633, 4.875000000000000000 ) ;
#7734 = ORIENTED_EDGE ( 'NONE', *, *, #6440, .T. ) ;
#7735 = CARTESIAN_POINT ( 'NONE',  ( -59.09553823317371979, 25.49999999999995737, 75.00000000000000000 ) ) ;
#7736 = DIRECTION ( 'NONE',  ( 0.000000000000000000, 0.000000000000000000, -1.000000000000000000 ) ) ;
#7737 = EDGE_CURVE ( 'NONE', #1952, #6995, #2582, .T. ) ;
#7738 = MANIFOLD_SOLID_BREP ( 'Enl\X2\00e8\X0\v. mat.-Extru.2', #3241 ) ;
#7739 = CARTESIAN_POINT ( 'NONE',  ( -50.00000000000000000, 169.9999999999999716, 75.00000000000000000 ) ) ;
#7740 = VERTEX_POINT ( 'NONE', #5932 ) ;
#7741 = AXIS2_PLACEMENT_3D ( 'NONE', #8646, #9385, #7806 ) ;
#7742 = PLANE ( 'NONE',  #5030 ) ;
#7743 = DIRECTION ( 'NONE',  ( -0.000000000000000000, 1.000000000000000000, -0.000000000000000000 ) ) ;
#7744 = CARTESIAN_POINT ( 'NONE',  ( -50.00000000000001421, 169.9999999999999716, 75.00000000000000000 ) ) ;
#7745 = ORIENTED_EDGE ( 'NONE', *, *, #4202, .T. ) ;
#7746 = PRODUCT_DEFINITION_SHAPE ( 'NONE', 'NONE',  #9685 ) ;
#7747 = DIRECTION ( 'NONE',  ( 0.000000000000000000, -1.000000000000000000, 0.000000000000000000 ) ) ;
#7748 = VERTEX_POINT ( 'NONE', #2108 ) ;
#7749 = VERTEX_POINT ( 'NONE', #4321 ) ;
#7750 = CIRCLE ( 'NONE', #1338, 5.000000000000000000 ) ;
#7751 = EDGE_LOOP ( 'NONE', ( #6215, #4411, #8339, #2157 ) ) ;
#7752 = CARTESIAN_POINT ( 'NONE',  ( -67.99999999999997158, 25.99999999999995381, 25.00000000000000711 ) ) ;
#7753 = AXIS2_PLACEMENT_3D ( 'NONE', #7188, #8461, #7722 ) ;
#7754 = CARTESIAN_POINT ( 'NONE',  ( 4.875000000000000000, 0.000000000000000000, 35.00000000000000000 ) ) ;
#7755 = EDGE_CURVE ( 'NONE', #7689, #3606, #4950, .T. ) ;
#7756 = EDGE_LOOP ( 'NONE', ( #7950, #4715 ) ) ;
#7757 = ORIENTED_EDGE ( 'NONE', *, *, #6464, .F. ) ;
#7758 = ORIENTED_EDGE ( 'NONE', *, *, #3840, .F. ) ;
#7759 = DIRECTION ( 'NONE',  ( 0.000000000000000000, 0.000000000000000000, -1.000000000000000000 ) ) ;
#7760 = AXIS2_PLACEMENT_3D ( 'NONE', #7454, #3678, #2152 ) ;
#7761 = ITEM_DEFINED_TRANSFORMATION ( 'NONE', 'NONE', #9271,  #6276 ) ;
#7762 = ORIENTED_EDGE ( 'NONE', *, *, #6997, .F. ) ;
#7763 = LINE ( 'NONE', #4824, #4088 ) ;
#7764 = ORIENTED_EDGE ( 'NONE', *, *, #503, .T. ) ;
#7765 = CYLINDRICAL_SURFACE ( 'NONE', #1628, 15.00000000000000000 ) ;
#7766 = EDGE_CURVE ( 'NONE', #6624, #5631, #6662, .T. ) ;
#7767 = CIRCLE ( 'NONE', #3540, 5.499999999999998224 ) ;
#7768 = VERTEX_POINT ( 'NONE', #6619 ) ;
#7769 = LINE ( 'NONE', #8558, #582 ) ;
#7771 = CARTESIAN_POINT ( 'NONE',  ( 11.00000000000000000, 1.347111479062088405E-15, 1.000000000000000000 ) ) ;
#7770 = AXIS2_PLACEMENT_3D ( 'NONE', #6536, #4917, #2022 ) ;
#7772 = CARTESIAN_POINT ( 'NONE',  ( -67.99999999999997158, 166.5440306508910169, 50.00000000000000000 ) ) ;
#7773 = PLANE ( 'NONE',  #1719 ) ;
#7774 = DIRECTION ( 'NONE',  ( -0.03672886632375621518, 7.074201989487905610E-17, -0.9993252675573510713 ) ) ;
#7775 = VECTOR ( 'NONE', #5230, 1000.000000000000000 ) ;
#7776 = CYLINDRICAL_SURFACE ( 'NONE', #3525, 5.499999999999994671 ) ;
#7777 = VECTOR ( 'NONE', #8930, 1000.000000000000000 ) ;
#7778 = EDGE_CURVE ( 'NONE', #3869, #7614, #3581, .T. ) ;
#7779 = FACE_OUTER_BOUND ( 'NONE', #2316, .T. ) ;
#7780 = DIRECTION ( 'NONE',  ( -4.956352788505163391E-17, 1.000000000000000000, 0.000000000000000000 ) ) ;
#7781 = ADVANCED_FACE ( 'NONE', ( #8891 ), #5792, .T. ) ;
#7782 = VECTOR ( 'NONE', #8742, 1000.000000000000000 ) ;
#7783 = LINE ( 'NONE', #6356, #4737 ) ;
#7784 = CIRCLE ( 'NONE', #5651, 15.00000000000000178 ) ;
#7785 =( REPRESENTATION_RELATIONSHIP ('NONE','NONE', #5518, #3457 ) REPRESENTATION_RELATIONSHIP_WITH_TRANSFORMATION ( #5020 )SHAPE_REPRESENTATION_RELATIONSHIP( ) );
#7786 = DIRECTION ( 'NONE',  ( 0.000000000000000000, 1.000000000000000000, 0.000000000000000000 ) ) ;
#7787 = AXIS2_PLACEMENT_3D ( 'NONE', #5902, #6585, #8902 ) ;
#7788 = CARTESIAN_POINT ( 'NONE',  ( -23.21140459226321440, -28.57544454745024254, 1075.000000000007276 ) ) ;
#7789 = ORIENTED_EDGE ( 'NONE', *, *, #8175, .T. ) ;
#7790 = CYLINDRICAL_SURFACE ( 'NONE', #643, 15.00000000000000000 ) ;
#7791 = CARTESIAN_POINT ( 'NONE',  ( -49.99999999999999289, 170.4999999999999716, 75.00000000000000000 ) ) ;
#7792 = EDGE_CURVE ( 'NONE', #4369, #7910, #6667, .T. ) ;
#7793 = VECTOR ( 'NONE', #3393, 1000.000000000000000 ) ;
#7794 = CARTESIAN_POINT ( 'NONE',  ( 8.000000000000000000, -12.24586983568247156, 29.56414504036134261 ) ) ;
#7795 = ORIENTED_EDGE ( 'NONE', *, *, #7845, .F. ) ;
#7796 = AXIS2_PLACEMENT_3D ( 'NONE', #8877, #3616, #8088 ) ;
#7797 = CARTESIAN_POINT ( 'NONE',  ( -67.99999999999995737, 169.9999999999999432, 76.46768836303517958 ) ) ;
#7798 = DIRECTION ( 'NONE',  ( -0.000000000000000000, 1.000000000000000000, -0.000000000000000000 ) ) ;
#7799 = DIRECTION ( 'NONE',  ( 1.000000000000000000, -0.000000000000000000, 5.782411586589345411E-15 ) ) ;
#7800 = EDGE_LOOP ( 'NONE', ( #7954, #2489, #8643, #5500 ) ) ;
#7801 = DIRECTION ( 'NONE',  ( 0.000000000000000000, 1.000000000000000000, 0.000000000000000000 ) ) ;
#7802 = ORIENTED_EDGE ( 'NONE', *, *, #1539, .F. ) ;
#7803 = EDGE_LOOP ( 'NONE', ( #4692, #654 ) ) ;
#7804 = ORIENTED_EDGE ( 'NONE', *, *, #7480, .T. ) ;
#7805 = DIRECTION ( 'NONE',  ( 1.000000000000000000, 0.000000000000000000, 0.000000000000000000 ) ) ;
#7806 = DIRECTION ( 'NONE',  ( 0.000000000000000000, 0.000000000000000000, -1.000000000000000000 ) ) ;
#7807 = ORIENTED_EDGE ( 'NONE', *, *, #7438, .T. ) ;
#7808 = EDGE_LOOP ( 'NONE', ( #7871, #9462, #8043, #7705 ) ) ;
#7809 = ORIENTED_EDGE ( 'NONE', *, *, #413, .F. ) ;
#7810 = LINE ( 'NONE', #4820, #3069 ) ;
#7811 = EDGE_CURVE ( 'NONE', #4663, #7649, #5065, .T. ) ;
#7812 = CONTEXT_DEPENDENT_SHAPE_REPRESENTATION ( #7708, #6629 ) ;
#7813 = ORIENTED_EDGE ( 'NONE', *, *, #3448, .F. ) ;
#7814 = DIRECTION ( 'NONE',  ( 1.000000000000000000, 1.734723475976805517E-15, 0.000000000000000000 ) ) ;
#7815 = EDGE_LOOP ( 'NONE', ( #3158, #9130, #7556, #7294 ) ) ;
#7816 = DIRECTION ( 'NONE',  ( 0.000000000000000000, 0.000000000000000000, -1.000000000000000000 ) ) ;
#7817 = ORIENTED_EDGE ( 'NONE', *, *, #2217, .F. ) ;
#7818 = FACE_BOUND ( 'NONE', #1520, .T. ) ;
#7819 = DIRECTION ( 'NONE',  ( 0.000000000000000000, 0.2873478855663456066, 0.9578262852211513190 ) ) ;
#7820 = CARTESIAN_POINT ( 'NONE',  ( -11.19737082112717452, 158.0658010535678386, 14.99927815033779055 ) ) ;
#7821 = DIRECTION ( 'NONE',  ( 0.000000000000000000, -1.000000000000000000, 0.000000000000000000 ) ) ;
#7822 = EDGE_CURVE ( 'NONE', #6054, #3171, #7356, .T. ) ;
#7823 = CARTESIAN_POINT ( 'NONE',  ( -17.51608932447475553, 39.69838535254832124, 1043.510900552731982 ) ) ;
#7824 = LINE ( 'NONE', #6351, #5402 ) ;
#7825 = CYLINDRICAL_SURFACE ( 'NONE', #4589, 5.499999999999996447 ) ;
#7826 = CYLINDRICAL_SURFACE ( 'NONE', #3660, 1.000000000000000888 ) ;
#7827 = PRODUCT_DEFINITION_SHAPE ( 'NONE', 'NONE',  #9698 ) ;
#7828 = LINE ( 'NONE', #376, #7552 ) ;
#7829 = FILL_AREA_STYLE_COLOUR ( '', #7912 ) ;
#7830 = EDGE_CURVE ( 'NONE', #8189, #8632, #6534, .T. ) ;
#7831 = CARTESIAN_POINT ( 'NONE',  ( 8.000000000000000000, 8.499999999999952038, -5.500000000000031086 ) ) ;
#7832 = CARTESIAN_POINT ( 'NONE',  ( -23.21140459226323571, 91.88843190218945267, 1075.000000000007276 ) ) ;
#7833 = COLOUR_RGB ( '',0.7921568627450980005, 0.8196078431372548767, 0.9333333333333333481 ) ;
#7834 = EDGE_CURVE ( 'NONE', #827, #1268, #5246, .T. ) ;
#7835 = ORIENTED_EDGE ( 'NONE', *, *, #2954, .F. ) ;
#7836 = DIRECTION ( 'NONE',  ( 1.000000000000000000, 0.000000000000000000, 0.000000000000000000 ) ) ;
#7837 = CARTESIAN_POINT ( 'NONE',  ( -4.000000000000000000, 0.000000000000000000, 80.00000000000000000 ) ) ;
#7838 =( REPRESENTATION_RELATIONSHIP ('NONE','NONE', #5518, #6314 ) REPRESENTATION_RELATIONSHIP_WITH_TRANSFORMATION ( #4618 )SHAPE_REPRESENTATION_RELATIONSHIP( ) );
#7839 = CARTESIAN_POINT ( 'NONE',  ( -32.00000000000000000, 157.9999999999999432, 65.00000000000000000 ) ) ;
#7840 = VECTOR ( 'NONE', #5485, 1000.000000000000000 ) ;
#7841 = ORIENTED_EDGE ( 'NONE', *, *, #2931, .T. ) ;
#7842 = AXIS2_PLACEMENT_3D ( 'NONE', #4987, #4, #2199 ) ;
#7843 = DIRECTION ( 'NONE',  ( 0.000000000000000000, 0.000000000000000000, -1.000000000000000000 ) ) ;
#7844 = DIRECTION ( 'NONE',  ( 1.000000000000000000, -1.387778780781444689E-15, 0.000000000000000000 ) ) ;
#7845 = EDGE_CURVE ( 'NONE', #9534, #2249, #2988, .T. ) ;
#7846 = DIRECTION ( 'NONE',  ( -1.000000000000000000, 0.000000000000000000, 0.000000000000000000 ) ) ;
#7847 = ORIENTED_EDGE ( 'NONE', *, *, #5798, .T. ) ;
#7848 = DIRECTION ( 'NONE',  ( -0.3895624194130560269, 2.115982378505107437E-16, -0.9210000658963308773 ) ) ;
#7849 = DIRECTION ( 'NONE',  ( -0.000000000000000000, 1.000000000000000000, -0.000000000000000000 ) ) ;
#7850 = EDGE_CURVE ( 'NONE', #9542, #8009, #719, .T. ) ;
#7851 = ORIENTED_EDGE ( 'NONE', *, *, #9226, .T. ) ;
#7852 = AXIS2_PLACEMENT_3D ( 'NONE', #9633, #7917, #4923 ) ;
#7853 = ORIENTED_EDGE ( 'NONE', *, *, #4949, .F. ) ;
#7854 =( NAMED_UNIT ( * ) PLANE_ANGLE_UNIT ( ) SI_UNIT ( $, .RADIAN. ) );
#7855 =( GEOMETRIC_REPRESENTATION_CONTEXT ( 3 ) GLOBAL_UNCERTAINTY_ASSIGNED_CONTEXT ( ( #3630 ) ) GLOBAL_UNIT_ASSIGNED_CONTEXT ( ( #7886, #8577, #3469 ) ) REPRESENTATION_CONTEXT ( 'NONE', 'WORKASPACE' ) );
#7856 = EDGE_LOOP ( 'NONE', ( #4907, #5888, #394, #9237 ) ) ;
#7857 = LINE ( 'NONE', #4027, #684 ) ;
#7858 = CARTESIAN_POINT ( 'NONE',  ( -30.00000000000000000, 0.000000000000000000, 101.0000000000000000 ) ) ;
#7859 = VERTEX_POINT ( 'NONE', #5151 ) ;
#7860 = EDGE_CURVE ( 'NONE', #8595, #3133, #1977, .T. ) ;
#7861 = AXIS2_PLACEMENT_3D ( 'NONE', #7462, #6039, #8990 ) ;
#7862 = EDGE_LOOP ( 'NONE', ( #8402, #2552, #4719, #6965 ) ) ;
#7863 = DIRECTION ( 'NONE',  ( -1.000000000000000000, 0.000000000000000000, 0.000000000000000000 ) ) ;
#7864 = EDGE_CURVE ( 'NONE', #9043, #1045, #4160, .T. ) ;
#7865 = ORIENTED_EDGE ( 'NONE', *, *, #5759, .F. ) ;
#7866 = CARTESIAN_POINT ( 'NONE',  ( 0.000000000000000000, 0.9999999999999570344, 10.00000000000000000 ) ) ;
#7867 = AXIS2_PLACEMENT_3D ( 'NONE', #4934, #1064, #4045 ) ;
#7868 = CONTEXT_DEPENDENT_SHAPE_REPRESENTATION ( #2137, #9329 ) ;
#7869 = ORIENTED_EDGE ( 'NONE', *, *, #1209, .F. ) ;
#7870 = CARTESIAN_POINT ( 'NONE',  ( 8.000000000000000000, 14.14213562373094213, 14.14213562373089417 ) ) ;
#7871 = ORIENTED_EDGE ( 'NONE', *, *, #8360, .F. ) ;
#7872 = DIRECTION ( 'NONE',  ( 1.000000000000000000, 0.000000000000000000, 0.000000000000000000 ) ) ;
#7873 = EDGE_CURVE ( 'NONE', #1291, #8976, #7699, .T. ) ;
#7874 = ORIENTED_EDGE ( 'NONE', *, *, #1170, .F. ) ;
#7875 = DIRECTION ( 'NONE',  ( -0.000000000000000000, -0.000000000000000000, -1.000000000000000000 ) ) ;
#7876 = CARTESIAN_POINT ( 'NONE',  ( -10.32090999171382961, 158.2908026754264199, 14.09704775012368394 ) ) ;
#7877 = CARTESIAN_POINT ( 'NONE',  ( -84.99999999999997158, 169.9999999999999716, 35.00000000000000711 ) ) ;
#7878 = CARTESIAN_POINT ( 'NONE',  ( -6.778059717593820643, 39.69838535254830703, 1063.600650183896960 ) ) ;
#7879 = DIRECTION ( 'NONE',  ( 1.000000000000000000, -0.000000000000000000, -0.000000000000000000 ) ) ;
#7880 = CARTESIAN_POINT ( 'NONE',  ( -84.99999999999997158, 169.9999999999999716, 65.00000000000000000 ) ) ;
#7881 = CARTESIAN_POINT ( 'NONE',  ( 8.000000000000000000, -2.234548056859605347E-13, -32.00000000000000000 ) ) ;
#7882 = EDGE_CURVE ( 'NONE', #8799, #1827, #4461, .T. ) ;
#7883 = DIRECTION ( 'NONE',  ( 0.000000000000000000, 0.000000000000000000, -1.000000000000000000 ) ) ;
#7884 = DIRECTION ( 'NONE',  ( 0.000000000000000000, 0.000000000000000000, 1.000000000000000000 ) ) ;
#7885 = LINE ( 'NONE', #9408, #1502 ) ;
#7886 =( LENGTH_UNIT ( ) NAMED_UNIT ( * ) SI_UNIT ( .MILLI., .METRE. ) );
#7887 = ORIENTED_EDGE ( 'NONE', *, *, #8545, .F. ) ;
#7888 = CARTESIAN_POINT ( 'NONE',  ( -32.00000000000000000, 25.99999999999995381, 25.00000000000000711 ) ) ;
#7889 = AXIS2_PLACEMENT_3D ( 'NONE', #5815, #618, #3597 ) ;
#7890 = CARTESIAN_POINT ( 'NONE',  ( -32.00000000000001421, 169.9578262852211310, 25.14057904926276166 ) ) ;
#7891 = CIRCLE ( 'NONE', #1777, 1.000000000000000000 ) ;
#7892 = EDGE_CURVE ( 'NONE', #8528, #5688, #2428, .T. ) ;
#7893 = DIRECTION ( 'NONE',  ( 0.000000000000000000, 0.000000000000000000, -1.000000000000000000 ) ) ;
#7894 = ORIENTED_EDGE ( 'NONE', *, *, #8993, .F. ) ;
#7895 = FACE_OUTER_BOUND ( 'NONE', #3784, .T. ) ;
#7896 = DIRECTION ( 'NONE',  ( 1.000000000000000000, 0.000000000000000000, 0.000000000000000000 ) ) ;
#7897 = DIRECTION ( 'NONE',  ( -1.000000000000000000, 1.734723475976805517E-15, 0.000000000000000000 ) ) ;
#7898 = ORIENTED_EDGE ( 'NONE', *, *, #8038, .F. ) ;
#7899 = FACE_OUTER_BOUND ( 'NONE', #6277, .T. ) ;
#7900 = EDGE_LOOP ( 'NONE', ( #5526, #4904 ) ) ;
#7901 = ORIENTED_EDGE ( 'NONE', *, *, #49, .T. ) ;
#7902 = ORIENTED_EDGE ( 'NONE', *, *, #3270, .F. ) ;
#7903 = AXIS2_PLACEMENT_3D ( 'NONE', #5346, #796, #943 ) ;
#7904 = ADVANCED_FACE ( 'NONE', ( #5241 ), #2068, .F. ) ;
#7905 = CARTESIAN_POINT ( 'NONE',  ( 0.000000000000000000, 0.000000000000000000, 121.0000000000000142 ) ) ;
#7906 = ORIENTED_EDGE ( 'NONE', *, *, #1504, .T. ) ;
#7907 = EDGE_CURVE ( 'NONE', #3001, #1334, #6970, .T. ) ;
#7908 = VERTEX_POINT ( 'NONE', #6126 ) ;
#7909 = DIRECTION ( 'NONE',  ( -0.000000000000000000, -0.000000000000000000, -1.000000000000000000 ) ) ;
#7910 = VERTEX_POINT ( 'NONE', #1667 ) ;
#7911 = DIRECTION ( 'NONE',  ( 1.000000000000000000, 0.000000000000000000, 0.000000000000000000 ) ) ;
#7912 = COLOUR_RGB ( '',0.7921568627450980005, 0.8196078431372548767, 0.9333333333333333481 ) ;
#7913 = ORIENTED_EDGE ( 'NONE', *, *, #9176, .F. ) ;
#7914 = CONTEXT_DEPENDENT_SHAPE_REPRESENTATION ( #1146, #4434 ) ;
#7915 = AXIS2_PLACEMENT_3D ( 'NONE', #3794, #3993, #6930 ) ;
#7916 = ORIENTED_EDGE ( 'NONE', *, *, #653, .F. ) ;
#7917 = DIRECTION ( 'NONE',  ( 1.000000000000000000, 0.000000000000000000, 0.000000000000000000 ) ) ;
#7918 = EDGE_LOOP ( 'NONE', ( #6680, #1274, #28, #2023 ) ) ;
#7919 = DIRECTION ( 'NONE',  ( 1.000000000000000000, 0.000000000000000000, 0.000000000000000000 ) ) ;
#7920 = EDGE_LOOP ( 'NONE', ( #9091, #1540, #6690, #5448 ) ) ;
#7921 = CARTESIAN_POINT ( 'NONE',  ( -32.00000000000001421, 169.9999999999999432, 35.00000000000000711 ) ) ;
#7922 = CARTESIAN_POINT ( 'NONE',  ( -32.00000000000000711, 163.9999999999999432, 41.51989783036317050 ) ) ;
#7923 = VECTOR ( 'NONE', #7578, 1000.000000000000000 ) ;
#7924 = CARTESIAN_POINT ( 'NONE',  ( -50.00000000000000000, 180.0000000000000000, 75.00000000000000000 ) ) ;
#7925 = FACE_OUTER_BOUND ( 'NONE', #6044, .T. ) ;
#7926 = DIRECTION ( 'NONE',  ( 0.9993252675573508492, -1.058729146372706628E-16, -0.03672886632376365368 ) ) ;
#7927 = PRODUCT_RELATED_PRODUCT_CATEGORY ( 'part', '', ( #2803 ) ) ;
#7928 = CARTESIAN_POINT ( 'NONE',  ( -85.00000000000000000, 47.99999999999995737, 25.00000000000000711 ) ) ;
#7929 = AXIS2_PLACEMENT_3D ( 'NONE', #5196, #6714, #6572 ) ;
#7930 = DIRECTION ( 'NONE',  ( 1.000000000000000000, 0.000000000000000000, 0.000000000000000000 ) ) ;
#7931 = FACE_OUTER_BOUND ( 'NONE', #5896, .T. ) ;
#7932 = CIRCLE ( 'NONE', #252, 1.000000000000000888 ) ;
#7933 = DIRECTION ( 'NONE',  ( 1.000000000000000000, -1.387778780781444689E-15, 0.000000000000000000 ) ) ;
#7934 = CARTESIAN_POINT ( 'NONE',  ( -50.00000000000000000, 147.9999999999999716, 75.00000000000000000 ) ) ;
#7935 = AXIS2_PLACEMENT_3D ( 'NONE', #5534, #3481, #5586 ) ;
#7936 = DIRECTION ( 'NONE',  ( -0.000000000000000000, 1.000000000000000000, -0.000000000000000000 ) ) ;
#7937 = DIRECTION ( 'NONE',  ( 0.9649151625801990484, 2.899516517747777135E-18, 0.2625618575170967639 ) ) ;
#7938 = VERTEX_POINT ( 'NONE', #1708 ) ;
#7939 = EDGE_CURVE ( 'NONE', #3749, #1336, #4657, .T. ) ;
#7940 = CARTESIAN_POINT ( 'NONE',  ( -32.00000000000000000, 25.99999999999995381, 25.00000000000000711 ) ) ;
#7941 = CARTESIAN_POINT ( 'NONE',  ( 0.000000000000000000, 0.000000000000000000, 111.0000000000000142 ) ) ;
#7942 = VECTOR ( 'NONE', #9557, 1000.000000000000000 ) ;
#7943 = AXIS2_PLACEMENT_3D ( 'NONE', #9518, #8674, #7987 ) ;
#7944 = CARTESIAN_POINT ( 'NONE',  ( 8.000000000000000000, -12.24586983568310572, -35.06414504036108326 ) ) ;
#7945 = ORIENTED_EDGE ( 'NONE', *, *, #9538, .T. ) ;
#7946 = AXIS2_PLACEMENT_3D ( 'NONE', #5511, #4780, #3477 ) ;
#7947 = DIRECTION ( 'NONE',  ( 0.000000000000000000, 0.000000000000000000, -1.000000000000000000 ) ) ;
#7948 = LINE ( 'NONE', #9472, #2001 ) ;
#7949 = CARTESIAN_POINT ( 'NONE',  ( -4.049999999999999822, 0.000000000000000000, 0.000000000000000000 ) ) ;
#7950 = ORIENTED_EDGE ( 'NONE', *, *, #9441, .F. ) ;
#7951 = CARTESIAN_POINT ( 'NONE',  ( -15.00000000000000000, 157.9999999999999716, 65.00000000000000000 ) ) ;
#7952 = VERTEX_POINT ( 'NONE', #3228 ) ;
#7953 = EDGE_CURVE ( 'NONE', #5884, #3837, #6906, .T. ) ;
#7954 = ORIENTED_EDGE ( 'NONE', *, *, #5296, .F. ) ;
#7955 = DIRECTION ( 'NONE',  ( 0.000000000000000000, 0.000000000000000000, -1.000000000000000000 ) ) ;
#7956 = ORIENTED_EDGE ( 'NONE', *, *, #5296, .T. ) ;
#7957 = CARTESIAN_POINT ( 'NONE',  ( -4.000000000000000000, 0.000000000000000000, 80.00000000000000000 ) ) ;
#7958 = VECTOR ( 'NONE', #445, 1000.000000000000000 ) ;
#7959 = ORIENTED_EDGE ( 'NONE', *, *, #778, .F. ) ;
#7960 = EDGE_LOOP ( 'NONE', ( #4502, #7853, #5143, #5089 ) ) ;
#7961 = LINE ( 'NONE', #5014, #7139 ) ;
#7962 = VERTEX_POINT ( 'NONE', #8334 ) ;
#7963 = CARTESIAN_POINT ( 'NONE',  ( -31.99999999999981881, 6.881069788041345747E-14, 0.000000000000000000 ) ) ;
#7964 = EDGE_LOOP ( 'NONE', ( #7611, #4857, #5245, #8650 ) ) ;
#7965 = ITEM_DEFINED_TRANSFORMATION ( 'NONE', 'NONE', #6912,  #6276 ) ;
#7966 = EDGE_CURVE ( 'NONE', #827, #2346, #5488, .T. ) ;
#7967 = VERTEX_POINT ( 'NONE', #1611 ) ;
#7968 = CYLINDRICAL_SURFACE ( 'NONE', #5819, 5.500000000000001776 ) ;
#7969 = CARTESIAN_POINT ( 'NONE',  ( -32.00000000000001421, 169.9999999999999432, 65.00000000000000000 ) ) ;
#7970 = EDGE_LOOP ( 'NONE', ( #3081, #5641 ) ) ;
#7971 = DIRECTION ( 'NONE',  ( 1.000000000000000000, 0.000000000000000000, 0.000000000000000000 ) ) ;
#7972 = SURFACE_STYLE_FILL_AREA ( #8612 ) ;
#7973 = CARTESIAN_POINT ( 'NONE',  ( -99.82778289676858208, 189.8593853380463088, 10.00000000000000355 ) ) ;
#7974 = DIRECTION ( 'NONE',  ( 1.000000000000000000, 0.000000000000000000, 0.000000000000000000 ) ) ;
#7975 = EDGE_CURVE ( 'NONE', #5214, #1812, #9227, .T. ) ;
#7976 = DIRECTION ( 'NONE',  ( 0.000000000000000000, 0.000000000000000000, -1.000000000000000000 ) ) ;
#7977 = FACE_OUTER_BOUND ( 'NONE', #1237, .T. ) ;
#7978 = LINE ( 'NONE', #531, #1472 ) ;
#7979 = DIRECTION ( 'NONE',  ( 1.000000000000000000, 1.972152263052529076E-31, -5.782411586589345411E-15 ) ) ;
#7980 = EDGE_CURVE ( 'NONE', #3869, #1871, #6036, .T. ) ;
#7981 = DIRECTION ( 'NONE',  ( -1.000000000000000000, 0.000000000000000000, 0.000000000000000000 ) ) ;
#7982 = CARTESIAN_POINT ( 'NONE',  ( -100.0000000000000000, 31.99999999999992539, 10.00000000000000000 ) ) ;
#7983 = EDGE_CURVE ( 'NONE', #2607, #104, #2594, .T. ) ;
#7984 = DIRECTION ( 'NONE',  ( 0.6645815100376993856, 1.109260941383534485E-16, -0.7472157764100081367 ) ) ;
#7985 = VERTEX_POINT ( 'NONE', #2389 ) ;
#7986 = CARTESIAN_POINT ( 'NONE',  ( -85.00000000000051159, 168.9999999999999716, 24.85323116369650265 ) ) ;
#7987 = DIRECTION ( 'NONE',  ( 0.000000000000000000, -0.2873478855663456066, -0.9578262852211513190 ) ) ;
#7988 = DIRECTION ( 'NONE',  ( 1.387778780781444689E-15, 1.000000000000000000, 0.000000000000000000 ) ) ;
#7989 = ORIENTED_EDGE ( 'NONE', *, *, #7834, .T. ) ;
#7990 = CIRCLE ( 'NONE', #8777, 5.500000000000000000 ) ;
#7991 = EDGE_CURVE ( 'NONE', #7010, #1103, #5732, .T. ) ;
#7992 = CARTESIAN_POINT ( 'NONE',  ( -0.5424968046411897671, 164.3431052939334052, 10.00735584537565970 ) ) ;
#7993 = DIRECTION ( 'NONE',  ( 0.000000000000000000, 0.000000000000000000, 1.000000000000000000 ) ) ;
#7994 = AXIS2_PLACEMENT_3D ( 'NONE', #6111, #2378, #5369 ) ;
#7995 = DIRECTION ( 'NONE',  ( 1.982541115402065356E-16, 1.000000000000000000, -0.000000000000000000 ) ) ;
#7996 = ORIENTED_EDGE ( 'NONE', *, *, #6759, .T. ) ;
#7997 = CIRCLE ( 'NONE', #8784, 5.499999999999998224 ) ;
#7998 = CARTESIAN_POINT ( 'NONE',  ( -85.00000000000000000, 47.99999999999995737, 75.00000000000000000 ) ) ;
#7999 = ORIENTED_EDGE ( 'NONE', *, *, #6137, .T. ) ;
#8000 = DIRECTION ( 'NONE',  ( -0.000000000000000000, 1.000000000000000000, -0.000000000000000000 ) ) ;
#8001 = EDGE_LOOP ( 'NONE', ( #8782, #5851, #5459, #4374 ) ) ;
#8002 = AXIS2_PLACEMENT_3D ( 'NONE', #521, #2765, #5762 ) ;
#8003 = VECTOR ( 'NONE', #4797, 1000.000000000000000 ) ;
#8004 = AXIS2_PLACEMENT_3D ( 'NONE', #6956, #9178, #3278 ) ;
#8005 = LINE ( 'NONE', #9537, #7793 ) ;
#8006 = AXIS2_PLACEMENT_3D ( 'NONE', #6892, #2095, #1552 ) ;
#8007 = FACE_OUTER_BOUND ( 'NONE', #4497, .T. ) ;
#8008 = EDGE_CURVE ( 'NONE', #2394, #4913, #4475, .T. ) ;
#8009 = VERTEX_POINT ( 'NONE', #4754 ) ;
#8010 = CARTESIAN_POINT ( 'NONE',  ( -32.00000000000001421, 169.9999999999999432, 75.00000000000000000 ) ) ;
#8011 = ORIENTED_EDGE ( 'NONE', *, *, #8882, .T. ) ;
#8012 = CARTESIAN_POINT ( 'NONE',  ( -2.703273497610747533, 30.29942852026701416, 10.23554911617713614 ) ) ;
#8013 = VERTEX_POINT ( 'NONE', #4600 ) ;
#8014 = EDGE_LOOP ( 'NONE', ( #5900, #2402 ) ) ;
#8015 = CARTESIAN_POINT ( 'NONE',  ( -20.00000000000000000, 0.000000000000000000, 0.000000000000000000 ) ) ;
#8016 = CYLINDRICAL_SURFACE ( 'NONE', #6011, 5.000000000000000000 ) ;
#8017 = CIRCLE ( 'NONE', #9427, 5.500000000000000000 ) ;
#8018 = AXIS2_PLACEMENT_3D ( 'NONE', #6508, #7848, #9513 ) ;
#8019 = ORIENTED_EDGE ( 'NONE', *, *, #5798, .F. ) ;
#8020 = DIRECTION ( 'NONE',  ( -0.000000000000000000, -0.000000000000000000, -1.000000000000000000 ) ) ;
#8021 = AXIS2_PLACEMENT_3D ( 'NONE', #763, #9014, #8414 ) ;
#8022 = CARTESIAN_POINT ( 'NONE',  ( 8.000000000000000000, 12.24586983568289789, 29.56414504036117563 ) ) ;
#8023 = SHAPE_REPRESENTATION ( 'Axe_8_80', ( #6276 ), #2677 ) ;
#8024 = DIRECTION ( 'NONE',  ( -0.000000000000000000, -0.000000000000000000, 1.000000000000000000 ) ) ;
#8025 = DIRECTION ( 'NONE',  ( 1.000000000000000000, -0.000000000000000000, -0.000000000000000000 ) ) ;
#8026 = FACE_OUTER_BOUND ( 'NONE', #9120, .T. ) ;
#8027 = DIRECTION ( 'NONE',  ( 0.000000000000000000, -1.000000000000000000, 0.000000000000000000 ) ) ;
#8028 = EDGE_CURVE ( 'NONE', #3883, #6306, #6976, .T. ) ;
#8029 = LINE ( 'NONE', #5044, #4145 ) ;
#8030 = VECTOR ( 'NONE', #7979, 1000.000000000000000 ) ;
#8031 = LINE ( 'NONE', #1265, #3906 ) ;
#8032 = CARTESIAN_POINT ( 'NONE',  ( 7.712698699531062019, -20.57544454745023899, 1083.227990981918992 ) ) ;
#8033 =( REPRESENTATION_RELATIONSHIP ('NONE','NONE', #5518, #7329 ) REPRESENTATION_RELATIONSHIP_WITH_TRANSFORMATION ( #3051 )SHAPE_REPRESENTATION_RELATIONSHIP( ) );
#8034 = ORIENTED_EDGE ( 'NONE', *, *, #5278, .F. ) ;
#8035 = CARTESIAN_POINT ( 'NONE',  ( -32.00000000000000000, 157.9999999999999432, 25.00000000000000711 ) ) ;
#8036 = DIRECTION ( 'NONE',  ( 0.000000000000000000, 0.000000000000000000, -1.000000000000000000 ) ) ;
#8037 = FACE_OUTER_BOUND ( 'NONE', #339, .T. ) ;
#8038 = EDGE_CURVE ( 'NONE', #2561, #6866, #882, .T. ) ;
#8039 = PLANE ( 'NONE',  #13 ) ;
#8040 = SURFACE_SIDE_STYLE ('',( #5054 ) ) ;
#8041 = CARTESIAN_POINT ( 'NONE',  ( -14.99928194643631940, 169.9999999999999716, 24.85323116369650975 ) ) ;
#8042 = CARTESIAN_POINT ( 'NONE',  ( -15.00000000000001421, 166.5440306508910453, 50.00000000000000000 ) ) ;
#8043 = ORIENTED_EDGE ( 'NONE', *, *, #6079, .T. ) ;
#8044 = CARTESIAN_POINT ( 'NONE',  ( -85.00000000000000000, 158.0108291812380799, 75.00000000000000000 ) ) ;
#8045 = VERTEX_POINT ( 'NONE', #7598 ) ;
#8046 = PRODUCT_DEFINITION_SHAPE ( 'NONE', 'NONE',  #9710 ) ;
#8047 = FACE_OUTER_BOUND ( 'NONE', #599, .T. ) ;
#8048 = VERTEX_POINT ( 'NONE', #3132 ) ;
#8049 = CIRCLE ( 'NONE', #4130, 5.500000000000001776 ) ;
#8050 = ORIENTED_EDGE ( 'NONE', *, *, #577, .F. ) ;
#8051 = AXIS2_PLACEMENT_3D ( 'NONE', #8969, #2227, #5093 ) ;
#8052 = MANIFOLD_SOLID_BREP ( 'Boss.-Extru.10', #1840 ) ;
#8053 = DIRECTION ( 'NONE',  ( -0.000000000000000000, -0.000000000000000000, 1.000000000000000000 ) ) ;
#8054 = ORIENTED_EDGE ( 'NONE', *, *, #1931, .T. ) ;
#8055 = PRODUCT_DEFINITION_SHAPE ( 'NONE', 'NONE',  #9649 ) ;
#8056 = FACE_OUTER_BOUND ( 'NONE', #1462, .T. ) ;
#8057 = EDGE_LOOP ( 'NONE', ( #1584, #1312 ) ) ;
#8058 = AXIS2_PLACEMENT_3D ( 'NONE', #9245, #2512, #5508 ) ;
#8059 = ADVANCED_FACE ( 'NONE', ( #7693 ), #985, .F. ) ;
#8060 = EDGE_LOOP ( 'NONE', ( #4823, #6858, #8278, #1137 ) ) ;
#8061 = PLANE ( 'NONE',  #337 ) ;
#8062 = CARTESIAN_POINT ( 'NONE',  ( -67.99999999999997158, 25.99999999999995737, 35.00000000000000711 ) ) ;
#8063 = ORIENTED_EDGE ( 'NONE', *, *, #6337, .F. ) ;
#8064 = CARTESIAN_POINT ( 'NONE',  ( 8.000000000000000000, 29.56414504036120761, 17.74586983568279308 ) ) ;
#8065 = AXIS2_PLACEMENT_3D ( 'NONE', #7617, #4520, #2263 ) ;
#8066 = CARTESIAN_POINT ( 'NONE',  ( -93.21695412622568711, 184.5386556321480214, 11.60159512624570688 ) ) ;
#8067 = APPLICATION_PROTOCOL_DEFINITION ( 'draft international standard', 'automotive_design', 1998, #6017 ) ;
#8068 = EDGE_CURVE ( 'NONE', #1852, #8045, #2274, .T. ) ;
#8069 = CARTESIAN_POINT ( 'NONE',  ( 8.000000000000000000, -29.56414504036129998, -12.24586983568257459 ) ) ;
#8070 = CIRCLE ( 'NONE', #1020, 5.499999999999998224 ) ;
#8071 = LINE ( 'NONE', #1443, #3501 ) ;
#8072 = VECTOR ( 'NONE', #967, 1000.000000000000000 ) ;
#8073 = DIRECTION ( 'NONE',  ( 0.000000000000000000, 1.000000000000000000, 0.000000000000000000 ) ) ;
#8074 = DIRECTION ( 'NONE',  ( 0.000000000000000000, 0.000000000000000000, -1.000000000000000000 ) ) ;
#8075 = DIRECTION ( 'NONE',  ( 0.000000000000000000, 1.000000000000000000, 0.000000000000000000 ) ) ;
#8076 = DIRECTION ( 'NONE',  ( 0.9210000658963325426, 1.950169030318587759E-16, -0.3895624194130524187 ) ) ;
#8077 = AXIS2_PLACEMENT_3D ( 'NONE', #5599, #2801, #4410 ) ;
#8078 = ADVANCED_FACE ( 'NONE', ( #4019 ), #3275, .F. ) ;
#8079 = ORIENTED_EDGE ( 'NONE', *, *, #4404, .F. ) ;
#8080 = CARTESIAN_POINT ( 'NONE',  ( 8.000000000000000000, 6.735557395310440051E-16, 37.50000000000000000 ) ) ;
#8081 = AXIS2_PLACEMENT_3D ( 'NONE', #7315, #4181, #6574 ) ;
#8082 = EDGE_CURVE ( 'NONE', #4580, #8102, #3387, .T. ) ;
#8083 = CARTESIAN_POINT ( 'NONE',  ( 1.734723475976807094E-15, 25.99999999999995381, 25.00000000000000711 ) ) ;
#8084 = CARTESIAN_POINT ( 'NONE',  ( 0.000000000000000000, 0.000000000000000000, 7.000000000000000888 ) ) ;
#8085 = AXIS2_PLACEMENT_3D ( 'NONE', #194, #8483, #1759 ) ;
#8086 = DIRECTION ( 'NONE',  ( 0.000000000000000000, 0.000000000000000000, 1.000000000000000000 ) ) ;
#8087 = CARTESIAN_POINT ( 'NONE',  ( 8.000000000000000000, -29.56414504036104773, 12.24586983568319454 ) ) ;
#8088 = DIRECTION ( 'NONE',  ( 0.000000000000000000, 0.000000000000000000, -1.000000000000000000 ) ) ;
#8089 = CIRCLE ( 'NONE', #2766, 9.095538233173716236 ) ;
#8090 = DIRECTION ( 'NONE',  ( 1.387778780781444492E-15, 1.000000000000000000, 0.000000000000000000 ) ) ;
#8091 = EDGE_LOOP ( 'NONE', ( #8431, #560, #5494, #6127 ) ) ;
#8092 = ORIENTED_EDGE ( 'NONE', *, *, #7313, .F. ) ;
#8093 = EDGE_CURVE ( 'NONE', #4509, #9183, #726, .T. ) ;
#8094 = CIRCLE ( 'NONE', #893, 1.000000000000000000 ) ;
#8095 = DIRECTION ( 'NONE',  ( -0.000000000000000000, -0.000000000000000000, -1.000000000000000000 ) ) ;
#8096 = VERTEX_POINT ( 'NONE', #5630 ) ;
#8097 = AXIS2_PLACEMENT_3D ( 'NONE', #5528, #4056, #4948 ) ;
#8098 = CARTESIAN_POINT ( 'NONE',  ( -4.780821804602405578, 186.1222178784984180, 10.77778132839052105 ) ) ;
#8099 = CARTESIAN_POINT ( 'NONE',  ( -19.74999999999999645, 2.304377683636468267E-13, 92.00000000000001421 ) ) ;
#8100 = ORIENTED_EDGE ( 'NONE', *, *, #2354, .T. ) ;
#8101 = CARTESIAN_POINT ( 'NONE',  ( -84.99999999999997158, 164.9578262852211310, 41.80724571592951122 ) ) ;
#8102 = VERTEX_POINT ( 'NONE', #7949 ) ;
#8103 = EDGE_LOOP ( 'NONE', ( #4069, #2486, #7757, #6482, #753, #295, #3088, #1052, #3338 ) ) ;
#8104 = DIRECTION ( 'NONE',  ( 1.000000000000000000, 0.000000000000000000, 0.000000000000000000 ) ) ;
#8105 = CARTESIAN_POINT ( 'NONE',  ( 8.000000000000000000, 12.24586983568269183, -29.56414504036126090 ) ) ;
#8106 = EDGE_LOOP ( 'NONE', ( #6414, #3591, #7266, #1684 ) ) ;
#8107 = FACE_OUTER_BOUND ( 'NONE', #5545, .T. ) ;
#8108 = ORIENTED_EDGE ( 'NONE', *, *, #3484, .T. ) ;
#8109 = ADVANCED_FACE ( 'NONE', ( #6417 ), #2741, .T. ) ;
#8110 = CARTESIAN_POINT ( 'NONE',  ( -91.30941605520918358, 183.0830437348296869, 12.75122400448886140 ) ) ;
#8111 = PRODUCT_CONTEXT ( 'NONE', #8726, 'mechanical' ) ;
#8112 = CYLINDRICAL_SURFACE ( 'NONE', #6900, 17.00000000000000000 ) ;
#8113 = FACE_BOUND ( 'NONE', #5702, .T. ) ;
#8114 = DIRECTION ( 'NONE',  ( 0.000000000000000000, 0.000000000000000000, 1.000000000000000000 ) ) ;
#8115 = EDGE_CURVE ( 'NONE', #2478, #1036, #6043, .T. ) ;
#8116 = CARTESIAN_POINT ( 'NONE',  ( -15.00000000000000000, 37.99999999999995737, 65.00000000000000000 ) ) ;
#8117 = DIRECTION ( 'NONE',  ( 0.000000000000000000, 0.000000000000000000, -1.000000000000000000 ) ) ;
#8118 = DIRECTION ( 'NONE',  ( 0.9999721941046034734, 0.000000000000000000, -0.007457279505624366846 ) ) ;
#8119 = ORIENTED_EDGE ( 'NONE', *, *, #8148, .F. ) ;
#8120 = DIRECTION ( 'NONE',  ( 1.000000000000000000, -1.734723475976805517E-15, 0.000000000000000000 ) ) ;
#8121 = DIRECTION ( 'NONE',  ( -0.000000000000000000, -0.000000000000000000, -1.000000000000000000 ) ) ;
#8122 = CARTESIAN_POINT ( 'NONE',  ( 8.000000000000000000, 12.24586983568289789, 29.56414504036117563 ) ) ;
#8123 = LINE ( 'NONE', #1407, #4530 ) ;
#8124 = EDGE_CURVE ( 'NONE', #4946, #4560, #7101, .T. ) ;
#8125 = LINE ( 'NONE', #7440, #2180 ) ;
#8126 = ADVANCED_FACE ( 'NONE', ( #4806 ), #2639, .T. ) ;
#8127 = DIRECTION ( 'NONE',  ( -1.000000000000000000, 1.156482317317870344E-15, -0.000000000000000000 ) ) ;
#8128 = ORIENTED_EDGE ( 'NONE', *, *, #6101, .T. ) ;
#8129 = CARTESIAN_POINT ( 'NONE',  ( -50.00000000000000000, -28.00000000000010658, 86.20000000000000284 ) ) ;
#8130 = ORIENTED_EDGE ( 'NONE', *, *, #2407, .F. ) ;
#8131 = CYLINDRICAL_SURFACE ( 'NONE', #9041, 5.500000000000000888 ) ;
#8132 = ORIENTED_EDGE ( 'NONE', *, *, #628, .T. ) ;
#8133 = EDGE_CURVE ( 'NONE', #8231, #3192, #3065, .T. ) ;
#8134 = CARTESIAN_POINT ( 'NONE',  ( 10.00000000000000000, 29.56414504036113655, -17.74586983568300269 ) ) ;
#8135 = CARTESIAN_POINT ( 'NONE',  ( -15.00030773122870009, 169.9999999999999716, 75.14676883630349380 ) ) ;
#8136 = EDGE_CURVE ( 'NONE', #7394, #6715, #7767, .T. ) ;
#8137 = ORIENTED_EDGE ( 'NONE', *, *, #823, .F. ) ;
#8138 = CARTESIAN_POINT ( 'NONE',  ( -8.414405087497964786, 27.06220646749160963, 12.56848423767465839 ) ) ;
#8139 = PRODUCT_DEFINITION_CONTEXT ( 'detailed design', #2503, 'design' ) ;
#8140 = ORIENTED_EDGE ( 'NONE', *, *, #7302, .F. ) ;
#8141 = CIRCLE ( 'NONE', #3905, 7.500000000000000000 ) ;
#8142 = AXIS2_PLACEMENT_3D ( 'NONE', #4385, #5045, #534 ) ;
#8143 = ORIENTED_EDGE ( 'NONE', *, *, #8318, .T. ) ;
#8144 = FACE_OUTER_BOUND ( 'NONE', #1713, .T. ) ;
#8145 = CYLINDRICAL_SURFACE ( 'NONE', #1944, 5.499999999999998224 ) ;
#8146 = EDGE_CURVE ( 'NONE', #8345, #1291, #9422, .T. ) ;
#8147 = DIRECTION ( 'NONE',  ( -0.000000000000000000, -0.000000000000000000, -1.000000000000000000 ) ) ;
#8148 = EDGE_CURVE ( 'NONE', #5136, #8252, #7005, .T. ) ;
#8149 = EDGE_LOOP ( 'NONE', ( #8948, #3485, #2109, #7523 ) ) ;
#8150 = CARTESIAN_POINT ( 'NONE',  ( -11.99999999999999467, 37.99999999999995737, 16.00000000000000000 ) ) ;
#8151 =( REPRESENTATION_RELATIONSHIP ('NONE','NONE', #5518, #3457 ) REPRESENTATION_RELATIONSHIP_WITH_TRANSFORMATION ( #2944 )SHAPE_REPRESENTATION_RELATIONSHIP( ) );
#8152 = AXIS2_PLACEMENT_3D ( 'NONE', #4097, #7081, #372 ) ;
#8153 = EDGE_LOOP ( 'NONE', ( #743, #6196, #2579, #5002, #8538 ) ) ;
#8154 = AXIS2_PLACEMENT_3D ( 'NONE', #3761, #681, #9569 ) ;
#8155 = CYLINDRICAL_SURFACE ( 'NONE', #5411, 5.500000000000001776 ) ;
#8156 = VECTOR ( 'NONE', #9005, 1000.000000000000227 ) ;
#8157 = DIRECTION ( 'NONE',  ( 1.000000000000000000, 0.000000000000000000, 0.000000000000000000 ) ) ;
#8158 = EDGE_CURVE ( 'NONE', #62, #7255, #1808, .T. ) ;
#8159 = FACE_OUTER_BOUND ( 'NONE', #8202, .T. ) ;
#8160 = ADVANCED_FACE ( 'NONE', ( #4062 ), #2690, .F. ) ;
#8161 = AXIS2_PLACEMENT_3D ( 'NONE', #9315, #4155, #7195 ) ;
#8162 = AXIS2_PLACEMENT_3D ( 'NONE', #4631, #3890, #4529 ) ;
#8163 = EDGE_LOOP ( 'NONE', ( #7406, #9136, #683, #855, #9009 ) ) ;
#8164 = DIRECTION ( 'NONE',  ( 1.000000000000000000, -1.387778780781444689E-15, 0.000000000000000000 ) ) ;
#8165 = AXIS2_PLACEMENT_3D ( 'NONE', #8293, #2303, #6722 ) ;
#8166 = DIRECTION ( 'NONE',  ( 1.000000000000000000, 0.000000000000000000, 0.000000000000000000 ) ) ;
#8167 = CARTESIAN_POINT ( 'NONE',  ( -85.00000000000021316, 157.9999999999999716, 75.14676883630350801 ) ) ;
#8168 = DIRECTION ( 'NONE',  ( -0.9999721941046034734, 8.129210921144262164E-17, 0.007457279505620875715 ) ) ;
#8169 = VERTEX_POINT ( 'NONE', #9277 ) ;
#8170 = DIRECTION ( 'NONE',  ( 1.661563742880786749E-15, -0.9578262852211513190, 0.2873478855663457732 ) ) ;
#8171 = AXIS2_PLACEMENT_3D ( 'NONE', #3032, #3626, #6712 ) ;
#8172 = CARTESIAN_POINT ( 'NONE',  ( 8.000000000000000000, -12.24586983568310572, -29.56414504036107971 ) ) ;
#8173 = DIRECTION ( 'NONE',  ( 0.000000000000000000, 0.000000000000000000, -1.000000000000000000 ) ) ;
#8174 = ADVANCED_FACE ( 'NONE', ( #3429 ), #6371, .F. ) ;
#8175 = EDGE_CURVE ( 'NONE', #6383, #5710, #6318, .T. ) ;
#8176 = FACE_OUTER_BOUND ( 'NONE', #3438, .T. ) ;
#8177 = DIRECTION ( 'NONE',  ( 0.000000000000000000, 0.000000000000000000, 1.000000000000000000 ) ) ;
#8178 = CYLINDRICAL_SURFACE ( 'NONE', #7464, 1.000000000000000888 ) ;
#8179 = ORIENTED_EDGE ( 'NONE', *, *, #9284, .T. ) ;
#8180 = CARTESIAN_POINT ( 'NONE',  ( 8.000000000000000000, 14.14213562373084088, -19.64213562373099009 ) ) ;
#8181 = EDGE_LOOP ( 'NONE', ( #7177, #2827, #1613, #3498 ) ) ;
#8182 = DIRECTION ( 'NONE',  ( 1.000000000000000000, -1.734723475976805517E-15, -0.000000000000000000 ) ) ;
#8183 = AXIS2_PLACEMENT_3D ( 'NONE', #1398, #8264, #1007 ) ;
#8185 = ORIENTED_EDGE ( 'NONE', *, *, #4120, .F. ) ;
#8184 = EDGE_CURVE ( 'NONE', #720, #4221, #6203, .T. ) ;
#8186 = DIRECTION ( 'NONE',  ( -1.000000000000000000, 0.000000000000000000, 0.000000000000000000 ) ) ;
#8187 = PLANE ( 'NONE',  #1162 ) ;
#8188 = DIRECTION ( 'NONE',  ( 1.000000000000000000, 0.000000000000000000, 0.000000000000000000 ) ) ;
#8189 = VERTEX_POINT ( 'NONE', #2232 ) ;
#8190 = DIRECTION ( 'NONE',  ( 0.000000000000000000, 0.000000000000000000, 1.000000000000000000 ) ) ;
#8191 = VERTEX_POINT ( 'NONE', #5784 ) ;
#8192 = CONTEXT_DEPENDENT_SHAPE_REPRESENTATION ( #5458, #9548 ) ;
#8193 = ADVANCED_FACE ( 'NONE', ( #8827 ), #4398, .F. ) ;
#8194 = ORIENTED_EDGE ( 'NONE', *, *, #7714, .F. ) ;
#8195 = DIRECTION ( 'NONE',  ( -1.000000000000000000, 0.000000000000000000, 0.000000000000000000 ) ) ;
#8196 = AXIS2_PLACEMENT_3D ( 'NONE', #9146, #857, #1488 ) ;
#8197 = EDGE_CURVE ( 'NONE', #7697, #990, #7457, .T. ) ;
#8198 = DIRECTION ( 'NONE',  ( -1.000000000000000000, 1.734723475976805517E-15, -0.000000000000000000 ) ) ;
#8199 = VECTOR ( 'NONE', #4392, 1000.000000000000000 ) ;
#8200 = CIRCLE ( 'NONE', #1940, 1.000000000000000000 ) ;
#8201 = ORIENTED_EDGE ( 'NONE', *, *, #5673, .T. ) ;
#8202 = EDGE_LOOP ( 'NONE', ( #5405, #9317, #6236, #1589 ) ) ;
#8203 = CARTESIAN_POINT ( 'NONE',  ( 0.000000000000000000, 1.500000000000000000, 0.000000000000000000 ) ) ;
#8204 = AXIS2_PLACEMENT_3D ( 'NONE', #9087, #4562, #5987 ) ;
#8205 = CONTEXT_DEPENDENT_SHAPE_REPRESENTATION ( #4333, #7344 ) ;
#8206 = VECTOR ( 'NONE', #4002, 1000.000000000000000 ) ;
#8207 = EDGE_CURVE ( 'NONE', #731, #5069, #6825, .T. ) ;
#8208 = CARTESIAN_POINT ( 'NONE',  ( 0.000000000000000000, 0.000000000000000000, 19.00000000000000355 ) ) ;
#8209 = CARTESIAN_POINT ( 'NONE',  ( 8.000000000000000000, 8.499999999999952038, -5.500000000000031086 ) ) ;
#8210 = DIRECTION ( 'NONE',  ( 1.000000000000000000, 0.000000000000000000, 0.000000000000000000 ) ) ;
#8211 = CIRCLE ( 'NONE', #3336, 11.09553823317369847 ) ;
#8212 = ORIENTED_EDGE ( 'NONE', *, *, #8869, .F. ) ;
#8213 = LINE ( 'NONE', #1491, #988 ) ;
#8214 = DIRECTION ( 'NONE',  ( 1.000000000000000000, 0.000000000000000000, 0.000000000000000000 ) ) ;
#8215 = CARTESIAN_POINT ( 'NONE',  ( 8.000000000000000000, 14.14213562373094213, 14.14213562373089417 ) ) ;
#8216 = VECTOR ( 'NONE', #7626, 1000.000000000000000 ) ;
#8217 = CARTESIAN_POINT ( 'NONE',  ( -23.21140459226324282, 69.19838535254493195, 1075.000000000007731 ) ) ;
#8218 = ORIENTED_EDGE ( 'NONE', *, *, #4471, .T. ) ;
#8219 = CARTESIAN_POINT ( 'NONE',  ( -67.99999999999997158, 25.99999999999995381, 25.00000000000000711 ) ) ;
#8220 = DIRECTION ( 'NONE',  ( 0.000000000000000000, 0.000000000000000000, -1.000000000000000000 ) ) ;
#8221 = CARTESIAN_POINT ( 'NONE',  ( 8.000000000000000000, -29.56414504036104773, 6.745869835683193649 ) ) ;
#8222 =( GEOMETRIC_REPRESENTATION_CONTEXT ( 3 ) GLOBAL_UNCERTAINTY_ASSIGNED_CONTEXT ( ( #5998 ) ) GLOBAL_UNIT_ASSIGNED_CONTEXT ( ( #9206, #6199, #4733 ) ) REPRESENTATION_CONTEXT ( 'NONE', 'WORKASPACE' ) );
#8223 = DIRECTION ( 'NONE',  ( -1.000000000000000000, 0.000000000000000000, 0.000000000000000000 ) ) ;
#8224 = DIRECTION ( 'NONE',  ( 0.000000000000000000, 0.000000000000000000, 1.000000000000000000 ) ) ;
#8225 = FACE_OUTER_BOUND ( 'NONE', #7314, .T. ) ;
#8226 = ORIENTED_EDGE ( 'NONE', *, *, #8530, .F. ) ;
#8227 = EDGE_CURVE ( 'NONE', #6280, #8048, #9349, .T. ) ;
#8228 = CARTESIAN_POINT ( 'NONE',  ( 0.000000000000000000, 0.000000000000000000, 0.000000000000000000 ) ) ;
#8229 = ORIENTED_EDGE ( 'NONE', *, *, #2942, .F. ) ;
#8230 = PLANE ( 'NONE',  #6205 ) ;
#8231 = VERTEX_POINT ( 'NONE', #7258 ) ;
#8232 = AXIS2_PLACEMENT_3D ( 'NONE', #6591, #5966, #2928 ) ;
#8233 = VECTOR ( 'NONE', #3981, 1000.000000000000000 ) ;
#8234 = FACE_OUTER_BOUND ( 'NONE', #262, .T. ) ;
#8235 = CARTESIAN_POINT ( 'NONE',  ( -93.09561598940580041, 27.82827589830862181, 11.67112477038408258 ) ) ;
#8236 = DIRECTION ( 'NONE',  ( 1.661563742880786749E-15, 0.9578262852211513190, -0.2873478855663457732 ) ) ;
#8237 = ORIENTED_EDGE ( 'NONE', *, *, #601, .F. ) ;
#8238 = ADVANCED_FACE ( 'NONE', ( #2794 ), #633, .F. ) ;
#8239 = CARTESIAN_POINT ( 'NONE',  ( -17.00000000000000000, 2.081899558550500280E-15, -9.000000000000000000 ) ) ;
#8240 = AXIS2_PLACEMENT_3D ( 'NONE', #773, #3076, #876 ) ;
#8241 = ORIENTED_EDGE ( 'NONE', *, *, #8385, .T. ) ;
#8242 = ORIENTED_EDGE ( 'NONE', *, *, #5305, .T. ) ;
#8243 = ITEM_DEFINED_TRANSFORMATION ( 'NONE', 'NONE', #4890,  #6276 ) ;
#8244 = AXIS2_PLACEMENT_3D ( 'NONE', #7026, #269, #4138 ) ;
#8245 = EDGE_LOOP ( 'NONE', ( #6620, #6119, #6510, #4803 ) ) ;
#8246 = DIRECTION ( 'NONE',  ( 0.000000000000000000, 0.2873478855663456066, -0.9578262852211513190 ) ) ;
#8247 = DIRECTION ( 'NONE',  ( -1.000000000000000000, -1.734723475976805517E-15, -0.000000000000000000 ) ) ;
#8248 = MECHANICAL_DESIGN_GEOMETRIC_PRESENTATION_REPRESENTATION (  '', ( #9520 ), #6195 ) ;
#8249 = ORIENTED_EDGE ( 'NONE', *, *, #1130, .F. ) ;
#8250 = AXIS2_PLACEMENT_3D ( 'NONE', #8172, #5138, #585 ) ;
#8251 = VECTOR ( 'NONE', #9126, 1000.000000000000000 ) ;
#8252 = VERTEX_POINT ( 'NONE', #7442 ) ;
#8253 = CARTESIAN_POINT ( 'NONE',  ( 2.249999999999845901, -22.00000000000000000, 92.00000000000001421 ) ) ;
#8254 = EDGE_CURVE ( 'NONE', #4180, #7740, #8722, .T. ) ;
#8255 = CONTEXT_DEPENDENT_SHAPE_REPRESENTATION ( #7838, #5080 ) ;
#8256 = FACE_BOUND ( 'NONE', #4874, .T. ) ;
#8257 = ORIENTED_EDGE ( 'NONE', *, *, #9396, .F. ) ;
#8258 = DIRECTION ( 'NONE',  ( 1.000000000000000000, 1.734723475976805517E-15, -0.000000000000000000 ) ) ;
#8259 = CLOSED_SHELL ( 'NONE', ( #6994, #7053, #4259, #1704, #8754, #6553 ) ) ;
#8260 = UNCERTAINTY_MEASURE_WITH_UNIT (LENGTH_MEASURE( 1.000000000000000082E-05 ), #825, 'distance_accuracy_value', 'NONE');
#8261 = CARTESIAN_POINT ( 'NONE',  ( 0.000000000000000000, 0.000000000000000000, 101.0000000000000000 ) ) ;
#8262 = CIRCLE ( 'NONE', #2784, 1.000000000000000888 ) ;
#8263 = ORIENTED_EDGE ( 'NONE', *, *, #5257, .T. ) ;
#8264 = DIRECTION ( 'NONE',  ( -0.000000000000000000, -0.000000000000000000, -1.000000000000000000 ) ) ;
#8265 = ADVANCED_FACE ( 'NONE', ( #1369 ), #593, .T. ) ;
#8266 = PLANE ( 'NONE',  #9013 ) ;
#8267 = LINE ( 'NONE', #6743, #318 ) ;
#8268 = DIRECTION ( 'NONE',  ( 0.7018140265417339707, 7.231835547236950092E-17, -0.7123602123569776623 ) ) ;
#8269 = VERTEX_POINT ( 'NONE', #5142 ) ;
#8270 = CARTESIAN_POINT ( 'NONE',  ( 0.000000000000000000, 22.00000000000000000, 92.00000000000001421 ) ) ;
#8271 = DIRECTION ( 'NONE',  ( 1.000000000000000000, -1.387778780781444689E-15, 0.000000000000000000 ) ) ;
#8272 = DIRECTION ( 'NONE',  ( -0.000000000000000000, 0.000000000000000000, 1.000000000000000000 ) ) ;
#8273 = EDGE_CURVE ( 'NONE', #4217, #7023, #4172, .T. ) ;
#8274 = FACE_OUTER_BOUND ( 'NONE', #2685, .T. ) ;
#8275 = EDGE_CURVE ( 'NONE', #720, #1203, #5879, .T. ) ;
#8276 = CARTESIAN_POINT ( 'NONE',  ( -32.00000000000000000, 158.9999999999999716, 24.85323116369660212 ) ) ;
#8277 = CYLINDRICAL_SURFACE ( 'NONE', #98, 5.500000000000000000 ) ;
#8278 = ORIENTED_EDGE ( 'NONE', *, *, #3196, .T. ) ;
#8279 = DIRECTION ( 'NONE',  ( -1.000000000000000000, 0.000000000000000000, 0.000000000000000000 ) ) ;
#8280 = DIRECTION ( 'NONE',  ( 0.000000000000000000, 0.000000000000000000, 1.000000000000000000 ) ) ;
#8281 = ORIENTED_EDGE ( 'NONE', *, *, #5318, .T. ) ;
#8282 =( REPRESENTATION_RELATIONSHIP ('NONE','NONE', #5518, #3457 ) REPRESENTATION_RELATIONSHIP_WITH_TRANSFORMATION ( #1384 )SHAPE_REPRESENTATION_RELATIONSHIP( ) );
#8283 = ADVANCED_FACE ( 'NONE', ( #6656 ), #8924, .F. ) ;
#8284 = DIRECTION ( 'NONE',  ( 0.000000000000000000, 0.000000000000000000, -1.000000000000000000 ) ) ;
#8285 = CARTESIAN_POINT ( 'NONE',  ( -32.00000000000000000, 37.99999999999995737, 35.00000000000000000 ) ) ;
#8286 = FILL_AREA_STYLE ('',( #5288 ) ) ;
#8287 = ORIENTED_EDGE ( 'NONE', *, *, #7121, .F. ) ;
#8288 = CYLINDRICAL_SURFACE ( 'NONE', #9419, 5.500000000000001776 ) ;
#8289 = ORIENTED_EDGE ( 'NONE', *, *, #501, .T. ) ;
#8290 = ORIENTED_EDGE ( 'NONE', *, *, #6754, .F. ) ;
#8291 = CONTEXT_DEPENDENT_SHAPE_REPRESENTATION ( #1956, #9618 ) ;
#8292 = ORIENTED_EDGE ( 'NONE', *, *, #4766, .T. ) ;
#8293 = CARTESIAN_POINT ( 'NONE',  ( 8.000000000000000000, 29.56414504036113655, -12.24586983568300447 ) ) ;
#8294 = DIRECTION ( 'NONE',  ( 0.000000000000000000, 0.000000000000000000, -1.000000000000000000 ) ) ;
#8295 = ADVANCED_FACE ( 'NONE', ( #2182 ), #8178, .F. ) ;
#8296 = ORIENTED_EDGE ( 'NONE', *, *, #9207, .T. ) ;
#8297 = VERTEX_POINT ( 'NONE', #5056 ) ;
#8298 = DIRECTION ( 'NONE',  ( 0.9975410806550453202, 0.07008418085106087048, 0.000000000000000000 ) ) ;
#8299 = CIRCLE ( 'NONE', #3598, 11.20000000000000107 ) ;
#8300 = AXIS2_PLACEMENT_3D ( 'NONE', #4459, #3775, #788 ) ;
#8301 = ITEM_DEFINED_TRANSFORMATION ( 'NONE', 'NONE', #5964,  #6276 ) ;
#8302 = LINE ( 'NONE', #3152, #387 ) ;
#8303 = ORIENTED_EDGE ( 'NONE', *, *, #1209, .T. ) ;
#8304 = DIRECTION ( 'NONE',  ( 0.000000000000000000, 0.000000000000000000, -1.000000000000000000 ) ) ;
#8305 = CYLINDRICAL_SURFACE ( 'NONE', #8196, 35.00000000000000000 ) ;
#8306 = VECTOR ( 'NONE', #7202, 1000.000000000000000 ) ;
#8307 = AXIS2_PLACEMENT_3D ( 'NONE', #497, #3528, #2743 ) ;
#8308 = EDGE_LOOP ( 'NONE', ( #2932, #8551, #2104, #7097 ) ) ;
#8309 = CARTESIAN_POINT ( 'NONE',  ( -50.00000000000000000, -28.00000000000010658, 86.20000000000000284 ) ) ;
#8310 = ADVANCED_FACE ( 'NONE', ( #5969 ), #7350, .F. ) ;
#8311 = CARTESIAN_POINT ( 'NONE',  ( -32.00000000000000711, 164.9578262852211026, 58.19275428407048878 ) ) ;
#8312 = DIRECTION ( 'NONE',  ( 1.000000000000000000, 0.000000000000000000, 0.000000000000000000 ) ) ;
#8313 = AXIS2_PLACEMENT_3D ( 'NONE', #8069, #8025, #666 ) ;
#8314 = CARTESIAN_POINT ( 'NONE',  ( -18.06891022856849105, -20.57544454745023543, 1055.672435442636015 ) ) ;
#8315 = EDGE_LOOP ( 'NONE', ( #8903, #7270, #8435, #3634 ) ) ;
#8316 = AXIS2_PLACEMENT_3D ( 'NONE', #4386, #6602, #2917 ) ;
#8317 = CARTESIAN_POINT ( 'NONE',  ( 8.000000000000000000, -12.24586983568310572, -24.06414504036107616 ) ) ;
#8318 = EDGE_CURVE ( 'NONE', #3491, #2445, #7620, .T. ) ;
#8319 = DIRECTION ( 'NONE',  ( 1.000000000000000000, 0.000000000000000000, 0.000000000000000000 ) ) ;
#8320 = CARTESIAN_POINT ( 'NONE',  ( 1.734723475976807094E-15, 47.99999999999995737, 25.00000000000000711 ) ) ;
#8321 = EDGE_CURVE ( 'NONE', #1045, #9043, #6209, .T. ) ;
#8322 = VECTOR ( 'NONE', #6819, 1000.000000000000000 ) ;
#8323 = DIRECTION ( 'NONE',  ( 1.000000000000000000, 0.000000000000000000, -0.000000000000000000 ) ) ;
#8324 = CARTESIAN_POINT ( 'NONE',  ( 28.99999999999999645, 0.000000000000000000, 100.0000000000000000 ) ) ;
#8325 = AXIS2_PLACEMENT_3D ( 'NONE', #5360, #8361, #1644 ) ;
#8326 = EDGE_LOOP ( 'NONE', ( #136, #955, #6611, #2357, #1923, #6967, #2454 ) ) ;
#8327 = CARTESIAN_POINT ( 'NONE',  ( -85.00000000000001421, 163.9999999999999716, 16.00000000000000000 ) ) ;
#8328 = EDGE_CURVE ( 'NONE', #3572, #5509, #549, .T. ) ;
#8329 = PLANE ( 'NONE',  #5581 ) ;
#8330 = ORIENTED_EDGE ( 'NONE', *, *, #3567, .T. ) ;
#8331 = DIRECTION ( 'NONE',  ( 0.000000000000000000, 0.000000000000000000, 1.000000000000000000 ) ) ;
#8332 = FACE_OUTER_BOUND ( 'NONE', #9040, .T. ) ;
#8333 = CARTESIAN_POINT ( 'NONE',  ( -2.167253955416695632, 33.36612001134376726, 10.14741981803556214 ) ) ;
#8334 = CARTESIAN_POINT ( 'NONE',  ( -38.90446176682628732, 46.99999999999995737, 75.00000000000000000 ) ) ;
#8335 = VERTEX_POINT ( 'NONE', #3571 ) ;
#8336 = CARTESIAN_POINT ( 'NONE',  ( -67.99999999999997158, 25.99999999999995381, 25.00000000000000711 ) ) ;
#8337 = EDGE_CURVE ( 'NONE', #5116, #8013, #9528, .T. ) ;
#8338 = EDGE_LOOP ( 'NONE', ( #9030, #7657, #3397, #7500 ) ) ;
#8339 = ORIENTED_EDGE ( 'NONE', *, *, #6820, .T. ) ;
#8340 =( REPRESENTATION_RELATIONSHIP ('NONE','NONE', #5518, #7329 ) REPRESENTATION_RELATIONSHIP_WITH_TRANSFORMATION ( #4672 )SHAPE_REPRESENTATION_RELATIONSHIP( ) );
#8341 = ORIENTED_EDGE ( 'NONE', *, *, #653, .T. ) ;
#8342 = DIRECTION ( 'NONE',  ( 0.000000000000000000, 0.000000000000000000, -1.000000000000000000 ) ) ;
#8343 = CARTESIAN_POINT ( 'NONE',  ( 0.000000000000000000, 0.000000000000000000, 1.000000000000000000 ) ) ;
#8344 = ORIENTED_EDGE ( 'NONE', *, *, #2441, .F. ) ;
#8345 = VERTEX_POINT ( 'NONE', #7682 ) ;
#8346 = DIRECTION ( 'NONE',  ( -0.000000000000000000, -0.000000000000000000, -1.000000000000000000 ) ) ;
#8347 = EDGE_CURVE ( 'NONE', #5882, #5391, #1554, .T. ) ;
#8348 = CONTEXT_DEPENDENT_SHAPE_REPRESENTATION ( #2634, #9080 ) ;
#8349 = AXIS2_PLACEMENT_3D ( 'NONE', #2547, #5544, #8543 ) ;
#8350 = LINE ( 'NONE', #804, #6802 ) ;
#8351 = EDGE_LOOP ( 'NONE', ( #5587, #4272 ) ) ;
#8352 = CARTESIAN_POINT ( 'NONE',  ( 0.000000000000000000, 0.000000000000000000, 0.000000000000000000 ) ) ;
#8353 = AXIS2_PLACEMENT_3D ( 'NONE', #3894, #8417, #1549 ) ;
#8354 = DIRECTION ( 'NONE',  ( -0.000000000000000000, -0.000000000000000000, -1.000000000000000000 ) ) ;
#8355 = EDGE_LOOP ( 'NONE', ( #787, #3244 ) ) ;
#8356 = AXIS2_PLACEMENT_3D ( 'NONE', #7332, #2775, #6552 ) ;
#8357 = DIRECTION ( 'NONE',  ( -0.000000000000000000, 1.000000000000000000, -0.000000000000000000 ) ) ;
#8358 = AXIS2_PLACEMENT_3D ( 'NONE', #4245, #7240, #2777 ) ;
#8359 = CARTESIAN_POINT ( 'NONE',  ( 0.000000000000000000, 0.000000000000000000, 121.0000000000000142 ) ) ;
#8360 = EDGE_CURVE ( 'NONE', #736, #6816, #3072, .T. ) ;
#8361 = DIRECTION ( 'NONE',  ( -0.2431224835538402240, -2.554121912876065699E-16, 0.9699955968923841265 ) ) ;
#8362 = VERTEX_POINT ( 'NONE', #4588 ) ;
#8363 = CARTESIAN_POINT ( 'NONE',  ( 8.000000000000000000, -12.24586983568247156, 35.06414504036133906 ) ) ;
#8364 = TOROIDAL_SURFACE ( 'NONE', #1323, 5.000000000000000000, 1.000000000000000000 ) ;
#8365 = CARTESIAN_POINT ( 'NONE',  ( -100.0000000000000000, 163.9999999999998579, 10.00000000000000000 ) ) ;
#8366 = FACE_OUTER_BOUND ( 'NONE', #4210, .T. ) ;
#8367 = FACE_BOUND ( 'NONE', #1819, .T. ) ;
#8368 = DIRECTION ( 'NONE',  ( 1.000000000000000000, 0.000000000000000000, 0.000000000000000000 ) ) ;
#8369 = VECTOR ( 'NONE', #8721, 1000.000000000000114 ) ;
#8370 = CARTESIAN_POINT ( 'NONE',  ( -67.99999999999997158, 37.99999999999995737, 75.00000000000000000 ) ) ;
#8371 = AXIS2_PLACEMENT_3D ( 'NONE', #4714, #2648, #3239 ) ;
#8372 = EDGE_CURVE ( 'NONE', #4074, #6138, #9598, .T. ) ;
#8373 = CIRCLE ( 'NONE', #1639, 5.499999999999998224 ) ;
#8374 = ORIENTED_EDGE ( 'NONE', *, *, #7778, .F. ) ;
#8375 = CARTESIAN_POINT ( 'NONE',  ( 10.00000000000000000, -22.62741699796971773, -28.12741699796931272 ) ) ;
#8376 = CARTESIAN_POINT ( 'NONE',  ( 8.000000000000000000, -22.62741699796971773, -22.62741699796931982 ) ) ;
#8377 = ORIENTED_EDGE ( 'NONE', *, *, #3345, .F. ) ;
#8378 =( GEOMETRIC_REPRESENTATION_CONTEXT ( 3 ) GLOBAL_UNCERTAINTY_ASSIGNED_CONTEXT ( ( #6783 ) ) GLOBAL_UNIT_ASSIGNED_CONTEXT ( ( #572, #5714, #615 ) ) REPRESENTATION_CONTEXT ( 'NONE', 'WORKASPACE' ) );
#8379 = DIRECTION ( 'NONE',  ( -1.000000000000000000, 0.000000000000000000, 0.000000000000000000 ) ) ;
#8380 = AXIS2_PLACEMENT_3D ( 'NONE', #4887, #6204, #9210 ) ;
#8381 = FACE_OUTER_BOUND ( 'NONE', #6152, .T. ) ;
#8382 = CARTESIAN_POINT ( 'NONE',  ( 0.000000000000000000, 0.000000000000000000, 35.00000000000000000 ) ) ;
#8383 = DIRECTION ( 'NONE',  ( 0.000000000000000000, 0.000000000000000000, 1.000000000000000000 ) ) ;
#8384 = ORIENTED_EDGE ( 'NONE', *, *, #8616, .T. ) ;
#8385 = EDGE_CURVE ( 'NONE', #5554, #9614, #9038, .T. ) ;
#8386 = FACE_OUTER_BOUND ( 'NONE', #6760, .T. ) ;
#8387 = ORIENTED_EDGE ( 'NONE', *, *, #3814, .F. ) ;
#8388 = EDGE_LOOP ( 'NONE', ( #555, #1678, #9376, #3702 ) ) ;
#8389 = ITEM_DEFINED_TRANSFORMATION ( 'NONE', 'NONE', #2065,  #6276 ) ;
#8390 = AXIS2_PLACEMENT_3D ( 'NONE', #647, #5111, #8188 ) ;
#8391 = EDGE_LOOP ( 'NONE', ( #292, #6343 ) ) ;
#8392 = FACE_BOUND ( 'NONE', #7478, .T. ) ;
#8393 = AXIS2_PLACEMENT_3D ( 'NONE', #3539, #2891, #7223 ) ;
#8394 = CARTESIAN_POINT ( 'NONE',  ( -15.00000000000000000, 158.0108291812380799, 75.00000000000000000 ) ) ;
#8395 = EDGE_LOOP ( 'NONE', ( #8589, #9181, #5800, #3960 ) ) ;
#8396 = ORIENTED_EDGE ( 'NONE', *, *, #1601, .F. ) ;
#8397 = VECTOR ( 'NONE', #1860, 1000.000000000000000 ) ;
#8398 = ORIENTED_EDGE ( 'NONE', *, *, #8923, .T. ) ;
#8399 = FACE_OUTER_BOUND ( 'NONE', #7473, .T. ) ;
#8400 = AXIS2_PLACEMENT_3D ( 'NONE', #6118, #6898, #3861 ) ;
#8401 = LINE ( 'NONE', #7472, #1610 ) ;
#8402 = ORIENTED_EDGE ( 'NONE', *, *, #5439, .F. ) ;
#8403 = CARTESIAN_POINT ( 'NONE',  ( -32.00000000000000000, 157.9999999999999432, 25.00000000000000711 ) ) ;
#8404 = AXIS2_PLACEMENT_3D ( 'NONE', #479, #4744, #7732 ) ;
#8405 = LINE ( 'NONE', #1687, #5692 ) ;
#8406 = VECTOR ( 'NONE', #5730, 1000.000000000000000 ) ;
#8407 = CIRCLE ( 'NONE', #7946, 5.500000000000000000 ) ;
#8408 = EDGE_CURVE ( 'NONE', #9585, #451, #6051, .T. ) ;
#8409 = ORIENTED_EDGE ( 'NONE', *, *, #4457, .T. ) ;
#8410 = CARTESIAN_POINT ( 'NONE',  ( -15.00000000000001421, 180.0000000000000000, 25.00000000000000711 ) ) ;
#8411 = LINE ( 'NONE', #4574, #5394 ) ;
#8412 = DIRECTION ( 'NONE',  ( -4.956352788505163391E-17, -1.000000000000000000, 0.000000000000000000 ) ) ;
#8413 = CARTESIAN_POINT ( 'NONE',  ( 8.000000000000000000, -2.227812499464295040E-13, -26.50000000000000355 ) ) ;
#8414 = DIRECTION ( 'NONE',  ( -0.1541383984086346637, 2.211695793292028817E-16, -0.9880492670590983462 ) ) ;
#8415 = CARTESIAN_POINT ( 'NONE',  ( -100.0000000000000000, 37.99999999999995026, 25.00000000000000711 ) ) ;
#8416 = CARTESIAN_POINT ( 'NONE',  ( -89.67910580021970191, 158.2908074576385502, 14.09703248901362471 ) ) ;
#8417 = DIRECTION ( 'NONE',  ( 1.000000000000000000, 1.734723475976805517E-15, 0.000000000000000000 ) ) ;
#8418 = AXIS2_PLACEMENT_3D ( 'NONE', #8425, #44, #3123 ) ;
#8419 = EDGE_CURVE ( 'NONE', #288, #6920, #131, .T. ) ;
#8420 = CARTESIAN_POINT ( 'NONE',  ( -4.000000000000000000, 0.000000000000000000, 0.000000000000000000 ) ) ;
#8421 = DIRECTION ( 'NONE',  ( 0.000000000000000000, -1.000000000000000000, 6.591949208711860648E-14 ) ) ;
#8422 = DIRECTION ( 'NONE',  ( 0.000000000000000000, 0.000000000000000000, -1.000000000000000000 ) ) ;
#8423 =( NAMED_UNIT ( * ) SI_UNIT ( $, .STERADIAN. ) SOLID_ANGLE_UNIT ( ) );
#8424 = ORIENTED_EDGE ( 'NONE', *, *, #5115, .T. ) ;
#8425 = CARTESIAN_POINT ( 'NONE',  ( 0.000000000000000000, 0.000000000000000000, 16.00000000000000000 ) ) ;
#8426 = FACE_BOUND ( 'NONE', #7496, .T. ) ;
#8427 = CARTESIAN_POINT ( 'NONE',  ( -5.000000000000000000, 6.123233995736766282E-16, 6.000000000000000000 ) ) ;
#8428 = EDGE_CURVE ( 'NONE', #9049, #5167, #2330, .T. ) ;
#8429 = DIRECTION ( 'NONE',  ( 0.000000000000000000, 0.000000000000000000, -1.000000000000000000 ) ) ;
#8430 = CARTESIAN_POINT ( 'NONE',  ( -4.000000000000000000, 0.000000000000000000, 0.000000000000000000 ) ) ;
#8431 = ORIENTED_EDGE ( 'NONE', *, *, #3287, .F. ) ;
#8432 = LINE ( 'NONE', #4604, #6114 ) ;
#8433 = ORIENTED_EDGE ( 'NONE', *, *, #1572, .T. ) ;
#8434 = ORIENTED_EDGE ( 'NONE', *, *, #5035, .F. ) ;
#8435 = ORIENTED_EDGE ( 'NONE', *, *, #3359, .T. ) ;
#8436 = PLANE ( 'NONE',  #8994 ) ;
#8437 = ADVANCED_FACE ( 'NONE', ( #3952 ), #6163, .F. ) ;
#8438 = CARTESIAN_POINT ( 'NONE',  ( -50.00000000000000711, 25.99999999999995737, 75.00000000000000000 ) ) ;
#8439 = ORIENTED_EDGE ( 'NONE', *, *, #9205, .T. ) ;
#8440 = EDGE_CURVE ( 'NONE', #4960, #4266, #1820, .T. ) ;
#8441 = EDGE_LOOP ( 'NONE', ( #4421, #2311, #8931, #3624 ) ) ;
#8442 = EDGE_LOOP ( 'NONE', ( #8092, #8626, #4512, #2593 ) ) ;
#8443 = FACE_OUTER_BOUND ( 'NONE', #8001, .T. ) ;
#8444 = PRODUCT_DEFINITION ( 'UNKNOWN', '', #7234, #5114 ) ;
#8445 = PRODUCT_DEFINITION_SHAPE ( 'NONE', 'NONE',  #9660 ) ;
#8446 = EDGE_LOOP ( 'NONE', ( #5840, #6559, #4162, #5301 ) ) ;
#8447 = CARTESIAN_POINT ( 'NONE',  ( -98.91457804232786089, 164.6864869215068268, 10.02942948634752263 ) ) ;
#8448 = ORIENTED_EDGE ( 'NONE', *, *, #6201, .T. ) ;
#8449 = CARTESIAN_POINT ( 'NONE',  ( 0.000000000000000000, 0.000000000000000000, 35.00000000000000000 ) ) ;
#8450 = EDGE_CURVE ( 'NONE', #8819, #2478, #7307, .T. ) ;
#8451 = AXIS2_PLACEMENT_3D ( 'NONE', #9162, #5368, #3168 ) ;
#8452 = ORIENTED_EDGE ( 'NONE', *, *, #9215, .T. ) ;
#8453 = PLANE ( 'NONE',  #729 ) ;
#8454 = CIRCLE ( 'NONE', #2968, 35.00000000000000000 ) ;
#8455 = VECTOR ( 'NONE', #6200, 1000.000000000000114 ) ;
#8456 = CARTESIAN_POINT ( 'NONE',  ( 17.00000000000000000, 0.000000000000000000, -9.000000000000000000 ) ) ;
#8457 = FACE_OUTER_BOUND ( 'NONE', #7339, .T. ) ;
#8458 = DIRECTION ( 'NONE',  ( 0.3484921755891384199, 6.005183136578010452E-17, -0.9373116896492590389 ) ) ;
#8459 = EDGE_CURVE ( 'NONE', #6573, #8695, #824, .T. ) ;
#8460 = EDGE_CURVE ( 'NONE', #1268, #2636, #1508, .T. ) ;
#8461 = DIRECTION ( 'NONE',  ( 1.000000000000000000, 0.000000000000000000, 0.000000000000000000 ) ) ;
#8462 = CARTESIAN_POINT ( 'NONE',  ( -100.0000000000000000, 25.99999999999995737, 16.00000000000000000 ) ) ;
#8463 = CARTESIAN_POINT ( 'NONE',  ( -20.00000000000000000, 0.000000000000000000, 0.000000000000000000 ) ) ;
#8464 = VECTOR ( 'NONE', #2049, 1000.000000000000114 ) ;
#8465 = VECTOR ( 'NONE', #7057, 1000.000000000000000 ) ;
#8466 = VECTOR ( 'NONE', #5920, 1000.000000000000114 ) ;
#8467 = CARTESIAN_POINT ( 'NONE',  ( -85.00023674516198469, 157.9999999999999432, 24.90241926521933635 ) ) ;
#8468 = LINE ( 'NONE', #4743, #6888 ) ;
#8469 =( REPRESENTATION_RELATIONSHIP ('NONE','NONE', #5518, #3457 ) REPRESENTATION_RELATIONSHIP_WITH_TRANSFORMATION ( #3823 )SHAPE_REPRESENTATION_RELATIONSHIP( ) );
#8470 = CARTESIAN_POINT ( 'NONE',  ( -85.00000000000000000, 157.9999999999999716, 65.00000000000000000 ) ) ;
#8471 =( NAMED_UNIT ( * ) PLANE_ANGLE_UNIT ( ) SI_UNIT ( $, .RADIAN. ) );
#8472 = ORIENTED_EDGE ( 'NONE', *, *, #1603, .T. ) ;
#8473 = ADVANCED_FACE ( 'NONE', ( #3806 ), #8277, .F. ) ;
#8474 = LINE ( 'NONE', #5282, #4985 ) ;
#8475 = CARTESIAN_POINT ( 'NONE',  ( -32.00000000000000000, 0.000000000000000000, 0.000000000000000000 ) ) ;
#8476 = AXIS2_PLACEMENT_3D ( 'NONE', #6733, #1537, #5948 ) ;
#8477 = AXIS2_PLACEMENT_3D ( 'NONE', #2088, #7382, #671 ) ;
#8478 = CARTESIAN_POINT ( 'NONE',  ( 8.000000000000000000, -1.399880114079982575E-13, -19.99999999999995026 ) ) ;
#8479 = ORIENTED_EDGE ( 'NONE', *, *, #7302, .T. ) ;
#8480 = AXIS2_PLACEMENT_3D ( 'NONE', #1545, #7672, #966 ) ;
#8481 = CARTESIAN_POINT ( 'NONE',  ( -85.00000000000022737, 168.9999999999999716, 75.14676883630389170 ) ) ;
#8482 = CARTESIAN_POINT ( 'NONE',  ( 8.000000000000000000, 8.499999999999952038, 5.499999999999969802 ) ) ;
#8483 = DIRECTION ( 'NONE',  ( 1.000000000000000000, 0.000000000000000000, 0.000000000000000000 ) ) ;
#8484 = VERTEX_POINT ( 'NONE', #7586 ) ;
#8485 = FACE_OUTER_BOUND ( 'NONE', #2350, .T. ) ;
#8486 = ORIENTED_EDGE ( 'NONE', *, *, #1200, .F. ) ;
#8487 = EDGE_CURVE ( 'NONE', #5548, #780, #6212, .T. ) ;
#8488 = ORIENTED_EDGE ( 'NONE', *, *, #4590, .T. ) ;
#8489 = EDGE_LOOP ( 'NONE', ( #3039, #5756 ) ) ;
#8490 = FACE_OUTER_BOUND ( 'NONE', #1417, .T. ) ;
#8491 = AXIS2_PLACEMENT_3D ( 'NONE', #9033, #1420, #4408 ) ;
#8492 = CARTESIAN_POINT ( 'NONE',  ( 8.000000000000000000, -3.477039065829496377E-16, 13.99999999999995204 ) ) ;
#8493 = ORIENTED_EDGE ( 'NONE', *, *, #8028, .T. ) ;
#8494 = EDGE_LOOP ( 'NONE', ( #7764, #9388 ) ) ;
#8495 = VECTOR ( 'NONE', #2131, 1000.000000000000000 ) ;
#8496 = ORIENTED_EDGE ( 'NONE', *, *, #7242, .F. ) ;
#8497 = CARTESIAN_POINT ( 'NONE',  ( 8.000000000000000000, -29.56414504036104773, 12.24586983568319454 ) ) ;
#8498 = UNCERTAINTY_MEASURE_WITH_UNIT (LENGTH_MEASURE( 1.000000000000000082E-05 ), #9059, 'distance_accuracy_value', 'NONE');
#8499 = ADVANCED_FACE ( 'NONE', ( #5323 ), #3898, .T. ) ;
#8500 = CONTEXT_DEPENDENT_SHAPE_REPRESENTATION ( #3639, #1017 ) ;
#8501 = ADVANCED_FACE ( 'NONE', ( #181 ), #4482, .T. ) ;
#8502 = VERTEX_POINT ( 'NONE', #3024 ) ;
#8503 = DIRECTION ( 'NONE',  ( 0.000000000000000000, 0.000000000000000000, -1.000000000000000000 ) ) ;
#8504 = ORIENTED_EDGE ( 'NONE', *, *, #2750, .T. ) ;
#8505 = DIRECTION ( 'NONE',  ( 1.000000000000000000, 0.000000000000000000, 0.000000000000000000 ) ) ;
#8506 = STYLED_ITEM ( 'NONE', ( #7625 ), #1056 ) ;
#8507 = EDGE_LOOP ( 'NONE', ( #6570, #4778 ) ) ;
#8508 = DIRECTION ( 'NONE',  ( 0.000000000000000000, 1.000000000000000000, 0.000000000000000000 ) ) ;
#8509 = CARTESIAN_POINT ( 'NONE',  ( -32.00000000000000000, 25.99999999999995381, 25.00000000000000711 ) ) ;
#8510 = LINE ( 'NONE', #7877, #8455 ) ;
#8511 = ADVANCED_FACE ( 'NONE', ( #8225 ), #6018, .T. ) ;
#8512 = DIRECTION ( 'NONE',  ( 0.9110672610037361396, 1.778506657260725315E-16, -0.4122577421069864023 ) ) ;
#8513 = DIRECTION ( 'NONE',  ( 0.000000000000000000, 0.000000000000000000, -1.000000000000000000 ) ) ;
#8514 = FACE_OUTER_BOUND ( 'NONE', #6148, .T. ) ;
#8515 = PLANE ( 'NONE',  #5226 ) ;
#8516 = VECTOR ( 'NONE', #4991, 1000.000000000000227 ) ;
#8517 = CIRCLE ( 'NONE', #6940, 4.049999999999999822 ) ;
#8518 = CARTESIAN_POINT ( 'NONE',  ( -30.00000000000000000, 0.000000000000000000, 100.0000000000000000 ) ) ;
#8519 = DIRECTION ( 'NONE',  ( -0.000000000000000000, 1.000000000000000000, -0.000000000000000000 ) ) ;
#8520 = DIRECTION ( 'NONE',  ( 0.000000000000000000, 0.000000000000000000, -1.000000000000000000 ) ) ;
#8521 = CARTESIAN_POINT ( 'NONE',  ( -23.21140459226323216, -60.11156809781058286, 1075.000000000007276 ) ) ;
#8522 = VECTOR ( 'NONE', #8900, 1000.000000000000000 ) ;
#8523 = ORIENTED_EDGE ( 'NONE', *, *, #2632, .T. ) ;
#8524 = CARTESIAN_POINT ( 'NONE',  ( -85.00000000000000000, 0.9999999999999574785, 25.00000000000000711 ) ) ;
#8525 = FACE_OUTER_BOUND ( 'NONE', #5650, .T. ) ;
#8526 = APPLICATION_CONTEXT ( 'automotive_design' ) ;
#8527 = DIRECTION ( 'NONE',  ( -1.000000000000000000, 0.000000000000000000, 0.000000000000000000 ) ) ;
#8528 = VERTEX_POINT ( 'NONE', #6993 ) ;
#8529 = VECTOR ( 'NONE', #351, 1000.000000000000114 ) ;
#8530 = EDGE_CURVE ( 'NONE', #2799, #6624, #1165, .T. ) ;
#8531 = CARTESIAN_POINT ( 'NONE',  ( 8.000000000000000000, 14.14213562373084088, -14.14213562373098831 ) ) ;
#8532 = DIRECTION ( 'NONE',  ( -1.000000000000000000, 0.000000000000000000, 0.000000000000000000 ) ) ;
#8533 = CARTESIAN_POINT ( 'NONE',  ( 8.000000000000000000, -19.99999999999994671, 2.098176381848607732E-13 ) ) ;
#8534 = ORIENTED_EDGE ( 'NONE', *, *, #2315, .F. ) ;
#8535 = PRODUCT_DEFINITION_SHAPE ( 'NONE', 'NONE',  #9689 ) ;
#8536 = PLANE ( 'NONE',  #8950 ) ;
#8537 = ORIENTED_EDGE ( 'NONE', *, *, #639, .F. ) ;
#8538 = ORIENTED_EDGE ( 'NONE', *, *, #5257, .F. ) ;
#8539 = AXIS2_PLACEMENT_3D ( 'NONE', #2865, #5171, #8074 ) ;
#8540 = VERTEX_POINT ( 'NONE', #8623 ) ;
#8541 = PLANE ( 'NONE',  #3181 ) ;
#8542 = CIRCLE ( 'NONE', #4308, 5.500000000000000000 ) ;
#8543 = DIRECTION ( 'NONE',  ( 0.000000000000000000, 0.000000000000000000, 1.000000000000000000 ) ) ;
#8544 = ORIENTED_EDGE ( 'NONE', *, *, #8561, .T. ) ;
#8545 = EDGE_CURVE ( 'NONE', #6330, #4663, #4943, .T. ) ;
#8546 = ORIENTED_EDGE ( 'NONE', *, *, #9051, .F. ) ;
#8547 = DIRECTION ( 'NONE',  ( 0.000000000000000000, 0.000000000000000000, -1.000000000000000000 ) ) ;
#8548 = ORIENTED_EDGE ( 'NONE', *, *, #2646, .T. ) ;
#8549 = DIRECTION ( 'NONE',  ( 0.000000000000000000, -1.000000000000000000, 0.000000000000000000 ) ) ;
#8550 = CIRCLE ( 'NONE', #1194, 35.00000000000000000 ) ;
#8551 = ORIENTED_EDGE ( 'NONE', *, *, #1616, .F. ) ;
#8552 = EDGE_LOOP ( 'NONE', ( #7509, #2945, #1904, #3327 ) ) ;
#8553 = DIRECTION ( 'NONE',  ( 0.000000000000000000, 1.000000000000000000, 0.000000000000000000 ) ) ;
#8554 = ORIENTED_EDGE ( 'NONE', *, *, #1093, .T. ) ;
#8555 = CARTESIAN_POINT ( 'NONE',  ( -15.00000000000001421, 169.9578262852211310, 25.14057904926285758 ) ) ;
#8556 = AXIS2_PLACEMENT_3D ( 'NONE', #678, #7303, #6704 ) ;
#8557 = ORIENTED_EDGE ( 'NONE', *, *, #6545, .F. ) ;
#8558 = CARTESIAN_POINT ( 'NONE',  ( -32.00000000000000711, 165.5440306508910169, 50.00000000000000000 ) ) ;
#8560 = SURFACE_SIDE_STYLE ('',( #7972 ) ) ;
#8559 = AXIS2_PLACEMENT_3D ( 'NONE', #3399, #3290, #1823 ) ;
#8561 = EDGE_CURVE ( 'NONE', #3727, #7748, #2576, .T. ) ;
#8562 = CARTESIAN_POINT ( 'NONE',  ( -2.167348164006994704, 162.6338210881147290, 10.14743374812239729 ) ) ;
#8563 = DIRECTION ( 'NONE',  ( -4.956352788505163391E-17, -1.000000000000000000, 0.000000000000000000 ) ) ;
#8564 = CARTESIAN_POINT ( 'NONE',  ( -54.70050403954162732, 39.69838535254829992, 1069.304684732216629 ) ) ;
#8565 = VECTOR ( 'NONE', #5429, 1000.000000000000000 ) ;
#8566 = DIRECTION ( 'NONE',  ( 1.000000000000000000, 0.000000000000000000, 0.000000000000000000 ) ) ;
#8567 = CIRCLE ( 'NONE', #4477, 25.00000000000000000 ) ;
#8568 = DIRECTION ( 'NONE',  ( 0.000000000000000000, 0.000000000000000000, 1.000000000000000000 ) ) ;
#8569 = PLANE ( 'NONE',  #6946 ) ;
#8570 = ADVANCED_FACE ( 'NONE', ( #1898 ), #6305, .F. ) ;
#8571 = EDGE_CURVE ( 'NONE', #7967, #6972, #378, .T. ) ;
#8572 = DIRECTION ( 'NONE',  ( 0.000000000000000000, 0.000000000000000000, -1.000000000000000000 ) ) ;
#8573 = DIRECTION ( 'NONE',  ( 4.956352788505163391E-17, 1.000000000000000000, 0.000000000000000000 ) ) ;
#8574 = CIRCLE ( 'NONE', #896, 1.000000000000000888 ) ;
#8575 = CARTESIAN_POINT ( 'NONE',  ( -84.99999999999997158, 31.99999999999995737, 45.00000000000002842 ) ) ;
#8576 = AXIS2_PLACEMENT_3D ( 'NONE', #7279, #1609, #2767 ) ;
#8577 =( NAMED_UNIT ( * ) PLANE_ANGLE_UNIT ( ) SI_UNIT ( $, .RADIAN. ) );
#8578 = VERTEX_POINT ( 'NONE', #5620 ) ;
#8579 = DIRECTION ( 'NONE',  ( 0.000000000000000000, 0.000000000000000000, -1.000000000000000000 ) ) ;
#8580 = DIRECTION ( 'NONE',  ( 0.000000000000000000, 0.000000000000000000, 1.000000000000000000 ) ) ;
#8581 = EDGE_CURVE ( 'NONE', #9299, #7689, #4104, .T. ) ;
#8582 = EDGE_CURVE ( 'NONE', #1701, #2755, #1850, .T. ) ;
#8583 = CARTESIAN_POINT ( 'NONE',  ( -4.000000000000000000, 0.000000000000000000, 0.000000000000000000 ) ) ;
#8584 = ORIENTED_EDGE ( 'NONE', *, *, #1931, .F. ) ;
#8585 = AXIS2_PLACEMENT_3D ( 'NONE', #5877, #7347, #4352 ) ;
#8586 = CARTESIAN_POINT ( 'NONE',  ( -67.99999999999995737, 169.9999999999999716, 65.00000000000000000 ) ) ;
#8587 = CARTESIAN_POINT ( 'NONE',  ( -50.00000000000000000, -28.00000000000010658, 75.00000000000000000 ) ) ;
#8588 = CARTESIAN_POINT ( 'NONE',  ( -85.00000000000001421, 169.9999999999999716, 110.0000000000000000 ) ) ;
#8589 = ORIENTED_EDGE ( 'NONE', *, *, #4980, .F. ) ;
#8590 = DIRECTION ( 'NONE',  ( 1.000000000000000000, 0.000000000000000000, 0.000000000000000000 ) ) ;
#8591 = ORIENTED_EDGE ( 'NONE', *, *, #7860, .F. ) ;
#8592 = ORIENTED_EDGE ( 'NONE', *, *, #1969, .F. ) ;
#8593 = CARTESIAN_POINT ( 'NONE',  ( 2.249999999999845901, -22.00000000000000000, 101.0000000000000000 ) ) ;
#8594 = EDGE_CURVE ( 'NONE', #3171, #1594, #256, .T. ) ;
#8595 = VERTEX_POINT ( 'NONE', #3421 ) ;
#8596 =( BOUNDED_CURVE ( )  B_SPLINE_CURVE ( 3, ( #6369, #6269, #5003, #7098 ),
 .UNSPECIFIED., .F., .F. ) 
 B_SPLINE_CURVE_WITH_KNOTS ( ( 4, 4 ),
 ( 1.570796326794896780, 3.141592653589793116 ),
 .UNSPECIFIED. ) 
 CURVE ( )  GEOMETRIC_REPRESENTATION_ITEM ( )  RATIONAL_B_SPLINE_CURVE ( ( 1.000000000000000000, 0.8047378541243650485, 0.8047378541243650485, 1.000000000000000000 ) ) 
 REPRESENTATION_ITEM ( '' )  );
#8597 = FACE_OUTER_BOUND ( 'NONE', #3025, .T. ) ;
#8598 = DIRECTION ( 'NONE',  ( 1.000000000000000000, -0.000000000000000000, -0.000000000000000000 ) ) ;
#8599 = EDGE_LOOP ( 'NONE', ( #7715, #308 ) ) ;
#8600 = ORIENTED_EDGE ( 'NONE', *, *, #6768, .F. ) ;
#8601 = VERTEX_POINT ( 'NONE', #9263 ) ;
#8602 = FACE_OUTER_BOUND ( 'NONE', #3091, .T. ) ;
#8603 = ITEM_DEFINED_TRANSFORMATION ( 'NONE', 'NONE', #9433,  #6276 ) ;
#8604 = EDGE_CURVE ( 'NONE', #2795, #8335, #8094, .T. ) ;
#8605 = ORIENTED_EDGE ( 'NONE', *, *, #619, .F. ) ;
#8606 = CARTESIAN_POINT ( 'NONE',  ( 24.24999999999999645, -7.681258945454893382E-14, 92.00000000000001421 ) ) ;
#8607 = CARTESIAN_POINT ( 'NONE',  ( 8.000000000000000000, 32.00000000000000000, -1.117274028429802674E-13 ) ) ;
#8608 =( REPRESENTATION_RELATIONSHIP ('NONE','NONE', #5518, #3457 ) REPRESENTATION_RELATIONSHIP_WITH_TRANSFORMATION ( #5200 )SHAPE_REPRESENTATION_RELATIONSHIP( ) );
#8609 = ADVANCED_BREP_SHAPE_REPRESENTATION ( '', ( #4305, #6276 ), #5040 ) ;
#8610 = ORIENTED_EDGE ( 'NONE', *, *, #2376, .T. ) ;
#8611 = FACE_BOUND ( 'NONE', #8786, .T. ) ;
#8612 = FILL_AREA_STYLE ('',( #2516 ) ) ;
#8613 = LINE ( 'NONE', #7078, #6652 ) ;
#8614 = CYLINDRICAL_SURFACE ( 'NONE', #7042, 9.999999999999994671 ) ;
#8615 = CARTESIAN_POINT ( 'NONE',  ( -3.530717437718600138, 39.69838535254830703, 1078.559572042376203 ) ) ;
#8616 = EDGE_CURVE ( 'NONE', #2343, #2208, #427, .T. ) ;
#8617 = DIRECTION ( 'NONE',  ( 1.000000000000000000, -0.000000000000000000, -0.000000000000000000 ) ) ;
#8618 = DIRECTION ( 'NONE',  ( 0.000000000000000000, 0.000000000000000000, 1.000000000000000000 ) ) ;
#8619 = FACE_OUTER_BOUND ( 'NONE', #4922, .T. ) ;
#8620 = PRODUCT_DEFINITION_SHAPE ( 'NONE', 'NONE',  #9694 ) ;
#8621 = CARTESIAN_POINT ( 'NONE',  ( -97.83265183599300485, 33.36617891188513596, 10.14743374812239729 ) ) ;
#8622 = SURFACE_STYLE_USAGE ( .BOTH. , #281 ) ;
#8623 = CARTESIAN_POINT ( 'NONE',  ( 8.000000000000000000, 12.24586983568289789, 24.06414504036117563 ) ) ;
#8624 = SHAPE_REPRESENTATION_RELATIONSHIP ( 'NONE' , 'NONE' ,  #7329, #4616 ) ;
#8625 = ADVANCED_FACE ( 'NONE', ( #1118 ), #3395, .T. ) ;
#8626 = ORIENTED_EDGE ( 'NONE', *, *, #3357, .F. ) ;
#8627 = ITEM_DEFINED_TRANSFORMATION ( 'NONE', 'NONE', #2686,  #6276 ) ;
#8628 = DIRECTION ( 'NONE',  ( 0.000000000000000000, 0.000000000000000000, -1.000000000000000000 ) ) ;
#8629 = EDGE_CURVE ( 'NONE', #3402, #5687, #7885, .T. ) ;
#8630 = DIRECTION ( 'NONE',  ( 1.000000000000000000, -0.000000000000000000, -0.000000000000000000 ) ) ;
#8631 = CARTESIAN_POINT ( 'NONE',  ( 10.00000000000000000, -29.56414504036104773, 6.745869835683193649 ) ) ;
#8632 = VERTEX_POINT ( 'NONE', #8470 ) ;
#8633 = AXIS2_PLACEMENT_3D ( 'NONE', #5633, #6524, #1810 ) ;
#8634 = CARTESIAN_POINT ( 'NONE',  ( -7.416805122292831065, 168.4434525633401449, 11.94872402954782764 ) ) ;
#8635 = CARTESIAN_POINT ( 'NONE',  ( 8.000000000000000000, 12.24586983568269183, -24.06414504036125734 ) ) ;
#8636 = DIRECTION ( 'NONE',  ( 0.000000000000000000, -0.2873478855663456066, 0.9578262852211513190 ) ) ;
#8637 = EDGE_LOOP ( 'NONE', ( #9223, #7517 ) ) ;
#8638 = CARTESIAN_POINT ( 'NONE',  ( -85.00000000000000000, 62.99999999999995737, 25.00000000000000711 ) ) ;
#8639 = LINE ( 'NONE', #4066, #8465 ) ;
#8640 = EDGE_CURVE ( 'NONE', #8901, #6444, #2915, .T. ) ;
#8641 = ORIENTED_EDGE ( 'NONE', *, *, #5895, .F. ) ;
#8642 = AXIS2_PLACEMENT_3D ( 'NONE', #529, #8157, #1395 ) ;
#8643 = ORIENTED_EDGE ( 'NONE', *, *, #8408, .T. ) ;
#8644 = DIRECTION ( 'NONE',  ( 1.000000000000000000, 0.000000000000000000, 0.000000000000000000 ) ) ;
#8645 = VERTEX_POINT ( 'NONE', #7088 ) ;
#8646 = CARTESIAN_POINT ( 'NONE',  ( 8.000000000000000000, -1.399880114079982575E-13, -19.99999999999995026 ) ) ;
#8647 = DIRECTION ( 'NONE',  ( 1.000000000000000000, 0.000000000000000000, 0.000000000000000000 ) ) ;
#8648 = VERTEX_POINT ( 'NONE', #8575 ) ;
#8649 = CARTESIAN_POINT ( 'NONE',  ( 0.000000000000000000, 0.000000000000000000, 6.000000000000000000 ) ) ;
#8650 = ORIENTED_EDGE ( 'NONE', *, *, #8668, .F. ) ;
#8651 = CARTESIAN_POINT ( 'NONE',  ( -32.00000000000000000, 31.99999999999994671, 45.00000000000003553 ) ) ;
#8652 = AXIS2_PLACEMENT_3D ( 'NONE', #321, #1210, #3997 ) ;
#8653 = EDGE_LOOP ( 'NONE', ( #2705, #1835 ) ) ;
#8654 = VECTOR ( 'NONE', #2986, 1000.000000000000227 ) ;
#8655 = ORIENTED_EDGE ( 'NONE', *, *, #1422, .T. ) ;
#8656 = DIRECTION ( 'NONE',  ( 1.000000000000000000, -0.000000000000000000, -0.000000000000000000 ) ) ;
#8657 = ORIENTED_EDGE ( 'NONE', *, *, #9132, .T. ) ;
#8658 = DIRECTION ( 'NONE',  ( 1.661563742880786749E-15, -0.9578262852211513190, -0.2873478855663457732 ) ) ;
#8659 = CARTESIAN_POINT ( 'NONE',  ( 10.00000000000000000, -8.499999999999952038, 5.500000000000089706 ) ) ;
#8660 = EDGE_CURVE ( 'NONE', #6444, #8901, #6679, .T. ) ;
#8661 = CARTESIAN_POINT ( 'NONE',  ( -0.5423947572333400746, 163.6569595576688982, 10.00000000000000711 ) ) ;
#8662 = CARTESIAN_POINT ( 'NONE',  ( -85.00000000000000000, 37.99999999999995026, 110.0000000000000000 ) ) ;
#8663 = DIRECTION ( 'NONE',  ( 0.4163582712868742486, -3.686688269456039853E-16, 0.9092006323859467276 ) ) ;
#8664 = DIRECTION ( 'NONE',  ( 0.000000000000000000, -1.000000000000000000, 0.000000000000000000 ) ) ;
#8665 = CARTESIAN_POINT ( 'NONE',  ( -67.99999999999995737, 165.5862043656698575, 50.28734788556635493 ) ) ;
#8666 = FACE_OUTER_BOUND ( 'NONE', #8351, .T. ) ;
#8667 = CARTESIAN_POINT ( 'NONE',  ( -88.00000000000001421, 37.99999999999995026, 16.00000000000000000 ) ) ;
#8668 = EDGE_CURVE ( 'NONE', #2660, #6715, #1021, .T. ) ;
#8669 = FILL_AREA_STYLE ('',( #7829 ) ) ;
#8670 = DIRECTION ( 'NONE',  ( 1.000000000000000000, 0.000000000000000000, 0.000000000000000000 ) ) ;
#8671 = EDGE_LOOP ( 'NONE', ( #2852, #4280, #3740, #4167 ) ) ;
#8672 = CARTESIAN_POINT ( 'NONE',  ( -100.0000000000000000, 0.000000000000000000, 10.00000000000000000 ) ) ;
#8673 = AXIS2_PLACEMENT_3D ( 'NONE', #6734, #25, #3009 ) ;
#8674 = DIRECTION ( 'NONE',  ( 0.000000000000000000, -0.9578262852211514300, 0.2873478855663456621 ) ) ;
#8675 = CIRCLE ( 'NONE', #542, 5.499999999999998224 ) ;
#8676 = AXIS2_PLACEMENT_3D ( 'NONE', #2481, #3865, #9272 ) ;
#8677 = CARTESIAN_POINT ( 'NONE',  ( -50.00000000000025580, 6.938893903907257408E-14, 75.00000000000000000 ) ) ;
#8678 = VERTEX_POINT ( 'NONE', #282 ) ;
#8679 = CARTESIAN_POINT ( 'NONE',  ( 0.000000000000000000, 163.9999999999998579, 10.00000000000000000 ) ) ;
#8680 = CARTESIAN_POINT ( 'NONE',  ( -15.00000000000000000, 37.99999999999995737, 25.00000000000000711 ) ) ;
#8681 = AXIS2_PLACEMENT_3D ( 'NONE', #8343, #2204, #7463 ) ;
#8682 = EDGE_CURVE ( 'NONE', #6038, #5652, #7039, .T. ) ;
#8683 = CARTESIAN_POINT ( 'NONE',  ( -49.99999999999999289, 46.99999999999995737, 75.00000000000000000 ) ) ;
#8684 = VERTEX_POINT ( 'NONE', #2867 ) ;
#8686 = AXIS2_PLACEMENT_3D ( 'NONE', #4192, #3450, #7971 ) ;
#8685 = DIRECTION ( 'NONE',  ( -3.323127485761577049E-16, 0.2873478855663457177, -0.9578262852211512079 ) ) ;
#8687 = EDGE_LOOP ( 'NONE', ( #3377, #1087 ) ) ;
#8688 = ORIENTED_EDGE ( 'NONE', *, *, #5091, .T. ) ;
#8689 = FACE_OUTER_BOUND ( 'NONE', #6025, .T. ) ;
#8690 = VERTEX_POINT ( 'NONE', #6643 ) ;
#8691 = AXIS2_PLACEMENT_3D ( 'NONE', #3142, #2352, #1622 ) ;
#8692 = DIRECTION ( 'NONE',  ( -1.000000000000000000, -1.972152263052529076E-31, -5.782411586589345411E-15 ) ) ;
#8693 = DIRECTION ( 'NONE',  ( 0.000000000000000000, -0.000000000000000000, 1.000000000000000000 ) ) ;
#8694 = EDGE_CURVE ( 'NONE', #2163, #9605, #5821, .T. ) ;
#8695 = VERTEX_POINT ( 'NONE', #4433 ) ;
#8696 = PLANE ( 'NONE',  #1803 ) ;
#8697 = EDGE_LOOP ( 'NONE', ( #4856, #8011, #9331, #9282 ) ) ;
#8698 = PLANE ( 'NONE',  #9345 ) ;
#8699 = CIRCLE ( 'NONE', #3672, 5.499999999999998224 ) ;
#8700 = ORIENTED_EDGE ( 'NONE', *, *, #5596, .T. ) ;
#8701 = CONTEXT_DEPENDENT_SHAPE_REPRESENTATION ( #8980, #4772 ) ;
#8702 = VECTOR ( 'NONE', #6395, 1000.000000000000000 ) ;
#8703 = ORIENTED_EDGE ( 'NONE', *, *, #5861, .T. ) ;
#8704 = DIRECTION ( 'NONE',  ( 0.000000000000000000, 0.000000000000000000, 1.000000000000000000 ) ) ;
#8705 = DIRECTION ( 'NONE',  ( -1.000000000000000000, 0.000000000000000000, 0.000000000000000000 ) ) ;
#8706 = EDGE_CURVE ( 'NONE', #8690, #1863, #6984, .T. ) ;
#8707 = AXIS2_PLACEMENT_3D ( 'NONE', #7772, #1061, #7029 ) ;
#8708 = EDGE_LOOP ( 'NONE', ( #8700, #5361, #5600, #931 ) ) ;
#8709 = CYLINDRICAL_SURFACE ( 'NONE', #7521, 5.499999999999998224 ) ;
#8710 = DIRECTION ( 'NONE',  ( 1.000000000000000000, 0.000000000000000000, 0.000000000000000000 ) ) ;
#8711 = DIRECTION ( 'NONE',  ( 0.000000000000000000, -0.000000000000000000, 1.000000000000000000 ) ) ;
#8712 = CARTESIAN_POINT ( 'NONE',  ( -84.99999999999997158, 25.99999999999995381, 65.00000000000000000 ) ) ;
#8713 = SHAPE_DEFINITION_REPRESENTATION ( #6716, #1313 ) ;
#8714 = CYLINDRICAL_SURFACE ( 'NONE', #8313, 5.499999999999994671 ) ;
#8715 = VECTOR ( 'NONE', #7348, 1000.000000000000000 ) ;
#8716 = LINE ( 'NONE', #6353, #8516 ) ;
#8717 = CARTESIAN_POINT ( 'NONE',  ( 10.00000000000000000, 32.00000000000000000, -1.117274028429802674E-13 ) ) ;
#8718 = ADVANCED_FACE ( 'NONE', ( #4295 ), #8769, .F. ) ;
#8719 = VECTOR ( 'NONE', #3880, 1000.000000000000000 ) ;
#8720 = CARTESIAN_POINT ( 'NONE',  ( -88.38870642027281121, 37.99999999999995737, 15.48172477296957616 ) ) ;
#8721 = DIRECTION ( 'NONE',  ( 3.323127485761576556E-16, -0.2873478855663457177, 0.9578262852211512079 ) ) ;
#8722 = CIRCLE ( 'NONE', #2908, 10.00000000000000888 ) ;
#8723 = DIRECTION ( 'NONE',  ( -0.000000000000000000, -0.000000000000000000, -1.000000000000000000 ) ) ;
#8724 = CARTESIAN_POINT ( 'NONE',  ( -23.21140459226250030, 70.38843190218568679, 1075.000000000007731 ) ) ;
#8725 = CIRCLE ( 'NONE', #5118, 5.500000000000000888 ) ;
#8726 = APPLICATION_CONTEXT ( 'automotive_design' ) ;
#8727 = ORIENTED_EDGE ( 'NONE', *, *, #7174, .T. ) ;
#8728 = LINE ( 'NONE', #584, #8464 ) ;
#8729 = CARTESIAN_POINT ( 'NONE',  ( 8.000000000000000000, -5.766036737468789654E-14, -2.999999999999952482 ) ) ;
#8730 = EDGE_CURVE ( 'NONE', #6081, #4660, #7291, .T. ) ;
#8731 = AXIS2_PLACEMENT_3D ( 'NONE', #8324, #9216, #3759 ) ;
#8732 = VECTOR ( 'NONE', #3518, 1000.000000000000000 ) ;
#8733 = CARTESIAN_POINT ( 'NONE',  ( 0.000000000000000000, 0.000000000000000000, 0.000000000000000000 ) ) ;
#8734 = ORIENTED_EDGE ( 'NONE', *, *, #7111, .F. ) ;
#8735 = CARTESIAN_POINT ( 'NONE',  ( 0.000000000000000000, 0.000000000000000000, 15.00000000000000000 ) ) ;
#8736 = ADVANCED_BREP_SHAPE_REPRESENTATION ( '', ( #4959, #8052, #4276, #1281, #6276 ), #6597 ) ;
#8737 = DIRECTION ( 'NONE',  ( 0.000000000000000000, -0.000000000000000000, 1.000000000000000000 ) ) ;
#8738 = EDGE_LOOP ( 'NONE', ( #8943, #6266 ) ) ;
#8739 = CARTESIAN_POINT ( 'NONE',  ( 0.000000000000000000, 0.000000000000000000, 35.00000000000000000 ) ) ;
#8740 = VERTEX_POINT ( 'NONE', #2087 ) ;
#8741 = AXIS2_PLACEMENT_3D ( 'NONE', #7217, #507, #7170 ) ;
#8742 = DIRECTION ( 'NONE',  ( 1.000000000000000000, -0.000000000000000000, -0.000000000000000000 ) ) ;
#8743 = ORIENTED_EDGE ( 'NONE', *, *, #2255, .F. ) ;
#8744 = CIRCLE ( 'NONE', #437, 5.500000000000000888 ) ;
#8745 = CYLINDRICAL_SURFACE ( 'NONE', #597, 2.249999999999999556 ) ;
#8746 = ORIENTED_EDGE ( 'NONE', *, *, #7634, .T. ) ;
#8747 = DIRECTION ( 'NONE',  ( 0.000000000000000000, 1.000000000000000000, 0.000000000000000000 ) ) ;
#8748 = VERTEX_POINT ( 'NONE', #5087 ) ;
#8749 = FACE_OUTER_BOUND ( 'NONE', #6232, .T. ) ;
#8750 = ORIENTED_EDGE ( 'NONE', *, *, #7980, .T. ) ;
#8751 = EDGE_CURVE ( 'NONE', #2449, #2549, #7246, .T. ) ;
#8752 = ORIENTED_EDGE ( 'NONE', *, *, #3524, .F. ) ;
#8753 = CARTESIAN_POINT ( 'NONE',  ( -85.00000000000000000, 147.9999999999999716, 25.00000000000000711 ) ) ;
#8754 = ADVANCED_FACE ( 'NONE', ( #3602 ), #6556, .T. ) ;
#8755 = CARTESIAN_POINT ( 'NONE',  ( -85.00071805356371613, 169.9999999999999716, 24.85323116369650265 ) ) ;
#8756 = VERTEX_POINT ( 'NONE', #7982 ) ;
#8757 = CARTESIAN_POINT ( 'NONE',  ( 8.000000000000000000, -1.399880114079982575E-13, -25.49999999999995381 ) ) ;
#8758 = CARTESIAN_POINT ( 'NONE',  ( -1.355801258341402971, 32.85634554080832004, 10.05892122736386973 ) ) ;
#8759 = CARTESIAN_POINT ( 'NONE',  ( -94.54713867732832000, 185.5868521576464332, 11.02165733542183546 ) ) ;
#8760 = CARTESIAN_POINT ( 'NONE',  ( 8.000000000000000000, 0.000000000000000000, 32.00000000000000000 ) ) ;
#8761 = APPLICATION_PROTOCOL_DEFINITION ( 'draft international standard', 'automotive_design', 1998, #2314 ) ;
#8762 = ADVANCED_FACE ( 'NONE', ( #8864, #3707 ), #5913, .F. ) ;
#8763 = CARTESIAN_POINT ( 'NONE',  ( -32.00000000000000711, 164.9578262852211026, 41.80724571592951122 ) ) ;
#8764 = CARTESIAN_POINT ( 'NONE',  ( -15.00000000000000000, 157.9999999999999716, 24.85323116369649910 ) ) ;
#8765 = DIRECTION ( 'NONE',  ( -0.000000000000000000, -1.000000000000000000, -0.000000000000000000 ) ) ;
#8766 = CARTESIAN_POINT ( 'NONE',  ( -94.65365387700825295, 35.30876352028018061, 10.93819719671320101 ) ) ;
#8767 = CARTESIAN_POINT ( 'NONE',  ( -15.00000000000000000, 157.9999999999999716, 110.0000000000000000 ) ) ;
#8768 = EDGE_CURVE ( 'NONE', #510, #4325, #3560, .T. ) ;
#8769 = PLANE ( 'NONE',  #4968 ) ;
#8770 = DIRECTION ( 'NONE',  ( 0.000000000000000000, -1.000000000000000000, -3.491481338843133355E-15 ) ) ;
#8771 = EDGE_LOOP ( 'NONE', ( #9026, #2881, #8897, #4026 ) ) ;
#8772 = DIRECTION ( 'NONE',  ( 0.000000000000000000, -1.000000000000000000, 0.000000000000000000 ) ) ;
#8773 = CARTESIAN_POINT ( 'NONE',  ( 8.000000000000000000, -12.24586983568247156, 29.56414504036134261 ) ) ;
#8774 = DIRECTION ( 'NONE',  ( 0.000000000000000000, 0.000000000000000000, -1.000000000000000000 ) ) ;
#8775 = LINE ( 'NONE', #4108, #5953 ) ;
#8776 = ORIENTED_EDGE ( 'NONE', *, *, #202, .T. ) ;
#8777 = AXIS2_PLACEMENT_3D ( 'NONE', #7389, #676, #4492 ) ;
#8778 = CARTESIAN_POINT ( 'NONE',  ( 8.000000000000000000, 14.14213562373084088, -14.14213562373098831 ) ) ;
#8779 = CARTESIAN_POINT ( 'NONE',  ( 10.00000000000000000, -29.56414504036129998, -17.74586983568256926 ) ) ;
#8780 = MECHANICAL_DESIGN_GEOMETRIC_PRESENTATION_REPRESENTATION (  '', ( #7361 ), #4382 ) ;
#8781 = DIRECTION ( 'NONE',  ( 0.000000000000000000, 0.000000000000000000, -1.000000000000000000 ) ) ;
#8782 = ORIENTED_EDGE ( 'NONE', *, *, #7939, .F. ) ;
#8783 = EDGE_CURVE ( 'NONE', #2275, #8867, #2664, .T. ) ;
#8784 = AXIS2_PLACEMENT_3D ( 'NONE', #9452, #744, #525 ) ;
#8785 = DIRECTION ( 'NONE',  ( -1.661563742880786749E-15, 0.9578262852211513190, 0.2873478855663457732 ) ) ;
#8786 = EDGE_LOOP ( 'NONE', ( #2857, #9431 ) ) ;
#8787 = FILL_AREA_STYLE ('',( #2956 ) ) ;
#8788 = ORIENTED_EDGE ( 'NONE', *, *, #5094, .T. ) ;
#8789 = VECTOR ( 'NONE', #4158, 1000.000000000000227 ) ;
#8790 = CIRCLE ( 'NONE', #5950, 5.000000000000000000 ) ;
#8791 = CARTESIAN_POINT ( 'NONE',  ( -1.536251789090978676E-13, -22.00000000000000000, 92.00000000000001421 ) ) ;
#8792 = EDGE_CURVE ( 'NONE', #4429, #5155, #4447, .T. ) ;
#8793 = CARTESIAN_POINT ( 'NONE',  ( 8.000000000000000000, -31.99999999999999289, 3.351822085289408021E-13 ) ) ;
#8794 = VERTEX_POINT ( 'NONE', #1400 ) ;
#8795 = EDGE_CURVE ( 'NONE', #7985, #1594, #8031, .T. ) ;
#8796 = AXIS2_PLACEMENT_3D ( 'NONE', #7665, #6192, #7073 ) ;
#8797 = CYLINDRICAL_SURFACE ( 'NONE', #3542, 5.499999999999998224 ) ;
#8798 = AXIS2_PLACEMENT_3D ( 'NONE', #4345, #4435, #5958 ) ;
#8799 = VERTEX_POINT ( 'NONE', #9460 ) ;
#8800 = ITEM_DEFINED_TRANSFORMATION ( 'NONE', 'NONE', #8021,  #6276 ) ;
#8801 = ORIENTED_EDGE ( 'NONE', *, *, #4196, .T. ) ;
#8802 = FACE_OUTER_BOUND ( 'NONE', #3833, .T. ) ;
#8803 = AXIS2_PLACEMENT_3D ( 'NONE', #7226, #5120, #4233 ) ;
#8804 = ORIENTED_EDGE ( 'NONE', *, *, #6754, .T. ) ;
#8805 = CARTESIAN_POINT ( 'NONE',  ( -8.414370715957705471, 36.93777743976081496, 12.56846074963342375 ) ) ;
#8806 = EDGE_CURVE ( 'NONE', #2307, #5929, #2728, .T. ) ;
#8807 = PRODUCT_DEFINITION_FORMATION_WITH_SPECIFIED_SOURCE ( 'ANY', '', #6798, .NOT_KNOWN. ) ;
#8808 = FILL_AREA_STYLE ('',( #8855 ) ) ;
#8809 = EDGE_CURVE ( 'NONE', #1268, #5796, #9411, .T. ) ;
#8810 =( LENGTH_UNIT ( ) NAMED_UNIT ( * ) SI_UNIT ( .MILLI., .METRE. ) );
#8811 = PLANE ( 'NONE',  #1738 ) ;
#8812 = DIRECTION ( 'NONE',  ( 0.000000000000000000, 0.000000000000000000, 1.000000000000000000 ) ) ;
#8813 = FACE_BOUND ( 'NONE', #8489, .T. ) ;
#8814 = EDGE_CURVE ( 'NONE', #3230, #1910, #4863, .T. ) ;
#8815 = CARTESIAN_POINT ( 'NONE',  ( -67.99999999999997158, 31.99999999999995737, 54.99999999999999289 ) ) ;
#8816 = CIRCLE ( 'NONE', #3008, 10.00000000000000888 ) ;
#8817 = DIRECTION ( 'NONE',  ( -1.000000000000000000, 0.000000000000000000, -0.000000000000000000 ) ) ;
#8818 = CARTESIAN_POINT ( 'NONE',  ( 2.210025669863613373, -20.57544454745024254, 1094.435814452399427 ) ) ;
#8819 = VERTEX_POINT ( 'NONE', #2782 ) ;
#8820 = DIRECTION ( 'NONE',  ( -4.956352788505163391E-17, -1.000000000000000000, 0.000000000000000000 ) ) ;
#8821 = CARTESIAN_POINT ( 'NONE',  ( 0.000000000000000000, 0.000000000000000000, 0.000000000000000000 ) ) ;
#8822 = CARTESIAN_POINT ( 'NONE',  ( -67.99999999999995737, 169.9999999999999432, 25.00000000000000711 ) ) ;
#8823 = PRODUCT_DEFINITION ( 'UNKNOWN', '', #340, #5890 ) ;
#8824 = FACE_OUTER_BOUND ( 'NONE', #2647, .T. ) ;
#8825 = FACE_OUTER_BOUND ( 'NONE', #2984, .T. ) ;
#8826 = DIRECTION ( 'NONE',  ( 0.000000000000000000, 0.000000000000000000, 1.000000000000000000 ) ) ;
#8827 = FACE_OUTER_BOUND ( 'NONE', #7800, .T. ) ;
#8828 = ORIENTED_EDGE ( 'NONE', *, *, #8806, .F. ) ;
#8829 = CARTESIAN_POINT ( 'NONE',  ( -1.214306433183764966E-14, 180.0000000000000000, 25.00000000000000711 ) ) ;
#8830 = AXIS2_PLACEMENT_3D ( 'NONE', #4028, #1868, #1139 ) ;
#8831 = EDGE_LOOP ( 'NONE', ( #5934, #945, #2089, #6913 ) ) ;
#8832 = VECTOR ( 'NONE', #1041, 1000.000000000000000 ) ;
#8833 = DIRECTION ( 'NONE',  ( 0.000000000000000000, 0.000000000000000000, 1.000000000000000000 ) ) ;
#8834 = ORIENTED_EDGE ( 'NONE', *, *, #9169, .T. ) ;
#8835 = ADVANCED_FACE ( 'NONE', ( #8007 ), #6260, .F. ) ;
#8836 = AXIS2_PLACEMENT_3D ( 'NONE', #5909, #4291, #5949 ) ;
#8837 = ORIENTED_EDGE ( 'NONE', *, *, #8914, .T. ) ;
#8838 = DIRECTION ( 'NONE',  ( 0.000000000000000000, 0.2873478855663457177, 0.9578262852211512079 ) ) ;
#8839 = ORIENTED_EDGE ( 'NONE', *, *, #4313, .F. ) ;
#8840 = PRODUCT_DEFINITION_SHAPE ( 'NONE', 'NONE',  #9651 ) ;
#8841 = DIRECTION ( 'NONE',  ( 0.000000000000000000, -1.000000000000000000, 0.000000000000000000 ) ) ;
#8842 = PRODUCT_DEFINITION_CONTEXT ( 'detailed design', #6017, 'design' ) ;
#8843 = ORIENTED_EDGE ( 'NONE', *, *, #7094, .T. ) ;
#8844 = CONTEXT_DEPENDENT_SHAPE_REPRESENTATION ( #4511, #1874 ) ;
#8845 = VECTOR ( 'NONE', #3988, 1000.000000000000000 ) ;
#8846 = ORIENTED_EDGE ( 'NONE', *, *, #1234, .F. ) ;
#8847 = FACE_OUTER_BOUND ( 'NONE', #9485, .T. ) ;
#8848 = CARTESIAN_POINT ( 'NONE',  ( -15.00000000000000888, 165.5862043656698859, 50.28734788556635493 ) ) ;
#8849 = ADVANCED_FACE ( 'NONE', ( #2916 ), #4996, .F. ) ;
#8850 = VECTOR ( 'NONE', #8911, 1000.000000000000000 ) ;
#8851 = ORIENTED_EDGE ( 'NONE', *, *, #6961, .F. ) ;
#8852 = CARTESIAN_POINT ( 'NONE',  ( 0.000000000000000000, 1.500000000000000000, -5.000000000000000888 ) ) ;
#8853 =( REPRESENTATION_RELATIONSHIP ('NONE','NONE', #5518, #1313 ) REPRESENTATION_RELATIONSHIP_WITH_TRANSFORMATION ( #5350 )SHAPE_REPRESENTATION_RELATIONSHIP( ) );
#8854 = ORIENTED_EDGE ( 'NONE', *, *, #6830, .T. ) ;
#8855 = FILL_AREA_STYLE_COLOUR ( '', #711 ) ;
#8856 = SHAPE_DEFINITION_REPRESENTATION ( #4289, #7329 ) ;
#8857 = DIRECTION ( 'NONE',  ( -0.000000000000000000, 0.9578262852211514300, 0.2873478855663456621 ) ) ;
#8858 = CIRCLE ( 'NONE', #4458, 11.20000000000000107 ) ;
#8859 = CARTESIAN_POINT ( 'NONE',  ( 0.000000000000000000, 0.000000000000000000, 101.0000000000000000 ) ) ;
#8860 = AXIS2_PLACEMENT_3D ( 'NONE', #765, #4686, #3209 ) ;
#8861 = EDGE_CURVE ( 'NONE', #516, #991, #3453, .T. ) ;
#8862 = DIRECTION ( 'NONE',  ( 1.000000000000000000, -0.000000000000000000, -0.000000000000000000 ) ) ;
#8863 = FACE_OUTER_BOUND ( 'NONE', #7808, .T. ) ;
#8864 = FACE_BOUND ( 'NONE', #8494, .T. ) ;
#8865 = DIRECTION ( 'NONE',  ( -0.9980901001942753537, -5.525166814633309114E-17, -0.06177501027261319416 ) ) ;
#8866 = CIRCLE ( 'NONE', #3375, 5.500000000000000888 ) ;
#8867 = VERTEX_POINT ( 'NONE', #2272 ) ;
#8868 = DIRECTION ( 'NONE',  ( 1.000000000000000000, 0.000000000000000000, 0.000000000000000000 ) ) ;
#8869 = EDGE_CURVE ( 'NONE', #6886, #8648, #6842, .T. ) ;
#8870 = VECTOR ( 'NONE', #8346, 1000.000000000000000 ) ;
#8871 = DIRECTION ( 'NONE',  ( 1.000000000000000000, 0.000000000000000000, 0.000000000000000000 ) ) ;
#8872 = CARTESIAN_POINT ( 'NONE',  ( -85.00000000000021316, 158.9999999999999716, 75.14676883630350801 ) ) ;
#8873 = EDGE_CURVE ( 'NONE', #1524, #6375, #7514, .T. ) ;
#8874 = AXIS2_PLACEMENT_3D ( 'NONE', #5683, #1033, #9379 ) ;
#8875 = CYLINDRICAL_SURFACE ( 'NONE', #8006, 11.20000000000000107 ) ;
#8876 = CARTESIAN_POINT ( 'NONE',  ( -50.00000000000000000, 148.9999999999999716, 86.20000000000000284 ) ) ;
#8877 = CARTESIAN_POINT ( 'NONE',  ( 9.999999999999998224, 0.000000000000000000, 6.000000000000000000 ) ) ;
#8878 = AXIS2_PLACEMENT_3D ( 'NONE', #5510, #5609, #1151 ) ;
#8879 = DIRECTION ( 'NONE',  ( 0.000000000000000000, 0.000000000000000000, -1.000000000000000000 ) ) ;
#8880 = ORIENTED_EDGE ( 'NONE', *, *, #1603, .F. ) ;
#8881 = SHAPE_REPRESENTATION_RELATIONSHIP ( 'NONE' , 'NONE' ,  #6001, #8736 ) ;
#8882 = EDGE_CURVE ( 'NONE', #8976, #8096, #4629, .T. ) ;
#8883 = EDGE_LOOP ( 'NONE', ( #3148, #3405 ) ) ;
#8884 = AXIS2_PLACEMENT_3D ( 'NONE', #1747, #4839, #7147 ) ;
#8885 = ADVANCED_FACE ( 'NONE', ( #1544 ), #3063, .F. ) ;
#8886 = DIRECTION ( 'NONE',  ( 0.000000000000000000, 0.000000000000000000, 1.000000000000000000 ) ) ;
#8887 = VERTEX_POINT ( 'NONE', #2319 ) ;
#8888 = AXIS2_PLACEMENT_3D ( 'NONE', #336, #3473, #3424 ) ;
#8889 = AXIS2_PLACEMENT_3D ( 'NONE', #6076, #5124, #660 ) ;
#8890 = CARTESIAN_POINT ( 'NONE',  ( -14.14213562373096167, 180.0000000000000000, 20.00000000000000000 ) ) ;
#8891 = FACE_OUTER_BOUND ( 'NONE', #8697, .T. ) ;
#8892 = ORIENTED_EDGE ( 'NONE', *, *, #4418, .T. ) ;
#8893 = CARTESIAN_POINT ( 'NONE',  ( -11.99999999999999467, 25.99999999999995381, 16.00000000000000000 ) ) ;
#8894 = AXIS2_PLACEMENT_3D ( 'NONE', #3460, #8618, #1844 ) ;
#8895 = EDGE_CURVE ( 'NONE', #8601, #5378, #4073, .T. ) ;
#8896 = EDGE_CURVE ( 'NONE', #3394, #8578, #3109, .T. ) ;
#8897 = ORIENTED_EDGE ( 'NONE', *, *, #4089, .F. ) ;
#8898 = ORIENTED_EDGE ( 'NONE', *, *, #2668, .T. ) ;
#8899 = FACE_OUTER_BOUND ( 'NONE', #6815, .T. ) ;
#8900 = DIRECTION ( 'NONE',  ( 1.000000000000000000, -0.000000000000000000, -0.000000000000000000 ) ) ;
#8901 = VERTEX_POINT ( 'NONE', #6007 ) ;
#8902 = DIRECTION ( 'NONE',  ( 0.000000000000000000, 0.000000000000000000, -1.000000000000000000 ) ) ;
#8903 = ORIENTED_EDGE ( 'NONE', *, *, #1640, .F. ) ;
#8904 = CARTESIAN_POINT ( 'NONE',  ( -94.21107661158953306, 185.3206112307316289, 11.15730853031795000 ) ) ;
#8905 = EDGE_CURVE ( 'NONE', #62, #2679, #5267, .T. ) ;
#8906 = EDGE_CURVE ( 'NONE', #7985, #6054, #9568, .T. ) ;
#8907 = APPLICATION_PROTOCOL_DEFINITION ( 'draft international standard', 'automotive_design', 1998, #323 ) ;
#8908 = CARTESIAN_POINT ( 'NONE',  ( 8.000000000000000000, 14.14213562373094213, 8.642135623730895944 ) ) ;
#8909 = DIRECTION ( 'NONE',  ( -0.000000000000000000, -0.000000000000000000, -1.000000000000000000 ) ) ;
#8910 = FACE_OUTER_BOUND ( 'NONE', #3012, .T. ) ;
#8911 = DIRECTION ( 'NONE',  ( 0.000000000000000000, 1.000000000000000000, 0.000000000000000000 ) ) ;
#8912 = DIRECTION ( 'NONE',  ( 0.000000000000000000, 0.000000000000000000, -1.000000000000000000 ) ) ;
#8913 = PRODUCT_DEFINITION_SHAPE ( 'NONE', 'NONE',  #9701 ) ;
#8914 = EDGE_CURVE ( 'NONE', #9614, #5554, #1883, .T. ) ;
#8915 = DIRECTION ( 'NONE',  ( -0.9999721941046034734, -7.163528739620778538E-17, 0.007457279505617383716 ) ) ;
#8916 = ORIENTED_EDGE ( 'NONE', *, *, #2055, .T. ) ;
#8917 = CARTESIAN_POINT ( 'NONE',  ( -32.00000000000000000, 157.9999999999999716, 35.00000000000001421 ) ) ;
#8918 = DIRECTION ( 'NONE',  ( 0.000000000000000000, 0.000000000000000000, 1.000000000000000000 ) ) ;
#8919 = DIRECTION ( 'NONE',  ( 1.000000000000000000, 0.000000000000000000, 0.000000000000000000 ) ) ;
#8920 = PRODUCT ( 'Adapteur_Mot_3000', 'Adapteur_Mot_3000', '', ( #8111 ) ) ;
#8921 = DIRECTION ( 'NONE',  ( 0.000000000000000000, 0.000000000000000000, -1.000000000000000000 ) ) ;
#8922 = CARTESIAN_POINT ( 'NONE',  ( -32.00000000000000000, 25.99999999999995737, 35.00000000000000711 ) ) ;
#8923 = EDGE_CURVE ( 'NONE', #8648, #8013, #8267, .T. ) ;
#8924 = CYLINDRICAL_SURFACE ( 'NONE', #8232, 5.499999999999998224 ) ;
#8925 = ORIENTED_EDGE ( 'NONE', *, *, #6299, .F. ) ;
#8926 = CARTESIAN_POINT ( 'NONE',  ( -100.0000000000000000, 0.000000000000000000, 10.00000000000000000 ) ) ;
#8927 = EDGE_CURVE ( 'NONE', #8191, #4206, #4576, .T. ) ;
#8928 = B_SPLINE_CURVE_WITH_KNOTS ( 'NONE', 3,
 ( #4752, #9225, #1859, #6270 ),
 .UNSPECIFIED., .F., .F.,
 ( 4, 4 ),
 ( 0.000000000000000000, 0.0001471681255390473492 ),
 .UNSPECIFIED. ) ;
#8929 = EDGE_LOOP ( 'NONE', ( #6097, #2362, #2390, #6531, #4255, #5583 ) ) ;
#8930 = DIRECTION ( 'NONE',  ( 1.000000000000000000, -0.000000000000000000, -0.000000000000000000 ) ) ;
#8931 = ORIENTED_EDGE ( 'NONE', *, *, #8450, .T. ) ;
#8932 = DIRECTION ( 'NONE',  ( 1.000000000000000000, 0.000000000000000000, 0.000000000000000000 ) ) ;
#8933 = CIRCLE ( 'NONE', #6891, 10.00000000000000178 ) ;
#8934 = CARTESIAN_POINT ( 'NONE',  ( -67.99999999999995737, 163.9999999999999432, 58.48010216963683661 ) ) ;
#8935 = DIRECTION ( 'NONE',  ( 0.000000000000000000, 0.000000000000000000, 1.000000000000000000 ) ) ;
#8936 = VERTEX_POINT ( 'NONE', #9107 ) ;
#8937 = EDGE_CURVE ( 'NONE', #5281, #8740, #4694, .T. ) ;
#8938 = CARTESIAN_POINT ( 'NONE',  ( -14.99928194643631940, 169.9999999999999716, 24.85323116369650975 ) ) ;
#8939 = VERTEX_POINT ( 'NONE', #170 ) ;
#8940 = ITEM_DEFINED_TRANSFORMATION ( 'NONE', 'NONE', #6446,  #6276 ) ;
#8941 = VECTOR ( 'NONE', #3664, 1000.000000000000227 ) ;
#8942 = AXIS2_PLACEMENT_3D ( 'NONE', #7670, #1905, #5957 ) ;
#8943 = ORIENTED_EDGE ( 'NONE', *, *, #3220, .F. ) ;
#8944 = CARTESIAN_POINT ( 'NONE',  ( 10.00000000000000000, 29.56414504036113655, -12.24586983568300447 ) ) ;
#8945 = CARTESIAN_POINT ( 'NONE',  ( -84.99999999999997158, 162.4137956343300573, 49.71265211443364507 ) ) ;
#8946 = AXIS2_PLACEMENT_3D ( 'NONE', #1012, #7879, #8513 ) ;
#8947 = PRODUCT_DEFINITION ( 'UNKNOWN', '', #5968, #8139 ) ;
#8948 = ORIENTED_EDGE ( 'NONE', *, *, #4801, .F. ) ;
#8949 = ORIENTED_EDGE ( 'NONE', *, *, #2044, .T. ) ;
#8950 = AXIS2_PLACEMENT_3D ( 'NONE', #8739, #3384, #6320 ) ;
#8951 = DIRECTION ( 'NONE',  ( 0.000000000000000000, 0.2873478855663456066, -0.9578262852211513190 ) ) ;
#8952 = CONTEXT_DEPENDENT_SHAPE_REPRESENTATION ( #8853, #770 ) ;
#8953 = CARTESIAN_POINT ( 'NONE',  ( -85.00000000000001421, 169.9999999999999716, 110.0000000000000000 ) ) ;
#8954 = CARTESIAN_POINT ( 'NONE',  ( 10.00000000000000000, -1.021259646113993889E-15, 2.999999999999952482 ) ) ;
#8955 = CARTESIAN_POINT ( 'NONE',  ( 8.000000000000000000, 22.62741699796956496, 22.62741699796948325 ) ) ;
#8956 = AXIS2_PLACEMENT_3D ( 'NONE', #7444, #8785, #2840 ) ;
#8957 = CARTESIAN_POINT ( 'NONE',  ( 0.000000000000000000, 22.00000000000000000, 92.00000000000001421 ) ) ;
#8958 = EDGE_CURVE ( 'NONE', #5643, #867, #635, .T. ) ;
#8959 = ORIENTED_EDGE ( 'NONE', *, *, #7553, .T. ) ;
#8960 = CARTESIAN_POINT ( 'NONE',  ( -50.00000000000000000, 15.99999999999995914, 75.00000000000000000 ) ) ;
#8961 = CARTESIAN_POINT ( 'NONE',  ( -50.00000000000000000, -28.00000000000010658, 63.79999999999999716 ) ) ;
#8962 = LINE ( 'NONE', #916, #5946 ) ;
#8963 = CARTESIAN_POINT ( 'NONE',  ( -23.21140459226253583, -33.57544454745387696, 1075.000000000007276 ) ) ;
#8964 = CARTESIAN_POINT ( 'NONE',  ( 8.000000000000000000, 8.499999999999952038, 5.499999999999969802 ) ) ;
#8965 = EDGE_LOOP ( 'NONE', ( #5785, #9096, #1805, #7349 ) ) ;
#8966 = FACE_OUTER_BOUND ( 'NONE', #4085, .T. ) ;
#8967 = CIRCLE ( 'NONE', #3935, 11.09553823317370380 ) ;
#8968 = FACE_BOUND ( 'NONE', #6954, .T. ) ;
#8969 = CARTESIAN_POINT ( 'NONE',  ( 0.000000000000000000, 0.000000000000000000, 35.00000000000000000 ) ) ;
#8970 = EDGE_CURVE ( 'NONE', #5167, #2356, #8962, .T. ) ;
#8971 = LINE ( 'NONE', #2876, #2981 ) ;
#8972 = CARTESIAN_POINT ( 'NONE',  ( -100.0000000000000000, 0.000000000000000000, 0.000000000000000000 ) ) ;
#8973 = DIRECTION ( 'NONE',  ( 1.000000000000000000, 0.000000000000000000, 0.000000000000000000 ) ) ;
#8974 = ORIENTED_EDGE ( 'NONE', *, *, #2251, .F. ) ;
#8975 =( NAMED_UNIT ( * ) SI_UNIT ( $, .STERADIAN. ) SOLID_ANGLE_UNIT ( ) );
#8976 = VERTEX_POINT ( 'NONE', #9061 ) ;
#8977 = DIRECTION ( 'NONE',  ( 0.000000000000000000, 0.000000000000000000, 1.000000000000000000 ) ) ;
#8978 = CIRCLE ( 'NONE', #527, 1.000000000000000888 ) ;
#8979 = ORIENTED_EDGE ( 'NONE', *, *, #5617, .F. ) ;
#8980 =( REPRESENTATION_RELATIONSHIP ('NONE','NONE', #5518, #3457 ) REPRESENTATION_RELATIONSHIP_WITH_TRANSFORMATION ( #4229 )SHAPE_REPRESENTATION_RELATIONSHIP( ) );
#8981 = CARTESIAN_POINT ( 'NONE',  ( -12.59080205573479105, 180.5063511508834040, 16.83572938732714519 ) ) ;
#8982 = EDGE_CURVE ( 'NONE', #4221, #797, #6150, .T. ) ;
#8983 = CARTESIAN_POINT ( 'NONE',  ( -88.38870982720622749, 25.99999999999996092, 15.48172023039172451 ) ) ;
#8984 = CARTESIAN_POINT ( 'NONE',  ( -1.536251789090978676E-13, -22.00000000000000000, 92.00000000000001421 ) ) ;
#8985 = ORIENTED_EDGE ( 'NONE', *, *, #8008, .T. ) ;
#8986 = LINE ( 'NONE', #8712, #958 ) ;
#8987 = ORIENTED_EDGE ( 'NONE', *, *, #7541, .F. ) ;
#8988 = ORIENTED_EDGE ( 'NONE', *, *, #2082, .T. ) ;
#8989 = VERTEX_POINT ( 'NONE', #8413 ) ;
#8990 = DIRECTION ( 'NONE',  ( 0.000000000000000000, 0.000000000000000000, -1.000000000000000000 ) ) ;
#8991 = AXIS2_PLACEMENT_3D ( 'NONE', #4047, #1158, #7930 ) ;
#8992 = CYLINDRICAL_SURFACE ( 'NONE', #5703, 5.499999999999998224 ) ;
#8993 = EDGE_CURVE ( 'NONE', #5838, #265, #6107, .T. ) ;
#8994 = AXIS2_PLACEMENT_3D ( 'NONE', #4860, #4119, #1716 ) ;
#8995 = VECTOR ( 'NONE', #491, 1000.000000000000000 ) ;
#8996 = ORIENTED_EDGE ( 'NONE', *, *, #5413, .F. ) ;
#8997 = ORIENTED_EDGE ( 'NONE', *, *, #7028, .F. ) ;
#8998 = DIRECTION ( 'NONE',  ( -1.000000000000000000, 0.000000000000000000, 0.000000000000000000 ) ) ;
#8999 = VECTOR ( 'NONE', #9587, 1000.000000000000000 ) ;
#9000 = ITEM_DEFINED_TRANSFORMATION ( 'NONE', 'NONE', #5816,  #6276 ) ;
#9001 = ADVANCED_FACE ( 'NONE', ( #2221 ), #5218, .F. ) ;
#9002 = PRODUCT ( 'Axial_1', 'Axial_1', '', ( #1393 ) ) ;
#9003 = DIRECTION ( 'NONE',  ( 1.000000000000000000, 1.156482317317870344E-15, -0.000000000000000000 ) ) ;
#9004 = ORIENTED_EDGE ( 'NONE', *, *, #5222, .F. ) ;
#9005 = DIRECTION ( 'NONE',  ( 0.000000000000000000, 0.2873478855663455511, -0.9578262852211513190 ) ) ;
#9006 = DIRECTION ( 'NONE',  ( 1.000000000000000000, -0.000000000000000000, -0.000000000000000000 ) ) ;
#9007 = ADVANCED_FACE ( 'NONE', ( #6248, #8457 ), #3413, .F. ) ;
#9008 = AXIS2_PLACEMENT_3D ( 'NONE', #7564, #21, #6048 ) ;
#9009 = ORIENTED_EDGE ( 'NONE', *, *, #1379, .F. ) ;
#9010 = CARTESIAN_POINT ( 'NONE',  ( 3.101981410912280079, 2.525413100139197731, 121.0000000000000142 ) ) ;
#9011 = CARTESIAN_POINT ( 'NONE',  ( -3.142677150939514163, 2.474586899860803157, 121.0000000000000142 ) ) ;
#9012 = DIRECTION ( 'NONE',  ( 0.000000000000000000, 0.000000000000000000, -1.000000000000000000 ) ) ;
#9013 = AXIS2_PLACEMENT_3D ( 'NONE', #7572, #1691, #1543 ) ;
#9014 = DIRECTION ( 'NONE',  ( 0.9880492670590983462, 1.052350154930430409E-16, -0.1541383984086346637 ) ) ;
#9015 = ORIENTED_EDGE ( 'NONE', *, *, #920, .F. ) ;
#9016 = ADVANCED_FACE ( 'NONE', ( #7925 ), #8614, .F. ) ;
#9017 = DIRECTION ( 'NONE',  ( 1.000000000000000000, -0.000000000000000000, -0.000000000000000000 ) ) ;
#9018 = CIRCLE ( 'NONE', #3050, 15.00000000000000000 ) ;
#9019 = DIRECTION ( 'NONE',  ( 1.224646799147353207E-16, 1.000000000000000000, -0.000000000000000000 ) ) ;
#9020 = CYLINDRICAL_SURFACE ( 'NONE', #9311, 15.00000000000000000 ) ;
#9021 = CYLINDRICAL_SURFACE ( 'NONE', #4703, 15.00000000000000000 ) ;
#9022 = PLANE ( 'NONE',  #317 ) ;
#9023 = VECTOR ( 'NONE', #3964, 1000.000000000000000 ) ;
#9024 = DIRECTION ( 'NONE',  ( 0.000000000000000000, 0.000000000000000000, -1.000000000000000000 ) ) ;
#9025 = ORIENTED_EDGE ( 'NONE', *, *, #4693, .F. ) ;
#9026 = ORIENTED_EDGE ( 'NONE', *, *, #4493, .T. ) ;
#9027 = ADVANCED_FACE ( 'NONE', ( #1154 ), #4094, .T. ) ;
#9028 = CARTESIAN_POINT ( 'NONE',  ( -67.99999999999997158, 37.99999999999995737, 35.00000000000000000 ) ) ;
#9029 = CARTESIAN_POINT ( 'NONE',  ( -67.99999999999997158, 157.9999999999999432, 25.00000000000000711 ) ) ;
#9030 = ORIENTED_EDGE ( 'NONE', *, *, #2814, .F. ) ;
#9031 = PRESENTATION_LAYER_ASSIGNMENT (  '', '', ( #4467 ) ) ;
#9032 = AXIS2_PLACEMENT_3D ( 'NONE', #4971, #650, #4323 ) ;
#9033 = CARTESIAN_POINT ( 'NONE',  ( 0.000000000000000000, 0.000000000000000000, 16.00000000000000000 ) ) ;
#9034 = DIRECTION ( 'NONE',  ( 1.000000000000000000, -0.000000000000000000, -0.000000000000000000 ) ) ;
#9035 = DIRECTION ( 'NONE',  ( 0.000000000000000000, 0.000000000000000000, -1.000000000000000000 ) ) ;
#9036 = ORIENTED_EDGE ( 'NONE', *, *, #1550, .T. ) ;
#9037 = CARTESIAN_POINT ( 'NONE',  ( -50.00000000000000000, 37.99999999999995737, 75.00000000000000000 ) ) ;
#9038 = CIRCLE ( 'NONE', #3546, 2.249999999999998668 ) ;
#9039 = ORIENTED_EDGE ( 'NONE', *, *, #3975, .F. ) ;
#9040 = EDGE_LOOP ( 'NONE', ( #7318, #4828, #1236, #6234 ) ) ;
#9041 = AXIS2_PLACEMENT_3D ( 'NONE', #4449, #1466, #2934 ) ;
#9042 =( REPRESENTATION_RELATIONSHIP ('NONE','NONE', #5518, #3457 ) REPRESENTATION_RELATIONSHIP_WITH_TRANSFORMATION ( #5893 )SHAPE_REPRESENTATION_RELATIONSHIP( ) );
#9043 = VERTEX_POINT ( 'NONE', #3305 ) ;
#9044 = CARTESIAN_POINT ( 'NONE',  ( -49.99999999999999289, 169.9999999999999716, 75.00000000000000000 ) ) ;
#9045 = FACE_OUTER_BOUND ( 'NONE', #5263, .T. ) ;
#9046 = ORIENTED_EDGE ( 'NONE', *, *, #9269, .F. ) ;
#9047 = VECTOR ( 'NONE', #4302, 1000.000000000000000 ) ;
#9048 = AXIS2_PLACEMENT_3D ( 'NONE', #8587, #7743, #3131 ) ;
#9049 = VERTEX_POINT ( 'NONE', #2518 ) ;
#9050 = DIRECTION ( 'NONE',  ( 0.000000000000000000, 0.000000000000000000, 1.000000000000000000 ) ) ;
#9051 = EDGE_CURVE ( 'NONE', #4266, #6374, #4884, .T. ) ;
#9052 = EDGE_CURVE ( 'NONE', #6284, #8794, #8933, .T. ) ;
#9053 = DIRECTION ( 'NONE',  ( 0.9999668787804681935, 0.008138878426939326338, 0.000000000000000000 ) ) ;
#9054 = VERTEX_POINT ( 'NONE', #9400 ) ;
#9055 = CARTESIAN_POINT ( 'NONE',  ( 10.00000000000000000, 19.99999999999995026, -5.500000000000070166 ) ) ;
#9056 = UNCERTAINTY_MEASURE_WITH_UNIT (LENGTH_MEASURE( 1.000000000000000082E-05 ), #1094, 'distance_accuracy_value', 'NONE');
#9057 = DIRECTION ( 'NONE',  ( 0.000000000000000000, 0.000000000000000000, 1.000000000000000000 ) ) ;
#9058 = ORIENTED_EDGE ( 'NONE', *, *, #5874, .T. ) ;
#9059 =( LENGTH_UNIT ( ) NAMED_UNIT ( * ) SI_UNIT ( .MILLI., .METRE. ) );
#9060 = CARTESIAN_POINT ( 'NONE',  ( 0.000000000000000000, 169.9999999999999716, 16.00000000000000000 ) ) ;
#9061 = CARTESIAN_POINT ( 'NONE',  ( -67.99999999999997158, 158.0421737147788406, 25.14057904926294285 ) ) ;
#9062 = EDGE_CURVE ( 'NONE', #5232, #5693, #2665, .T. ) ;
#9063 = CARTESIAN_POINT ( 'NONE',  ( -21.02584448769251324, -20.57544454745024609, 1066.785785063124422 ) ) ;
#9064 = ORIENTED_EDGE ( 'NONE', *, *, #4536, .F. ) ;
#9065 = DIRECTION ( 'NONE',  ( 0.000000000000000000, 0.000000000000000000, -1.000000000000000000 ) ) ;
#9066 = CARTESIAN_POINT ( 'NONE',  ( -84.99999999999997158, 163.0421737147788406, 58.19275428407049588 ) ) ;
#9067 = FACE_OUTER_BOUND ( 'NONE', #713, .T. ) ;
#9068 = DIRECTION ( 'NONE',  ( 0.000000000000000000, 0.000000000000000000, 1.000000000000000000 ) ) ;
#9069 = EDGE_CURVE ( 'NONE', #268, #5710, #8510, .T. ) ;
#9070 = CARTESIAN_POINT ( 'NONE',  ( -5.000000000000000000, 6.123233995736766282E-16, 7.000000000000000000 ) ) ;
#9071 = ORIENTED_EDGE ( 'NONE', *, *, #7541, .T. ) ;
#9072 = CARTESIAN_POINT ( 'NONE',  ( 10.00000000000000000, 22.62741699796940154, -28.12741699796963957 ) ) ;
#9073 = DIRECTION ( 'NONE',  ( -1.000000000000000000, 1.224646799147353454E-16, 0.000000000000000000 ) ) ;
#9074 = EDGE_LOOP ( 'NONE', ( #7351, #1968, #2264, #8985 ) ) ;
#9075 = CARTESIAN_POINT ( 'NONE',  ( -84.99999999999982947, 169.9999999999999716, 76.46768836303508010 ) ) ;
#9076 = ADVANCED_FACE ( 'NONE', ( #1786 ), #4784, .T. ) ;
#9077 = CARTESIAN_POINT ( 'NONE',  ( 8.000000000000000000, 22.62741699796940154, -22.62741699796964312 ) ) ;
#9078 = CARTESIAN_POINT ( 'NONE',  ( 10.00000000000000000, -29.56414504036104773, 17.74586983568319454 ) ) ;
#9079 = ORIENTED_EDGE ( 'NONE', *, *, #5607, .T. ) ;
#9080 = PRODUCT_DEFINITION_SHAPE ( 'NONE', 'NONE',  #9647 ) ;
#9081 = CYLINDRICAL_SURFACE ( 'NONE', #5175, 11.20000000000000107 ) ;
#9082 = EDGE_LOOP ( 'NONE', ( #1140, #2731, #8398, #56 ) ) ;
#9083 = ORIENTED_EDGE ( 'NONE', *, *, #1492, .T. ) ;
#9084 = ITEM_DEFINED_TRANSFORMATION ( 'NONE', 'NONE', #8652,  #6276 ) ;
#9085 = ORIENTED_EDGE ( 'NONE', *, *, #1530, .F. ) ;
#9086 = DIRECTION ( 'NONE',  ( 1.000000000000000000, 0.000000000000000000, 0.000000000000000000 ) ) ;
#9087 = CARTESIAN_POINT ( 'NONE',  ( 0.000000000000000000, 0.000000000000000000, 80.00000000000000000 ) ) ;
#9088 = B_SPLINE_CURVE_WITH_KNOTS ( 'NONE', 3,
 ( #5238, #831, #782, #3724, #3673, #2292, #4504, #3813, #6764, #93, #8098, #5886, #3085, #740, #6665, #4453, #6027, #689, #6074, #645, #5930, #8981, #2107, #5976, #4362, #8890 ),
 .UNSPECIFIED., .F., .F.,
 ( 4, 2, 2, 2, 2, 2, 2, 2, 2, 2, 2, 2, 4 ),
 ( -2.449490036722630777E-05, 0.0006400989917647832228, 0.001304692883896792872, 0.002633880668160864212, 0.005292256236689009061, 0.006621444020953081051, 0.007950631805217153042, 0.01060900737374529702, 0.01326738294227344100, 0.01592575851080158672, 0.01725494629506566305, 0.01858413407932973591, 0.02124250964785787468 ),
 .UNSPECIFIED. ) ;
#9089 = ADVANCED_FACE ( 'NONE', ( #4141 ), #7773, .F. ) ;
#9090 = ORIENTED_EDGE ( 'NONE', *, *, #4222, .F. ) ;
#9091 = ORIENTED_EDGE ( 'NONE', *, *, #5210, .F. ) ;
#9092 = DIRECTION ( 'NONE',  ( 0.000000000000000000, 0.000000000000000000, 1.000000000000000000 ) ) ;
#9093 =( GEOMETRIC_REPRESENTATION_CONTEXT ( 3 ) GLOBAL_UNCERTAINTY_ASSIGNED_CONTEXT ( ( #3982 ) ) GLOBAL_UNIT_ASSIGNED_CONTEXT ( ( #3569, #630, #9611 ) ) REPRESENTATION_CONTEXT ( 'NONE', 'WORKASPACE' ) );
#9094 = AXIS2_PLACEMENT_3D ( 'NONE', #74, #813, #8312 ) ;
#9095 = DIRECTION ( 'NONE',  ( 0.000000000000000000, 0.000000000000000000, 1.000000000000000000 ) ) ;
#9096 = ORIENTED_EDGE ( 'NONE', *, *, #836, .F. ) ;
#9097 = DIRECTION ( 'NONE',  ( -0.000000000000000000, -0.000000000000000000, -1.000000000000000000 ) ) ;
#9098 = CARTESIAN_POINT ( 'NONE',  ( -49.99999999999999289, 170.4999999999999716, 65.90446176682628732 ) ) ;
#9099 = AXIS2_PLACEMENT_3D ( 'NONE', #2029, #4236, #6492 ) ;
#9100 = VECTOR ( 'NONE', #1024, 1000.000000000000000 ) ;
#9101 = CIRCLE ( 'NONE', #4542, 5.500000000000000000 ) ;
#9102 = VERTEX_POINT ( 'NONE', #7134 ) ;
#9103 =( NAMED_UNIT ( * ) SI_UNIT ( $, .STERADIAN. ) SOLID_ANGLE_UNIT ( ) );
#9104 = EDGE_CURVE ( 'NONE', #8297, #5441, #4231, .T. ) ;
#9105 = SHAPE_DEFINITION_REPRESENTATION ( #695, #3457 ) ;
#9106 = FACE_OUTER_BOUND ( 'NONE', #7470, .T. ) ;
#9107 = CARTESIAN_POINT ( 'NONE',  ( -5.000000000000000000, 0.000000000000000000, 0.000000000000000000 ) ) ;
#9108 = VECTOR ( 'NONE', #8553, 1000.000000000000000 ) ;
#9109 = DIRECTION ( 'NONE',  ( 0.7123602123569776623, 5.962755122917699753E-17, 0.7018140265417339707 ) ) ;
#9110 = ORIENTED_EDGE ( 'NONE', *, *, #501, .F. ) ;
#9111 = CARTESIAN_POINT ( 'NONE',  ( -15.00000000000000000, 25.99999999999995737, 35.00000000000000711 ) ) ;
#9112 = CARTESIAN_POINT ( 'NONE',  ( 0.000000000000000000, 0.000000000000000000, 7.000000000000000888 ) ) ;
#9113 = EDGE_CURVE ( 'NONE', #9605, #1748, #4514, .T. ) ;
#9114 = CIRCLE ( 'NONE', #971, 11.09553823317370380 ) ;
#9115 = DIRECTION ( 'NONE',  ( -1.000000000000000000, 0.000000000000000000, 0.000000000000000000 ) ) ;
#9116 =( NAMED_UNIT ( * ) SI_UNIT ( $, .STERADIAN. ) SOLID_ANGLE_UNIT ( ) );
#9117 = DIRECTION ( 'NONE',  ( -0.000000000000000000, -0.000000000000000000, 1.000000000000000000 ) ) ;
#9118 = AXIS2_PLACEMENT_3D ( 'NONE', #6843, #123, #4684 ) ;
#9119 = SHAPE_REPRESENTATION_RELATIONSHIP ( 'NONE' , 'NONE' ,  #2302, #6379 ) ;
#9120 = EDGE_LOOP ( 'NONE', ( #7869, #4649, #360, #6431 ) ) ;
#9121 = CYLINDRICAL_SURFACE ( 'NONE', #8418, 4.049999999999999822 ) ;
#9122 = DIRECTION ( 'NONE',  ( 0.000000000000000000, 0.000000000000000000, -1.000000000000000000 ) ) ;
#9123 = ORIENTED_EDGE ( 'NONE', *, *, #1955, .F. ) ;
#9124 = CARTESIAN_POINT ( 'NONE',  ( -67.99999999999997158, 25.99999999999995381, 65.00000000000000000 ) ) ;
#9125 = CARTESIAN_POINT ( 'NONE',  ( 8.000000000000000000, -1.021259646113993889E-15, 8.499999999999952038 ) ) ;
#9126 = DIRECTION ( 'NONE',  ( 0.000000000000000000, 0.000000000000000000, 1.000000000000000000 ) ) ;
#9127 = CARTESIAN_POINT ( 'NONE',  ( 0.000000000000000000, 0.000000000000000000, 0.000000000000000000 ) ) ;
#9128 = ORIENTED_EDGE ( 'NONE', *, *, #1196, .T. ) ;
#9129 = CYLINDRICAL_SURFACE ( 'NONE', #3293, 5.499999999999998224 ) ;
#9130 = ORIENTED_EDGE ( 'NONE', *, *, #1368, .F. ) ;
#9131 = ORIENTED_EDGE ( 'NONE', *, *, #6225, .F. ) ;
#9132 = EDGE_CURVE ( 'NONE', #7643, #6771, #6933, .T. ) ;
#9133 = EDGE_LOOP ( 'NONE', ( #1232, #3915 ) ) ;
#9134 = FACE_BOUND ( 'NONE', #110, .T. ) ;
#9135 = CARTESIAN_POINT ( 'NONE',  ( -50.00000000000000711, 25.49999999999995737, 75.00000000000000000 ) ) ;
#9136 = ORIENTED_EDGE ( 'NONE', *, *, #2309, .F. ) ;
#9137 = ORIENTED_EDGE ( 'NONE', *, *, #2336, .F. ) ;
#9138 = ORIENTED_EDGE ( 'NONE', *, *, #7416, .F. ) ;
#9139 = CARTESIAN_POINT ( 'NONE',  ( -49.99999999999999289, 47.99999999999995737, 75.00000000000000000 ) ) ;
#9140 = AXIS2_PLACEMENT_3D ( 'NONE', #1634, #6052, #3841 ) ;
#9141 = EDGE_CURVE ( 'NONE', #2501, #1781, #1261, .T. ) ;
#9142 = DIRECTION ( 'NONE',  ( 0.000000000000000000, 0.000000000000000000, 1.000000000000000000 ) ) ;
#9143 = ORIENTED_EDGE ( 'NONE', *, *, #7515, .F. ) ;
#9144 = CARTESIAN_POINT ( 'NONE',  ( -28.99999999999999645, 3.612708057484691604E-15, 0.000000000000000000 ) ) ;
#9145 = AXIS2_PLACEMENT_3D ( 'NONE', #177, #6796, #4688 ) ;
#9146 = CARTESIAN_POINT ( 'NONE',  ( -49.99999999999997158, -8.673617379884024428E-15, 75.00000000000000000 ) ) ;
#9147 = ORIENTED_EDGE ( 'NONE', *, *, #4053, .F. ) ;
#9148 = VECTOR ( 'NONE', #4371, 1000.000000000000227 ) ;
#9149 = DIRECTION ( 'NONE',  ( 0.000000000000000000, 0.000000000000000000, -1.000000000000000000 ) ) ;
#9150 = LINE ( 'NONE', #121, #75 ) ;
#9151 = VECTOR ( 'NONE', #7181, 1000.000000000000000 ) ;
#9152 = DIRECTION ( 'NONE',  ( 0.000000000000000000, 0.000000000000000000, -1.000000000000000000 ) ) ;
#9153 = DIRECTION ( 'NONE',  ( 0.9975055402459416243, -3.917329730730073259E-17, 0.07058822266251016386 ) ) ;
#9154 = EDGE_CURVE ( 'NONE', #5272, #3637, #3207, .T. ) ;
#9155 = ORIENTED_EDGE ( 'NONE', *, *, #2170, .F. ) ;
#9156 = DIRECTION ( 'NONE',  ( 1.000000000000000000, 0.000000000000000000, 0.000000000000000000 ) ) ;
#9157 = CIRCLE ( 'NONE', #8691, 5.500000000000000000 ) ;
#9158 = ADVANCED_FACE ( 'NONE', ( #2468 ), #5463, .F. ) ;
#9159 = DIRECTION ( 'NONE',  ( -1.000000000000000000, 4.956352788505163391E-17, 0.000000000000000000 ) ) ;
#9160 = DIRECTION ( 'NONE',  ( 1.000000000000000000, 0.000000000000000000, 0.000000000000000000 ) ) ;
#9161 = PRODUCT ( 'Aimant', 'Aimant', '', ( #1990 ) ) ;
#9162 = CARTESIAN_POINT ( 'NONE',  ( -1.536251789090978676E-13, -22.00000000000000000, 101.0000000000000000 ) ) ;
#9163 = FACE_OUTER_BOUND ( 'NONE', #390, .T. ) ;
#9164 = CARTESIAN_POINT ( 'NONE',  ( -21.99999999999999645, 2.304377683636468267E-13, 92.00000000000001421 ) ) ;
#9165 = ADVANCED_FACE ( 'NONE', ( #1301, #6670 ), #5290, .F. ) ;
#9166 = CIRCLE ( 'NONE', #4939, 4.049999999999999822 ) ;
#9167 = ORIENTED_EDGE ( 'NONE', *, *, #1484, .F. ) ;
#9168 = DIRECTION ( 'NONE',  ( 1.000000000000000000, 0.000000000000000000, 0.000000000000000000 ) ) ;
#9169 = EDGE_CURVE ( 'NONE', #7278, #5136, #7997, .T. ) ;
#9170 = DIRECTION ( 'NONE',  ( 1.000000000000000000, 1.734723475976805517E-15, 0.000000000000000000 ) ) ;
#9171 = AXIS2_PLACEMENT_3D ( 'NONE', #3940, #4481, #6005 ) ;
#9172 = CARTESIAN_POINT ( 'NONE',  ( -50.00000000000000000, 47.99999999999995737, 86.20000000000000284 ) ) ;
#9173 = AXIS2_PLACEMENT_3D ( 'NONE', #5465, #1789, #8664 ) ;
#9174 = DIRECTION ( 'NONE',  ( 0.000000000000000000, 0.000000000000000000, -1.000000000000000000 ) ) ;
#9175 = DIRECTION ( 'NONE',  ( 0.000000000000000000, 0.000000000000000000, 1.000000000000000000 ) ) ;
#9176 = EDGE_CURVE ( 'NONE', #4564, #8678, #4535, .T. ) ;
#9177 = ORIENTED_EDGE ( 'NONE', *, *, #91, .T. ) ;
#9178 = DIRECTION ( 'NONE',  ( 1.000000000000000000, 0.000000000000000000, 0.000000000000000000 ) ) ;
#9179 = ADVANCED_FACE ( 'NONE', ( #3682 ), #6717, .F. ) ;
#9180 = ORIENTED_EDGE ( 'NONE', *, *, #8530, .T. ) ;
#9181 = ORIENTED_EDGE ( 'NONE', *, *, #91, .F. ) ;
#9182 = VECTOR ( 'NONE', #8053, 1000.000000000000000 ) ;
#9183 = VERTEX_POINT ( 'NONE', #6769 ) ;
#9184 = FACE_BOUND ( 'NONE', #8507, .T. ) ;
#9185 = CARTESIAN_POINT ( 'NONE',  ( 3.101981410912280079, 2.525413100139197731, 111.0000000000000142 ) ) ;
#9186 = VERTEX_POINT ( 'NONE', #1475 ) ;
#9187 = ORIENTED_EDGE ( 'NONE', *, *, #4353, .T. ) ;
#9188 = AXIS2_PLACEMENT_3D ( 'NONE', #1277, #2145, #5922 ) ;
#9189 = ADVANCED_FACE ( 'NONE', ( #5765, #1253 ), #52, .F. ) ;
#9190 = EDGE_LOOP ( 'NONE', ( #7865, #8287, #1555, #8229 ) ) ;
#9191 = EDGE_CURVE ( 'NONE', #2345, #7447, #4082, .T. ) ;
#9192 = CARTESIAN_POINT ( 'NONE',  ( -15.00000000000000000, 31.99999999999995737, 45.00000000000002842 ) ) ;
#9193 = AXIS2_PLACEMENT_3D ( 'NONE', #5883, #8833, #3766 ) ;
#9194 = ITEM_DEFINED_TRANSFORMATION ( 'NONE', 'NONE', #26,  #6276 ) ;
#9195 = ORIENTED_EDGE ( 'NONE', *, *, #8768, .T. ) ;
#9196 = CARTESIAN_POINT ( 'NONE',  ( -88.80262917887282015, 169.9341989464320761, 14.99927815033778344 ) ) ;
#9197 = AXIS2_PLACEMENT_3D ( 'NONE', #1798, #4051, #2676 ) ;
#9198 = ORIENTED_EDGE ( 'NONE', *, *, #2014, .T. ) ;
#9199 = CARTESIAN_POINT ( 'NONE',  ( -100.0000000000000000, 0.000000000000000000, 10.00000000000000000 ) ) ;
#9200 = CIRCLE ( 'NONE', #8097, 1.000000000000000888 ) ;
#9201 = AXIS2_PLACEMENT_3D ( 'NONE', #6682, #2121, #4375 ) ;
#9202 = ORIENTED_EDGE ( 'NONE', *, *, #8360, .T. ) ;
#9203 = CARTESIAN_POINT ( 'NONE',  ( -15.00000000000000000, 157.9999999999999716, 35.00000000000001421 ) ) ;
#9204 = DIRECTION ( 'NONE',  ( -1.000000000000000000, 0.000000000000000000, 0.000000000000000000 ) ) ;
#9205 = EDGE_CURVE ( 'NONE', #8645, #6038, #3038, .T. ) ;
#9206 =( LENGTH_UNIT ( ) NAMED_UNIT ( * ) SI_UNIT ( .MILLI., .METRE. ) );
#9207 = EDGE_CURVE ( 'NONE', #233, #5548, #8986, .T. ) ;
#9208 = DIRECTION ( 'NONE',  ( 0.000000000000000000, 0.2873478855663455511, 0.9578262852211513190 ) ) ;
#9209 = DIRECTION ( 'NONE',  ( 0.9210000658963338749, 4.208950642420767251E-17, -0.3895624194130491991 ) ) ;
#9210 = DIRECTION ( 'NONE',  ( 0.000000000000000000, 0.000000000000000000, -1.000000000000000000 ) ) ;
#9211 = CARTESIAN_POINT ( 'NONE',  ( -97.83274604458333101, 162.6338799886561901, 10.14741981803556570 ) ) ;
#9212 = CARTESIAN_POINT ( 'NONE',  ( 8.000000000000000000, 12.24586983568289789, 35.06414504036117563 ) ) ;
#9213 = CIRCLE ( 'NONE', #1376, 5.500000000000000000 ) ;
#9214 = FACE_BOUND ( 'NONE', #1241, .T. ) ;
#9215 = EDGE_CURVE ( 'NONE', #1490, #2755, #8790, .T. ) ;
#9216 = DIRECTION ( 'NONE',  ( 0.000000000000000000, -1.000000000000000000, 0.000000000000000000 ) ) ;
#9217 = EDGE_LOOP ( 'NONE', ( #4553, #4879, #4970, #5409 ) ) ;
#9218 = CARTESIAN_POINT ( 'NONE',  ( -85.00000000000000000, 147.9999999999999716, 75.00000000000000000 ) ) ;
#9219 = DIRECTION ( 'NONE',  ( -1.000000000000000000, -0.000000000000000000, -0.000000000000000000 ) ) ;
#9220 = APPLICATION_CONTEXT ( 'automotive_design' ) ;
#9221 = DIRECTION ( 'NONE',  ( 0.000000000000000000, -1.000000000000000000, 0.000000000000000000 ) ) ;
#9222 = EDGE_CURVE ( 'NONE', #1203, #797, #3917, .T. ) ;
#9223 = ORIENTED_EDGE ( 'NONE', *, *, #8133, .T. ) ;
#9224 = CARTESIAN_POINT ( 'NONE',  ( 10.00000000000000000, -22.62741699796924522, 22.62741699796980299 ) ) ;
#9225 = CARTESIAN_POINT ( 'NONE',  ( -15.00010146020799517, 169.9999999999999716, 75.09757976844218774 ) ) ;
#9226 = EDGE_CURVE ( 'NONE', #5884, #2636, #7371, .T. ) ;
#9227 = LINE ( 'NONE', #5336, #569 ) ;
#9228 = ORIENTED_EDGE ( 'NONE', *, *, #601, .T. ) ;
#9229 = CARTESIAN_POINT ( 'NONE',  ( -67.99999999999997158, 25.99999999999995737, 35.00000000000000711 ) ) ;
#9230 = EDGE_LOOP ( 'NONE', ( #5122, #5790 ) ) ;
#9231 = ORIENTED_EDGE ( 'NONE', *, *, #8768, .F. ) ;
#9232 = ORIENTED_EDGE ( 'NONE', *, *, #1051, .T. ) ;
#9233 = FACE_BOUND ( 'NONE', #3683, .T. ) ;
#9234 = CARTESIAN_POINT ( 'NONE',  ( 8.000000000000000000, -22.62741699796924522, 28.12741699796979944 ) ) ;
#9235 = VERTEX_POINT ( 'NONE', #2247 ) ;
#9236 = EDGE_CURVE ( 'NONE', #6130, #2153, #5324, .T. ) ;
#9237 = ORIENTED_EDGE ( 'NONE', *, *, #8814, .T. ) ;
#9238 = ORIENTED_EDGE ( 'NONE', *, *, #5698, .F. ) ;
#9239 = DIRECTION ( 'NONE',  ( 1.000000000000000000, 0.000000000000000000, -0.000000000000000000 ) ) ;
#9240 = ITEM_DEFINED_TRANSFORMATION ( 'NONE', 'NONE', #5502,  #6276 ) ;
#9241 = PRODUCT_DEFINITION_SHAPE ( 'NONE', 'NONE',  #9677 ) ;
#9242 = ORIENTED_EDGE ( 'NONE', *, *, #6233, .F. ) ;
#9243 = CARTESIAN_POINT ( 'NONE',  ( 0.000000000000000000, 1.500000000000000000, 0.000000000000000000 ) ) ;
#9244 = VERTEX_POINT ( 'NONE', #8938 ) ;
#9245 = CARTESIAN_POINT ( 'NONE',  ( -32.00000000000000711, 163.9999999999999432, 58.48010216963683661 ) ) ;
#9246 = ORIENTED_EDGE ( 'NONE', *, *, #2814, .T. ) ;
#9247 = DIRECTION ( 'NONE',  ( -1.000000000000000000, -1.734723475976805517E-15, 0.000000000000000000 ) ) ;
#9248 = CIRCLE ( 'NONE', #7674, 4.049999999999999822 ) ;
#9249 = AXIS2_PLACEMENT_3D ( 'NONE', #2417, #6883, #2369 ) ;
#9250 = CARTESIAN_POINT ( 'NONE',  ( -85.00000000000001421, 169.8917081876191162, 75.00000000000000000 ) ) ;
#9251 = DIRECTION ( 'NONE',  ( 0.000000000000000000, 0.000000000000000000, -1.000000000000000000 ) ) ;
#9252 = CARTESIAN_POINT ( 'NONE',  ( 8.060232679364620623, 39.69838535254830703, 1068.211428548549748 ) ) ;
#9253 = CARTESIAN_POINT ( 'NONE',  ( 4.000000000000000000, 4.898587196589412829E-16, 6.000000000000000000 ) ) ;
#9254 = CIRCLE ( 'NONE', #791, 11.00000000000000000 ) ;
#9255 = DIRECTION ( 'NONE',  ( 0.000000000000000000, 0.000000000000000000, 1.000000000000000000 ) ) ;
#9256 = FACE_BOUND ( 'NONE', #7900, .T. ) ;
#9257 = AXIS2_PLACEMENT_3D ( 'NONE', #5826, #8820, #8868 ) ;
#9258 = ADVANCED_FACE ( 'NONE', ( #6448 ), #2032, .F. ) ;
#9259 = AXIS2_PLACEMENT_3D ( 'NONE', #3913, #3134, #7600 ) ;
#9260 = AXIS2_PLACEMENT_3D ( 'NONE', #6564, #5963, #5095 ) ;
#9261 = CARTESIAN_POINT ( 'NONE',  ( -97.24891314753521954, 187.7577931255667636, 10.23827411582212754 ) ) ;
#9262 = FACE_BOUND ( 'NONE', #7116, .T. ) ;
#9263 = CARTESIAN_POINT ( 'NONE',  ( -40.90446176682628021, 147.9999999999999716, 75.00000000000000000 ) ) ;
#9264 = AXIS2_PLACEMENT_3D ( 'NONE', #1893, #4296, #7337 ) ;
#9265 =( NAMED_UNIT ( * ) SI_UNIT ( $, .STERADIAN. ) SOLID_ANGLE_UNIT ( ) );
#9266 = ORIENTED_EDGE ( 'NONE', *, *, #4157, .T. ) ;
#9267 = CARTESIAN_POINT ( 'NONE',  ( -50.00000000000000711, 25.49999999999995737, 75.00000000000000000 ) ) ;
#9268 = FACE_OUTER_BOUND ( 'NONE', #4558, .T. ) ;
#9269 = EDGE_CURVE ( 'NONE', #5535, #284, #5243, .T. ) ;
#9270 = CIRCLE ( 'NONE', #965, 5.499999999999998224 ) ;
#9271 = AXIS2_PLACEMENT_3D ( 'NONE', #7247, #3513, #1401 ) ;
#9272 = DIRECTION ( 'NONE',  ( -1.000000000000000000, 0.000000000000000000, 0.000000000000000000 ) ) ;
#9273 = EDGE_LOOP ( 'NONE', ( #4525, #1415, #3060, #8140 ) ) ;
#9274 = AXIS2_PLACEMENT_3D ( 'NONE', #6298, #5515, #4142 ) ;
#9275 = CARTESIAN_POINT ( 'NONE',  ( -32.00000000000000000, 25.99999999999995737, 35.00000000000000711 ) ) ;
#9276 = CARTESIAN_POINT ( 'NONE',  ( 8.000000000000000000, -29.56414504036104773, 12.24586983568319454 ) ) ;
#9277 = CARTESIAN_POINT ( 'NONE',  ( -14.99999999999999822, 147.9999999999999716, 75.00000000000000000 ) ) ;
#9278 = EDGE_LOOP ( 'NONE', ( #8194, #5939, #6313, #4068 ) ) ;
#9279 = CARTESIAN_POINT ( 'NONE',  ( -88.00000000000001421, 157.9999999999999716, 16.00000000000000000 ) ) ;
#9280 = ORIENTED_EDGE ( 'NONE', *, *, #9328, .F. ) ;
#9281 = VERTEX_POINT ( 'NONE', #4195 ) ;
#9282 = ORIENTED_EDGE ( 'NONE', *, *, #6961, .T. ) ;
#9283 = CARTESIAN_POINT ( 'NONE',  ( 10.00000000000000000, 14.14213562373084088, -14.14213562373098831 ) ) ;
#9284 = EDGE_CURVE ( 'NONE', #5152, #7649, #884, .T. ) ;
#9285 = FACE_OUTER_BOUND ( 'NONE', #1427, .T. ) ;
#9286 = ORIENTED_EDGE ( 'NONE', *, *, #2909, .T. ) ;
#9287 = ORIENTED_EDGE ( 'NONE', *, *, #1008, .T. ) ;
#9288 = CIRCLE ( 'NONE', #1297, 5.500000000000000000 ) ;
#9289 = DIRECTION ( 'NONE',  ( 1.000000000000000000, 0.000000000000000000, 0.000000000000000000 ) ) ;
#9290 = ORIENTED_EDGE ( 'NONE', *, *, #6651, .T. ) ;
#9291 = CYLINDRICAL_SURFACE ( 'NONE', #2757, 5.499999999999998224 ) ;
#9292 = ITEM_DEFINED_TRANSFORMATION ( 'NONE', 'NONE', #5493,  #6276 ) ;
#9293 = ADVANCED_FACE ( 'NONE', ( #698 ), #3089, .F. ) ;
#9294 = ORIENTED_EDGE ( 'NONE', *, *, #5944, .T. ) ;
#9295 = CARTESIAN_POINT ( 'NONE',  ( 11.00000000000000000, 1.347111479062088405E-15, 7.000000000000000000 ) ) ;
#9296 = ORIENTED_EDGE ( 'NONE', *, *, #5747, .F. ) ;
#9297 = CARTESIAN_POINT ( 'NONE',  ( -32.00000000000001421, 169.9999999999999432, 35.00000000000000711 ) ) ;
#9298 =( REPRESENTATION_RELATIONSHIP ('NONE','NONE', #5518, #3457 ) REPRESENTATION_RELATIONSHIP_WITH_TRANSFORMATION ( #5388 )SHAPE_REPRESENTATION_RELATIONSHIP( ) );
#9299 = VERTEX_POINT ( 'NONE', #3231 ) ;
#9300 = DIRECTION ( 'NONE',  ( -1.000000000000000000, 0.000000000000000000, 0.000000000000000000 ) ) ;
#9301 = FACE_OUTER_BOUND ( 'NONE', #596, .T. ) ;
#9302 = DIRECTION ( 'NONE',  ( 1.000000000000000000, 0.000000000000000000, 0.000000000000000000 ) ) ;
#9303 = DIRECTION ( 'NONE',  ( 1.000000000000000000, 0.000000000000000000, 0.000000000000000000 ) ) ;
#9304 = EDGE_CURVE ( 'NONE', #5116, #9334, #8432, .T. ) ;
#9305 = DIRECTION ( 'NONE',  ( -0.9110672610037345853, -4.047581108271780873E-16, 0.4122577421069895109 ) ) ;
#9306 = EDGE_CURVE ( 'NONE', #867, #1240, #3966, .T. ) ;
#9307 = CARTESIAN_POINT ( 'NONE',  ( -67.99999999999997158, 163.0421737147788122, 41.80724571592951833 ) ) ;
#9308 = LINE ( 'NONE', #5521, #3864 ) ;
#9309 = FACE_OUTER_BOUND ( 'NONE', #4460, .T. ) ;
#9310 = CIRCLE ( 'NONE', #5077, 35.00000000000000000 ) ;
#9311 = AXIS2_PLACEMENT_3D ( 'NONE', #8463, #3754, #6208 ) ;
#9312 = CARTESIAN_POINT ( 'NONE',  ( -88.00000000000001421, 37.99999999999995026, 16.00000000000000000 ) ) ;
#9313 = CARTESIAN_POINT ( 'NONE',  ( -50.00000000000000000, -28.00000000000010658, 63.79999999999999716 ) ) ;
#9314 = EDGE_CURVE ( 'NONE', #4113, #6383, #1762, .T. ) ;
#9315 = CARTESIAN_POINT ( 'NONE',  ( 0.000000000000000000, 0.000000000000000000, 0.000000000000000000 ) ) ;
#9316 = AXIS2_PLACEMENT_3D ( 'NONE', #4827, #1387, #703 ) ;
#9317 = ORIENTED_EDGE ( 'NONE', *, *, #1372, .F. ) ;
#9318 = CARTESIAN_POINT ( 'NONE',  ( 0.000000000000000000, 0.000000000000000000, 1.000000000000000000 ) ) ;
#9319 = LINE ( 'NONE', #4159, #1214 ) ;
#9320 = AXIS2_PLACEMENT_3D ( 'NONE', #7934, #4103, #1746 ) ;
#9321 = CARTESIAN_POINT ( 'NONE',  ( 8.000000000000000000, 22.62741699796956496, 28.12741699796947970 ) ) ;
#9322 = ORIENTED_EDGE ( 'NONE', *, *, #1016, .F. ) ;
#9323 = COLOUR_RGB ( '',0.7921568627450980005, 0.8196078431372548767, 0.9333333333333333481 ) ;
#9324 = DIRECTION ( 'NONE',  ( 0.000000000000000000, 0.000000000000000000, 1.000000000000000000 ) ) ;
#9325 = CARTESIAN_POINT ( 'NONE',  ( 8.000000000000000000, -14.14213562373103272, -19.64213562373079114 ) ) ;
#9326 = CARTESIAN_POINT ( 'NONE',  ( -67.99999999999995737, 169.9999999999999432, 25.00000000000000711 ) ) ;
#9327 = ORIENTED_EDGE ( 'NONE', *, *, #106, .T. ) ;
#9328 = EDGE_CURVE ( 'NONE', #104, #2607, #2506, .T. ) ;
#9329 = PRODUCT_DEFINITION_SHAPE ( 'NONE', 'NONE',  #9659 ) ;
#9330 = DIRECTION ( 'NONE',  ( 1.000000000000000000, 0.000000000000000000, -0.000000000000000000 ) ) ;
#9331 = ORIENTED_EDGE ( 'NONE', *, *, #611, .F. ) ;
#9332 = VERTEX_POINT ( 'NONE', #2344 ) ;
#9333 = VECTOR ( 'NONE', #2821, 1000.000000000000000 ) ;
#9334 = VERTEX_POINT ( 'NONE', #1035 ) ;
#9335 = CARTESIAN_POINT ( 'NONE',  ( -50.00000000000000711, 25.49999999999995737, 75.00000000000000000 ) ) ;
#9336 = AXIS2_PLACEMENT_3D ( 'NONE', #5614, #2523, #4046 ) ;
#9337 = CARTESIAN_POINT ( 'NONE',  ( -50.00000000000000711, 25.49999999999995737, 75.00000000000000000 ) ) ;
#9338 = ORIENTED_EDGE ( 'NONE', *, *, #6709, .T. ) ;
#9339 = ORIENTED_EDGE ( 'NONE', *, *, #8896, .T. ) ;
#9340 = CARTESIAN_POINT ( 'NONE',  ( -32.00000000000000711, 165.5862043656698575, 49.71265211443365217 ) ) ;
#9341 = ORIENTED_EDGE ( 'NONE', *, *, #5278, .T. ) ;
#9342 = DIRECTION ( 'NONE',  ( -0.000000000000000000, -0.000000000000000000, -1.000000000000000000 ) ) ;
#9343 = CIRCLE ( 'NONE', #3059, 5.000000000000000888 ) ;
#9344 = CONTEXT_DEPENDENT_SHAPE_REPRESENTATION ( #5201, #8445 ) ;
#9345 = AXIS2_PLACEMENT_3D ( 'NONE', #7963, #3583, #7358 ) ;
#9346 = ORIENTED_EDGE ( 'NONE', *, *, #4075, .T. ) ;
#9347 = CARTESIAN_POINT ( 'NONE',  ( -89.67909000828616684, 169.7091973245734948, 14.09704775012367683 ) ) ;
#9348 = FACE_OUTER_BOUND ( 'NONE', #6962, .T. ) ;
#9349 = CIRCLE ( 'NONE', #1202, 5.499999999999998224 ) ;
#9350 = ORIENTED_EDGE ( 'NONE', *, *, #8694, .T. ) ;
#9351 = DIRECTION ( 'NONE',  ( -4.956352788505163391E-17, 1.000000000000000000, 0.000000000000000000 ) ) ;
#9353 = DIRECTION ( 'NONE',  ( -1.000000000000000000, 0.000000000000000000, 0.000000000000000000 ) ) ;
#9352 = AXIS2_PLACEMENT_3D ( 'NONE', #2882, #8886, #2149 ) ;
#9354 = EDGE_CURVE ( 'NONE', #9244, #2147, #4756, .T. ) ;
#9355 = CARTESIAN_POINT ( 'NONE',  ( -11.61129357972717457, 158.0000000000000000, 15.48172477296957794 ) ) ;
#9356 = CARTESIAN_POINT ( 'NONE',  ( -67.99999999999997158, 25.99999999999995381, 25.00000000000000711 ) ) ;
#9357 = ADVANCED_FACE ( 'NONE', ( #8386 ), #1711, .T. ) ;
#9358 = CARTESIAN_POINT ( 'NONE',  ( -49.50475639174245401, 39.69838535254829992, 1093.238959705783600 ) ) ;
#9359 = AXIS2_PLACEMENT_3D ( 'NONE', #6943, #2429, #1600 ) ;
#9360 = CARTESIAN_POINT ( 'NONE',  ( -49.99999999999999289, 169.9999999999999716, 63.90446176682629442 ) ) ;
#9361 = AXIS2_PLACEMENT_3D ( 'NONE', #2923, #7341, #2873 ) ;
#9362 =( REPRESENTATION_RELATIONSHIP ('NONE','NONE', #5518, #8023 ) REPRESENTATION_RELATIONSHIP_WITH_TRANSFORMATION ( #6091 )SHAPE_REPRESENTATION_RELATIONSHIP( ) );
#9363 = FACE_OUTER_BOUND ( 'NONE', #54, .T. ) ;
#9364 = DIRECTION ( 'NONE',  ( 0.000000000000000000, 0.000000000000000000, 1.000000000000000000 ) ) ;
#9365 = CARTESIAN_POINT ( 'NONE',  ( 8.000000000000000000, -19.99999999999994671, 2.098176381848607732E-13 ) ) ;
#9366 = EDGE_CURVE ( 'NONE', #4967, #6886, #5338, .T. ) ;
#9367 = LINE ( 'NONE', #9407, #5866 ) ;
#9368 = CIRCLE ( 'NONE', #5129, 5.500000000000001776 ) ;
#9369 = DIRECTION ( 'NONE',  ( -0.000000000000000000, -0.000000000000000000, -1.000000000000000000 ) ) ;
#9370 = ORIENTED_EDGE ( 'NONE', *, *, #5917, .F. ) ;
#9371 = ITEM_DEFINED_TRANSFORMATION ( 'NONE', 'NONE', #6133,  #6276 ) ;
#9372 = PLANE ( 'NONE',  #2505 ) ;
#9373 = PLANE ( 'NONE',  #6844 ) ;
#9374 = EDGE_CURVE ( 'NONE', #5049, #776, #6863, .T. ) ;
#9375 = CARTESIAN_POINT ( 'NONE',  ( -68.00000000000015632, 6.881069788041345747E-14, 0.000000000000000000 ) ) ;
#9376 = ORIENTED_EDGE ( 'NONE', *, *, #2839, .T. ) ;
#9377 = CYLINDRICAL_SURFACE ( 'NONE', #6112, 9.095538233173716236 ) ;
#9378 = DIRECTION ( 'NONE',  ( 0.000000000000000000, 0.000000000000000000, -1.000000000000000000 ) ) ;
#9379 = DIRECTION ( 'NONE',  ( 0.000000000000000000, 0.000000000000000000, -1.000000000000000000 ) ) ;
#9380 = VERTEX_POINT ( 'NONE', #6226 ) ;
#9381 = DIRECTION ( 'NONE',  ( -0.000000000000000000, 1.000000000000000000, -0.000000000000000000 ) ) ;
#9382 = ORIENTED_EDGE ( 'NONE', *, *, #2317, .F. ) ;
#9383 = ORIENTED_EDGE ( 'NONE', *, *, #6593, .F. ) ;
#9384 = VERTEX_POINT ( 'NONE', #1567 ) ;
#9385 = DIRECTION ( 'NONE',  ( 1.000000000000000000, -0.000000000000000000, -0.000000000000000000 ) ) ;
#9386 = ADVANCED_FACE ( 'NONE', ( #8485 ), #144, .T. ) ;
#9387 = FACE_OUTER_BOUND ( 'NONE', #994, .T. ) ;
#9388 = ORIENTED_EDGE ( 'NONE', *, *, #3287, .T. ) ;
#9389 = DIRECTION ( 'NONE',  ( 0.000000000000000000, 0.000000000000000000, 1.000000000000000000 ) ) ;
#9390 = VERTEX_POINT ( 'NONE', #9229 ) ;
#9391 = CARTESIAN_POINT ( 'NONE',  ( 3.200496338333794100, -2.481798377852634907, 16.00000000000000000 ) ) ;
#9392 = ORIENTED_EDGE ( 'NONE', *, *, #8581, .T. ) ;
#9393 = VERTEX_POINT ( 'NONE', #9279 ) ;
#9394 = CARTESIAN_POINT ( 'NONE',  ( -94.65365387700826716, 167.3087635202802232, 10.93819719671320279 ) ) ;
#9395 = LINE ( 'NONE', #7128, #4137 ) ;
#9396 = EDGE_CURVE ( 'NONE', #284, #3842, #3608, .T. ) ;
#9397 = ORIENTED_EDGE ( 'NONE', *, *, #5400, .T. ) ;
#9398 = CARTESIAN_POINT ( 'NONE',  ( -17.00000000000000000, 2.081899558550500280E-15, -9.000000000000000000 ) ) ;
#9399 = CARTESIAN_POINT ( 'NONE',  ( -67.99999999999997158, 25.99999999999995381, 75.00000000000000000 ) ) ;
#9400 = CARTESIAN_POINT ( 'NONE',  ( -4.000000000000000000, 0.000000000000000000, 1.000000000000000000 ) ) ;
#9401 = DIRECTION ( 'NONE',  ( -0.9993252675573509602, -2.397414272708835503E-16, 0.03672886632375971239 ) ) ;
#9402 = PLANE ( 'NONE',  #3465 ) ;
#9403 = DIRECTION ( 'NONE',  ( 1.000000000000000000, -0.000000000000000000, -0.000000000000000000 ) ) ;
#9404 = DIRECTION ( 'NONE',  ( 0.000000000000000000, 0.000000000000000000, -1.000000000000000000 ) ) ;
#9405 = ADVANCED_FACE ( 'NONE', ( #2488 ), #8288, .F. ) ;
#9406 = CARTESIAN_POINT ( 'NONE',  ( 8.000000000000000000, -5.833392311421893986E-14, -8.499999999999952038 ) ) ;
#9407 = CARTESIAN_POINT ( 'NONE',  ( -67.99999999999995737, 169.9999999999999432, 35.00000000000000711 ) ) ;
#9408 = CARTESIAN_POINT ( 'NONE',  ( -100.0000000000000000, 190.0000000000000000, 10.00000000000000000 ) ) ;
#9409 = AXIS2_PLACEMENT_3D ( 'NONE', #5320, #772, #6851 ) ;
#9410 = EDGE_LOOP ( 'NONE', ( #8641, #1079 ) ) ;
#9411 = CIRCLE ( 'NONE', #5022, 35.00000000000000000 ) ;
#9412 = CARTESIAN_POINT ( 'NONE',  ( 10.00000000000000000, -31.99999999999999289, 5.500000000000333955 ) ) ;
#9413 = CIRCLE ( 'NONE', #6429, 5.500000000000000000 ) ;
#9414 = DIRECTION ( 'NONE',  ( 0.000000000000000000, -1.000000000000000000, 0.000000000000000000 ) ) ;
#9415 = EDGE_LOOP ( 'NONE', ( #3432, #1928, #5985, #7679 ) ) ;
#9416 = ADVANCED_FACE ( 'NONE', ( #6129 ), #9129, .F. ) ;
#9417 = CARTESIAN_POINT ( 'NONE',  ( 8.000000000000000000, -22.62741699796971773, -17.12741699796932338 ) ) ;
#9418 = ORIENTED_EDGE ( 'NONE', *, *, #5308, .F. ) ;
#9419 = AXIS2_PLACEMENT_3D ( 'NONE', #987, #892, #245 ) ;
#9420 = CARTESIAN_POINT ( 'NONE',  ( 6.123233995736767268E-16, 1.500000000000000000, 5.000000000000000888 ) ) ;
#9421 = CARTESIAN_POINT ( 'NONE',  ( -85.00000000000000000, 180.0000000000000000, 110.0000000000000000 ) ) ;
#9422 = LINE ( 'NONE', #2010, #2128 ) ;
#9423 = ORIENTED_EDGE ( 'NONE', *, *, #9508, .T. ) ;
#9424 = LINE ( 'NONE', #4808, #4872 ) ;
#9425 = EDGE_CURVE ( 'NONE', #6383, #4755, #7648, .T. ) ;
#9426 = ORIENTED_EDGE ( 'NONE', *, *, #6069, .T. ) ;
#9427 = AXIS2_PLACEMENT_3D ( 'NONE', #7474, #3154, #5354 ) ;
#9428 = ORIENTED_EDGE ( 'NONE', *, *, #7975, .F. ) ;
#9429 = DIRECTION ( 'NONE',  ( 0.000000000000000000, 0.000000000000000000, -1.000000000000000000 ) ) ;
#9430 = AXIS2_PLACEMENT_3D ( 'NONE', #7832, #2529, #2729 ) ;
#9431 = ORIENTED_EDGE ( 'NONE', *, *, #165, .T. ) ;
#9432 = LINE ( 'NONE', #7168, #3362 ) ;
#9433 = AXIS2_PLACEMENT_3D ( 'NONE', #1496, #34, #917 ) ;
#9434 = LINE ( 'NONE', #2699, #3559 ) ;
#9435 = CIRCLE ( 'NONE', #1433, 35.00000000000000000 ) ;
#9436 = ORIENTED_EDGE ( 'NONE', *, *, #7084, .F. ) ;
#9437 = DIRECTION ( 'NONE',  ( -0.000000000000000000, -1.000000000000000000, -0.000000000000000000 ) ) ;
#9438 = VERTEX_POINT ( 'NONE', #7551 ) ;
#9439 = DIRECTION ( 'NONE',  ( -0.000000000000000000, -0.000000000000000000, 1.000000000000000000 ) ) ;
#9440 = CIRCLE ( 'NONE', #7092, 1.000000000000000888 ) ;
#9441 = EDGE_CURVE ( 'NONE', #5125, #1760, #9101, .T. ) ;
#9442 = ORIENTED_EDGE ( 'NONE', *, *, #7395, .F. ) ;
#9444 = VECTOR ( 'NONE', #3769, 1000.000000000000227 ) ;
#9443 = CONTEXT_DEPENDENT_SHAPE_REPRESENTATION ( #1332, #3985 ) ;
#9445 = ORIENTED_EDGE ( 'NONE', *, *, #2024, .F. ) ;
#9446 = CARTESIAN_POINT ( 'NONE',  ( -4.049999999999999822, 0.000000000000000000, 16.00000000000000000 ) ) ;
#9447 = FACE_OUTER_BOUND ( 'NONE', #386, .T. ) ;
#9448 = ORIENTED_EDGE ( 'NONE', *, *, #8184, .F. ) ;
#9449 = FACE_OUTER_BOUND ( 'NONE', #9074, .T. ) ;
#9450 = DIRECTION ( 'NONE',  ( 0.000000000000000000, 0.000000000000000000, -1.000000000000000000 ) ) ;
#9451 = CARTESIAN_POINT ( 'NONE',  ( -67.99999999999995737, 168.9999999999999716, 24.85323116369640672 ) ) ;
#9452 = CARTESIAN_POINT ( 'NONE',  ( 8.000000000000000000, -22.62741699796924522, 22.62741699796980299 ) ) ;
#9453 = ADVANCED_FACE ( 'NONE', ( #6080 ), #9081, .F. ) ;
#9454 = CARTESIAN_POINT ( 'NONE',  ( -54.48304186389629677, 39.69838535254830703, 1081.788571451465486 ) ) ;
#9455 = VECTOR ( 'NONE', #5862, 1000.000000000000000 ) ;
#9456 = FACE_OUTER_BOUND ( 'NONE', #3612, .T. ) ;
#9457 = DIRECTION ( 'NONE',  ( 1.000000000000000000, 0.000000000000000000, 0.000000000000000000 ) ) ;
#9458 = CARTESIAN_POINT ( 'NONE',  ( 0.000000000000000000, 0.000000000000000000, 7.000000000000000000 ) ) ;
#9459 = CARTESIAN_POINT ( 'NONE',  ( 8.000000000000000000, -8.499999999999952038, 5.500000000000089706 ) ) ;
#9460 = CARTESIAN_POINT ( 'NONE',  ( 8.000000000000000000, -31.99999999999999289, -5.499999999999664269 ) ) ;
#9461 = DIRECTION ( 'NONE',  ( 1.000000000000000000, 0.000000000000000000, 0.000000000000000000 ) ) ;
#9462 = ORIENTED_EDGE ( 'NONE', *, *, #5747, .T. ) ;
#9463 = CONTEXT_DEPENDENT_SHAPE_REPRESENTATION ( #7468, #1310 ) ;
#9464 = CARTESIAN_POINT ( 'NONE',  ( 8.000000000000000000, 3.287578542732749400E-16, 14.49999999999995204 ) ) ;
#9465 = AXIS2_PLACEMENT_3D ( 'NONE', #2081, #5130, #2816 ) ;
#9466 = DIRECTION ( 'NONE',  ( -1.000000000000000000, -1.734723475976805517E-15, 0.000000000000000000 ) ) ;
#9467 = CIRCLE ( 'NONE', #7568, 5.500000000000000000 ) ;
#9468 = AXIS2_PLACEMENT_3D ( 'NONE', #9523, #4951, #4209 ) ;
#9469 = DIRECTION ( 'NONE',  ( 0.000000000000000000, 0.000000000000000000, -1.000000000000000000 ) ) ;
#9470 = ORIENTED_EDGE ( 'NONE', *, *, #8792, .F. ) ;
#9471 = CARTESIAN_POINT ( 'NONE',  ( -10.32089419978028921, 169.7091925423613930, 14.09703248901363182 ) ) ;
#9472 = CARTESIAN_POINT ( 'NONE',  ( -100.0000000000000000, 190.0000000000000000, 0.000000000000000000 ) ) ;
#9473 = EDGE_CURVE ( 'NONE', #7694, #2703, #5807, .T. ) ;
#9474 = AXIS2_PLACEMENT_3D ( 'NONE', #3733, #2304, #6723 ) ;
#9475 = CARTESIAN_POINT ( 'NONE',  ( 8.000000000000000000, -22.62741699796924522, 17.12741699796980299 ) ) ;
#9476 = ORIENTED_EDGE ( 'NONE', *, *, #2623, .F. ) ;
#9478 = VECTOR ( 'NONE', #3509, 1000.000000000000000 ) ;
#9477 = FACE_OUTER_BOUND ( 'NONE', #7970, .T. ) ;
#9479 = EDGE_CURVE ( 'NONE', #9332, #4580, #5685, .T. ) ;
#9480 = ORIENTED_EDGE ( 'NONE', *, *, #6225, .T. ) ;
#9481 = ORIENTED_EDGE ( 'NONE', *, *, #5607, .F. ) ;
#9482 = CIRCLE ( 'NONE', #368, 5.000000000000000000 ) ;
#9483 = EDGE_LOOP ( 'NONE', ( #4765, #8290, #1429, #3968 ) ) ;
#9484 = EDGE_CURVE ( 'NONE', #5445, #4669, #7260, .T. ) ;
#9485 = EDGE_LOOP ( 'NONE', ( #2966, #88, #6229, #7072 ) ) ;
#9486 = CARTESIAN_POINT ( 'NONE',  ( 0.000000000000000000, 0.000000000000000000, 7.000000000000000000 ) ) ;
#9487 = EDGE_CURVE ( 'NONE', #5167, #827, #5537, .T. ) ;
#9488 = ORIENTED_EDGE ( 'NONE', *, *, #2859, .F. ) ;
#9489 = CARTESIAN_POINT ( 'NONE',  ( 8.000000000000000000, 22.62741699796940154, -22.62741699796964312 ) ) ;
#9490 = VECTOR ( 'NONE', #7981, 1000.000000000000000 ) ;
#9491 = ORIENTED_EDGE ( 'NONE', *, *, #202, .F. ) ;
#9492 = ITEM_DEFINED_TRANSFORMATION ( 'NONE', 'NONE', #661,  #6276 ) ;
#9493 = VECTOR ( 'NONE', #7631, 1000.000000000000000 ) ;
#9494 = ORIENTED_EDGE ( 'NONE', *, *, #8347, .F. ) ;
#9495 = DIRECTION ( 'NONE',  ( 1.000000000000000000, -0.000000000000000000, -0.000000000000000000 ) ) ;
#9496 = FACE_OUTER_BOUND ( 'NONE', #6824, .T. ) ;
#9497 = EDGE_CURVE ( 'NONE', #7649, #3827, #9424, .T. ) ;
#9498 = ORIENTED_EDGE ( 'NONE', *, *, #1200, .T. ) ;
#9499 = LINE ( 'NONE', #7921, #9151 ) ;
#9500 = DIRECTION ( 'NONE',  ( 0.000000000000000000, -0.9578262852211514300, 0.2873478855663456066 ) ) ;
#9501 = SURFACE_STYLE_USAGE ( .BOTH. , #7184 ) ;
#9502 = DIRECTION ( 'NONE',  ( -1.000000000000000000, 0.000000000000000000, 0.000000000000000000 ) ) ;
#9503 = DIRECTION ( 'NONE',  ( 0.000000000000000000, -0.2873478855663456066, 0.9578262852211513190 ) ) ;
#9504 = AXIS2_PLACEMENT_3D ( 'NONE', #4166, #2589, #389 ) ;
#9505 = CYLINDRICAL_SURFACE ( 'NONE', #8356, 4.000000000000000000 ) ;
#9506 = CARTESIAN_POINT ( 'NONE',  ( -100.0000000000000000, 0.000000000000000000, 10.00000000000000000 ) ) ;
#9507 = AXIS2_PLACEMENT_3D ( 'NONE', #4869, #7117, #9239 ) ;
#9508 = EDGE_CURVE ( 'NONE', #891, #4262, #1279, .T. ) ;
#9509 = CARTESIAN_POINT ( 'NONE',  ( -90.14588030765040116, 37.54746824506567293, 13.67442833713972483 ) ) ;
#9510 = CARTESIAN_POINT ( 'NONE',  ( -50.00000000000000000, -28.00000000000010658, 86.20000000000000284 ) ) ;
#9511 = AXIS2_PLACEMENT_3D ( 'NONE', #7427, #5172, #717 ) ;
#9512 = DIRECTION ( 'NONE',  ( 0.000000000000000000, -1.000000000000000000, 0.000000000000000000 ) ) ;
#9513 = DIRECTION ( 'NONE',  ( -0.9210000658963308773, -1.137247938204169555E-16, 0.3895624194130560269 ) ) ;
#9514 = AXIS2_PLACEMENT_3D ( 'NONE', #6294, #420, #6978 ) ;
#9515 = ORIENTED_EDGE ( 'NONE', *, *, #9594, .F. ) ;
#9516 = ITEM_DEFINED_TRANSFORMATION ( 'NONE', 'NONE', #4559,  #6276 ) ;
#9517 = CARTESIAN_POINT ( 'NONE',  ( -50.00000000000000000, 148.9999999999999716, 75.00000000000000000 ) ) ;
#9518 = CARTESIAN_POINT ( 'NONE',  ( -67.99999999999997158, 25.99999999999995381, 25.00000000000000711 ) ) ;
#9519 = DIRECTION ( 'NONE',  ( 1.000000000000000000, 0.000000000000000000, 0.000000000000000000 ) ) ;
#9520 = STYLED_ITEM ( 'NONE', ( #7107 ), #7613 ) ;
#9521 = ADVANCED_FACE ( 'NONE', ( #1179 ), #7103, .T. ) ;
#9522 = CIRCLE ( 'NONE', #1515, 2.249999999999999556 ) ;
#9523 = CARTESIAN_POINT ( 'NONE',  ( -32.00000000000000000, 25.99999999999995381, 25.00000000000000711 ) ) ;
#9524 = VERTEX_POINT ( 'NONE', #7951 ) ;
#9525 = AXIS2_PLACEMENT_3D ( 'NONE', #6861, #4060, #6222 ) ;
#9526 = DIRECTION ( 'NONE',  ( 1.000000000000000000, 0.000000000000000000, -0.000000000000000000 ) ) ;
#9527 = CARTESIAN_POINT ( 'NONE',  ( 8.000000000000000000, 22.62741699796956496, 28.12741699796947970 ) ) ;
#9528 = LINE ( 'NONE', #6566, #4639 ) ;
#9529 = EDGE_LOOP ( 'NONE', ( #7173, #5996, #2920, #3923 ) ) ;
#9530 = CARTESIAN_POINT ( 'NONE',  ( 10.00000000000000000, -14.14213562373074495, 19.64213562373108957 ) ) ;
#9531 = ORIENTED_EDGE ( 'NONE', *, *, #1421, .T. ) ;
#9532 = CLOSED_SHELL ( 'NONE', ( #4556, #1244, #1912, #948, #725, #8078 ) ) ;
#9533 = CARTESIAN_POINT ( 'NONE',  ( 8.000000000000000000, 19.99999999999995026, -7.015838463113577974E-14 ) ) ;
#9534 = VERTEX_POINT ( 'NONE', #1911 ) ;
#9535 = ADVANCED_FACE ( 'NONE', ( #7899 ), #3431, .F. ) ;
#9536 = AXIS2_PLACEMENT_3D ( 'NONE', #1604, #1657, #5328 ) ;
#9537 = CARTESIAN_POINT ( 'NONE',  ( -38.90446176682628732, 46.99999999999995737, 75.00000000000000000 ) ) ;
#9538 = EDGE_CURVE ( 'NONE', #5892, #6732, #7164, .T. ) ;
#9539 = DIRECTION ( 'NONE',  ( -0.000000000000000000, 1.000000000000000000, -0.000000000000000000 ) ) ;
#9540 = ORIENTED_EDGE ( 'NONE', *, *, #2922, .F. ) ;
#9541 = CARTESIAN_POINT ( 'NONE',  ( 10.00000000000000000, 6.735557395310440051E-16, 37.50000000000000000 ) ) ;
#9542 = VERTEX_POINT ( 'NONE', #1133 ) ;
#9543 = ITEM_DEFINED_TRANSFORMATION ( 'NONE', 'NONE', #3928,  #6276 ) ;
#9544 = VERTEX_POINT ( 'NONE', #3328 ) ;
#9545 = DIRECTION ( 'NONE',  ( 0.000000000000000000, 0.2873478855663457177, 0.9578262852211512079 ) ) ;
#9546 = DIRECTION ( 'NONE',  ( 1.000000000000000000, 0.000000000000000000, 0.000000000000000000 ) ) ;
#9547 = ADVANCED_FACE ( 'NONE', ( #551, #393 ), #8536, .T. ) ;
#9548 = PRODUCT_DEFINITION_SHAPE ( 'NONE', 'NONE',  #9702 ) ;
#9549 = ORIENTED_EDGE ( 'NONE', *, *, #2431, .T. ) ;
#9550 = FACE_OUTER_BOUND ( 'NONE', #2025, .T. ) ;
#9551 = APPLICATION_CONTEXT ( 'automotive_design' ) ;
#9552 = PRODUCT_RELATED_PRODUCT_CATEGORY ( 'part', '', ( #8920 ) ) ;
#9553 = CARTESIAN_POINT ( 'NONE',  ( -32.00000000000000000, 25.99999999999995381, 75.00000000000000000 ) ) ;
#9554 = FACE_OUTER_BOUND ( 'NONE', #4601, .T. ) ;
#9555 = CYLINDRICAL_SURFACE ( 'NONE', #2075, 4.000000000000000000 ) ;
#9556 = CARTESIAN_POINT ( 'NONE',  ( 30.00000000000000000, 3.673940397442059178E-15, 101.0000000000000000 ) ) ;
#9557 = DIRECTION ( 'NONE',  ( 1.000000000000000000, 0.000000000000000000, 0.000000000000000000 ) ) ;
#9558 = CARTESIAN_POINT ( 'NONE',  ( 4.473306766329169903, -20.57544454745023543, 1058.951425079118053 ) ) ;
#9559 = ORIENTED_EDGE ( 'NONE', *, *, #7121, .T. ) ;
#9560 = ADVANCED_FACE ( 'NONE', ( #6419 ), #1235, .F. ) ;
#9561 = DIRECTION ( 'NONE',  ( -1.000000000000000000, -0.000000000000000000, -0.000000000000000000 ) ) ;
#9562 = LINE ( 'NONE', #1404, #2446 ) ;
#9563 = LINE ( 'NONE', #6849, #1615 ) ;
#9564 = CARTESIAN_POINT ( 'NONE',  ( 4.000000000000000000, 4.898587196589412829E-16, 121.0000000000000142 ) ) ;
#9565 = CARTESIAN_POINT ( 'NONE',  ( -14.99976325483803485, 170.0000000000000000, 24.90241926521933635 ) ) ;
#9566 = DIRECTION ( 'NONE',  ( -1.000000000000000000, 0.000000000000000000, 0.000000000000000000 ) ) ;
#9567 = ORIENTED_EDGE ( 'NONE', *, *, #7438, .F. ) ;
#9568 = CIRCLE ( 'NONE', #3599, 2.249999999999998668 ) ;
#9569 = DIRECTION ( 'NONE',  ( -1.000000000000000000, 0.000000000000000000, 0.000000000000000000 ) ) ;
#9570 = ORIENTED_EDGE ( 'NONE', *, *, #5505, .T. ) ;
#9571 = ADVANCED_FACE ( 'NONE', ( #9477 ), #1862, .T. ) ;
#9572 = CARTESIAN_POINT ( 'NONE',  ( -50.00000000000000000, 157.9999999999999716, 75.00000000000000000 ) ) ;
#9573 = ORIENTED_EDGE ( 'NONE', *, *, #178, .T. ) ;
#9574 = AXIS2_PLACEMENT_3D ( 'NONE', #673, #2139, #2967 ) ;
#9575 = VECTOR ( 'NONE', #3870, 1000.000000000000000 ) ;
#9576 = ORIENTED_EDGE ( 'NONE', *, *, #536, .F. ) ;
#9577 = LINE ( 'NONE', #9590, #2776 ) ;
#9578 = DIRECTION ( 'NONE',  ( 1.000000000000000000, 0.000000000000000000, 0.000000000000000000 ) ) ;
#9579 = VERTEX_POINT ( 'NONE', #6373 ) ;
#9580 = VECTOR ( 'NONE', #2080, 1000.000000000000000 ) ;
#9581 = CARTESIAN_POINT ( 'NONE',  ( 8.000000000000000000, 29.56414504036113655, -12.24586983568300447 ) ) ;
#9582 = AXIS2_PLACEMENT_3D ( 'NONE', #6558, #2824, #2869 ) ;
#9583 = ORIENTED_EDGE ( 'NONE', *, *, #9069, .F. ) ;
#9584 = EDGE_CURVE ( 'NONE', #3301, #3749, #4711, .T. ) ;
#9585 = VERTEX_POINT ( 'NONE', #9530 ) ;
#9586 = FACE_OUTER_BOUND ( 'NONE', #3112, .T. ) ;
#9587 = DIRECTION ( 'NONE',  ( 1.000000000000000000, -0.000000000000000000, -0.000000000000000000 ) ) ;
#9588 = AXIS2_PLACEMENT_3D ( 'NONE', #1575, #8195, #2998 ) ;
#9589 = ORIENTED_EDGE ( 'NONE', *, *, #2616, .T. ) ;
#9590 = CARTESIAN_POINT ( 'NONE',  ( -15.00000000000001421, 180.0000000000000000, 110.0000000000000000 ) ) ;
#9591 = AXIS2_PLACEMENT_3D ( 'NONE', #8314, #9153, #866 ) ;
#9592 = ORIENTED_EDGE ( 'NONE', *, *, #7355, .F. ) ;
#9593 = CARTESIAN_POINT ( 'NONE',  ( -85.00000000000000000, 147.9999999999999716, 110.0000000000000000 ) ) ;
#9594 = EDGE_CURVE ( 'NONE', #1391, #1173, #8639, .T. ) ;
#9595 = APPLICATION_PROTOCOL_DEFINITION ( 'draft international standard', 'automotive_design', 1998, #6335 ) ;
#9596 = DIRECTION ( 'NONE',  ( -9.912705577010326782E-17, 1.000000000000000000, 0.000000000000000000 ) ) ;
#9597 = LINE ( 'NONE', #6638, #6157 ) ;
#9598 =( BOUNDED_CURVE ( )  B_SPLINE_CURVE ( 3, ( #2283, #7637, #3215, #6895 ),
 .UNSPECIFIED., .F., .F. ) 
 B_SPLINE_CURVE_WITH_KNOTS ( ( 4, 4 ),
 ( 0.000000000000000000, 1.570796326794895670 ),
 .UNSPECIFIED. ) 
 CURVE ( )  GEOMETRIC_REPRESENTATION_ITEM ( )  RATIONAL_B_SPLINE_CURVE ( ( 1.000000000000000000, 0.8047378541243652705, 0.8047378541243652705, 1.000000000000000000 ) ) 
 REPRESENTATION_ITEM ( '' )  );
#9599 = CARTESIAN_POINT ( 'NONE',  ( -15.00000000000001421, 158.9999999999999716, 24.85323116369649910 ) ) ;
#9600 = EDGE_CURVE ( 'NONE', #8939, #1668, #5649, .T. ) ;
#9601 = LINE ( 'NONE', #8767, #5237 ) ;
#9602 = CARTESIAN_POINT ( 'NONE',  ( -50.00000000000000000, 180.0000000000000000, 75.00000000000000000 ) ) ;
#9603 = ADVANCED_FACE ( 'NONE', ( #4356 ), #2234, .F. ) ;
#9604 = CARTESIAN_POINT ( 'NONE',  ( -23.21140459226324637, -131.5754445474503029, 1075.000000000007503 ) ) ;
#9605 = VERTEX_POINT ( 'NONE', #2101 ) ;
#9606 = CARTESIAN_POINT ( 'NONE',  ( 0.000000000000000000, 0.000000000000000000, 35.00000000000000000 ) ) ;
#9607 = CARTESIAN_POINT ( 'NONE',  ( -19.74999999999999645, 2.304377683636468267E-13, 92.00000000000001421 ) ) ;
#9608 = DIRECTION ( 'NONE',  ( 1.000000000000000000, 0.000000000000000000, 0.000000000000000000 ) ) ;
#9609 = CYLINDRICAL_SURFACE ( 'NONE', #7218, 5.499999999999998224 ) ;
#9610 = EDGE_CURVE ( 'NONE', #4124, #7544, #5186, .T. ) ;
#9611 =( NAMED_UNIT ( * ) SI_UNIT ( $, .STERADIAN. ) SOLID_ANGLE_UNIT ( ) );
#9612 = DIRECTION ( 'NONE',  ( 1.000000000000000000, -0.000000000000000000, -0.000000000000000000 ) ) ;
#9613 = DIRECTION ( 'NONE',  ( 1.000000000000000000, -0.000000000000000000, -0.000000000000000000 ) ) ;
#9614 = VERTEX_POINT ( 'NONE', #5924 ) ;
#9615 = AXIS2_PLACEMENT_3D ( 'NONE', #6301, #5567, #1791 ) ;
#9616 = ORIENTED_EDGE ( 'NONE', *, *, #474, .F. ) ;
#9617 = CIRCLE ( 'NONE', #6159, 5.499999999999998224 ) ;
#9618 = PRODUCT_DEFINITION_SHAPE ( 'NONE', 'NONE',  #9691 ) ;
#9619 = CARTESIAN_POINT ( 'NONE',  ( 10.00000000000000000, 8.499999999999952038, 5.499999999999969802 ) ) ;
#9620 = ORIENTED_EDGE ( 'NONE', *, *, #2140, .T. ) ;
#9621 = AXIS2_PLACEMENT_3D ( 'NONE', #8859, #8812, #2910 ) ;
#9622 = DIRECTION ( 'NONE',  ( -1.000000000000000000, -0.000000000000000000, -0.000000000000000000 ) ) ;
#9623 = EDGE_CURVE ( 'NONE', #2298, #1645, #6758, .T. ) ;
#9624 = AXIS2_PLACEMENT_3D ( 'NONE', #8934, #3676, #5240 ) ;
#9625 = DIRECTION ( 'NONE',  ( 0.000000000000000000, 0.000000000000000000, -1.000000000000000000 ) ) ;
#9626 = ORIENTED_EDGE ( 'NONE', *, *, #2616, .F. ) ;
#9627 = DIRECTION ( 'NONE',  ( -3.323127485761577049E-16, 0.2873478855663457177, -0.9578262852211512079 ) ) ;
#9628 = PRODUCT_DEFINITION_CONTEXT ( 'detailed design', #6703, 'design' ) ;
#9629 = ORIENTED_EDGE ( 'NONE', *, *, #3621, .T. ) ;
#9630 = CONTEXT_DEPENDENT_SHAPE_REPRESENTATION ( #9042, #5469 ) ;
#9631 = VECTOR ( 'NONE', #1982, 1000.000000000000000 ) ;
#9632 = ORIENTED_EDGE ( 'NONE', *, *, #8545, .T. ) ;
#9633 = CARTESIAN_POINT ( 'NONE',  ( 10.00000000000000000, 19.99999999999995026, -7.015838463113577974E-14 ) ) ;
#9634 = CARTESIAN_POINT ( 'NONE',  ( -85.00000000000000000, 37.99999999999995026, 25.00000000000000711 ) ) ;
#9635 = ADVANCED_FACE ( 'NONE', ( #3619 ), #7393, .F. ) ;
#9636 = CIRCLE ( 'NONE', #8539, 5.500000000000000000 ) ;
#9637 = EDGE_LOOP ( 'NONE', ( #7570, #2838, #941, #8409 ) ) ;
#9638 = CYLINDRICAL_SURFACE ( 'NONE', #2504, 1.000000000000000888 ) ;
#9639 = NEXT_ASSEMBLY_USAGE_OCCURRENCE ( 'NAUO1', ' ', ' ', #8444, #847, $ ) ;
#9640 = NEXT_ASSEMBLY_USAGE_OCCURRENCE ( 'NAUO2', ' ', ' ', #8444, #8947, $ ) ;
#9641 = NEXT_ASSEMBLY_USAGE_OCCURRENCE ( 'NAUO3', ' ', ' ', #8444, #8947, $ ) ;
#9642 = NEXT_ASSEMBLY_USAGE_OCCURRENCE ( 'NAUO4', ' ', ' ', #8444, #8947, $ ) ;
#9643 = NEXT_ASSEMBLY_USAGE_OCCURRENCE ( 'NAUO5', ' ', ' ', #8444, #8947, $ ) ;
#9644 = NEXT_ASSEMBLY_USAGE_OCCURRENCE ( 'NAUO6', ' ', ' ', #8444, #4143, $ ) ;
#9645 = NEXT_ASSEMBLY_USAGE_OCCURRENCE ( 'NAUO7', ' ', ' ', #8444, #4143, $ ) ;
#9646 = NEXT_ASSEMBLY_USAGE_OCCURRENCE ( 'NAUO8', ' ', ' ', #8444, #7074, $ ) ;
#9647 = NEXT_ASSEMBLY_USAGE_OCCURRENCE ( 'NAUO9', ' ', ' ', #8444, #7074, $ ) ;
#9648 = NEXT_ASSEMBLY_USAGE_OCCURRENCE ( 'NAUO10', ' ', ' ', #8444, #3595, $ ) ;
#9649 = NEXT_ASSEMBLY_USAGE_OCCURRENCE ( 'NAUO11', ' ', ' ', #8444, #3595, $ ) ;
#9650 = NEXT_ASSEMBLY_USAGE_OCCURRENCE ( 'NAUO12', ' ', ' ', #8444, #1557, $ ) ;
#9651 = NEXT_ASSEMBLY_USAGE_OCCURRENCE ( 'NAUO13', ' ', ' ', #8444, #8823, $ ) ;
#9652 = NEXT_ASSEMBLY_USAGE_OCCURRENCE ( 'NAUO14', ' ', ' ', #8444, #3595, $ ) ;
#9653 = NEXT_ASSEMBLY_USAGE_OCCURRENCE ( 'NAUO15', ' ', ' ', #8444, #8823, $ ) ;
#9654 = NEXT_ASSEMBLY_USAGE_OCCURRENCE ( 'NAUO16', ' ', ' ', #8444, #3595, $ ) ;
#9655 = NEXT_ASSEMBLY_USAGE_OCCURRENCE ( 'NAUO17', ' ', ' ', #8444, #1557, $ ) ;
#9656 = NEXT_ASSEMBLY_USAGE_OCCURRENCE ( 'NAUO18', ' ', ' ', #8444, #1686, $ ) ;
#9657 = NEXT_ASSEMBLY_USAGE_OCCURRENCE ( 'NAUO19', ' ', ' ', #8444, #1686, $ ) ;
#9658 = NEXT_ASSEMBLY_USAGE_OCCURRENCE ( 'NAUO20', ' ', ' ', #8444, #1686, $ ) ;
#9659 = NEXT_ASSEMBLY_USAGE_OCCURRENCE ( 'NAUO21', ' ', ' ', #8444, #1686, $ ) ;
#9660 = NEXT_ASSEMBLY_USAGE_OCCURRENCE ( 'NAUO22', ' ', ' ', #8444, #1686, $ ) ;
#9661 = NEXT_ASSEMBLY_USAGE_OCCURRENCE ( 'NAUO23', ' ', ' ', #8444, #1686, $ ) ;
#9662 = NEXT_ASSEMBLY_USAGE_OCCURRENCE ( 'NAUO24', ' ', ' ', #8444, #1686, $ ) ;
#9663 = NEXT_ASSEMBLY_USAGE_OCCURRENCE ( 'NAUO25', ' ', ' ', #8444, #1686, $ ) ;
#9664 = NEXT_ASSEMBLY_USAGE_OCCURRENCE ( 'NAUO26', ' ', ' ', #8444, #1686, $ ) ;
#9665 = NEXT_ASSEMBLY_USAGE_OCCURRENCE ( 'NAUO27', ' ', ' ', #8444, #1686, $ ) ;
#9666 = NEXT_ASSEMBLY_USAGE_OCCURRENCE ( 'NAUO28', ' ', ' ', #8444, #1686, $ ) ;
#9667 = NEXT_ASSEMBLY_USAGE_OCCURRENCE ( 'NAUO29', ' ', ' ', #8444, #1686, $ ) ;
#9668 = NEXT_ASSEMBLY_USAGE_OCCURRENCE ( 'NAUO30', ' ', ' ', #8444, #1686, $ ) ;
#9669 = NEXT_ASSEMBLY_USAGE_OCCURRENCE ( 'NAUO31', ' ', ' ', #8444, #1686, $ ) ;
#9670 = NEXT_ASSEMBLY_USAGE_OCCURRENCE ( 'NAUO32', ' ', ' ', #8444, #1686, $ ) ;
#9671 = NEXT_ASSEMBLY_USAGE_OCCURRENCE ( 'NAUO33', ' ', ' ', #8444, #1686, $ ) ;
#9672 = NEXT_ASSEMBLY_USAGE_OCCURRENCE ( 'NAUO34', ' ', ' ', #8444, #1686, $ ) ;
#9673 = NEXT_ASSEMBLY_USAGE_OCCURRENCE ( 'NAUO35', ' ', ' ', #8444, #1686, $ ) ;
#9674 = NEXT_ASSEMBLY_USAGE_OCCURRENCE ( 'NAUO36', ' ', ' ', #8444, #1686, $ ) ;
#9675 = NEXT_ASSEMBLY_USAGE_OCCURRENCE ( 'NAUO37', ' ', ' ', #8444, #1686, $ ) ;
#9676 = NEXT_ASSEMBLY_USAGE_OCCURRENCE ( 'NAUO38', ' ', ' ', #8444, #1686, $ ) ;
#9677 = NEXT_ASSEMBLY_USAGE_OCCURRENCE ( 'NAUO39', ' ', ' ', #8444, #1686, $ ) ;
#9678 = NEXT_ASSEMBLY_USAGE_OCCURRENCE ( 'NAUO40', ' ', ' ', #8444, #1686, $ ) ;
#9679 = NEXT_ASSEMBLY_USAGE_OCCURRENCE ( 'NAUO41', ' ', ' ', #8444, #1686, $ ) ;
#9680 = NEXT_ASSEMBLY_USAGE_OCCURRENCE ( 'NAUO42', ' ', ' ', #8444, #1686, $ ) ;
#9681 = NEXT_ASSEMBLY_USAGE_OCCURRENCE ( 'NAUO43', ' ', ' ', #8444, #1686, $ ) ;
#9682 = NEXT_ASSEMBLY_USAGE_OCCURRENCE ( 'NAUO44', ' ', ' ', #8444, #1686, $ ) ;
#9683 = NEXT_ASSEMBLY_USAGE_OCCURRENCE ( 'NAUO45', ' ', ' ', #8444, #1686, $ ) ;
#9684 = NEXT_ASSEMBLY_USAGE_OCCURRENCE ( 'NAUO46', ' ', ' ', #8444, #1686, $ ) ;
#9685 = NEXT_ASSEMBLY_USAGE_OCCURRENCE ( 'NAUO47', ' ', ' ', #8444, #1686, $ ) ;
#9686 = NEXT_ASSEMBLY_USAGE_OCCURRENCE ( 'NAUO48', ' ', ' ', #8444, #1686, $ ) ;
#9687 = NEXT_ASSEMBLY_USAGE_OCCURRENCE ( 'NAUO49', ' ', ' ', #8444, #1686, $ ) ;
#9688 = NEXT_ASSEMBLY_USAGE_OCCURRENCE ( 'NAUO50', ' ', ' ', #8444, #1686, $ ) ;
#9689 = NEXT_ASSEMBLY_USAGE_OCCURRENCE ( 'NAUO51', ' ', ' ', #8444, #1686, $ ) ;
#9690 = NEXT_ASSEMBLY_USAGE_OCCURRENCE ( 'NAUO52', ' ', ' ', #8444, #1686, $ ) ;
#9691 = NEXT_ASSEMBLY_USAGE_OCCURRENCE ( 'NAUO53', ' ', ' ', #8444, #1686, $ ) ;
#9692 = NEXT_ASSEMBLY_USAGE_OCCURRENCE ( 'NAUO54', ' ', ' ', #8444, #1686, $ ) ;
#9693 = NEXT_ASSEMBLY_USAGE_OCCURRENCE ( 'NAUO55', ' ', ' ', #8444, #1686, $ ) ;
#9694 = NEXT_ASSEMBLY_USAGE_OCCURRENCE ( 'NAUO56', ' ', ' ', #8444, #1686, $ ) ;
#9695 = NEXT_ASSEMBLY_USAGE_OCCURRENCE ( 'NAUO57', ' ', ' ', #8444, #1686, $ ) ;
#9696 = NEXT_ASSEMBLY_USAGE_OCCURRENCE ( 'NAUO58', ' ', ' ', #8444, #1686, $ ) ;
#9697 = NEXT_ASSEMBLY_USAGE_OCCURRENCE ( 'NAUO59', ' ', ' ', #8444, #1686, $ ) ;
#9698 = NEXT_ASSEMBLY_USAGE_OCCURRENCE ( 'NAUO60', ' ', ' ', #8444, #1686, $ ) ;
#9699 = NEXT_ASSEMBLY_USAGE_OCCURRENCE ( 'NAUO61', ' ', ' ', #8444, #1686, $ ) ;
#9700 = NEXT_ASSEMBLY_USAGE_OCCURRENCE ( 'NAUO62', ' ', ' ', #8444, #1686, $ ) ;
#9701 = NEXT_ASSEMBLY_USAGE_OCCURRENCE ( 'NAUO63', ' ', ' ', #8444, #1686, $ ) ;
#9702 = NEXT_ASSEMBLY_USAGE_OCCURRENCE ( 'NAUO64', ' ', ' ', #8444, #1686, $ ) ;
#9703 = NEXT_ASSEMBLY_USAGE_OCCURRENCE ( 'NAUO65', ' ', ' ', #8444, #1686, $ ) ;
#9704 = NEXT_ASSEMBLY_USAGE_OCCURRENCE ( 'NAUO66', ' ', ' ', #8444, #1686, $ ) ;
#9705 = NEXT_ASSEMBLY_USAGE_OCCURRENCE ( 'NAUO67', ' ', ' ', #8444, #1686, $ ) ;
#9706 = NEXT_ASSEMBLY_USAGE_OCCURRENCE ( 'NAUO68', ' ', ' ', #8444, #1686, $ ) ;
#9707 = NEXT_ASSEMBLY_USAGE_OCCURRENCE ( 'NAUO69', ' ', ' ', #8444, #1686, $ ) ;
#9708 = NEXT_ASSEMBLY_USAGE_OCCURRENCE ( 'NAUO70', ' ', ' ', #8444, #1686, $ ) ;
#9709 = NEXT_ASSEMBLY_USAGE_OCCURRENCE ( 'NAUO71', ' ', ' ', #8444, #1686, $ ) ;
#9710 = NEXT_ASSEMBLY_USAGE_OCCURRENCE ( 'NAUO72', ' ', ' ', #8444, #1686, $ ) ;
#9711 = NEXT_ASSEMBLY_USAGE_OCCURRENCE ( 'NAUO73', ' ', ' ', #8444, #1686, $ ) ;
ENDSEC;
END-ISO-10303-21;
